[0;36m(APIServer pid=214609)[0;0m INFO:     127.0.0.1:46408 - "GET /v1/audio/voices HTTP/1.1" 200 OK
[0;36m(APIServer pid=214609)[0;0m INFO 09-25 05:23:00 [serving_speech.py:3070] TTS speech request speech-8c4b7f17303d5afb: model=Base
[0;36m(APIServer pid=214609)[0;0m INFO 09-25 05:23:01 [stats.py:811] 
[0;36m(APIServer pid=214609)[0;0m INFO 09-25 05:23:01 [stats.py:811] [Overall Summary]
[0;36m(APIServer pid=214609)[0;0m INFO 09-25 05:23:01 [stats.py:811] +-----------------------------+-----------+
[0;36m(APIServer pid=214609)[0;0m INFO 09-25 05:23:01 [stats.py:811] | Field                       |     Value |
[0;36m(APIServer pid=214609)[0;0m INFO 09-25 05:23:01 [stats.py:811] +-----------------------------+-----------+
[0;36m(APIServer pid=214609)[0;0m INFO 09-25 05:23:01 [stats.py:811] | e2e_requests                |         1 |
[0;36m(APIServer pid=214609)[0;0m INFO 09-25 05:23:01 [stats.py:811] | e2e_wall_time_ms            | 1,630.320 |
[0;36m(APIServer pid=214609)[0;0m INFO 09-25 05:23:01 [stats.py:811] | e2e_total_tokens            |       473 |
[0;36m(APIServer pid=214609)[0;0m INFO 09-25 05:23:01 [stats.py:811] | e2e_avg_time_per_request_ms | 1,630.320 |
[0;36m(APIServer pid=214609)[0;0m INFO 09-25 05:23:01 [stats.py:811] | e2e_avg_tokens_per_s        |   290.127 |
[0;36m(APIServer pid=214609)[0;0m INFO 09-25 05:23:01 [stats.py:811] | input_preprocess_time_ms    |     0.060 |
[0;36m(APIServer pid=214609)[0;0m INFO 09-25 05:23:01 [stats.py:811] | e2e_stage_0_wall_time_ms    | 1,603.853 |
[0;36m(APIServer pid=214609)[0;0m INFO 09-25 05:23:01 [stats.py:811] | e2e_stage_1_wall_time_ms    | 1,630.003 |
[0;36m(APIServer pid=214609)[0;0m INFO 09-25 05:23:01 [stats.py:811] +-----------------------------+-----------+
[0;36m(APIServer pid=214609)[0;0m INFO 09-25 05:23:01 [stats.py:837] 
[0;36m(APIServer pid=214609)[0;0m INFO 09-25 05:23:01 [stats.py:837] [RequestE2EStats [request_id=speech-8c4b7f17303d5afb-94507a96]]
[0;36m(APIServer pid=214609)[0;0m INFO 09-25 05:23:01 [stats.py:837] +------------------+-----------+
[0;36m(APIServer pid=214609)[0;0m INFO 09-25 05:23:01 [stats.py:837] | Field            |     Value |
[0;36m(APIServer pid=214609)[0;0m INFO 09-25 05:23:01 [stats.py:837] +------------------+-----------+
[0;36m(APIServer pid=214609)[0;0m INFO 09-25 05:23:01 [stats.py:837] | e2e_total_ms     | 1,630.150 |
[0;36m(APIServer pid=214609)[0;0m INFO 09-25 05:23:01 [stats.py:837] | e2e_total_tokens |       473 |
[0;36m(APIServer pid=214609)[0;0m INFO 09-25 05:23:01 [stats.py:837] +------------------+-----------+
[0;36m(APIServer pid=214609)[0;0m INFO 09-25 05:23:01 [stats.py:878] [OmniTiming] req=speech-8c4b7f17303d5afb-94507a96 total=1.63s preprocess=0.00s engine=1.63s stages=[0:1.60s,1:1.63s] transfers=[0->1=0.00ms]
[0;36m(APIServer pid=214609)[0;0m INFO 09-25 05:23:01 [stats.py:920] 
[0;36m(APIServer pid=214609)[0;0m INFO 09-25 05:23:01 [stats.py:920] [StageRequestStats [request_id=speech-8c4b7f17303d5afb-94507a96]]
[0;36m(APIServer pid=214609)[0;0m INFO 09-25 05:23:01 [stats.py:920] +---------------------------------+----------------+---------------+
[0;36m(APIServer pid=214609)[0;0m INFO 09-25 05:23:01 [stats.py:920] | Field                           |              0 |             1 |
[0;36m(APIServer pid=214609)[0;0m INFO 09-25 05:23:01 [stats.py:920] +---------------------------------+----------------+---------------+
[0;36m(APIServer pid=214609)[0;0m INFO 09-25 05:23:01 [stats.py:920] | audio_duration_s                |          0.000 |         8.960 |
[0;36m(APIServer pid=214609)[0;0m INFO 09-25 05:23:01 [stats.py:920] | audio_generated_frames          |              0 |       215,040 |
[0;36m(APIServer pid=214609)[0;0m INFO 09-25 05:23:01 [stats.py:920] | audio_sample_rate               |              0 |        24,000 |
[0;36m(APIServer pid=214609)[0;0m INFO 09-25 05:23:01 [stats.py:920] | batch_id                        |          2,286 |         2,367 |
[0;36m(APIServer pid=214609)[0;0m INFO 09-25 05:23:01 [stats.py:920] | batch_size                      |              1 |             1 |
[0;36m(APIServer pid=214609)[0;0m INFO 09-25 05:23:01 [stats.py:920] | inter_output_latencies_ms       |                |               |
[0;36m(APIServer pid=214609)[0;0m INFO 09-25 05:23:01 [stats.py:920] | num_tokens_in                   |            360 |             0 |
[0;36m(APIServer pid=214609)[0;0m INFO 09-25 05:23:01 [stats.py:920] | num_tokens_out                  |            113 |             0 |
[0;36m(APIServer pid=214609)[0;0m INFO 09-25 05:23:01 [stats.py:920] | output_unit_count               |            113 |       215,040 |
[0;36m(APIServer pid=214609)[0;0m INFO 09-25 05:23:01 [stats.py:920] | output_unit_type                |         stream |         audio |
[0;36m(APIServer pid=214609)[0;0m INFO 09-25 05:23:01 [stats.py:920] | serving_time_to_first_output_ms |      1,603.779 |     1,630.065 |
[0;36m(APIServer pid=214609)[0;0m INFO 09-25 05:23:01 [stats.py:920] | stage_gen_time_ms               |      1,603.604 |     1,629.831 |
[0;36m(APIServer pid=214609)[0;0m INFO 09-25 05:23:01 [stats.py:920] | time_per_output_unit_ms         |          0.000 |         0.000 |
[0;36m(APIServer pid=214609)[0;0m INFO 09-25 05:23:01 [stats.py:920] | vllm_itl_ms                     |         14.054 |       305.060 |
[0;36m(APIServer pid=214609)[0;0m INFO 09-25 05:23:01 [stats.py:920] | vllm_itls_ms                    | 14.054 (n=112) | 305.060 (n=5) |
[0;36m(APIServer pid=214609)[0;0m INFO 09-25 05:23:01 [stats.py:920] | vllm_tpot_ms                    |         14.054 |         0.000 |
[0;36m(APIServer pid=214609)[0;0m INFO 09-25 05:23:01 [stats.py:920] | vllm_ttft_ms                    |         28.638 |       105.286 |
[0;36m(APIServer pid=214609)[0;0m INFO 09-25 05:23:01 [stats.py:920] +---------------------------------+----------------+---------------+
[0;36m(APIServer pid=214609)[0;0m INFO 09-25 05:23:01 [serving_speech.py:3646] [SpeechE2E] request_id=speech-8c4b7f17303d5afb stream=false status=ok total_ms=1637.80 response_bytes=430124
[0;36m(APIServer pid=214609)[0;0m INFO:     127.0.0.1:46410 - "POST /v1/audio/speech HTTP/1.1" 200 OK
[0;36m(APIServer pid=214609)[0;0m INFO:     127.0.0.1:46410 - "POST /v1/audio/speech HTTP/1.1" 400 Bad Request
[0;36m(APIServer pid=214609)[0;0m INFO 09-25 05:23:01 [serving_speech.py:3070] TTS speech request speech-9aeb62edb1fa2cb9: model=Base
[0;36m(APIServer pid=214609)[0;0m INFO 09-25 05:23:03 [stats.py:811] 
[0;36m(APIServer pid=214609)[0;0m INFO 09-25 05:23:03 [stats.py:811] [Overall Summary]
[0;36m(APIServer pid=214609)[0;0m INFO 09-25 05:23:03 [stats.py:811] +-----------------------------+-----------+
[0;36m(APIServer pid=214609)[0;0m INFO 09-25 05:23:03 [stats.py:811] | Field                       |     Value |
[0;36m(APIServer pid=214609)[0;0m INFO 09-25 05:23:03 [stats.py:811] +-----------------------------+-----------+
[0;36m(APIServer pid=214609)[0;0m INFO 09-25 05:23:03 [stats.py:811] | e2e_requests                |         1 |
[0;36m(APIServer pid=214609)[0;0m INFO 09-25 05:23:03 [stats.py:811] | e2e_wall_time_ms            | 1,427.801 |
[0;36m(APIServer pid=214609)[0;0m INFO 09-25 05:23:03 [stats.py:811] | e2e_total_tokens            |       628 |
[0;36m(APIServer pid=214609)[0;0m INFO 09-25 05:23:03 [stats.py:811] | e2e_avg_time_per_request_ms | 1,427.801 |
[0;36m(APIServer pid=214609)[0;0m INFO 09-25 05:23:03 [stats.py:811] | e2e_avg_tokens_per_s        |   439.837 |
[0;36m(APIServer pid=214609)[0;0m INFO 09-25 05:23:03 [stats.py:811] | input_preprocess_time_ms    |     0.084 |
[0;36m(APIServer pid=214609)[0;0m INFO 09-25 05:23:03 [stats.py:811] | e2e_stage_0_wall_time_ms    | 1,398.529 |
[0;36m(APIServer pid=214609)[0;0m INFO 09-25 05:23:03 [stats.py:811] | e2e_stage_1_wall_time_ms    | 1,427.346 |
[0;36m(APIServer pid=214609)[0;0m INFO 09-25 05:23:03 [stats.py:811] +-----------------------------+-----------+
[0;36m(APIServer pid=214609)[0;0m INFO 09-25 05:23:03 [stats.py:837] 
[0;36m(APIServer pid=214609)[0;0m INFO 09-25 05:23:03 [stats.py:837] [RequestE2EStats [request_id=speech-9aeb62edb1fa2cb9-81d3d969]]
[0;36m(APIServer pid=214609)[0;0m INFO 09-25 05:23:03 [stats.py:837] +------------------+-----------+
[0;36m(APIServer pid=214609)[0;0m INFO 09-25 05:23:03 [stats.py:837] | Field            |     Value |
[0;36m(APIServer pid=214609)[0;0m INFO 09-25 05:23:03 [stats.py:837] +------------------+-----------+
[0;36m(APIServer pid=214609)[0;0m INFO 09-25 05:23:03 [stats.py:837] | e2e_total_ms     | 1,427.604 |
[0;36m(APIServer pid=214609)[0;0m INFO 09-25 05:23:03 [stats.py:837] | e2e_total_tokens |       628 |
[0;36m(APIServer pid=214609)[0;0m INFO 09-25 05:23:03 [stats.py:837] +------------------+-----------+
[0;36m(APIServer pid=214609)[0;0m INFO 09-25 05:23:03 [stats.py:878] [OmniTiming] req=speech-9aeb62edb1fa2cb9-81d3d969 total=1.43s preprocess=0.00s engine=1.43s stages=[0:1.40s,1:1.43s] transfers=[0->1=0.00ms]
[0;36m(APIServer pid=214609)[0;0m INFO 09-25 05:23:03 [stats.py:920] 
[0;36m(APIServer pid=214609)[0;0m INFO 09-25 05:23:03 [stats.py:920] [StageRequestStats [request_id=speech-9aeb62edb1fa2cb9-81d3d969]]
[0;36m(APIServer pid=214609)[0;0m INFO 09-25 05:23:03 [stats.py:920] +---------------------------------+---------------+---------------+
[0;36m(APIServer pid=214609)[0;0m INFO 09-25 05:23:03 [stats.py:920] | Field                           |             0 |             1 |
[0;36m(APIServer pid=214609)[0;0m INFO 09-25 05:23:03 [stats.py:920] +---------------------------------+---------------+---------------+
[0;36m(APIServer pid=214609)[0;0m INFO 09-25 05:23:03 [stats.py:920] | audio_duration_s                |         0.000 |         7.680 |
[0;36m(APIServer pid=214609)[0;0m INFO 09-25 05:23:03 [stats.py:920] | audio_generated_frames          |             0 |       184,320 |
[0;36m(APIServer pid=214609)[0;0m INFO 09-25 05:23:03 [stats.py:920] | audio_sample_rate               |             0 |        24,000 |
[0;36m(APIServer pid=214609)[0;0m INFO 09-25 05:23:03 [stats.py:920] | batch_id                        |         2,287 |         2,368 |
[0;36m(APIServer pid=214609)[0;0m INFO 09-25 05:23:03 [stats.py:920] | batch_size                      |             1 |             1 |
[0;36m(APIServer pid=214609)[0;0m INFO 09-25 05:23:03 [stats.py:920] | inter_output_latencies_ms       |               |               |
[0;36m(APIServer pid=214609)[0;0m INFO 09-25 05:23:03 [stats.py:920] | num_tokens_in                   |           531 |             0 |
[0;36m(APIServer pid=214609)[0;0m INFO 09-25 05:23:03 [stats.py:920] | num_tokens_out                  |            97 |             0 |
[0;36m(APIServer pid=214609)[0;0m INFO 09-25 05:23:03 [stats.py:920] | output_unit_count               |            97 |       184,320 |
[0;36m(APIServer pid=214609)[0;0m INFO 09-25 05:23:03 [stats.py:920] | output_unit_type                |        stream |         audio |
[0;36m(APIServer pid=214609)[0;0m INFO 09-25 05:23:03 [stats.py:920] | serving_time_to_first_output_ms |     1,398.109 |     1,427.484 |
[0;36m(APIServer pid=214609)[0;0m INFO 09-25 05:23:03 [stats.py:920] | stage_gen_time_ms               |     1,397.860 |     1,427.153 |
[0;36m(APIServer pid=214609)[0;0m INFO 09-25 05:23:03 [stats.py:920] | time_per_output_unit_ms         |         0.001 |         0.000 |
[0;36m(APIServer pid=214609)[0;0m INFO 09-25 05:23:03 [stats.py:920] | vllm_itl_ms                     |        14.165 |       327.593 |
[0;36m(APIServer pid=214609)[0;0m INFO 09-25 05:23:03 [stats.py:920] | vllm_itls_ms                    | 14.165 (n=96) | 327.593 (n=4) |
[0;36m(APIServer pid=214609)[0;0m INFO 09-25 05:23:03 [stats.py:920] | vllm_tpot_ms                    |        14.165 |         0.000 |
[0;36m(APIServer pid=214609)[0;0m INFO 09-25 05:23:03 [stats.py:920] | vllm_ttft_ms                    |        40.458 |       114.753 |
[0;36m(APIServer pid=214609)[0;0m INFO 09-25 05:23:03 [stats.py:920] +---------------------------------+---------------+---------------+
[0;36m(APIServer pid=214609)[0;0m INFO 09-25 05:23:03 [serving_speech.py:3646] [SpeechE2E] request_id=speech-9aeb62edb1fa2cb9 stream=false status=ok total_ms=1443.33 response_bytes=368684
[0;36m(APIServer pid=214609)[0;0m INFO:     127.0.0.1:46410 - "POST /v1/audio/speech HTTP/1.1" 200 OK
[0;36m(APIServer pid=214609)[0;0m INFO 09-25 05:23:03 [serving_speech.py:3070] TTS speech request speech-85f885b07d99a025: model=Base
[0;36m(APIServer pid=214609)[0;0m INFO 09-25 05:23:03 [serving_speech.py:3100] Applied extra_params: {'repetition_penalty': 1.05, 'temperature': 0.9, 'top_k': 50}
[0;36m(APIServer pid=214609)[0;0m INFO 09-25 05:23:04 [stats.py:811] 
[0;36m(APIServer pid=214609)[0;0m INFO 09-25 05:23:04 [stats.py:811] [Overall Summary]
[0;36m(APIServer pid=214609)[0;0m INFO 09-25 05:23:04 [stats.py:811] +-----------------------------+---------+
[0;36m(APIServer pid=214609)[0;0m INFO 09-25 05:23:04 [stats.py:811] | Field                       |   Value |
[0;36m(APIServer pid=214609)[0;0m INFO 09-25 05:23:04 [stats.py:811] +-----------------------------+---------+
[0;36m(APIServer pid=214609)[0;0m INFO 09-25 05:23:04 [stats.py:811] | e2e_requests                |       1 |
[0;36m(APIServer pid=214609)[0;0m INFO 09-25 05:23:04 [stats.py:811] | e2e_wall_time_ms            | 656.507 |
[0;36m(APIServer pid=214609)[0;0m INFO 09-25 05:23:04 [stats.py:811] | e2e_total_tokens            |     546 |
[0;36m(APIServer pid=214609)[0;0m INFO 09-25 05:23:04 [stats.py:811] | e2e_avg_time_per_request_ms | 656.507 |
[0;36m(APIServer pid=214609)[0;0m INFO 09-25 05:23:04 [stats.py:811] | e2e_avg_tokens_per_s        | 831.675 |
[0;36m(APIServer pid=214609)[0;0m INFO 09-25 05:23:04 [stats.py:811] | input_preprocess_time_ms    |   0.054 |
[0;36m(APIServer pid=214609)[0;0m INFO 09-25 05:23:04 [stats.py:811] | e2e_stage_0_wall_time_ms    | 628.387 |
[0;36m(APIServer pid=214609)[0;0m INFO 09-25 05:23:04 [stats.py:811] | e2e_stage_1_wall_time_ms    | 656.152 |
[0;36m(APIServer pid=214609)[0;0m INFO 09-25 05:23:04 [stats.py:811] +-----------------------------+---------+
[0;36m(APIServer pid=214609)[0;0m INFO 09-25 05:23:04 [stats.py:837] 
[0;36m(APIServer pid=214609)[0;0m INFO 09-25 05:23:04 [stats.py:837] [RequestE2EStats [request_id=speech-85f885b07d99a025-931f5f6c]]
[0;36m(APIServer pid=214609)[0;0m INFO 09-25 05:23:04 [stats.py:837] +------------------+---------+
[0;36m(APIServer pid=214609)[0;0m INFO 09-25 05:23:04 [stats.py:837] | Field            |   Value |
[0;36m(APIServer pid=214609)[0;0m INFO 09-25 05:23:04 [stats.py:837] +------------------+---------+
[0;36m(APIServer pid=214609)[0;0m INFO 09-25 05:23:04 [stats.py:837] | e2e_total_ms     | 656.373 |
[0;36m(APIServer pid=214609)[0;0m INFO 09-25 05:23:04 [stats.py:837] | e2e_total_tokens |     546 |
[0;36m(APIServer pid=214609)[0;0m INFO 09-25 05:23:04 [stats.py:837] +------------------+---------+
[0;36m(APIServer pid=214609)[0;0m INFO 09-25 05:23:04 [stats.py:878] [OmniTiming] req=speech-85f885b07d99a025-931f5f6c total=0.66s preprocess=0.00s engine=0.66s stages=[0:0.63s,1:0.66s] transfers=[0->1=0.00ms]
[0;36m(APIServer pid=214609)[0;0m INFO 09-25 05:23:04 [stats.py:920] 
[0;36m(APIServer pid=214609)[0;0m INFO 09-25 05:23:04 [stats.py:920] [StageRequestStats [request_id=speech-85f885b07d99a025-931f5f6c]]
[0;36m(APIServer pid=214609)[0;0m INFO 09-25 05:23:04 [stats.py:920] +---------------------------------+---------------+---------------+
[0;36m(APIServer pid=214609)[0;0m INFO 09-25 05:23:04 [stats.py:920] | Field                           |             0 |             1 |
[0;36m(APIServer pid=214609)[0;0m INFO 09-25 05:23:04 [stats.py:920] +---------------------------------+---------------+---------------+
[0;36m(APIServer pid=214609)[0;0m INFO 09-25 05:23:04 [stats.py:920] | audio_duration_s                |         0.000 |         3.280 |
[0;36m(APIServer pid=214609)[0;0m INFO 09-25 05:23:04 [stats.py:920] | audio_generated_frames          |             0 |        78,720 |
[0;36m(APIServer pid=214609)[0;0m INFO 09-25 05:23:04 [stats.py:920] | audio_sample_rate               |             0 |        24,000 |
[0;36m(APIServer pid=214609)[0;0m INFO 09-25 05:23:04 [stats.py:920] | batch_id                        |         2,288 |         2,369 |
[0;36m(APIServer pid=214609)[0;0m INFO 09-25 05:23:04 [stats.py:920] | batch_size                      |             1 |             1 |
[0;36m(APIServer pid=214609)[0;0m INFO 09-25 05:23:04 [stats.py:920] | inter_output_latencies_ms       |               |               |
[0;36m(APIServer pid=214609)[0;0m INFO 09-25 05:23:04 [stats.py:920] | num_tokens_in                   |           504 |             0 |
[0;36m(APIServer pid=214609)[0;0m INFO 09-25 05:23:04 [stats.py:920] | num_tokens_out                  |            42 |             0 |
[0;36m(APIServer pid=214609)[0;0m INFO 09-25 05:23:04 [stats.py:920] | output_unit_count               |            42 |        78,720 |
[0;36m(APIServer pid=214609)[0;0m INFO 09-25 05:23:04 [stats.py:920] | output_unit_type                |        stream |         audio |
[0;36m(APIServer pid=214609)[0;0m INFO 09-25 05:23:04 [stats.py:920] | serving_time_to_first_output_ms |       628.280 |       655.470 |
[0;36m(APIServer pid=214609)[0;0m INFO 09-25 05:23:04 [stats.py:920] | stage_gen_time_ms               |       628.070 |       655.213 |
[0;36m(APIServer pid=214609)[0;0m INFO 09-25 05:23:04 [stats.py:920] | time_per_output_unit_ms         |         0.001 |         0.000 |
[0;36m(APIServer pid=214609)[0;0m INFO 09-25 05:23:04 [stats.py:920] | vllm_itl_ms                     |        14.488 |       271.944 |
[0;36m(APIServer pid=214609)[0;0m INFO 09-25 05:23:04 [stats.py:920] | vllm_itls_ms                    | 14.488 (n=41) | 271.944 (n=2) |
[0;36m(APIServer pid=214609)[0;0m INFO 09-25 05:23:04 [stats.py:920] | vllm_tpot_ms                    |        14.488 |         0.000 |
[0;36m(APIServer pid=214609)[0;0m INFO 09-25 05:23:04 [stats.py:920] | vllm_ttft_ms                    |        34.346 |       110.596 |
[0;36m(APIServer pid=214609)[0;0m INFO 09-25 05:23:04 [stats.py:920] +---------------------------------+---------------+---------------+
[0;36m(APIServer pid=214609)[0;0m INFO 09-25 05:23:04 [serving_speech.py:3646] [SpeechE2E] request_id=speech-85f885b07d99a025 stream=false status=ok total_ms=662.89 response_bytes=157484
[0;36m(APIServer pid=214609)[0;0m INFO:     127.0.0.1:46434 - "POST /v1/audio/speech HTTP/1.1" 200 OK
[0;36m(APIServer pid=214609)[0;0m INFO 09-25 05:23:04 [serving_speech.py:3070] TTS speech request speech-a9eda74526a9d02f: model=Base
[0;36m(APIServer pid=214609)[0;0m INFO 09-25 05:23:04 [serving_speech.py:3100] Applied extra_params: {'repetition_penalty': 1.05, 'temperature': 0.9, 'top_k': 50}
[0;36m(APIServer pid=214609)[0;0m INFO 09-25 05:23:04 [stats.py:811] 
[0;36m(APIServer pid=214609)[0;0m INFO 09-25 05:23:04 [stats.py:811] [Overall Summary]
[0;36m(APIServer pid=214609)[0;0m INFO 09-25 05:23:04 [stats.py:811] +-----------------------------+---------+
[0;36m(APIServer pid=214609)[0;0m INFO 09-25 05:23:04 [stats.py:811] | Field                       |   Value |
[0;36m(APIServer pid=214609)[0;0m INFO 09-25 05:23:04 [stats.py:811] +-----------------------------+---------+
[0;36m(APIServer pid=214609)[0;0m INFO 09-25 05:23:04 [stats.py:811] | e2e_requests                |       1 |
[0;36m(APIServer pid=214609)[0;0m INFO 09-25 05:23:04 [stats.py:811] | e2e_wall_time_ms            | 849.364 |
[0;36m(APIServer pid=214609)[0;0m INFO 09-25 05:23:04 [stats.py:811] | e2e_total_tokens            |     564 |
[0;36m(APIServer pid=214609)[0;0m INFO 09-25 05:23:04 [stats.py:811] | e2e_avg_time_per_request_ms | 849.364 |
[0;36m(APIServer pid=214609)[0;0m INFO 09-25 05:23:04 [stats.py:811] | e2e_avg_tokens_per_s        | 664.026 |
[0;36m(APIServer pid=214609)[0;0m INFO 09-25 05:23:04 [stats.py:811] | input_preprocess_time_ms    |   0.072 |
[0;36m(APIServer pid=214609)[0;0m INFO 09-25 05:23:04 [stats.py:811] | e2e_stage_0_wall_time_ms    | 820.215 |
[0;36m(APIServer pid=214609)[0;0m INFO 09-25 05:23:04 [stats.py:811] | e2e_stage_1_wall_time_ms    | 849.033 |
[0;36m(APIServer pid=214609)[0;0m INFO 09-25 05:23:04 [stats.py:811] +-----------------------------+---------+
[0;36m(APIServer pid=214609)[0;0m INFO 09-25 05:23:04 [stats.py:837] 
[0;36m(APIServer pid=214609)[0;0m INFO 09-25 05:23:04 [stats.py:837] [RequestE2EStats [request_id=speech-a9eda74526a9d02f-a9711700]]
[0;36m(APIServer pid=214609)[0;0m INFO 09-25 05:23:04 [stats.py:837] +------------------+---------+
[0;36m(APIServer pid=214609)[0;0m INFO 09-25 05:23:04 [stats.py:837] | Field            |   Value |
[0;36m(APIServer pid=214609)[0;0m INFO 09-25 05:23:04 [stats.py:837] +------------------+---------+
[0;36m(APIServer pid=214609)[0;0m INFO 09-25 05:23:04 [stats.py:837] | e2e_total_ms     | 849.185 |
[0;36m(APIServer pid=214609)[0;0m INFO 09-25 05:23:04 [stats.py:837] | e2e_total_tokens |     564 |
[0;36m(APIServer pid=214609)[0;0m INFO 09-25 05:23:04 [stats.py:837] +------------------+---------+
[0;36m(APIServer pid=214609)[0;0m INFO 09-25 05:23:04 [stats.py:878] [OmniTiming] req=speech-a9eda74526a9d02f-a9711700 total=0.85s preprocess=0.00s engine=0.85s stages=[0:0.82s,1:0.85s] transfers=[0->1=0.00ms]
[0;36m(APIServer pid=214609)[0;0m INFO 09-25 05:23:04 [stats.py:920] 
[0;36m(APIServer pid=214609)[0;0m INFO 09-25 05:23:04 [stats.py:920] [StageRequestStats [request_id=speech-a9eda74526a9d02f-a9711700]]
[0;36m(APIServer pid=214609)[0;0m INFO 09-25 05:23:04 [stats.py:920] +---------------------------------+---------------+---------------+
[0;36m(APIServer pid=214609)[0;0m INFO 09-25 05:23:04 [stats.py:920] | Field                           |             0 |             1 |
[0;36m(APIServer pid=214609)[0;0m INFO 09-25 05:23:04 [stats.py:920] +---------------------------------+---------------+---------------+
[0;36m(APIServer pid=214609)[0;0m INFO 09-25 05:23:04 [stats.py:920] | audio_duration_s                |         0.000 |         4.320 |
[0;36m(APIServer pid=214609)[0;0m INFO 09-25 05:23:04 [stats.py:920] | audio_generated_frames          |             0 |       103,680 |
[0;36m(APIServer pid=214609)[0;0m INFO 09-25 05:23:04 [stats.py:920] | audio_sample_rate               |             0 |        24,000 |
[0;36m(APIServer pid=214609)[0;0m INFO 09-25 05:23:04 [stats.py:920] | batch_id                        |         2,289 |         2,370 |
[0;36m(APIServer pid=214609)[0;0m INFO 09-25 05:23:04 [stats.py:920] | batch_size                      |             1 |             1 |
[0;36m(APIServer pid=214609)[0;0m INFO 09-25 05:23:04 [stats.py:920] | inter_output_latencies_ms       |               |               |
[0;36m(APIServer pid=214609)[0;0m INFO 09-25 05:23:04 [stats.py:920] | num_tokens_in                   |           509 |             0 |
[0;36m(APIServer pid=214609)[0;0m INFO 09-25 05:23:04 [stats.py:920] | num_tokens_out                  |            55 |             0 |
[0;36m(APIServer pid=214609)[0;0m INFO 09-25 05:23:04 [stats.py:920] | output_unit_count               |            55 |       103,680 |
[0;36m(APIServer pid=214609)[0;0m INFO 09-25 05:23:04 [stats.py:920] | output_unit_type                |        stream |         audio |
[0;36m(APIServer pid=214609)[0;0m INFO 09-25 05:23:04 [stats.py:920] | serving_time_to_first_output_ms |       819.943 |       848.567 |
[0;36m(APIServer pid=214609)[0;0m INFO 09-25 05:23:04 [stats.py:920] | stage_gen_time_ms               |       819.755 |       848.327 |
[0;36m(APIServer pid=214609)[0;0m INFO 09-25 05:23:04 [stats.py:920] | time_per_output_unit_ms         |         0.001 |         0.000 |
[0;36m(APIServer pid=214609)[0;0m INFO 09-25 05:23:04 [stats.py:920] | vllm_itl_ms                     |        14.556 |       245.307 |
[0;36m(APIServer pid=214609)[0;0m INFO 09-25 05:23:04 [stats.py:920] | vllm_itls_ms                    | 14.556 (n=54) | 245.307 (n=3) |
[0;36m(APIServer pid=214609)[0;0m INFO 09-25 05:23:04 [stats.py:920] | vllm_tpot_ms                    |        14.556 |         0.000 |
[0;36m(APIServer pid=214609)[0;0m INFO 09-25 05:23:04 [stats.py:920] | vllm_ttft_ms                    |        34.190 |       111.701 |
[0;36m(APIServer pid=214609)[0;0m INFO 09-25 05:23:04 [stats.py:920] +---------------------------------+---------------+---------------+
[0;36m(APIServer pid=214609)[0;0m INFO 09-25 05:23:04 [serving_speech.py:3646] [SpeechE2E] request_id=speech-a9eda74526a9d02f stream=false status=ok total_ms=857.09 response_bytes=207404
[0;36m(APIServer pid=214609)[0;0m INFO:     127.0.0.1:46434 - "POST /v1/audio/speech HTTP/1.1" 200 OK
[0;36m(APIServer pid=214609)[0;0m INFO 09-25 05:23:04 [serving_speech.py:3070] TTS speech request speech-9572c0b8f85990a5: model=Base
[0;36m(APIServer pid=214609)[0;0m INFO 09-25 05:23:04 [serving_speech.py:3100] Applied extra_params: {'repetition_penalty': 1.05, 'temperature': 0.9, 'top_k': 50}
[0;36m(APIServer pid=214609)[0;0m INFO 09-25 05:23:04 [serving_speech.py:3070] TTS speech request speech-9463a2bf2ea26aca: model=Base
[0;36m(APIServer pid=214609)[0;0m INFO 09-25 05:23:04 [serving_speech.py:3100] Applied extra_params: {'repetition_penalty': 1.05, 'temperature': 0.9, 'top_k': 50}
[0;36m(APIServer pid=214609)[0;0m INFO 09-25 05:23:05 [serving_speech.py:3070] TTS speech request speech-90ce82393aff9cff: model=Base
[0;36m(APIServer pid=214609)[0;0m INFO 09-25 05:23:05 [serving_speech.py:3100] Applied extra_params: {'repetition_penalty': 1.05, 'temperature': 0.9, 'top_k': 50}
[0;36m(APIServer pid=214609)[0;0m INFO 09-25 05:23:05 [serving_speech.py:3070] TTS speech request speech-a006b39d01d7a4ec: model=Base
[0;36m(APIServer pid=214609)[0;0m INFO 09-25 05:23:05 [serving_speech.py:3100] Applied extra_params: {'repetition_penalty': 1.05, 'temperature': 0.9, 'top_k': 50}
[0;36m(APIServer pid=214609)[0;0m INFO 09-25 05:23:05 [serving_speech.py:3070] TTS speech request speech-8ab367c14dead552: model=Base
[0;36m(APIServer pid=214609)[0;0m INFO 09-25 05:23:05 [serving_speech.py:3100] Applied extra_params: {'repetition_penalty': 1.05, 'temperature': 0.9, 'top_k': 50}
[0;36m(APIServer pid=214609)[0;0m INFO 09-25 05:23:05 [serving_speech.py:3070] TTS speech request speech-bc282a87814b23ed: model=Base
[0;36m(APIServer pid=214609)[0;0m INFO 09-25 05:23:05 [serving_speech.py:3100] Applied extra_params: {'repetition_penalty': 1.05, 'temperature': 0.9, 'top_k': 50}
[0;36m(APIServer pid=214609)[0;0m INFO 09-25 05:23:05 [serving_speech.py:3070] TTS speech request speech-b362aa9dbcf87720: model=Base
[0;36m(APIServer pid=214609)[0;0m INFO 09-25 05:23:05 [serving_speech.py:3100] Applied extra_params: {'repetition_penalty': 1.05, 'temperature': 0.9, 'top_k': 50}
[0;36m(APIServer pid=214609)[0;0m INFO 09-25 05:23:05 [serving_speech.py:3070] TTS speech request speech-89e7488a36191859: model=Base
[0;36m(APIServer pid=214609)[0;0m INFO 09-25 05:23:05 [serving_speech.py:3100] Applied extra_params: {'repetition_penalty': 1.05, 'temperature': 0.9, 'top_k': 50}
[0;36m(APIServer pid=214609)[0;0m INFO 09-25 05:23:05 [serving_speech.py:3070] TTS speech request speech-94b0a1506859020f: model=Base
[0;36m(APIServer pid=214609)[0;0m INFO 09-25 05:23:05 [serving_speech.py:3100] Applied extra_params: {'repetition_penalty': 1.05, 'temperature': 0.9, 'top_k': 50}
[0;36m(APIServer pid=214609)[0;0m INFO 09-25 05:23:05 [serving_speech.py:3070] TTS speech request speech-b03660d9a4af94e2: model=Base
[0;36m(APIServer pid=214609)[0;0m INFO 09-25 05:23:05 [serving_speech.py:3100] Applied extra_params: {'repetition_penalty': 1.05, 'temperature': 0.9, 'top_k': 50}
[0;36m(APIServer pid=214609)[0;0m INFO 09-25 05:23:05 [serving_speech.py:3070] TTS speech request speech-a5ecd8ba91e2fdb4: model=Base
[0;36m(APIServer pid=214609)[0;0m INFO 09-25 05:23:05 [serving_speech.py:3100] Applied extra_params: {'repetition_penalty': 1.05, 'temperature': 0.9, 'top_k': 50}
[0;36m(APIServer pid=214609)[0;0m INFO 09-25 05:23:05 [serving_speech.py:3070] TTS speech request speech-87e052ec9b2b4b10: model=Base
[0;36m(APIServer pid=214609)[0;0m INFO 09-25 05:23:05 [serving_speech.py:3100] Applied extra_params: {'repetition_penalty': 1.05, 'temperature': 0.9, 'top_k': 50}
[0;36m(APIServer pid=214609)[0;0m INFO 09-25 05:23:05 [serving_speech.py:3070] TTS speech request speech-9f359e57583c0503: model=Base
[0;36m(APIServer pid=214609)[0;0m INFO 09-25 05:23:05 [serving_speech.py:3100] Applied extra_params: {'repetition_penalty': 1.05, 'temperature': 0.9, 'top_k': 50}
[0;36m(APIServer pid=214609)[0;0m INFO 09-25 05:23:05 [serving_speech.py:3070] TTS speech request speech-9d8eebe82088608b: model=Base
[0;36m(APIServer pid=214609)[0;0m INFO 09-25 05:23:05 [serving_speech.py:3100] Applied extra_params: {'repetition_penalty': 1.05, 'temperature': 0.9, 'top_k': 50}
[0;36m(APIServer pid=214609)[0;0m INFO 09-25 05:23:05 [serving_speech.py:3070] TTS speech request speech-9370c9a698c4730b: model=Base
[0;36m(APIServer pid=214609)[0;0m INFO 09-25 05:23:05 [serving_speech.py:3100] Applied extra_params: {'repetition_penalty': 1.05, 'temperature': 0.9, 'top_k': 50}
[0;36m(APIServer pid=214609)[0;0m INFO 09-25 05:23:05 [serving_speech.py:3070] TTS speech request speech-95fa5daf5c571afe: model=Base
[0;36m(APIServer pid=214609)[0;0m INFO 09-25 05:23:05 [serving_speech.py:3100] Applied extra_params: {'repetition_penalty': 1.05, 'temperature': 0.9, 'top_k': 50}
[0;36m(APIServer pid=214609)[0;0m INFO 09-25 05:23:22 [stats.py:811] 
[0;36m(APIServer pid=214609)[0;0m INFO 09-25 05:23:22 [stats.py:811] [Overall Summary]
[0;36m(APIServer pid=214609)[0;0m INFO 09-25 05:23:22 [stats.py:811] +-----------------------------+------------+
[0;36m(APIServer pid=214609)[0;0m INFO 09-25 05:23:22 [stats.py:811] | Field                       |      Value |
[0;36m(APIServer pid=214609)[0;0m INFO 09-25 05:23:22 [stats.py:811] +-----------------------------+------------+
[0;36m(APIServer pid=214609)[0;0m INFO 09-25 05:23:22 [stats.py:811] | e2e_requests                |          1 |
[0;36m(APIServer pid=214609)[0;0m INFO 09-25 05:23:22 [stats.py:811] | e2e_wall_time_ms            | 17,185.195 |
[0;36m(APIServer pid=214609)[0;0m INFO 09-25 05:23:22 [stats.py:811] | e2e_total_tokens            |      1,176 |
[0;36m(APIServer pid=214609)[0;0m INFO 09-25 05:23:22 [stats.py:811] | e2e_avg_time_per_request_ms | 17,185.195 |
[0;36m(APIServer pid=214609)[0;0m INFO 09-25 05:23:22 [stats.py:811] | e2e_avg_tokens_per_s        |     68.431 |
[0;36m(APIServer pid=214609)[0;0m INFO 09-25 05:23:22 [stats.py:811] | input_preprocess_time_ms    |      0.045 |
[0;36m(APIServer pid=214609)[0;0m INFO 09-25 05:23:22 [stats.py:811] | e2e_stage_0_wall_time_ms    | 17,142.527 |
[0;36m(APIServer pid=214609)[0;0m INFO 09-25 05:23:22 [stats.py:811] | e2e_stage_1_wall_time_ms    | 17,183.297 |
[0;36m(APIServer pid=214609)[0;0m INFO 09-25 05:23:22 [stats.py:811] +-----------------------------+------------+
[0;36m(APIServer pid=214609)[0;0m INFO 09-25 05:23:22 [stats.py:837] 
[0;36m(APIServer pid=214609)[0;0m INFO 09-25 05:23:22 [stats.py:837] [RequestE2EStats [request_id=speech-bc282a87814b23ed-a04e5103]]
[0;36m(APIServer pid=214609)[0;0m INFO 09-25 05:23:22 [stats.py:837] +------------------+------------+
[0;36m(APIServer pid=214609)[0;0m INFO 09-25 05:23:22 [stats.py:837] | Field            |      Value |
[0;36m(APIServer pid=214609)[0;0m INFO 09-25 05:23:22 [stats.py:837] +------------------+------------+
[0;36m(APIServer pid=214609)[0;0m INFO 09-25 05:23:22 [stats.py:837] | e2e_total_ms     | 17,185.062 |
[0;36m(APIServer pid=214609)[0;0m INFO 09-25 05:23:22 [stats.py:837] | e2e_total_tokens |      1,176 |
[0;36m(APIServer pid=214609)[0;0m INFO 09-25 05:23:22 [stats.py:837] +------------------+------------+
[0;36m(APIServer pid=214609)[0;0m INFO 09-25 05:23:22 [stats.py:878] [OmniTiming] req=speech-bc282a87814b23ed-a04e5103 total=17.19s preprocess=0.00s engine=17.19s stages=[0:17.14s,1:17.18s] transfers=[0->1=0.00ms]
[0;36m(APIServer pid=214609)[0;0m INFO 09-25 05:23:22 [stats.py:920] 
[0;36m(APIServer pid=214609)[0;0m INFO 09-25 05:23:22 [stats.py:920] [StageRequestStats [request_id=speech-bc282a87814b23ed-a04e5103]]
[0;36m(APIServer pid=214609)[0;0m INFO 09-25 05:23:22 [stats.py:920] +---------------------------------+----------------+----------------+
[0;36m(APIServer pid=214609)[0;0m INFO 09-25 05:23:22 [stats.py:920] | Field                           |              0 |              1 |
[0;36m(APIServer pid=214609)[0;0m INFO 09-25 05:23:22 [stats.py:920] +---------------------------------+----------------+----------------+
[0;36m(APIServer pid=214609)[0;0m INFO 09-25 05:23:22 [stats.py:920] | audio_duration_s                |          0.000 |         31.760 |
[0;36m(APIServer pid=214609)[0;0m INFO 09-25 05:23:22 [stats.py:920] | audio_generated_frames          |              0 |        762,240 |
[0;36m(APIServer pid=214609)[0;0m INFO 09-25 05:23:22 [stats.py:920] | audio_sample_rate               |              0 |         24,000 |
[0;36m(APIServer pid=214609)[0;0m INFO 09-25 05:23:22 [stats.py:920] | batch_id                        |          2,290 |          2,371 |
[0;36m(APIServer pid=214609)[0;0m INFO 09-25 05:23:22 [stats.py:920] | batch_size                      |              1 |              1 |
[0;36m(APIServer pid=214609)[0;0m INFO 09-25 05:23:22 [stats.py:920] | inter_output_latencies_ms       |                |                |
[0;36m(APIServer pid=214609)[0;0m INFO 09-25 05:23:22 [stats.py:920] | num_tokens_in                   |            778 |              0 |
[0;36m(APIServer pid=214609)[0;0m INFO 09-25 05:23:22 [stats.py:920] | num_tokens_out                  |            398 |              0 |
[0;36m(APIServer pid=214609)[0;0m INFO 09-25 05:23:22 [stats.py:920] | output_unit_count               |            398 |        762,240 |
[0;36m(APIServer pid=214609)[0;0m INFO 09-25 05:23:22 [stats.py:920] | output_unit_type                |         stream |          audio |
[0;36m(APIServer pid=214609)[0;0m INFO 09-25 05:23:22 [stats.py:920] | serving_time_to_first_output_ms |     17,142.287 |     17,184.481 |
[0;36m(APIServer pid=214609)[0;0m INFO 09-25 05:23:22 [stats.py:920] | stage_gen_time_ms               |     17,140.533 |     17,182.673 |
[0;36m(APIServer pid=214609)[0;0m INFO 09-25 05:23:22 [stats.py:920] | time_per_output_unit_ms         |          0.000 |          0.000 |
[0;36m(APIServer pid=214609)[0;0m INFO 09-25 05:23:22 [stats.py:920] | vllm_itl_ms                     |         42.291 |        980.274 |
[0;36m(APIServer pid=214609)[0;0m INFO 09-25 05:23:22 [stats.py:920] | vllm_itls_ms                    | 42.291 (n=397) | 980.274 (n=16) |
[0;36m(APIServer pid=214609)[0;0m INFO 09-25 05:23:22 [stats.py:920] | vllm_tpot_ms                    |         42.291 |          0.000 |
[0;36m(APIServer pid=214609)[0;0m INFO 09-25 05:23:22 [stats.py:920] | vllm_ttft_ms                    |        353.101 |      1,497.533 |
[0;36m(APIServer pid=214609)[0;0m INFO 09-25 05:23:22 [stats.py:920] +---------------------------------+----------------+----------------+
[0;36m(APIServer pid=214609)[0;0m INFO 09-25 05:23:22 [serving_speech.py:3646] [SpeechE2E] request_id=speech-bc282a87814b23ed stream=false status=ok total_ms=17225.77 response_bytes=1524524
[0;36m(APIServer pid=214609)[0;0m INFO:     127.0.0.1:58126 - "POST /v1/audio/speech HTTP/1.1" 200 OK
[0;36m(APIServer pid=214609)[0;0m INFO 09-25 05:23:22 [serving_speech.py:3070] TTS speech request speech-8efee1c90ef6d950: model=Base
[0;36m(APIServer pid=214609)[0;0m INFO 09-25 05:23:22 [serving_speech.py:3100] Applied extra_params: {'repetition_penalty': 1.05, 'temperature': 0.9, 'top_k': 50}
[0;36m(APIServer pid=214609)[0;0m INFO 09-25 05:23:22 [stats.py:811] 
[0;36m(APIServer pid=214609)[0;0m INFO 09-25 05:23:22 [stats.py:811] [Overall Summary]
[0;36m(APIServer pid=214609)[0;0m INFO 09-25 05:23:22 [stats.py:811] +-----------------------------+------------+
[0;36m(APIServer pid=214609)[0;0m INFO 09-25 05:23:22 [stats.py:811] | Field                       |      Value |
[0;36m(APIServer pid=214609)[0;0m INFO 09-25 05:23:22 [stats.py:811] +-----------------------------+------------+
[0;36m(APIServer pid=214609)[0;0m INFO 09-25 05:23:22 [stats.py:811] | e2e_requests                |          1 |
[0;36m(APIServer pid=214609)[0;0m INFO 09-25 05:23:22 [stats.py:811] | e2e_wall_time_ms            | 17,876.788 |
[0;36m(APIServer pid=214609)[0;0m INFO 09-25 05:23:22 [stats.py:811] | e2e_total_tokens            |      1,204 |
[0;36m(APIServer pid=214609)[0;0m INFO 09-25 05:23:22 [stats.py:811] | e2e_avg_time_per_request_ms | 17,876.788 |
[0;36m(APIServer pid=214609)[0;0m INFO 09-25 05:23:22 [stats.py:811] | e2e_avg_tokens_per_s        |     67.350 |
[0;36m(APIServer pid=214609)[0;0m INFO 09-25 05:23:22 [stats.py:811] | input_preprocess_time_ms    |      0.058 |
[0;36m(APIServer pid=214609)[0;0m INFO 09-25 05:23:22 [stats.py:811] | e2e_stage_0_wall_time_ms    | 17,843.683 |
[0;36m(APIServer pid=214609)[0;0m INFO 09-25 05:23:22 [stats.py:811] | e2e_stage_1_wall_time_ms    | 17,872.511 |
[0;36m(APIServer pid=214609)[0;0m INFO 09-25 05:23:22 [stats.py:811] +-----------------------------+------------+
[0;36m(APIServer pid=214609)[0;0m INFO 09-25 05:23:22 [stats.py:837] 
[0;36m(APIServer pid=214609)[0;0m INFO 09-25 05:23:22 [stats.py:837] [RequestE2EStats [request_id=speech-90ce82393aff9cff-86681820]]
[0;36m(APIServer pid=214609)[0;0m INFO 09-25 05:23:22 [stats.py:837] +------------------+------------+
[0;36m(APIServer pid=214609)[0;0m INFO 09-25 05:23:22 [stats.py:837] | Field            |      Value |
[0;36m(APIServer pid=214609)[0;0m INFO 09-25 05:23:22 [stats.py:837] +------------------+------------+
[0;36m(APIServer pid=214609)[0;0m INFO 09-25 05:23:22 [stats.py:837] | e2e_total_ms     | 17,876.597 |
[0;36m(APIServer pid=214609)[0;0m INFO 09-25 05:23:22 [stats.py:837] | e2e_total_tokens |      1,204 |
[0;36m(APIServer pid=214609)[0;0m INFO 09-25 05:23:22 [stats.py:837] +------------------+------------+
[0;36m(APIServer pid=214609)[0;0m INFO 09-25 05:23:22 [stats.py:878] [OmniTiming] req=speech-90ce82393aff9cff-86681820 total=17.88s preprocess=0.00s engine=17.88s stages=[0:17.84s,1:17.87s] transfers=[0->1=0.00ms]
[0;36m(APIServer pid=214609)[0;0m INFO 09-25 05:23:22 [stats.py:920] 
[0;36m(APIServer pid=214609)[0;0m INFO 09-25 05:23:22 [stats.py:920] [StageRequestStats [request_id=speech-90ce82393aff9cff-86681820]]
[0;36m(APIServer pid=214609)[0;0m INFO 09-25 05:23:22 [stats.py:920] +---------------------------------+----------------+----------------+
[0;36m(APIServer pid=214609)[0;0m INFO 09-25 05:23:22 [stats.py:920] | Field                           |              0 |              1 |
[0;36m(APIServer pid=214609)[0;0m INFO 09-25 05:23:22 [stats.py:920] +---------------------------------+----------------+----------------+
[0;36m(APIServer pid=214609)[0;0m INFO 09-25 05:23:22 [stats.py:920] | audio_duration_s                |          0.000 |         32.640 |
[0;36m(APIServer pid=214609)[0;0m INFO 09-25 05:23:22 [stats.py:920] | audio_generated_frames          |              0 |        783,360 |
[0;36m(APIServer pid=214609)[0;0m INFO 09-25 05:23:22 [stats.py:920] | audio_sample_rate               |              0 |         24,000 |
[0;36m(APIServer pid=214609)[0;0m INFO 09-25 05:23:22 [stats.py:920] | batch_id                        |          2,291 |          2,372 |
[0;36m(APIServer pid=214609)[0;0m INFO 09-25 05:23:22 [stats.py:920] | batch_size                      |              1 |              1 |
[0;36m(APIServer pid=214609)[0;0m INFO 09-25 05:23:22 [stats.py:920] | inter_output_latencies_ms       |                |                |
[0;36m(APIServer pid=214609)[0;0m INFO 09-25 05:23:22 [stats.py:920] | num_tokens_in                   |            795 |              0 |
[0;36m(APIServer pid=214609)[0;0m INFO 09-25 05:23:22 [stats.py:920] | num_tokens_out                  |            409 |              0 |
[0;36m(APIServer pid=214609)[0;0m INFO 09-25 05:23:22 [stats.py:920] | output_unit_count               |            409 |        783,360 |
[0;36m(APIServer pid=214609)[0;0m INFO 09-25 05:23:22 [stats.py:920] | output_unit_type                |         stream |          audio |
[0;36m(APIServer pid=214609)[0;0m INFO 09-25 05:23:22 [stats.py:920] | serving_time_to_first_output_ms |     17,843.215 |     17,876.407 |
[0;36m(APIServer pid=214609)[0;0m INFO 09-25 05:23:22 [stats.py:920] | stage_gen_time_ms               |     17,842.214 |     17,872.265 |
[0;36m(APIServer pid=214609)[0;0m INFO 09-25 05:23:22 [stats.py:920] | time_per_output_unit_ms         |          0.000 |          0.000 |
[0;36m(APIServer pid=214609)[0;0m INFO 09-25 05:23:22 [stats.py:920] | vllm_itl_ms                     |         42.835 |        962.813 |
[0;36m(APIServer pid=214609)[0;0m INFO 09-25 05:23:22 [stats.py:920] | vllm_itls_ms                    | 42.835 (n=408) | 962.813 (n=17) |
[0;36m(APIServer pid=214609)[0;0m INFO 09-25 05:23:22 [stats.py:920] | vllm_tpot_ms                    |         42.835 |          0.000 |
[0;36m(APIServer pid=214609)[0;0m INFO 09-25 05:23:22 [stats.py:920] | vllm_ttft_ms                    |        364.029 |      1,504.802 |
[0;36m(APIServer pid=214609)[0;0m INFO 09-25 05:23:22 [stats.py:920] +---------------------------------+----------------+----------------+
[0;36m(APIServer pid=214609)[0;0m INFO 09-25 05:23:22 [serving_speech.py:3646] [SpeechE2E] request_id=speech-90ce82393aff9cff stream=false status=ok total_ms=17915.61 response_bytes=1566764
[0;36m(APIServer pid=214609)[0;0m INFO:     127.0.0.1:58102 - "POST /v1/audio/speech HTTP/1.1" 200 OK
[0;36m(APIServer pid=214609)[0;0m INFO 09-25 05:23:22 [serving_speech.py:3070] TTS speech request speech-b971cbf49de89736: model=Base
[0;36m(APIServer pid=214609)[0;0m INFO 09-25 05:23:22 [serving_speech.py:3100] Applied extra_params: {'repetition_penalty': 1.05, 'temperature': 0.9, 'top_k': 50}
[0;36m(APIServer pid=214609)[0;0m INFO 09-25 05:23:23 [stats.py:811] 
[0;36m(APIServer pid=214609)[0;0m INFO 09-25 05:23:23 [stats.py:811] [Overall Summary]
[0;36m(APIServer pid=214609)[0;0m INFO 09-25 05:23:23 [stats.py:811] +-----------------------------+------------+
[0;36m(APIServer pid=214609)[0;0m INFO 09-25 05:23:23 [stats.py:811] | Field                       |      Value |
[0;36m(APIServer pid=214609)[0;0m INFO 09-25 05:23:23 [stats.py:811] +-----------------------------+------------+
[0;36m(APIServer pid=214609)[0;0m INFO 09-25 05:23:23 [stats.py:811] | e2e_requests                |          1 |
[0;36m(APIServer pid=214609)[0;0m INFO 09-25 05:23:23 [stats.py:811] | e2e_wall_time_ms            | 18,039.288 |
[0;36m(APIServer pid=214609)[0;0m INFO 09-25 05:23:23 [stats.py:811] | e2e_total_tokens            |      1,189 |
[0;36m(APIServer pid=214609)[0;0m INFO 09-25 05:23:23 [stats.py:811] | e2e_avg_time_per_request_ms | 18,039.288 |
[0;36m(APIServer pid=214609)[0;0m INFO 09-25 05:23:23 [stats.py:811] | e2e_avg_tokens_per_s        |     65.912 |
[0;36m(APIServer pid=214609)[0;0m INFO 09-25 05:23:23 [stats.py:811] | input_preprocess_time_ms    |      0.068 |
[0;36m(APIServer pid=214609)[0;0m INFO 09-25 05:23:23 [stats.py:811] | e2e_stage_0_wall_time_ms    | 18,002.870 |
[0;36m(APIServer pid=214609)[0;0m INFO 09-25 05:23:23 [stats.py:811] | e2e_stage_1_wall_time_ms    | 18,038.686 |
[0;36m(APIServer pid=214609)[0;0m INFO 09-25 05:23:23 [stats.py:811] +-----------------------------+------------+
[0;36m(APIServer pid=214609)[0;0m INFO 09-25 05:23:23 [stats.py:837] 
[0;36m(APIServer pid=214609)[0;0m INFO 09-25 05:23:23 [stats.py:837] [RequestE2EStats [request_id=speech-9572c0b8f85990a5-8649328e]]
[0;36m(APIServer pid=214609)[0;0m INFO 09-25 05:23:23 [stats.py:837] +------------------+------------+
[0;36m(APIServer pid=214609)[0;0m INFO 09-25 05:23:23 [stats.py:837] | Field            |      Value |
[0;36m(APIServer pid=214609)[0;0m INFO 09-25 05:23:23 [stats.py:837] +------------------+------------+
[0;36m(APIServer pid=214609)[0;0m INFO 09-25 05:23:23 [stats.py:837] | e2e_total_ms     | 18,039.145 |
[0;36m(APIServer pid=214609)[0;0m INFO 09-25 05:23:23 [stats.py:837] | e2e_total_tokens |      1,189 |
[0;36m(APIServer pid=214609)[0;0m INFO 09-25 05:23:23 [stats.py:837] +------------------+------------+
[0;36m(APIServer pid=214609)[0;0m INFO 09-25 05:23:23 [stats.py:878] [OmniTiming] req=speech-9572c0b8f85990a5-8649328e total=18.04s preprocess=0.00s engine=18.04s stages=[0:18.00s,1:18.04s] transfers=[0->1=0.00ms]
[0;36m(APIServer pid=214609)[0;0m INFO 09-25 05:23:23 [stats.py:920] 
[0;36m(APIServer pid=214609)[0;0m INFO 09-25 05:23:23 [stats.py:920] [StageRequestStats [request_id=speech-9572c0b8f85990a5-8649328e]]
[0;36m(APIServer pid=214609)[0;0m INFO 09-25 05:23:23 [stats.py:920] +---------------------------------+----------------+------------------+
[0;36m(APIServer pid=214609)[0;0m INFO 09-25 05:23:23 [stats.py:920] | Field                           |              0 |                1 |
[0;36m(APIServer pid=214609)[0;0m INFO 09-25 05:23:23 [stats.py:920] +---------------------------------+----------------+------------------+
[0;36m(APIServer pid=214609)[0;0m INFO 09-25 05:23:23 [stats.py:920] | audio_duration_s                |          0.000 |           33.040 |
[0;36m(APIServer pid=214609)[0;0m INFO 09-25 05:23:23 [stats.py:920] | audio_generated_frames          |              0 |          792,960 |
[0;36m(APIServer pid=214609)[0;0m INFO 09-25 05:23:23 [stats.py:920] | audio_sample_rate               |              0 |           24,000 |
[0;36m(APIServer pid=214609)[0;0m INFO 09-25 05:23:23 [stats.py:920] | batch_id                        |          2,292 |            2,373 |
[0;36m(APIServer pid=214609)[0;0m INFO 09-25 05:23:23 [stats.py:920] | batch_size                      |              1 |                1 |
[0;36m(APIServer pid=214609)[0;0m INFO 09-25 05:23:23 [stats.py:920] | inter_output_latencies_ms       |                |                  |
[0;36m(APIServer pid=214609)[0;0m INFO 09-25 05:23:23 [stats.py:920] | num_tokens_in                   |            775 |                0 |
[0;36m(APIServer pid=214609)[0;0m INFO 09-25 05:23:23 [stats.py:920] | num_tokens_out                  |            414 |                0 |
[0;36m(APIServer pid=214609)[0;0m INFO 09-25 05:23:23 [stats.py:920] | output_unit_count               |            414 |          792,960 |
[0;36m(APIServer pid=214609)[0;0m INFO 09-25 05:23:23 [stats.py:920] | output_unit_type                |         stream |            audio |
[0;36m(APIServer pid=214609)[0;0m INFO 09-25 05:23:23 [stats.py:920] | serving_time_to_first_output_ms |     18,002.873 |       18,038.529 |
[0;36m(APIServer pid=214609)[0;0m INFO 09-25 05:23:23 [stats.py:920] | stage_gen_time_ms               |     18,002.465 |       18,038.104 |
[0;36m(APIServer pid=214609)[0;0m INFO 09-25 05:23:23 [stats.py:920] | time_per_output_unit_ms         |          0.000 |            0.000 |
[0;36m(APIServer pid=214609)[0;0m INFO 09-25 05:23:23 [stats.py:920] | vllm_itl_ms                     |         43.433 |        1,049.313 |
[0;36m(APIServer pid=214609)[0;0m INFO 09-25 05:23:23 [stats.py:920] | vllm_itls_ms                    | 43.433 (n=413) | 1,049.313 (n=17) |
[0;36m(APIServer pid=214609)[0;0m INFO 09-25 05:23:23 [stats.py:920] | vllm_tpot_ms                    |         43.433 |            0.000 |
[0;36m(APIServer pid=214609)[0;0m INFO 09-25 05:23:23 [stats.py:920] | vllm_ttft_ms                    |         64.645 |          200.825 |
[0;36m(APIServer pid=214609)[0;0m INFO 09-25 05:23:23 [stats.py:920] +---------------------------------+----------------+------------------+
[0;36m(APIServer pid=214609)[0;0m INFO 09-25 05:23:23 [serving_speech.py:3646] [SpeechE2E] request_id=speech-9572c0b8f85990a5 stream=false status=ok total_ms=18052.08 response_bytes=1585964
[0;36m(APIServer pid=214609)[0;0m INFO:     127.0.0.1:46434 - "POST /v1/audio/speech HTTP/1.1" 200 OK
[0;36m(APIServer pid=214609)[0;0m INFO 09-25 05:23:23 [serving_speech.py:3070] TTS speech request speech-a6fbb88448ab8e3a: model=Base
[0;36m(APIServer pid=214609)[0;0m INFO 09-25 05:23:23 [serving_speech.py:3100] Applied extra_params: {'repetition_penalty': 1.05, 'temperature': 0.9, 'top_k': 50}
[0;36m(APIServer pid=214609)[0;0m INFO 09-25 05:23:23 [stats.py:811] 
[0;36m(APIServer pid=214609)[0;0m INFO 09-25 05:23:23 [stats.py:811] [Overall Summary]
[0;36m(APIServer pid=214609)[0;0m INFO 09-25 05:23:23 [stats.py:811] +-----------------------------+------------+
[0;36m(APIServer pid=214609)[0;0m INFO 09-25 05:23:23 [stats.py:811] | Field                       |      Value |
[0;36m(APIServer pid=214609)[0;0m INFO 09-25 05:23:23 [stats.py:811] +-----------------------------+------------+
[0;36m(APIServer pid=214609)[0;0m INFO 09-25 05:23:23 [stats.py:811] | e2e_requests                |          1 |
[0;36m(APIServer pid=214609)[0;0m INFO 09-25 05:23:23 [stats.py:811] | e2e_wall_time_ms            | 18,094.169 |
[0;36m(APIServer pid=214609)[0;0m INFO 09-25 05:23:23 [stats.py:811] | e2e_total_tokens            |      1,179 |
[0;36m(APIServer pid=214609)[0;0m INFO 09-25 05:23:23 [stats.py:811] | e2e_avg_time_per_request_ms | 18,094.169 |
[0;36m(APIServer pid=214609)[0;0m INFO 09-25 05:23:23 [stats.py:811] | e2e_avg_tokens_per_s        |     65.159 |
[0;36m(APIServer pid=214609)[0;0m INFO 09-25 05:23:23 [stats.py:811] | input_preprocess_time_ms    |      0.042 |
[0;36m(APIServer pid=214609)[0;0m INFO 09-25 05:23:23 [stats.py:811] | e2e_stage_0_wall_time_ms    | 18,031.883 |
[0;36m(APIServer pid=214609)[0;0m INFO 09-25 05:23:23 [stats.py:811] | e2e_stage_1_wall_time_ms    | 18,092.538 |
[0;36m(APIServer pid=214609)[0;0m INFO 09-25 05:23:23 [stats.py:811] +-----------------------------+------------+
[0;36m(APIServer pid=214609)[0;0m INFO 09-25 05:23:23 [stats.py:837] 
[0;36m(APIServer pid=214609)[0;0m INFO 09-25 05:23:23 [stats.py:837] [RequestE2EStats [request_id=speech-89e7488a36191859-ac1d38f6]]
[0;36m(APIServer pid=214609)[0;0m INFO 09-25 05:23:23 [stats.py:837] +------------------+------------+
[0;36m(APIServer pid=214609)[0;0m INFO 09-25 05:23:23 [stats.py:837] | Field            |      Value |
[0;36m(APIServer pid=214609)[0;0m INFO 09-25 05:23:23 [stats.py:837] +------------------+------------+
[0;36m(APIServer pid=214609)[0;0m INFO 09-25 05:23:23 [stats.py:837] | e2e_total_ms     | 18,094.079 |
[0;36m(APIServer pid=214609)[0;0m INFO 09-25 05:23:23 [stats.py:837] | e2e_total_tokens |      1,179 |
[0;36m(APIServer pid=214609)[0;0m INFO 09-25 05:23:23 [stats.py:837] +------------------+------------+
[0;36m(APIServer pid=214609)[0;0m INFO 09-25 05:23:23 [stats.py:878] [OmniTiming] req=speech-89e7488a36191859-ac1d38f6 total=18.09s preprocess=0.00s engine=18.09s stages=[0:18.03s,1:18.09s] transfers=[0->1=0.00ms]
[0;36m(APIServer pid=214609)[0;0m INFO 09-25 05:23:23 [stats.py:920] 
[0;36m(APIServer pid=214609)[0;0m INFO 09-25 05:23:23 [stats.py:920] [StageRequestStats [request_id=speech-89e7488a36191859-ac1d38f6]]
[0;36m(APIServer pid=214609)[0;0m INFO 09-25 05:23:23 [stats.py:920] +---------------------------------+----------------+----------------+
[0;36m(APIServer pid=214609)[0;0m INFO 09-25 05:23:23 [stats.py:920] | Field                           |              0 |              1 |
[0;36m(APIServer pid=214609)[0;0m INFO 09-25 05:23:23 [stats.py:920] +---------------------------------+----------------+----------------+
[0;36m(APIServer pid=214609)[0;0m INFO 09-25 05:23:23 [stats.py:920] | audio_duration_s                |          0.000 |         32.960 |
[0;36m(APIServer pid=214609)[0;0m INFO 09-25 05:23:23 [stats.py:920] | audio_generated_frames          |              0 |        791,040 |
[0;36m(APIServer pid=214609)[0;0m INFO 09-25 05:23:23 [stats.py:920] | audio_sample_rate               |              0 |         24,000 |
[0;36m(APIServer pid=214609)[0;0m INFO 09-25 05:23:23 [stats.py:920] | batch_id                        |          2,293 |          2,374 |
[0;36m(APIServer pid=214609)[0;0m INFO 09-25 05:23:23 [stats.py:920] | batch_size                      |              1 |              1 |
[0;36m(APIServer pid=214609)[0;0m INFO 09-25 05:23:23 [stats.py:920] | inter_output_latencies_ms       |                |                |
[0;36m(APIServer pid=214609)[0;0m INFO 09-25 05:23:23 [stats.py:920] | num_tokens_in                   |            766 |              0 |
[0;36m(APIServer pid=214609)[0;0m INFO 09-25 05:23:23 [stats.py:920] | num_tokens_out                  |            413 |              0 |
[0;36m(APIServer pid=214609)[0;0m INFO 09-25 05:23:23 [stats.py:920] | output_unit_count               |            413 |        791,040 |
[0;36m(APIServer pid=214609)[0;0m INFO 09-25 05:23:23 [stats.py:920] | output_unit_type                |         stream |          audio |
[0;36m(APIServer pid=214609)[0;0m INFO 09-25 05:23:23 [stats.py:920] | serving_time_to_first_output_ms |     18,031.793 |     18,093.849 |
[0;36m(APIServer pid=214609)[0;0m INFO 09-25 05:23:23 [stats.py:920] | stage_gen_time_ms               |     18,031.740 |     18,092.343 |
[0;36m(APIServer pid=214609)[0;0m INFO 09-25 05:23:23 [stats.py:920] | time_per_output_unit_ms         |          0.000 |          0.000 |
[0;36m(APIServer pid=214609)[0;0m INFO 09-25 05:23:23 [stats.py:920] | vllm_itl_ms                     |         42.919 |        976.429 |
[0;36m(APIServer pid=214609)[0;0m INFO 09-25 05:23:23 [stats.py:920] | vllm_itls_ms                    | 42.919 (n=412) | 976.429 (n=17) |
[0;36m(APIServer pid=214609)[0;0m INFO 09-25 05:23:23 [stats.py:920] | vllm_tpot_ms                    |         42.919 |          0.000 |
[0;36m(APIServer pid=214609)[0;0m INFO 09-25 05:23:23 [stats.py:920] | vllm_ttft_ms                    |        347.652 |      1,492.356 |
[0;36m(APIServer pid=214609)[0;0m INFO 09-25 05:23:23 [stats.py:920] +---------------------------------+----------------+----------------+
[0;36m(APIServer pid=214609)[0;0m INFO 09-25 05:23:23 [serving_speech.py:3646] [SpeechE2E] request_id=speech-89e7488a36191859 stream=false status=ok total_ms=18125.49 response_bytes=1582124
[0;36m(APIServer pid=214609)[0;0m INFO:     127.0.0.1:58142 - "POST /v1/audio/speech HTTP/1.1" 200 OK
[0;36m(APIServer pid=214609)[0;0m INFO 09-25 05:23:23 [stats.py:811] 
[0;36m(APIServer pid=214609)[0;0m INFO 09-25 05:23:23 [stats.py:811] [Overall Summary]
[0;36m(APIServer pid=214609)[0;0m INFO 09-25 05:23:23 [stats.py:811] +-----------------------------+------------+
[0;36m(APIServer pid=214609)[0;0m INFO 09-25 05:23:23 [stats.py:811] | Field                       |      Value |
[0;36m(APIServer pid=214609)[0;0m INFO 09-25 05:23:23 [stats.py:811] +-----------------------------+------------+
[0;36m(APIServer pid=214609)[0;0m INFO 09-25 05:23:23 [stats.py:811] | e2e_requests                |          1 |
[0;36m(APIServer pid=214609)[0;0m INFO 09-25 05:23:23 [stats.py:811] | e2e_wall_time_ms            | 18,088.119 |
[0;36m(APIServer pid=214609)[0;0m INFO 09-25 05:23:23 [stats.py:811] | e2e_total_tokens            |      1,203 |
[0;36m(APIServer pid=214609)[0;0m INFO 09-25 05:23:23 [stats.py:811] | e2e_avg_time_per_request_ms | 18,088.119 |
[0;36m(APIServer pid=214609)[0;0m INFO 09-25 05:23:23 [stats.py:811] | e2e_avg_tokens_per_s        |     66.508 |
[0;36m(APIServer pid=214609)[0;0m INFO 09-25 05:23:23 [stats.py:811] | input_preprocess_time_ms    |      0.038 |
[0;36m(APIServer pid=214609)[0;0m INFO 09-25 05:23:23 [stats.py:811] | e2e_stage_0_wall_time_ms    | 18,019.567 |
[0;36m(APIServer pid=214609)[0;0m INFO 09-25 05:23:23 [stats.py:811] | e2e_stage_1_wall_time_ms    | 18,086.528 |
[0;36m(APIServer pid=214609)[0;0m INFO 09-25 05:23:23 [stats.py:811] +-----------------------------+------------+
[0;36m(APIServer pid=214609)[0;0m INFO 09-25 05:23:23 [stats.py:837] 
[0;36m(APIServer pid=214609)[0;0m INFO 09-25 05:23:23 [stats.py:837] [RequestE2EStats [request_id=speech-9f359e57583c0503-8d7879ff]]
[0;36m(APIServer pid=214609)[0;0m INFO 09-25 05:23:23 [stats.py:837] +------------------+------------+
[0;36m(APIServer pid=214609)[0;0m INFO 09-25 05:23:23 [stats.py:837] | Field            |      Value |
[0;36m(APIServer pid=214609)[0;0m INFO 09-25 05:23:23 [stats.py:837] +------------------+------------+
[0;36m(APIServer pid=214609)[0;0m INFO 09-25 05:23:23 [stats.py:837] | e2e_total_ms     | 18,088.036 |
[0;36m(APIServer pid=214609)[0;0m INFO 09-25 05:23:23 [stats.py:837] | e2e_total_tokens |      1,203 |
[0;36m(APIServer pid=214609)[0;0m INFO 09-25 05:23:23 [stats.py:837] +------------------+------------+
[0;36m(APIServer pid=214609)[0;0m INFO 09-25 05:23:23 [stats.py:878] [OmniTiming] req=speech-9f359e57583c0503-8d7879ff total=18.09s preprocess=0.00s engine=18.09s stages=[0:18.02s,1:18.08s] transfers=[0->1=0.00ms]
[0;36m(APIServer pid=214609)[0;0m INFO 09-25 05:23:23 [stats.py:920] 
[0;36m(APIServer pid=214609)[0;0m INFO 09-25 05:23:23 [stats.py:920] [StageRequestStats [request_id=speech-9f359e57583c0503-8d7879ff]]
[0;36m(APIServer pid=214609)[0;0m INFO 09-25 05:23:23 [stats.py:920] +---------------------------------+----------------+----------------+
[0;36m(APIServer pid=214609)[0;0m INFO 09-25 05:23:23 [stats.py:920] | Field                           |              0 |              1 |
[0;36m(APIServer pid=214609)[0;0m INFO 09-25 05:23:23 [stats.py:920] +---------------------------------+----------------+----------------+
[0;36m(APIServer pid=214609)[0;0m INFO 09-25 05:23:23 [stats.py:920] | audio_duration_s                |          0.000 |         32.880 |
[0;36m(APIServer pid=214609)[0;0m INFO 09-25 05:23:23 [stats.py:920] | audio_generated_frames          |              0 |        789,120 |
[0;36m(APIServer pid=214609)[0;0m INFO 09-25 05:23:23 [stats.py:920] | audio_sample_rate               |              0 |         24,000 |
[0;36m(APIServer pid=214609)[0;0m INFO 09-25 05:23:23 [stats.py:920] | batch_id                        |          2,294 |          2,375 |
[0;36m(APIServer pid=214609)[0;0m INFO 09-25 05:23:23 [stats.py:920] | batch_size                      |              1 |              1 |
[0;36m(APIServer pid=214609)[0;0m INFO 09-25 05:23:23 [stats.py:920] | inter_output_latencies_ms       |                |                |
[0;36m(APIServer pid=214609)[0;0m INFO 09-25 05:23:23 [stats.py:920] | num_tokens_in                   |            791 |              0 |
[0;36m(APIServer pid=214609)[0;0m INFO 09-25 05:23:23 [stats.py:920] | num_tokens_out                  |            412 |              0 |
[0;36m(APIServer pid=214609)[0;0m INFO 09-25 05:23:23 [stats.py:920] | output_unit_count               |            412 |        789,120 |
[0;36m(APIServer pid=214609)[0;0m INFO 09-25 05:23:23 [stats.py:920] | output_unit_type                |         stream |          audio |
[0;36m(APIServer pid=214609)[0;0m INFO 09-25 05:23:23 [stats.py:920] | serving_time_to_first_output_ms |     18,019.451 |     18,083.446 |
[0;36m(APIServer pid=214609)[0;0m INFO 09-25 05:23:23 [stats.py:920] | stage_gen_time_ms               |     18,018.041 |     18,081.940 |
[0;36m(APIServer pid=214609)[0;0m INFO 09-25 05:23:23 [stats.py:920] | time_per_output_unit_ms         |          0.000 |          0.000 |
[0;36m(APIServer pid=214609)[0;0m INFO 09-25 05:23:23 [stats.py:920] | vllm_itl_ms                     |         42.213 |        976.448 |
[0;36m(APIServer pid=214609)[0;0m INFO 09-25 05:23:23 [stats.py:920] | vllm_itls_ms                    | 42.213 (n=411) | 976.448 (n=17) |
[0;36m(APIServer pid=214609)[0;0m INFO 09-25 05:23:23 [stats.py:920] | vllm_tpot_ms                    |         42.213 |          0.000 |
[0;36m(APIServer pid=214609)[0;0m INFO 09-25 05:23:23 [stats.py:920] | vllm_ttft_ms                    |        670.562 |      1,480.042 |
[0;36m(APIServer pid=214609)[0;0m INFO 09-25 05:23:23 [stats.py:920] +---------------------------------+----------------+----------------+
[0;36m(APIServer pid=214609)[0;0m INFO 09-25 05:23:23 [serving_speech.py:3646] [SpeechE2E] request_id=speech-9f359e57583c0503 stream=false status=ok total_ms=18129.64 response_bytes=1578284
[0;36m(APIServer pid=214609)[0;0m INFO:     127.0.0.1:58176 - "POST /v1/audio/speech HTTP/1.1" 200 OK
[0;36m(APIServer pid=214609)[0;0m INFO 09-25 05:23:23 [serving_speech.py:3070] TTS speech request speech-bc5cbfe27a6f7ad8: model=Base
[0;36m(APIServer pid=214609)[0;0m INFO 09-25 05:23:23 [serving_speech.py:3100] Applied extra_params: {'repetition_penalty': 1.05, 'temperature': 0.9, 'top_k': 50}
[0;36m(APIServer pid=214609)[0;0m INFO 09-25 05:23:23 [serving_speech.py:3070] TTS speech request speech-b57344eed06c118a: model=Base
[0;36m(APIServer pid=214609)[0;0m INFO 09-25 05:23:23 [serving_speech.py:3100] Applied extra_params: {'repetition_penalty': 1.05, 'temperature': 0.9, 'top_k': 50}
[0;36m(APIServer pid=214609)[0;0m INFO 09-25 05:23:23 [stats.py:811] 
[0;36m(APIServer pid=214609)[0;0m INFO 09-25 05:23:23 [stats.py:811] [Overall Summary]
[0;36m(APIServer pid=214609)[0;0m INFO 09-25 05:23:23 [stats.py:811] +-----------------------------+------------+
[0;36m(APIServer pid=214609)[0;0m INFO 09-25 05:23:23 [stats.py:811] | Field                       |      Value |
[0;36m(APIServer pid=214609)[0;0m INFO 09-25 05:23:23 [stats.py:811] +-----------------------------+------------+
[0;36m(APIServer pid=214609)[0;0m INFO 09-25 05:23:23 [stats.py:811] | e2e_requests                |          1 |
[0;36m(APIServer pid=214609)[0;0m INFO 09-25 05:23:23 [stats.py:811] | e2e_wall_time_ms            | 18,601.913 |
[0;36m(APIServer pid=214609)[0;0m INFO 09-25 05:23:23 [stats.py:811] | e2e_total_tokens            |      1,194 |
[0;36m(APIServer pid=214609)[0;0m INFO 09-25 05:23:23 [stats.py:811] | e2e_avg_time_per_request_ms | 18,601.913 |
[0;36m(APIServer pid=214609)[0;0m INFO 09-25 05:23:23 [stats.py:811] | e2e_avg_tokens_per_s        |     64.187 |
[0;36m(APIServer pid=214609)[0;0m INFO 09-25 05:23:23 [stats.py:811] | input_preprocess_time_ms    |      0.042 |
[0;36m(APIServer pid=214609)[0;0m INFO 09-25 05:23:23 [stats.py:811] | e2e_stage_0_wall_time_ms    | 18,561.632 |
[0;36m(APIServer pid=214609)[0;0m INFO 09-25 05:23:23 [stats.py:811] | e2e_stage_1_wall_time_ms    | 18,600.279 |
[0;36m(APIServer pid=214609)[0;0m INFO 09-25 05:23:23 [stats.py:811] +-----------------------------+------------+
[0;36m(APIServer pid=214609)[0;0m INFO 09-25 05:23:23 [stats.py:837] 
[0;36m(APIServer pid=214609)[0;0m INFO 09-25 05:23:23 [stats.py:837] [RequestE2EStats [request_id=speech-a5ecd8ba91e2fdb4-901cb8f9]]
[0;36m(APIServer pid=214609)[0;0m INFO 09-25 05:23:23 [stats.py:837] +------------------+------------+
[0;36m(APIServer pid=214609)[0;0m INFO 09-25 05:23:23 [stats.py:837] | Field            |      Value |
[0;36m(APIServer pid=214609)[0;0m INFO 09-25 05:23:23 [stats.py:837] +------------------+------------+
[0;36m(APIServer pid=214609)[0;0m INFO 09-25 05:23:23 [stats.py:837] | e2e_total_ms     | 18,601.821 |
[0;36m(APIServer pid=214609)[0;0m INFO 09-25 05:23:23 [stats.py:837] | e2e_total_tokens |      1,194 |
[0;36m(APIServer pid=214609)[0;0m INFO 09-25 05:23:23 [stats.py:837] +------------------+------------+
[0;36m(APIServer pid=214609)[0;0m INFO 09-25 05:23:23 [stats.py:878] [OmniTiming] req=speech-a5ecd8ba91e2fdb4-901cb8f9 total=18.60s preprocess=0.00s engine=18.60s stages=[0:18.56s,1:18.60s] transfers=[0->1=0.00ms]
[0;36m(APIServer pid=214609)[0;0m INFO 09-25 05:23:23 [stats.py:920] 
[0;36m(APIServer pid=214609)[0;0m INFO 09-25 05:23:23 [stats.py:920] [StageRequestStats [request_id=speech-a5ecd8ba91e2fdb4-901cb8f9]]
[0;36m(APIServer pid=214609)[0;0m INFO 09-25 05:23:23 [stats.py:920] +---------------------------------+----------------+------------------+
[0;36m(APIServer pid=214609)[0;0m INFO 09-25 05:23:23 [stats.py:920] | Field                           |              0 |                1 |
[0;36m(APIServer pid=214609)[0;0m INFO 09-25 05:23:23 [stats.py:920] +---------------------------------+----------------+------------------+
[0;36m(APIServer pid=214609)[0;0m INFO 09-25 05:23:23 [stats.py:920] | audio_duration_s                |          0.000 |           33.520 |
[0;36m(APIServer pid=214609)[0;0m INFO 09-25 05:23:23 [stats.py:920] | audio_generated_frames          |              0 |          804,480 |
[0;36m(APIServer pid=214609)[0;0m INFO 09-25 05:23:23 [stats.py:920] | audio_sample_rate               |              0 |           24,000 |
[0;36m(APIServer pid=214609)[0;0m INFO 09-25 05:23:23 [stats.py:920] | batch_id                        |          2,295 |            2,376 |
[0;36m(APIServer pid=214609)[0;0m INFO 09-25 05:23:23 [stats.py:920] | batch_size                      |              1 |                1 |
[0;36m(APIServer pid=214609)[0;0m INFO 09-25 05:23:23 [stats.py:920] | inter_output_latencies_ms       |                |                  |
[0;36m(APIServer pid=214609)[0;0m INFO 09-25 05:23:23 [stats.py:920] | num_tokens_in                   |            774 |                0 |
[0;36m(APIServer pid=214609)[0;0m INFO 09-25 05:23:23 [stats.py:920] | num_tokens_out                  |            420 |                0 |
[0;36m(APIServer pid=214609)[0;0m INFO 09-25 05:23:23 [stats.py:920] | output_unit_count               |            420 |          804,480 |
[0;36m(APIServer pid=214609)[0;0m INFO 09-25 05:23:23 [stats.py:920] | output_unit_type                |         stream |            audio |
[0;36m(APIServer pid=214609)[0;0m INFO 09-25 05:23:23 [stats.py:920] | serving_time_to_first_output_ms |     18,561.227 |       18,600.716 |
[0;36m(APIServer pid=214609)[0;0m INFO 09-25 05:23:23 [stats.py:920] | stage_gen_time_ms               |     18,559.738 |       18,599.224 |
[0;36m(APIServer pid=214609)[0;0m INFO 09-25 05:23:23 [stats.py:920] | time_per_output_unit_ms         |          0.000 |            0.000 |
[0;36m(APIServer pid=214609)[0;0m INFO 09-25 05:23:23 [stats.py:920] | vllm_itl_ms                     |         42.690 |        1,006.764 |
[0;36m(APIServer pid=214609)[0;0m INFO 09-25 05:23:23 [stats.py:920] | vllm_itls_ms                    | 42.690 (n=419) | 1,006.764 (n=17) |
[0;36m(APIServer pid=214609)[0;0m INFO 09-25 05:23:23 [stats.py:920] | vllm_tpot_ms                    |         42.690 |            0.000 |
[0;36m(APIServer pid=214609)[0;0m INFO 09-25 05:23:23 [stats.py:920] | vllm_ttft_ms                    |        675.241 |        1,484.685 |
[0;36m(APIServer pid=214609)[0;0m INFO 09-25 05:23:23 [stats.py:920] +---------------------------------+----------------+------------------+
[0;36m(APIServer pid=214609)[0;0m INFO 09-25 05:23:23 [serving_speech.py:3646] [SpeechE2E] request_id=speech-a5ecd8ba91e2fdb4 stream=false status=ok total_ms=18638.38 response_bytes=1609004
[0;36m(APIServer pid=214609)[0;0m INFO:     127.0.0.1:58184 - "POST /v1/audio/speech HTTP/1.1" 200 OK
[0;36m(APIServer pid=214609)[0;0m INFO 09-25 05:23:23 [serving_speech.py:3070] TTS speech request speech-aadf24870a7ffea3: model=Base
[0;36m(APIServer pid=214609)[0;0m INFO 09-25 05:23:23 [serving_speech.py:3100] Applied extra_params: {'repetition_penalty': 1.05, 'temperature': 0.9, 'top_k': 50}
[0;36m(APIServer pid=214609)[0;0m INFO 09-25 05:23:24 [stats.py:811] 
[0;36m(APIServer pid=214609)[0;0m INFO 09-25 05:23:24 [stats.py:811] [Overall Summary]
[0;36m(APIServer pid=214609)[0;0m INFO 09-25 05:23:24 [stats.py:811] +-----------------------------+------------+
[0;36m(APIServer pid=214609)[0;0m INFO 09-25 05:23:24 [stats.py:811] | Field                       |      Value |
[0;36m(APIServer pid=214609)[0;0m INFO 09-25 05:23:24 [stats.py:811] +-----------------------------+------------+
[0;36m(APIServer pid=214609)[0;0m INFO 09-25 05:23:24 [stats.py:811] | e2e_requests                |          1 |
[0;36m(APIServer pid=214609)[0;0m INFO 09-25 05:23:24 [stats.py:811] | e2e_wall_time_ms            | 19,210.891 |
[0;36m(APIServer pid=214609)[0;0m INFO 09-25 05:23:24 [stats.py:811] | e2e_total_tokens            |      1,211 |
[0;36m(APIServer pid=214609)[0;0m INFO 09-25 05:23:24 [stats.py:811] | e2e_avg_time_per_request_ms | 19,210.891 |
[0;36m(APIServer pid=214609)[0;0m INFO 09-25 05:23:24 [stats.py:811] | e2e_avg_tokens_per_s        |     63.037 |
[0;36m(APIServer pid=214609)[0;0m INFO 09-25 05:23:24 [stats.py:811] | input_preprocess_time_ms    |      0.038 |
[0;36m(APIServer pid=214609)[0;0m INFO 09-25 05:23:24 [stats.py:811] | e2e_stage_0_wall_time_ms    | 18,963.774 |
[0;36m(APIServer pid=214609)[0;0m INFO 09-25 05:23:24 [stats.py:811] | e2e_stage_1_wall_time_ms    | 19,209.294 |
[0;36m(APIServer pid=214609)[0;0m INFO 09-25 05:23:24 [stats.py:811] +-----------------------------+------------+
[0;36m(APIServer pid=214609)[0;0m INFO 09-25 05:23:24 [stats.py:837] 
[0;36m(APIServer pid=214609)[0;0m INFO 09-25 05:23:24 [stats.py:837] [RequestE2EStats [request_id=speech-87e052ec9b2b4b10-99ce7817]]
[0;36m(APIServer pid=214609)[0;0m INFO 09-25 05:23:24 [stats.py:837] +------------------+------------+
[0;36m(APIServer pid=214609)[0;0m INFO 09-25 05:23:24 [stats.py:837] | Field            |      Value |
[0;36m(APIServer pid=214609)[0;0m INFO 09-25 05:23:24 [stats.py:837] +------------------+------------+
[0;36m(APIServer pid=214609)[0;0m INFO 09-25 05:23:24 [stats.py:837] | e2e_total_ms     | 19,210.811 |
[0;36m(APIServer pid=214609)[0;0m INFO 09-25 05:23:24 [stats.py:837] | e2e_total_tokens |      1,211 |
[0;36m(APIServer pid=214609)[0;0m INFO 09-25 05:23:24 [stats.py:837] +------------------+------------+
[0;36m(APIServer pid=214609)[0;0m INFO 09-25 05:23:24 [stats.py:878] [OmniTiming] req=speech-87e052ec9b2b4b10-99ce7817 total=19.21s preprocess=0.00s engine=19.21s stages=[0:18.96s,1:19.21s] transfers=[0->1=0.00ms]
[0;36m(APIServer pid=214609)[0;0m INFO 09-25 05:23:24 [stats.py:920] 
[0;36m(APIServer pid=214609)[0;0m INFO 09-25 05:23:24 [stats.py:920] [StageRequestStats [request_id=speech-87e052ec9b2b4b10-99ce7817]]
[0;36m(APIServer pid=214609)[0;0m INFO 09-25 05:23:24 [stats.py:920] +---------------------------------+----------------+----------------+
[0;36m(APIServer pid=214609)[0;0m INFO 09-25 05:23:24 [stats.py:920] | Field                           |              0 |              1 |
[0;36m(APIServer pid=214609)[0;0m INFO 09-25 05:23:24 [stats.py:920] +---------------------------------+----------------+----------------+
[0;36m(APIServer pid=214609)[0;0m INFO 09-25 05:23:24 [stats.py:920] | audio_duration_s                |          0.000 |         34.160 |
[0;36m(APIServer pid=214609)[0;0m INFO 09-25 05:23:24 [stats.py:920] | audio_generated_frames          |              0 |        819,840 |
[0;36m(APIServer pid=214609)[0;0m INFO 09-25 05:23:24 [stats.py:920] | audio_sample_rate               |              0 |         24,000 |
[0;36m(APIServer pid=214609)[0;0m INFO 09-25 05:23:24 [stats.py:920] | batch_id                        |          2,296 |          2,377 |
[0;36m(APIServer pid=214609)[0;0m INFO 09-25 05:23:24 [stats.py:920] | batch_size                      |              1 |              1 |
[0;36m(APIServer pid=214609)[0;0m INFO 09-25 05:23:24 [stats.py:920] | inter_output_latencies_ms       |                |                |
[0;36m(APIServer pid=214609)[0;0m INFO 09-25 05:23:24 [stats.py:920] | num_tokens_in                   |            783 |              0 |
[0;36m(APIServer pid=214609)[0;0m INFO 09-25 05:23:24 [stats.py:920] | num_tokens_out                  |            428 |              0 |
[0;36m(APIServer pid=214609)[0;0m INFO 09-25 05:23:24 [stats.py:920] | output_unit_count               |            428 |        819,840 |
[0;36m(APIServer pid=214609)[0;0m INFO 09-25 05:23:24 [stats.py:920] | output_unit_type                |         stream |          audio |
[0;36m(APIServer pid=214609)[0;0m INFO 09-25 05:23:24 [stats.py:920] | serving_time_to_first_output_ms |     18,963.623 |     19,210.583 |
[0;36m(APIServer pid=214609)[0;0m INFO 09-25 05:23:24 [stats.py:920] | stage_gen_time_ms               |     18,962.134 |     19,209.079 |
[0;36m(APIServer pid=214609)[0;0m INFO 09-25 05:23:24 [stats.py:920] | time_per_output_unit_ms         |          0.000 |          0.000 |
[0;36m(APIServer pid=214609)[0;0m INFO 09-25 05:23:24 [stats.py:920] | vllm_itl_ms                     |         42.837 |        984.902 |
[0;36m(APIServer pid=214609)[0;0m INFO 09-25 05:23:24 [stats.py:920] | vllm_itls_ms                    | 42.837 (n=427) | 984.902 (n=18) |
[0;36m(APIServer pid=214609)[0;0m INFO 09-25 05:23:24 [stats.py:920] | vllm_tpot_ms                    |         42.837 |          0.000 |
[0;36m(APIServer pid=214609)[0;0m INFO 09-25 05:23:24 [stats.py:920] | vllm_ttft_ms                    |        672.893 |      1,482.374 |
[0;36m(APIServer pid=214609)[0;0m INFO 09-25 05:23:24 [stats.py:920] +---------------------------------+----------------+----------------+
[0;36m(APIServer pid=214609)[0;0m INFO 09-25 05:23:24 [serving_speech.py:3646] [SpeechE2E] request_id=speech-87e052ec9b2b4b10 stream=false status=ok total_ms=19249.56 response_bytes=1639724
[0;36m(APIServer pid=214609)[0;0m INFO:     127.0.0.1:58186 - "POST /v1/audio/speech HTTP/1.1" 200 OK
[0;36m(APIServer pid=214609)[0;0m INFO 09-25 05:23:24 [serving_speech.py:3070] TTS speech request speech-8ad0df24295b86b1: model=Base
[0;36m(APIServer pid=214609)[0;0m INFO 09-25 05:23:24 [serving_speech.py:3100] Applied extra_params: {'repetition_penalty': 1.05, 'temperature': 0.9, 'top_k': 50}
[0;36m(APIServer pid=214609)[0;0m INFO 09-25 05:23:24 [stats.py:811] 
[0;36m(APIServer pid=214609)[0;0m INFO 09-25 05:23:24 [stats.py:811] [Overall Summary]
[0;36m(APIServer pid=214609)[0;0m INFO 09-25 05:23:24 [stats.py:811] +-----------------------------+------------+
[0;36m(APIServer pid=214609)[0;0m INFO 09-25 05:23:24 [stats.py:811] | Field                       |      Value |
[0;36m(APIServer pid=214609)[0;0m INFO 09-25 05:23:24 [stats.py:811] +-----------------------------+------------+
[0;36m(APIServer pid=214609)[0;0m INFO 09-25 05:23:24 [stats.py:811] | e2e_requests                |          1 |
[0;36m(APIServer pid=214609)[0;0m INFO 09-25 05:23:24 [stats.py:811] | e2e_wall_time_ms            | 19,247.746 |
[0;36m(APIServer pid=214609)[0;0m INFO 09-25 05:23:24 [stats.py:811] | e2e_total_tokens            |      1,195 |
[0;36m(APIServer pid=214609)[0;0m INFO 09-25 05:23:24 [stats.py:811] | e2e_avg_time_per_request_ms | 19,247.746 |
[0;36m(APIServer pid=214609)[0;0m INFO 09-25 05:23:24 [stats.py:811] | e2e_avg_tokens_per_s        |     62.085 |
[0;36m(APIServer pid=214609)[0;0m INFO 09-25 05:23:24 [stats.py:811] | input_preprocess_time_ms    |      0.035 |
[0;36m(APIServer pid=214609)[0;0m INFO 09-25 05:23:24 [stats.py:811] | e2e_stage_0_wall_time_ms    | 19,213.020 |
[0;36m(APIServer pid=214609)[0;0m INFO 09-25 05:23:24 [stats.py:811] | e2e_stage_1_wall_time_ms    | 19,247.569 |
[0;36m(APIServer pid=214609)[0;0m INFO 09-25 05:23:24 [stats.py:811] +-----------------------------+------------+
[0;36m(APIServer pid=214609)[0;0m INFO 09-25 05:23:24 [stats.py:837] 
[0;36m(APIServer pid=214609)[0;0m INFO 09-25 05:23:24 [stats.py:837] [RequestE2EStats [request_id=speech-95fa5daf5c571afe-b1115621]]
[0;36m(APIServer pid=214609)[0;0m INFO 09-25 05:23:24 [stats.py:837] +------------------+------------+
[0;36m(APIServer pid=214609)[0;0m INFO 09-25 05:23:24 [stats.py:837] | Field            |      Value |
[0;36m(APIServer pid=214609)[0;0m INFO 09-25 05:23:24 [stats.py:837] +------------------+------------+
[0;36m(APIServer pid=214609)[0;0m INFO 09-25 05:23:24 [stats.py:837] | e2e_total_ms     | 19,247.669 |
[0;36m(APIServer pid=214609)[0;0m INFO 09-25 05:23:24 [stats.py:837] | e2e_total_tokens |      1,195 |
[0;36m(APIServer pid=214609)[0;0m INFO 09-25 05:23:24 [stats.py:837] +------------------+------------+
[0;36m(APIServer pid=214609)[0;0m INFO 09-25 05:23:24 [stats.py:878] [OmniTiming] req=speech-95fa5daf5c571afe-b1115621 total=19.25s preprocess=0.00s engine=19.25s stages=[0:19.21s,1:19.25s] transfers=[0->1=0.00ms]
[0;36m(APIServer pid=214609)[0;0m INFO 09-25 05:23:24 [stats.py:920] 
[0;36m(APIServer pid=214609)[0;0m INFO 09-25 05:23:24 [stats.py:920] [StageRequestStats [request_id=speech-95fa5daf5c571afe-b1115621]]
[0;36m(APIServer pid=214609)[0;0m INFO 09-25 05:23:24 [stats.py:920] +---------------------------------+----------------+----------------+
[0;36m(APIServer pid=214609)[0;0m INFO 09-25 05:23:24 [stats.py:920] | Field                           |              0 |              1 |
[0;36m(APIServer pid=214609)[0;0m INFO 09-25 05:23:24 [stats.py:920] +---------------------------------+----------------+----------------+
[0;36m(APIServer pid=214609)[0;0m INFO 09-25 05:23:24 [stats.py:920] | audio_duration_s                |          0.000 |         34.480 |
[0;36m(APIServer pid=214609)[0;0m INFO 09-25 05:23:24 [stats.py:920] | audio_generated_frames          |              0 |        827,520 |
[0;36m(APIServer pid=214609)[0;0m INFO 09-25 05:23:24 [stats.py:920] | audio_sample_rate               |              0 |         24,000 |
[0;36m(APIServer pid=214609)[0;0m INFO 09-25 05:23:24 [stats.py:920] | batch_id                        |          2,297 |          2,378 |
[0;36m(APIServer pid=214609)[0;0m INFO 09-25 05:23:24 [stats.py:920] | batch_size                      |              1 |              1 |
[0;36m(APIServer pid=214609)[0;0m INFO 09-25 05:23:24 [stats.py:920] | inter_output_latencies_ms       |                |                |
[0;36m(APIServer pid=214609)[0;0m INFO 09-25 05:23:24 [stats.py:920] | num_tokens_in                   |            763 |              0 |
[0;36m(APIServer pid=214609)[0;0m INFO 09-25 05:23:24 [stats.py:920] | num_tokens_out                  |            432 |              0 |
[0;36m(APIServer pid=214609)[0;0m INFO 09-25 05:23:24 [stats.py:920] | output_unit_count               |            432 |        827,520 |
[0;36m(APIServer pid=214609)[0;0m INFO 09-25 05:23:24 [stats.py:920] | output_unit_type                |         stream |          audio |
[0;36m(APIServer pid=214609)[0;0m INFO 09-25 05:23:24 [stats.py:920] | serving_time_to_first_output_ms |     19,211.924 |     19,247.216 |
[0;36m(APIServer pid=214609)[0;0m INFO 09-25 05:23:24 [stats.py:920] | stage_gen_time_ms               |     19,211.887 |     19,247.149 |
[0;36m(APIServer pid=214609)[0;0m INFO 09-25 05:23:24 [stats.py:920] | time_per_output_unit_ms         |          0.000 |          0.000 |
[0;36m(APIServer pid=214609)[0;0m INFO 09-25 05:23:24 [stats.py:920] | vllm_itl_ms                     |         43.041 |        987.448 |
[0;36m(APIServer pid=214609)[0;0m INFO 09-25 05:23:24 [stats.py:920] | vllm_itls_ms                    | 43.041 (n=431) | 987.448 (n=18) |
[0;36m(APIServer pid=214609)[0;0m INFO 09-25 05:23:24 [stats.py:920] | vllm_tpot_ms                    |         43.041 |          0.000 |
[0;36m(APIServer pid=214609)[0;0m INFO 09-25 05:23:24 [stats.py:920] | vllm_ttft_ms                    |        663.506 |      1,474.415 |
[0;36m(APIServer pid=214609)[0;0m INFO 09-25 05:23:24 [stats.py:920] +---------------------------------+----------------+----------------+
[0;36m(APIServer pid=214609)[0;0m INFO 09-25 05:23:24 [serving_speech.py:3646] [SpeechE2E] request_id=speech-95fa5daf5c571afe stream=false status=ok total_ms=19283.53 response_bytes=1655084
[0;36m(APIServer pid=214609)[0;0m INFO:     127.0.0.1:58210 - "POST /v1/audio/speech HTTP/1.1" 200 OK
[0;36m(APIServer pid=214609)[0;0m INFO 09-25 05:23:24 [serving_speech.py:3070] TTS speech request speech-8fe370000c2b5319: model=Base
[0;36m(APIServer pid=214609)[0;0m INFO 09-25 05:23:24 [serving_speech.py:3100] Applied extra_params: {'repetition_penalty': 1.05, 'temperature': 0.9, 'top_k': 50}
[0;36m(APIServer pid=214609)[0;0m INFO 09-25 05:23:24 [stats.py:811] 
[0;36m(APIServer pid=214609)[0;0m INFO 09-25 05:23:24 [stats.py:811] [Overall Summary]
[0;36m(APIServer pid=214609)[0;0m INFO 09-25 05:23:24 [stats.py:811] +-----------------------------+------------+
[0;36m(APIServer pid=214609)[0;0m INFO 09-25 05:23:24 [stats.py:811] | Field                       |      Value |
[0;36m(APIServer pid=214609)[0;0m INFO 09-25 05:23:24 [stats.py:811] +-----------------------------+------------+
[0;36m(APIServer pid=214609)[0;0m INFO 09-25 05:23:24 [stats.py:811] | e2e_requests                |          1 |
[0;36m(APIServer pid=214609)[0;0m INFO 09-25 05:23:24 [stats.py:811] | e2e_wall_time_ms            | 19,326.051 |
[0;36m(APIServer pid=214609)[0;0m INFO 09-25 05:23:24 [stats.py:811] | e2e_total_tokens            |      1,215 |
[0;36m(APIServer pid=214609)[0;0m INFO 09-25 05:23:24 [stats.py:811] | e2e_avg_time_per_request_ms | 19,326.051 |
[0;36m(APIServer pid=214609)[0;0m INFO 09-25 05:23:24 [stats.py:811] | e2e_avg_tokens_per_s        |     62.869 |
[0;36m(APIServer pid=214609)[0;0m INFO 09-25 05:23:24 [stats.py:811] | input_preprocess_time_ms    |      0.047 |
[0;36m(APIServer pid=214609)[0;0m INFO 09-25 05:23:24 [stats.py:811] | e2e_stage_0_wall_time_ms    | 19,291.387 |
[0;36m(APIServer pid=214609)[0;0m INFO 09-25 05:23:24 [stats.py:811] | e2e_stage_1_wall_time_ms    | 19,324.229 |
[0;36m(APIServer pid=214609)[0;0m INFO 09-25 05:23:24 [stats.py:811] +-----------------------------+------------+
[0;36m(APIServer pid=214609)[0;0m INFO 09-25 05:23:24 [stats.py:837] 
[0;36m(APIServer pid=214609)[0;0m INFO 09-25 05:23:24 [stats.py:837] [RequestE2EStats [request_id=speech-8ab367c14dead552-bedb71ec]]
[0;36m(APIServer pid=214609)[0;0m INFO 09-25 05:23:24 [stats.py:837] +------------------+------------+
[0;36m(APIServer pid=214609)[0;0m INFO 09-25 05:23:24 [stats.py:837] | Field            |      Value |
[0;36m(APIServer pid=214609)[0;0m INFO 09-25 05:23:24 [stats.py:837] +------------------+------------+
[0;36m(APIServer pid=214609)[0;0m INFO 09-25 05:23:24 [stats.py:837] | e2e_total_ms     | 19,325.954 |
[0;36m(APIServer pid=214609)[0;0m INFO 09-25 05:23:24 [stats.py:837] | e2e_total_tokens |      1,215 |
[0;36m(APIServer pid=214609)[0;0m INFO 09-25 05:23:24 [stats.py:837] +------------------+------------+
[0;36m(APIServer pid=214609)[0;0m INFO 09-25 05:23:24 [stats.py:878] [OmniTiming] req=speech-8ab367c14dead552-bedb71ec total=19.33s preprocess=0.00s engine=19.33s stages=[0:19.29s,1:19.32s] transfers=[0->1=0.00ms]
[0;36m(APIServer pid=214609)[0;0m INFO 09-25 05:23:24 [stats.py:920] 
[0;36m(APIServer pid=214609)[0;0m INFO 09-25 05:23:24 [stats.py:920] [StageRequestStats [request_id=speech-8ab367c14dead552-bedb71ec]]
[0;36m(APIServer pid=214609)[0;0m INFO 09-25 05:23:24 [stats.py:920] +---------------------------------+----------------+----------------+
[0;36m(APIServer pid=214609)[0;0m INFO 09-25 05:23:24 [stats.py:920] | Field                           |              0 |              1 |
[0;36m(APIServer pid=214609)[0;0m INFO 09-25 05:23:24 [stats.py:920] +---------------------------------+----------------+----------------+
[0;36m(APIServer pid=214609)[0;0m INFO 09-25 05:23:24 [stats.py:920] | audio_duration_s                |          0.000 |         34.640 |
[0;36m(APIServer pid=214609)[0;0m INFO 09-25 05:23:24 [stats.py:920] | audio_generated_frames          |              0 |        831,360 |
[0;36m(APIServer pid=214609)[0;0m INFO 09-25 05:23:24 [stats.py:920] | audio_sample_rate               |              0 |         24,000 |
[0;36m(APIServer pid=214609)[0;0m INFO 09-25 05:23:24 [stats.py:920] | batch_id                        |          2,298 |          2,379 |
[0;36m(APIServer pid=214609)[0;0m INFO 09-25 05:23:24 [stats.py:920] | batch_size                      |              1 |              1 |
[0;36m(APIServer pid=214609)[0;0m INFO 09-25 05:23:24 [stats.py:920] | inter_output_latencies_ms       |                |                |
[0;36m(APIServer pid=214609)[0;0m INFO 09-25 05:23:24 [stats.py:920] | num_tokens_in                   |            781 |              0 |
[0;36m(APIServer pid=214609)[0;0m INFO 09-25 05:23:24 [stats.py:920] | num_tokens_out                  |            434 |              0 |
[0;36m(APIServer pid=214609)[0;0m INFO 09-25 05:23:24 [stats.py:920] | output_unit_count               |            434 |        831,360 |
[0;36m(APIServer pid=214609)[0;0m INFO 09-25 05:23:24 [stats.py:920] | output_unit_type                |         stream |          audio |
[0;36m(APIServer pid=214609)[0;0m INFO 09-25 05:23:24 [stats.py:920] | serving_time_to_first_output_ms |     19,289.789 |     19,325.036 |
[0;36m(APIServer pid=214609)[0;0m INFO 09-25 05:23:24 [stats.py:920] | stage_gen_time_ms               |     19,288.675 |     19,323.323 |
[0;36m(APIServer pid=214609)[0;0m INFO 09-25 05:23:24 [stats.py:920] | time_per_output_unit_ms         |          0.002 |          0.000 |
[0;36m(APIServer pid=214609)[0;0m INFO 09-25 05:23:24 [stats.py:920] | vllm_itl_ms                     |         43.723 |        990.230 |
[0;36m(APIServer pid=214609)[0;0m INFO 09-25 05:23:24 [stats.py:920] | vllm_itls_ms                    | 43.723 (n=433) | 990.230 (n=18) |
[0;36m(APIServer pid=214609)[0;0m INFO 09-25 05:23:24 [stats.py:920] | vllm_tpot_ms                    |         43.723 |          0.000 |
[0;36m(APIServer pid=214609)[0;0m INFO 09-25 05:23:24 [stats.py:920] | vllm_ttft_ms                    |        355.654 |      1,498.899 |
[0;36m(APIServer pid=214609)[0;0m INFO 09-25 05:23:24 [stats.py:920] +---------------------------------+----------------+----------------+
[0;36m(APIServer pid=214609)[0;0m INFO 09-25 05:23:24 [serving_speech.py:3646] [SpeechE2E] request_id=speech-8ab367c14dead552 stream=false status=ok total_ms=19367.31 response_bytes=1662764
[0;36m(APIServer pid=214609)[0;0m INFO:     127.0.0.1:58110 - "POST /v1/audio/speech HTTP/1.1" 200 OK
[0;36m(APIServer pid=214609)[0;0m INFO 09-25 05:23:24 [serving_speech.py:3070] TTS speech request speech-beeab2da5455d5af: model=Base
[0;36m(APIServer pid=214609)[0;0m INFO 09-25 05:23:24 [serving_speech.py:3100] Applied extra_params: {'repetition_penalty': 1.05, 'temperature': 0.9, 'top_k': 50}
[0;36m(APIServer pid=214609)[0;0m INFO 09-25 05:23:25 [stats.py:811] 
[0;36m(APIServer pid=214609)[0;0m INFO 09-25 05:23:25 [stats.py:811] [Overall Summary]
[0;36m(APIServer pid=214609)[0;0m INFO 09-25 05:23:25 [stats.py:811] +-----------------------------+------------+
[0;36m(APIServer pid=214609)[0;0m INFO 09-25 05:23:25 [stats.py:811] | Field                       |      Value |
[0;36m(APIServer pid=214609)[0;0m INFO 09-25 05:23:25 [stats.py:811] +-----------------------------+------------+
[0;36m(APIServer pid=214609)[0;0m INFO 09-25 05:23:25 [stats.py:811] | e2e_requests                |          1 |
[0;36m(APIServer pid=214609)[0;0m INFO 09-25 05:23:25 [stats.py:811] | e2e_wall_time_ms            | 19,994.126 |
[0;36m(APIServer pid=214609)[0;0m INFO 09-25 05:23:25 [stats.py:811] | e2e_total_tokens            |      1,224 |
[0;36m(APIServer pid=214609)[0;0m INFO 09-25 05:23:25 [stats.py:811] | e2e_avg_time_per_request_ms | 19,994.126 |
[0;36m(APIServer pid=214609)[0;0m INFO 09-25 05:23:25 [stats.py:811] | e2e_avg_tokens_per_s        |     61.218 |
[0;36m(APIServer pid=214609)[0;0m INFO 09-25 05:23:25 [stats.py:811] | input_preprocess_time_ms    |      0.036 |
[0;36m(APIServer pid=214609)[0;0m INFO 09-25 05:23:25 [stats.py:811] | e2e_stage_0_wall_time_ms    | 19,953.883 |
[0;36m(APIServer pid=214609)[0;0m INFO 09-25 05:23:25 [stats.py:811] | e2e_stage_1_wall_time_ms    | 19,992.532 |
[0;36m(APIServer pid=214609)[0;0m INFO 09-25 05:23:25 [stats.py:811] +-----------------------------+------------+
[0;36m(APIServer pid=214609)[0;0m INFO 09-25 05:23:25 [stats.py:837] 
[0;36m(APIServer pid=214609)[0;0m INFO 09-25 05:23:25 [stats.py:837] [RequestE2EStats [request_id=speech-9d8eebe82088608b-839f790b]]
[0;36m(APIServer pid=214609)[0;0m INFO 09-25 05:23:25 [stats.py:837] +------------------+------------+
[0;36m(APIServer pid=214609)[0;0m INFO 09-25 05:23:25 [stats.py:837] | Field            |      Value |
[0;36m(APIServer pid=214609)[0;0m INFO 09-25 05:23:25 [stats.py:837] +------------------+------------+
[0;36m(APIServer pid=214609)[0;0m INFO 09-25 05:23:25 [stats.py:837] | e2e_total_ms     | 19,994.048 |
[0;36m(APIServer pid=214609)[0;0m INFO 09-25 05:23:25 [stats.py:837] | e2e_total_tokens |      1,224 |
[0;36m(APIServer pid=214609)[0;0m INFO 09-25 05:23:25 [stats.py:837] +------------------+------------+
[0;36m(APIServer pid=214609)[0;0m INFO 09-25 05:23:25 [stats.py:878] [OmniTiming] req=speech-9d8eebe82088608b-839f790b total=19.99s preprocess=0.00s engine=19.99s stages=[0:19.95s,1:19.99s] transfers=[0->1=0.00ms]
[0;36m(APIServer pid=214609)[0;0m INFO 09-25 05:23:25 [stats.py:920] 
[0;36m(APIServer pid=214609)[0;0m INFO 09-25 05:23:25 [stats.py:920] [StageRequestStats [request_id=speech-9d8eebe82088608b-839f790b]]
[0;36m(APIServer pid=214609)[0;0m INFO 09-25 05:23:25 [stats.py:920] +---------------------------------+----------------+------------------+
[0;36m(APIServer pid=214609)[0;0m INFO 09-25 05:23:25 [stats.py:920] | Field                           |              0 |                1 |
[0;36m(APIServer pid=214609)[0;0m INFO 09-25 05:23:25 [stats.py:920] +---------------------------------+----------------+------------------+
[0;36m(APIServer pid=214609)[0;0m INFO 09-25 05:23:25 [stats.py:920] | audio_duration_s                |          0.000 |           35.520 |
[0;36m(APIServer pid=214609)[0;0m INFO 09-25 05:23:25 [stats.py:920] | audio_generated_frames          |              0 |          852,480 |
[0;36m(APIServer pid=214609)[0;0m INFO 09-25 05:23:25 [stats.py:920] | audio_sample_rate               |              0 |           24,000 |
[0;36m(APIServer pid=214609)[0;0m INFO 09-25 05:23:25 [stats.py:920] | batch_id                        |          2,299 |            2,380 |
[0;36m(APIServer pid=214609)[0;0m INFO 09-25 05:23:25 [stats.py:920] | batch_size                      |              1 |                1 |
[0;36m(APIServer pid=214609)[0;0m INFO 09-25 05:23:25 [stats.py:920] | inter_output_latencies_ms       |                |                  |
[0;36m(APIServer pid=214609)[0;0m INFO 09-25 05:23:25 [stats.py:920] | num_tokens_in                   |            779 |                0 |
[0;36m(APIServer pid=214609)[0;0m INFO 09-25 05:23:25 [stats.py:920] | num_tokens_out                  |            445 |                0 |
[0;36m(APIServer pid=214609)[0;0m INFO 09-25 05:23:25 [stats.py:920] | output_unit_count               |            445 |          852,480 |
[0;36m(APIServer pid=214609)[0;0m INFO 09-25 05:23:25 [stats.py:920] | output_unit_type                |         stream |            audio |
[0;36m(APIServer pid=214609)[0;0m INFO 09-25 05:23:25 [stats.py:920] | serving_time_to_first_output_ms |     19,953.390 |       19,993.052 |
[0;36m(APIServer pid=214609)[0;0m INFO 09-25 05:23:25 [stats.py:920] | stage_gen_time_ms               |     19,953.347 |       19,991.539 |
[0;36m(APIServer pid=214609)[0;0m INFO 09-25 05:23:25 [stats.py:920] | time_per_output_unit_ms         |          0.000 |            0.000 |
[0;36m(APIServer pid=214609)[0;0m INFO 09-25 05:23:25 [stats.py:920] | vllm_itl_ms                     |         43.437 |        1,028.575 |
[0;36m(APIServer pid=214609)[0;0m INFO 09-25 05:23:25 [stats.py:920] | vllm_itls_ms                    | 43.437 (n=444) | 1,028.575 (n=18) |
[0;36m(APIServer pid=214609)[0;0m INFO 09-25 05:23:25 [stats.py:920] | vllm_tpot_ms                    |         43.437 |            0.000 |
[0;36m(APIServer pid=214609)[0;0m INFO 09-25 05:23:25 [stats.py:920] | vllm_ttft_ms                    |        668.253 |        1,477.735 |
[0;36m(APIServer pid=214609)[0;0m INFO 09-25 05:23:25 [stats.py:920] +---------------------------------+----------------+------------------+
[0;36m(APIServer pid=214609)[0;0m INFO 09-25 05:23:25 [serving_speech.py:3646] [SpeechE2E] request_id=speech-9d8eebe82088608b stream=false status=ok total_ms=20040.17 response_bytes=1705004
[0;36m(APIServer pid=214609)[0;0m INFO:     127.0.0.1:58188 - "POST /v1/audio/speech HTTP/1.1" 200 OK
[0;36m(APIServer pid=214609)[0;0m INFO 09-25 05:23:25 [serving_speech.py:3070] TTS speech request speech-8cc208f6779459ba: model=Base
[0;36m(APIServer pid=214609)[0;0m INFO 09-25 05:23:25 [serving_speech.py:3100] Applied extra_params: {'repetition_penalty': 1.05, 'temperature': 0.9, 'top_k': 50}
[0;36m(APIServer pid=214609)[0;0m INFO 09-25 05:23:25 [stats.py:811] 
[0;36m(APIServer pid=214609)[0;0m INFO 09-25 05:23:25 [stats.py:811] [Overall Summary]
[0;36m(APIServer pid=214609)[0;0m INFO 09-25 05:23:25 [stats.py:811] +-----------------------------+------------+
[0;36m(APIServer pid=214609)[0;0m INFO 09-25 05:23:25 [stats.py:811] | Field                       |      Value |
[0;36m(APIServer pid=214609)[0;0m INFO 09-25 05:23:25 [stats.py:811] +-----------------------------+------------+
[0;36m(APIServer pid=214609)[0;0m INFO 09-25 05:23:25 [stats.py:811] | e2e_requests                |          1 |
[0;36m(APIServer pid=214609)[0;0m INFO 09-25 05:23:25 [stats.py:811] | e2e_wall_time_ms            | 20,119.918 |
[0;36m(APIServer pid=214609)[0;0m INFO 09-25 05:23:25 [stats.py:811] | e2e_total_tokens            |      1,229 |
[0;36m(APIServer pid=214609)[0;0m INFO 09-25 05:23:25 [stats.py:811] | e2e_avg_time_per_request_ms | 20,119.918 |
[0;36m(APIServer pid=214609)[0;0m INFO 09-25 05:23:25 [stats.py:811] | e2e_avg_tokens_per_s        |     61.084 |
[0;36m(APIServer pid=214609)[0;0m INFO 09-25 05:23:25 [stats.py:811] | input_preprocess_time_ms    |      0.051 |
[0;36m(APIServer pid=214609)[0;0m INFO 09-25 05:23:25 [stats.py:811] | e2e_stage_0_wall_time_ms    | 20,057.348 |
[0;36m(APIServer pid=214609)[0;0m INFO 09-25 05:23:25 [stats.py:811] | e2e_stage_1_wall_time_ms    | 20,117.778 |
[0;36m(APIServer pid=214609)[0;0m INFO 09-25 05:23:25 [stats.py:811] +-----------------------------+------------+
[0;36m(APIServer pid=214609)[0;0m INFO 09-25 05:23:25 [stats.py:837] 
[0;36m(APIServer pid=214609)[0;0m INFO 09-25 05:23:25 [stats.py:837] [RequestE2EStats [request_id=speech-a006b39d01d7a4ec-b62b064e]]
[0;36m(APIServer pid=214609)[0;0m INFO 09-25 05:23:25 [stats.py:837] +------------------+------------+
[0;36m(APIServer pid=214609)[0;0m INFO 09-25 05:23:25 [stats.py:837] | Field            |      Value |
[0;36m(APIServer pid=214609)[0;0m INFO 09-25 05:23:25 [stats.py:837] +------------------+------------+
[0;36m(APIServer pid=214609)[0;0m INFO 09-25 05:23:25 [stats.py:837] | e2e_total_ms     | 20,119.809 |
[0;36m(APIServer pid=214609)[0;0m INFO 09-25 05:23:25 [stats.py:837] | e2e_total_tokens |      1,229 |
[0;36m(APIServer pid=214609)[0;0m INFO 09-25 05:23:25 [stats.py:837] +------------------+------------+
[0;36m(APIServer pid=214609)[0;0m INFO 09-25 05:23:25 [stats.py:878] [OmniTiming] req=speech-a006b39d01d7a4ec-b62b064e total=20.12s preprocess=0.00s engine=20.12s stages=[0:20.06s,1:20.12s] transfers=[0->1=0.00ms]
[0;36m(APIServer pid=214609)[0;0m INFO 09-25 05:23:25 [stats.py:920] 
[0;36m(APIServer pid=214609)[0;0m INFO 09-25 05:23:25 [stats.py:920] [StageRequestStats [request_id=speech-a006b39d01d7a4ec-b62b064e]]
[0;36m(APIServer pid=214609)[0;0m INFO 09-25 05:23:25 [stats.py:920] +---------------------------------+----------------+------------------+
[0;36m(APIServer pid=214609)[0;0m INFO 09-25 05:23:25 [stats.py:920] | Field                           |              0 |                1 |
[0;36m(APIServer pid=214609)[0;0m INFO 09-25 05:23:25 [stats.py:920] +---------------------------------+----------------+------------------+
[0;36m(APIServer pid=214609)[0;0m INFO 09-25 05:23:25 [stats.py:920] | audio_duration_s                |          0.000 |           35.760 |
[0;36m(APIServer pid=214609)[0;0m INFO 09-25 05:23:25 [stats.py:920] | audio_generated_frames          |              0 |          858,240 |
[0;36m(APIServer pid=214609)[0;0m INFO 09-25 05:23:25 [stats.py:920] | audio_sample_rate               |              0 |           24,000 |
[0;36m(APIServer pid=214609)[0;0m INFO 09-25 05:23:25 [stats.py:920] | batch_id                        |          2,300 |            2,381 |
[0;36m(APIServer pid=214609)[0;0m INFO 09-25 05:23:25 [stats.py:920] | batch_size                      |              1 |                1 |
[0;36m(APIServer pid=214609)[0;0m INFO 09-25 05:23:25 [stats.py:920] | inter_output_latencies_ms       |                |                  |
[0;36m(APIServer pid=214609)[0;0m INFO 09-25 05:23:25 [stats.py:920] | num_tokens_in                   |            781 |                0 |
[0;36m(APIServer pid=214609)[0;0m INFO 09-25 05:23:25 [stats.py:920] | num_tokens_out                  |            448 |                0 |
[0;36m(APIServer pid=214609)[0;0m INFO 09-25 05:23:25 [stats.py:920] | output_unit_count               |            448 |          858,240 |
[0;36m(APIServer pid=214609)[0;0m INFO 09-25 05:23:25 [stats.py:920] | output_unit_type                |         stream |            audio |
[0;36m(APIServer pid=214609)[0;0m INFO 09-25 05:23:25 [stats.py:920] | serving_time_to_first_output_ms |     20,057.264 |       20,119.596 |
[0;36m(APIServer pid=214609)[0;0m INFO 09-25 05:23:25 [stats.py:920] | stage_gen_time_ms               |     20,056.737 |       20,117.577 |
[0;36m(APIServer pid=214609)[0;0m INFO 09-25 05:23:25 [stats.py:920] | time_per_output_unit_ms         |          0.000 |            0.000 |
[0;36m(APIServer pid=214609)[0;0m INFO 09-25 05:23:25 [stats.py:920] | vllm_itl_ms                     |         44.068 |        1,034.169 |
[0;36m(APIServer pid=214609)[0;0m INFO 09-25 05:23:25 [stats.py:920] | vllm_itls_ms                    | 44.068 (n=447) | 1,034.169 (n=18) |
[0;36m(APIServer pid=214609)[0;0m INFO 09-25 05:23:25 [stats.py:920] | vllm_tpot_ms                    |         44.068 |            0.000 |
[0;36m(APIServer pid=214609)[0;0m INFO 09-25 05:23:25 [stats.py:920] | vllm_ttft_ms                    |        358.947 |        1,501.857 |
[0;36m(APIServer pid=214609)[0;0m INFO 09-25 05:23:25 [stats.py:920] +---------------------------------+----------------+------------------+
[0;36m(APIServer pid=214609)[0;0m INFO 09-25 05:23:25 [serving_speech.py:3646] [SpeechE2E] request_id=speech-a006b39d01d7a4ec stream=false status=ok total_ms=20160.18 response_bytes=1716524
[0;36m(APIServer pid=214609)[0;0m INFO:     127.0.0.1:58104 - "POST /v1/audio/speech HTTP/1.1" 200 OK
[0;36m(APIServer pid=214609)[0;0m INFO 09-25 05:23:25 [stats.py:811] 
[0;36m(APIServer pid=214609)[0;0m INFO 09-25 05:23:25 [stats.py:811] [Overall Summary]
[0;36m(APIServer pid=214609)[0;0m INFO 09-25 05:23:25 [stats.py:811] +-----------------------------+------------+
[0;36m(APIServer pid=214609)[0;0m INFO 09-25 05:23:25 [stats.py:811] | Field                       |      Value |
[0;36m(APIServer pid=214609)[0;0m INFO 09-25 05:23:25 [stats.py:811] +-----------------------------+------------+
[0;36m(APIServer pid=214609)[0;0m INFO 09-25 05:23:25 [stats.py:811] | e2e_requests                |          1 |
[0;36m(APIServer pid=214609)[0;0m INFO 09-25 05:23:25 [stats.py:811] | e2e_wall_time_ms            | 20,099.100 |
[0;36m(APIServer pid=214609)[0;0m INFO 09-25 05:23:25 [stats.py:811] | e2e_total_tokens            |      1,243 |
[0;36m(APIServer pid=214609)[0;0m INFO 09-25 05:23:25 [stats.py:811] | e2e_avg_time_per_request_ms | 20,099.100 |
[0;36m(APIServer pid=214609)[0;0m INFO 09-25 05:23:25 [stats.py:811] | e2e_avg_tokens_per_s        |     61.844 |
[0;36m(APIServer pid=214609)[0;0m INFO 09-25 05:23:25 [stats.py:811] | input_preprocess_time_ms    |      0.038 |
[0;36m(APIServer pid=214609)[0;0m INFO 09-25 05:23:25 [stats.py:811] | e2e_stage_0_wall_time_ms    | 20,029.064 |
[0;36m(APIServer pid=214609)[0;0m INFO 09-25 05:23:25 [stats.py:811] | e2e_stage_1_wall_time_ms    | 20,097.517 |
[0;36m(APIServer pid=214609)[0;0m INFO 09-25 05:23:25 [stats.py:811] +-----------------------------+------------+
[0;36m(APIServer pid=214609)[0;0m INFO 09-25 05:23:25 [stats.py:837] 
[0;36m(APIServer pid=214609)[0;0m INFO 09-25 05:23:25 [stats.py:837] [RequestE2EStats [request_id=speech-9370c9a698c4730b-94edeb12]]
[0;36m(APIServer pid=214609)[0;0m INFO 09-25 05:23:25 [stats.py:837] +------------------+------------+
[0;36m(APIServer pid=214609)[0;0m INFO 09-25 05:23:25 [stats.py:837] | Field            |      Value |
[0;36m(APIServer pid=214609)[0;0m INFO 09-25 05:23:25 [stats.py:837] +------------------+------------+
[0;36m(APIServer pid=214609)[0;0m INFO 09-25 05:23:25 [stats.py:837] | e2e_total_ms     | 20,099.018 |
[0;36m(APIServer pid=214609)[0;0m INFO 09-25 05:23:25 [stats.py:837] | e2e_total_tokens |      1,243 |
[0;36m(APIServer pid=214609)[0;0m INFO 09-25 05:23:25 [stats.py:837] +------------------+------------+
[0;36m(APIServer pid=214609)[0;0m INFO 09-25 05:23:25 [stats.py:878] [OmniTiming] req=speech-9370c9a698c4730b-94edeb12 total=20.10s preprocess=0.00s engine=20.10s stages=[0:20.03s,1:20.09s] transfers=[0->1=0.00ms]
[0;36m(APIServer pid=214609)[0;0m INFO 09-25 05:23:25 [stats.py:920] 
[0;36m(APIServer pid=214609)[0;0m INFO 09-25 05:23:25 [stats.py:920] [StageRequestStats [request_id=speech-9370c9a698c4730b-94edeb12]]
[0;36m(APIServer pid=214609)[0;0m INFO 09-25 05:23:25 [stats.py:920] +---------------------------------+----------------+------------------+
[0;36m(APIServer pid=214609)[0;0m INFO 09-25 05:23:25 [stats.py:920] | Field                           |              0 |                1 |
[0;36m(APIServer pid=214609)[0;0m INFO 09-25 05:23:25 [stats.py:920] +---------------------------------+----------------+------------------+
[0;36m(APIServer pid=214609)[0;0m INFO 09-25 05:23:25 [stats.py:920] | audio_duration_s                |          0.000 |           35.680 |
[0;36m(APIServer pid=214609)[0;0m INFO 09-25 05:23:25 [stats.py:920] | audio_generated_frames          |              0 |          856,320 |
[0;36m(APIServer pid=214609)[0;0m INFO 09-25 05:23:25 [stats.py:920] | audio_sample_rate               |              0 |           24,000 |
[0;36m(APIServer pid=214609)[0;0m INFO 09-25 05:23:25 [stats.py:920] | batch_id                        |          2,301 |            2,382 |
[0;36m(APIServer pid=214609)[0;0m INFO 09-25 05:23:25 [stats.py:920] | batch_size                      |              1 |                1 |
[0;36m(APIServer pid=214609)[0;0m INFO 09-25 05:23:25 [stats.py:920] | inter_output_latencies_ms       |                |                  |
[0;36m(APIServer pid=214609)[0;0m INFO 09-25 05:23:25 [stats.py:920] | num_tokens_in                   |            796 |                0 |
[0;36m(APIServer pid=214609)[0;0m INFO 09-25 05:23:25 [stats.py:920] | num_tokens_out                  |            447 |                0 |
[0;36m(APIServer pid=214609)[0;0m INFO 09-25 05:23:25 [stats.py:920] | output_unit_count               |            447 |          856,320 |
[0;36m(APIServer pid=214609)[0;0m INFO 09-25 05:23:25 [stats.py:920] | output_unit_type                |         stream |            audio |
[0;36m(APIServer pid=214609)[0;0m INFO 09-25 05:23:25 [stats.py:920] | serving_time_to_first_output_ms |     20,028.911 |       20,093.486 |
[0;36m(APIServer pid=214609)[0;0m INFO 09-25 05:23:25 [stats.py:920] | stage_gen_time_ms               |     20,027.492 |       20,091.994 |
[0;36m(APIServer pid=214609)[0;0m INFO 09-25 05:23:25 [stats.py:920] | time_per_output_unit_ms         |          0.000 |            0.000 |
[0;36m(APIServer pid=214609)[0;0m INFO 09-25 05:23:25 [stats.py:920] | vllm_itl_ms                     |         43.419 |        1,034.163 |
[0;36m(APIServer pid=214609)[0;0m INFO 09-25 05:23:25 [stats.py:920] | vllm_itls_ms                    | 43.419 (n=446) | 1,034.163 (n=18) |
[0;36m(APIServer pid=214609)[0;0m INFO 09-25 05:23:25 [stats.py:920] | vllm_tpot_ms                    |         43.419 |            0.000 |
[0;36m(APIServer pid=214609)[0;0m INFO 09-25 05:23:25 [stats.py:920] | vllm_ttft_ms                    |        665.845 |        1,475.337 |
[0;36m(APIServer pid=214609)[0;0m INFO 09-25 05:23:25 [stats.py:920] +---------------------------------+----------------+------------------+
[0;36m(APIServer pid=214609)[0;0m INFO 09-25 05:23:25 [serving_speech.py:3646] [SpeechE2E] request_id=speech-9370c9a698c4730b stream=false status=ok total_ms=20136.44 response_bytes=1712684
[0;36m(APIServer pid=214609)[0;0m INFO:     127.0.0.1:58200 - "POST /v1/audio/speech HTTP/1.1" 200 OK
[0;36m(APIServer pid=214609)[0;0m INFO 09-25 05:23:25 [serving_speech.py:3070] TTS speech request speech-a0675d490454b498: model=Base
[0;36m(APIServer pid=214609)[0;0m INFO 09-25 05:23:25 [serving_speech.py:3100] Applied extra_params: {'repetition_penalty': 1.05, 'temperature': 0.9, 'top_k': 50}
[0;36m(APIServer pid=214609)[0;0m INFO 09-25 05:23:25 [serving_speech.py:3070] TTS speech request speech-aff0c75a202eba5a: model=Base
[0;36m(APIServer pid=214609)[0;0m INFO 09-25 05:23:25 [serving_speech.py:3100] Applied extra_params: {'repetition_penalty': 1.05, 'temperature': 0.9, 'top_k': 50}
[0;36m(APIServer pid=214609)[0;0m INFO 09-25 05:23:25 [stats.py:811] 
[0;36m(APIServer pid=214609)[0;0m INFO 09-25 05:23:25 [stats.py:811] [Overall Summary]
[0;36m(APIServer pid=214609)[0;0m INFO 09-25 05:23:25 [stats.py:811] +-----------------------------+------------+
[0;36m(APIServer pid=214609)[0;0m INFO 09-25 05:23:25 [stats.py:811] | Field                       |      Value |
[0;36m(APIServer pid=214609)[0;0m INFO 09-25 05:23:25 [stats.py:811] +-----------------------------+------------+
[0;36m(APIServer pid=214609)[0;0m INFO 09-25 05:23:25 [stats.py:811] | e2e_requests                |          1 |
[0;36m(APIServer pid=214609)[0;0m INFO 09-25 05:23:25 [stats.py:811] | e2e_wall_time_ms            | 20,735.641 |
[0;36m(APIServer pid=214609)[0;0m INFO 09-25 05:23:25 [stats.py:811] | e2e_total_tokens            |      1,259 |
[0;36m(APIServer pid=214609)[0;0m INFO 09-25 05:23:25 [stats.py:811] | e2e_avg_time_per_request_ms | 20,735.641 |
[0;36m(APIServer pid=214609)[0;0m INFO 09-25 05:23:25 [stats.py:811] | e2e_avg_tokens_per_s        |     60.717 |
[0;36m(APIServer pid=214609)[0;0m INFO 09-25 05:23:25 [stats.py:811] | input_preprocess_time_ms    |      0.060 |
[0;36m(APIServer pid=214609)[0;0m INFO 09-25 05:23:25 [stats.py:811] | e2e_stage_0_wall_time_ms    | 20,678.497 |
[0;36m(APIServer pid=214609)[0;0m INFO 09-25 05:23:25 [stats.py:811] | e2e_stage_1_wall_time_ms    | 20,735.085 |
[0;36m(APIServer pid=214609)[0;0m INFO 09-25 05:23:25 [stats.py:811] +-----------------------------+------------+
[0;36m(APIServer pid=214609)[0;0m INFO 09-25 05:23:25 [stats.py:837] 
[0;36m(APIServer pid=214609)[0;0m INFO 09-25 05:23:25 [stats.py:837] [RequestE2EStats [request_id=speech-9463a2bf2ea26aca-9f316e41]]
[0;36m(APIServer pid=214609)[0;0m INFO 09-25 05:23:25 [stats.py:837] +------------------+------------+
[0;36m(APIServer pid=214609)[0;0m INFO 09-25 05:23:25 [stats.py:837] | Field            |      Value |
[0;36m(APIServer pid=214609)[0;0m INFO 09-25 05:23:25 [stats.py:837] +------------------+------------+
[0;36m(APIServer pid=214609)[0;0m INFO 09-25 05:23:25 [stats.py:837] | e2e_total_ms     | 20,735.517 |
[0;36m(APIServer pid=214609)[0;0m INFO 09-25 05:23:25 [stats.py:837] | e2e_total_tokens |      1,259 |
[0;36m(APIServer pid=214609)[0;0m INFO 09-25 05:23:25 [stats.py:837] +------------------+------------+
[0;36m(APIServer pid=214609)[0;0m INFO 09-25 05:23:25 [stats.py:878] [OmniTiming] req=speech-9463a2bf2ea26aca-9f316e41 total=20.74s preprocess=0.00s engine=20.74s stages=[0:20.68s,1:20.73s] transfers=[0->1=0.00ms]
[0;36m(APIServer pid=214609)[0;0m INFO 09-25 05:23:25 [stats.py:920] 
[0;36m(APIServer pid=214609)[0;0m INFO 09-25 05:23:25 [stats.py:920] [StageRequestStats [request_id=speech-9463a2bf2ea26aca-9f316e41]]
[0;36m(APIServer pid=214609)[0;0m INFO 09-25 05:23:25 [stats.py:920] +---------------------------------+----------------+------------------+
[0;36m(APIServer pid=214609)[0;0m INFO 09-25 05:23:25 [stats.py:920] | Field                           |              0 |                1 |
[0;36m(APIServer pid=214609)[0;0m INFO 09-25 05:23:25 [stats.py:920] +---------------------------------+----------------+------------------+
[0;36m(APIServer pid=214609)[0;0m INFO 09-25 05:23:25 [stats.py:920] | audio_duration_s                |          0.000 |           36.480 |
[0;36m(APIServer pid=214609)[0;0m INFO 09-25 05:23:25 [stats.py:920] | audio_generated_frames          |              0 |          875,520 |
[0;36m(APIServer pid=214609)[0;0m INFO 09-25 05:23:25 [stats.py:920] | audio_sample_rate               |              0 |           24,000 |
[0;36m(APIServer pid=214609)[0;0m INFO 09-25 05:23:25 [stats.py:920] | batch_id                        |          2,302 |            2,383 |
[0;36m(APIServer pid=214609)[0;0m INFO 09-25 05:23:25 [stats.py:920] | batch_size                      |              1 |                1 |
[0;36m(APIServer pid=214609)[0;0m INFO 09-25 05:23:25 [stats.py:920] | inter_output_latencies_ms       |                |                  |
[0;36m(APIServer pid=214609)[0;0m INFO 09-25 05:23:25 [stats.py:920] | num_tokens_in                   |            802 |                0 |
[0;36m(APIServer pid=214609)[0;0m INFO 09-25 05:23:25 [stats.py:920] | num_tokens_out                  |            457 |                0 |
[0;36m(APIServer pid=214609)[0;0m INFO 09-25 05:23:25 [stats.py:920] | output_unit_count               |            457 |          875,520 |
[0;36m(APIServer pid=214609)[0;0m INFO 09-25 05:23:25 [stats.py:920] | output_unit_type                |         stream |            audio |
[0;36m(APIServer pid=214609)[0;0m INFO 09-25 05:23:25 [stats.py:920] | serving_time_to_first_output_ms |     20,678.323 |       20,734.455 |
[0;36m(APIServer pid=214609)[0;0m INFO 09-25 05:23:25 [stats.py:920] | stage_gen_time_ms               |     20,677.943 |       20,734.017 |
[0;36m(APIServer pid=214609)[0;0m INFO 09-25 05:23:25 [stats.py:920] | time_per_output_unit_ms         |          0.000 |            0.000 |
[0;36m(APIServer pid=214609)[0;0m INFO 09-25 05:23:25 [stats.py:920] | vllm_itl_ms                     |         45.072 |        1,066.527 |
[0;36m(APIServer pid=214609)[0;0m INFO 09-25 05:23:25 [stats.py:920] | vllm_itls_ms                    | 45.072 (n=456) | 1,066.527 (n=19) |
[0;36m(APIServer pid=214609)[0;0m INFO 09-25 05:23:25 [stats.py:920] | vllm_tpot_ms                    |         45.072 |            0.000 |
[0;36m(APIServer pid=214609)[0;0m INFO 09-25 05:23:25 [stats.py:920] | vllm_ttft_ms                    |        125.618 |          467.606 |
[0;36m(APIServer pid=214609)[0;0m INFO 09-25 05:23:25 [stats.py:920] +---------------------------------+----------------+------------------+
[0;36m(APIServer pid=214609)[0;0m INFO 09-25 05:23:25 [serving_speech.py:3646] [SpeechE2E] request_id=speech-9463a2bf2ea26aca stream=false status=ok total_ms=20753.04 response_bytes=1751084
[0;36m(APIServer pid=214609)[0;0m INFO:     127.0.0.1:58098 - "POST /v1/audio/speech HTTP/1.1" 200 OK
[0;36m(APIServer pid=214609)[0;0m INFO 09-25 05:23:25 [serving_speech.py:3070] TTS speech request speech-b8039cb8e072eca6: model=Base
[0;36m(APIServer pid=214609)[0;0m INFO 09-25 05:23:25 [serving_speech.py:3100] Applied extra_params: {'repetition_penalty': 1.05, 'temperature': 0.9, 'top_k': 50}
[0;36m(APIServer pid=214609)[0;0m INFO 09-25 05:23:26 [stats.py:811] 
[0;36m(APIServer pid=214609)[0;0m INFO 09-25 05:23:26 [stats.py:811] [Overall Summary]
[0;36m(APIServer pid=214609)[0;0m INFO 09-25 05:23:26 [stats.py:811] +-----------------------------+------------+
[0;36m(APIServer pid=214609)[0;0m INFO 09-25 05:23:26 [stats.py:811] | Field                       |      Value |
[0;36m(APIServer pid=214609)[0;0m INFO 09-25 05:23:26 [stats.py:811] +-----------------------------+------------+
[0;36m(APIServer pid=214609)[0;0m INFO 09-25 05:23:26 [stats.py:811] | e2e_requests                |          1 |
[0;36m(APIServer pid=214609)[0;0m INFO 09-25 05:23:26 [stats.py:811] | e2e_wall_time_ms            | 21,089.769 |
[0;36m(APIServer pid=214609)[0;0m INFO 09-25 05:23:26 [stats.py:811] | e2e_total_tokens            |      1,270 |
[0;36m(APIServer pid=214609)[0;0m INFO 09-25 05:23:26 [stats.py:811] | e2e_avg_time_per_request_ms | 21,089.769 |
[0;36m(APIServer pid=214609)[0;0m INFO 09-25 05:23:26 [stats.py:811] | e2e_avg_tokens_per_s        |     60.219 |
[0;36m(APIServer pid=214609)[0;0m INFO 09-25 05:23:26 [stats.py:811] | input_preprocess_time_ms    |      0.043 |
[0;36m(APIServer pid=214609)[0;0m INFO 09-25 05:23:26 [stats.py:811] | e2e_stage_0_wall_time_ms    | 20,966.502 |
[0;36m(APIServer pid=214609)[0;0m INFO 09-25 05:23:26 [stats.py:811] | e2e_stage_1_wall_time_ms    | 21,089.561 |
[0;36m(APIServer pid=214609)[0;0m INFO 09-25 05:23:26 [stats.py:811] +-----------------------------+------------+
[0;36m(APIServer pid=214609)[0;0m INFO 09-25 05:23:26 [stats.py:837] 
[0;36m(APIServer pid=214609)[0;0m INFO 09-25 05:23:26 [stats.py:837] [RequestE2EStats [request_id=speech-b362aa9dbcf87720-8689ad85]]
[0;36m(APIServer pid=214609)[0;0m INFO 09-25 05:23:26 [stats.py:837] +------------------+------------+
[0;36m(APIServer pid=214609)[0;0m INFO 09-25 05:23:26 [stats.py:837] | Field            |      Value |
[0;36m(APIServer pid=214609)[0;0m INFO 09-25 05:23:26 [stats.py:837] +------------------+------------+
[0;36m(APIServer pid=214609)[0;0m INFO 09-25 05:23:26 [stats.py:837] | e2e_total_ms     | 21,089.674 |
[0;36m(APIServer pid=214609)[0;0m INFO 09-25 05:23:26 [stats.py:837] | e2e_total_tokens |      1,270 |
[0;36m(APIServer pid=214609)[0;0m INFO 09-25 05:23:26 [stats.py:837] +------------------+------------+
[0;36m(APIServer pid=214609)[0;0m INFO 09-25 05:23:26 [stats.py:878] [OmniTiming] req=speech-b362aa9dbcf87720-8689ad85 total=21.09s preprocess=0.00s engine=21.09s stages=[0:20.97s,1:21.09s] transfers=[0->1=0.00ms]
[0;36m(APIServer pid=214609)[0;0m INFO 09-25 05:23:26 [stats.py:920] 
[0;36m(APIServer pid=214609)[0;0m INFO 09-25 05:23:26 [stats.py:920] [StageRequestStats [request_id=speech-b362aa9dbcf87720-8689ad85]]
[0;36m(APIServer pid=214609)[0;0m INFO 09-25 05:23:26 [stats.py:920] +---------------------------------+----------------+------------------+
[0;36m(APIServer pid=214609)[0;0m INFO 09-25 05:23:26 [stats.py:920] | Field                           |              0 |                1 |
[0;36m(APIServer pid=214609)[0;0m INFO 09-25 05:23:26 [stats.py:920] +---------------------------------+----------------+------------------+
[0;36m(APIServer pid=214609)[0;0m INFO 09-25 05:23:26 [stats.py:920] | audio_duration_s                |          0.000 |           36.960 |
[0;36m(APIServer pid=214609)[0;0m INFO 09-25 05:23:26 [stats.py:920] | audio_generated_frames          |              0 |          887,040 |
[0;36m(APIServer pid=214609)[0;0m INFO 09-25 05:23:26 [stats.py:920] | audio_sample_rate               |              0 |           24,000 |
[0;36m(APIServer pid=214609)[0;0m INFO 09-25 05:23:26 [stats.py:920] | batch_id                        |          2,303 |            2,384 |
[0;36m(APIServer pid=214609)[0;0m INFO 09-25 05:23:26 [stats.py:920] | batch_size                      |              1 |                1 |
[0;36m(APIServer pid=214609)[0;0m INFO 09-25 05:23:26 [stats.py:920] | inter_output_latencies_ms       |                |                  |
[0;36m(APIServer pid=214609)[0;0m INFO 09-25 05:23:26 [stats.py:920] | num_tokens_in                   |            807 |                0 |
[0;36m(APIServer pid=214609)[0;0m INFO 09-25 05:23:26 [stats.py:920] | num_tokens_out                  |            463 |                0 |
[0;36m(APIServer pid=214609)[0;0m INFO 09-25 05:23:26 [stats.py:920] | output_unit_count               |            463 |          887,040 |
[0;36m(APIServer pid=214609)[0;0m INFO 09-25 05:23:26 [stats.py:920] | output_unit_type                |         stream |            audio |
[0;36m(APIServer pid=214609)[0;0m INFO 09-25 05:23:26 [stats.py:920] | serving_time_to_first_output_ms |     20,966.466 |       21,088.972 |
[0;36m(APIServer pid=214609)[0;0m INFO 09-25 05:23:26 [stats.py:920] | stage_gen_time_ms               |     20,966.364 |       21,088.837 |
[0;36m(APIServer pid=214609)[0;0m INFO 09-25 05:23:26 [stats.py:920] | time_per_output_unit_ms         |          0.000 |            0.000 |
[0;36m(APIServer pid=214609)[0;0m INFO 09-25 05:23:26 [stats.py:920] | vllm_itl_ms                     |         44.621 |        1,031.204 |
[0;36m(APIServer pid=214609)[0;0m INFO 09-25 05:23:26 [stats.py:920] | vllm_itls_ms                    | 44.621 (n=462) | 1,031.204 (n=19) |
[0;36m(APIServer pid=214609)[0;0m INFO 09-25 05:23:26 [stats.py:920] | vllm_tpot_ms                    |         44.621 |            0.000 |
[0;36m(APIServer pid=214609)[0;0m INFO 09-25 05:23:26 [stats.py:920] | vllm_ttft_ms                    |        350.525 |        1,496.644 |
[0;36m(APIServer pid=214609)[0;0m INFO 09-25 05:23:26 [stats.py:920] +---------------------------------+----------------+------------------+
[0;36m(APIServer pid=214609)[0;0m INFO 09-25 05:23:26 [serving_speech.py:3646] [SpeechE2E] request_id=speech-b362aa9dbcf87720 stream=false status=ok total_ms=21133.83 response_bytes=1774124
[0;36m(APIServer pid=214609)[0;0m INFO:     127.0.0.1:58136 - "POST /v1/audio/speech HTTP/1.1" 200 OK
[0;36m(APIServer pid=214609)[0;0m INFO 09-25 05:23:26 [serving_speech.py:3070] TTS speech request speech-a4d1e1b08285ab2e: model=Base
[0;36m(APIServer pid=214609)[0;0m INFO 09-25 05:23:26 [serving_speech.py:3100] Applied extra_params: {'repetition_penalty': 1.05, 'temperature': 0.9, 'top_k': 50}
[0;36m(APIServer pid=214609)[0;0m INFO 09-25 05:23:26 [stats.py:811] 
[0;36m(APIServer pid=214609)[0;0m INFO 09-25 05:23:26 [stats.py:811] [Overall Summary]
[0;36m(APIServer pid=214609)[0;0m INFO 09-25 05:23:26 [stats.py:811] +-----------------------------+------------+
[0;36m(APIServer pid=214609)[0;0m INFO 09-25 05:23:26 [stats.py:811] | Field                       |      Value |
[0;36m(APIServer pid=214609)[0;0m INFO 09-25 05:23:26 [stats.py:811] +-----------------------------+------------+
[0;36m(APIServer pid=214609)[0;0m INFO 09-25 05:23:26 [stats.py:811] | e2e_requests                |          1 |
[0;36m(APIServer pid=214609)[0;0m INFO 09-25 05:23:26 [stats.py:811] | e2e_wall_time_ms            | 21,959.665 |
[0;36m(APIServer pid=214609)[0;0m INFO 09-25 05:23:26 [stats.py:811] | e2e_total_tokens            |      1,258 |
[0;36m(APIServer pid=214609)[0;0m INFO 09-25 05:23:26 [stats.py:811] | e2e_avg_time_per_request_ms | 21,959.665 |
[0;36m(APIServer pid=214609)[0;0m INFO 09-25 05:23:26 [stats.py:811] | e2e_avg_tokens_per_s        |     57.287 |
[0;36m(APIServer pid=214609)[0;0m INFO 09-25 05:23:26 [stats.py:811] | input_preprocess_time_ms    |      0.038 |
[0;36m(APIServer pid=214609)[0;0m INFO 09-25 05:23:26 [stats.py:811] | e2e_stage_0_wall_time_ms    | 21,923.403 |
[0;36m(APIServer pid=214609)[0;0m INFO 09-25 05:23:26 [stats.py:811] | e2e_stage_1_wall_time_ms    | 21,957.990 |
[0;36m(APIServer pid=214609)[0;0m INFO 09-25 05:23:26 [stats.py:811] +-----------------------------+------------+
[0;36m(APIServer pid=214609)[0;0m INFO 09-25 05:23:26 [stats.py:837] 
[0;36m(APIServer pid=214609)[0;0m INFO 09-25 05:23:26 [stats.py:837] [RequestE2EStats [request_id=speech-94b0a1506859020f-b875dc7f]]
[0;36m(APIServer pid=214609)[0;0m INFO 09-25 05:23:26 [stats.py:837] +------------------+------------+
[0;36m(APIServer pid=214609)[0;0m INFO 09-25 05:23:26 [stats.py:837] | Field            |      Value |
[0;36m(APIServer pid=214609)[0;0m INFO 09-25 05:23:26 [stats.py:837] +------------------+------------+
[0;36m(APIServer pid=214609)[0;0m INFO 09-25 05:23:26 [stats.py:837] | e2e_total_ms     | 21,959.581 |
[0;36m(APIServer pid=214609)[0;0m INFO 09-25 05:23:26 [stats.py:837] | e2e_total_tokens |      1,258 |
[0;36m(APIServer pid=214609)[0;0m INFO 09-25 05:23:26 [stats.py:837] +------------------+------------+
[0;36m(APIServer pid=214609)[0;0m INFO 09-25 05:23:26 [stats.py:878] [OmniTiming] req=speech-94b0a1506859020f-b875dc7f total=21.96s preprocess=0.00s engine=21.96s stages=[0:21.92s,1:21.96s] transfers=[0->1=0.00ms]
[0;36m(APIServer pid=214609)[0;0m INFO 09-25 05:23:26 [stats.py:920] 
[0;36m(APIServer pid=214609)[0;0m INFO 09-25 05:23:26 [stats.py:920] [StageRequestStats [request_id=speech-94b0a1506859020f-b875dc7f]]
[0;36m(APIServer pid=214609)[0;0m INFO 09-25 05:23:26 [stats.py:920] +---------------------------------+----------------+------------------+
[0;36m(APIServer pid=214609)[0;0m INFO 09-25 05:23:26 [stats.py:920] | Field                           |              0 |                1 |
[0;36m(APIServer pid=214609)[0;0m INFO 09-25 05:23:26 [stats.py:920] +---------------------------------+----------------+------------------+
[0;36m(APIServer pid=214609)[0;0m INFO 09-25 05:23:26 [stats.py:920] | audio_duration_s                |          0.000 |           38.640 |
[0;36m(APIServer pid=214609)[0;0m INFO 09-25 05:23:26 [stats.py:920] | audio_generated_frames          |              0 |          927,360 |
[0;36m(APIServer pid=214609)[0;0m INFO 09-25 05:23:26 [stats.py:920] | audio_sample_rate               |              0 |           24,000 |
[0;36m(APIServer pid=214609)[0;0m INFO 09-25 05:23:26 [stats.py:920] | batch_id                        |          2,304 |            2,385 |
[0;36m(APIServer pid=214609)[0;0m INFO 09-25 05:23:26 [stats.py:920] | batch_size                      |              1 |                1 |
[0;36m(APIServer pid=214609)[0;0m INFO 09-25 05:23:26 [stats.py:920] | inter_output_latencies_ms       |                |                  |
[0;36m(APIServer pid=214609)[0;0m INFO 09-25 05:23:26 [stats.py:920] | num_tokens_in                   |            774 |                0 |
[0;36m(APIServer pid=214609)[0;0m INFO 09-25 05:23:26 [stats.py:920] | num_tokens_out                  |            484 |                0 |
[0;36m(APIServer pid=214609)[0;0m INFO 09-25 05:23:26 [stats.py:920] | output_unit_count               |            484 |          927,360 |
[0;36m(APIServer pid=214609)[0;0m INFO 09-25 05:23:26 [stats.py:920] | output_unit_type                |         stream |            audio |
[0;36m(APIServer pid=214609)[0;0m INFO 09-25 05:23:26 [stats.py:920] | serving_time_to_first_output_ms |     21,923.016 |       21,958.606 |
[0;36m(APIServer pid=214609)[0;0m INFO 09-25 05:23:26 [stats.py:920] | stage_gen_time_ms               |     21,921.442 |       21,957.036 |
[0;36m(APIServer pid=214609)[0;0m INFO 09-25 05:23:26 [stats.py:920] | time_per_output_unit_ms         |          0.000 |            0.000 |
[0;36m(APIServer pid=214609)[0;0m INFO 09-25 05:23:26 [stats.py:920] | vllm_itl_ms                     |         43.985 |        1,023.437 |
[0;36m(APIServer pid=214609)[0;0m INFO 09-25 05:23:26 [stats.py:920] | vllm_itls_ms                    | 43.985 (n=483) | 1,023.437 (n=20) |
[0;36m(APIServer pid=214609)[0;0m INFO 09-25 05:23:26 [stats.py:920] | vllm_tpot_ms                    |         43.985 |            0.000 |
[0;36m(APIServer pid=214609)[0;0m INFO 09-25 05:23:26 [stats.py:920] | vllm_ttft_ms                    |        680.435 |        1,489.769 |
[0;36m(APIServer pid=214609)[0;0m INFO 09-25 05:23:26 [stats.py:920] +---------------------------------+----------------+------------------+
[0;36m(APIServer pid=214609)[0;0m INFO 09-25 05:23:26 [serving_speech.py:3646] [SpeechE2E] request_id=speech-94b0a1506859020f stream=false status=ok total_ms=21992.85 response_bytes=1854764
[0;36m(APIServer pid=214609)[0;0m INFO:     127.0.0.1:58158 - "POST /v1/audio/speech HTTP/1.1" 200 OK
[0;36m(APIServer pid=214609)[0;0m INFO 09-25 05:23:27 [serving_speech.py:3070] TTS speech request speech-aa9b2eaf00518229: model=Base
[0;36m(APIServer pid=214609)[0;0m INFO 09-25 05:23:27 [serving_speech.py:3100] Applied extra_params: {'repetition_penalty': 1.05, 'temperature': 0.9, 'top_k': 50}
[0;36m(APIServer pid=214609)[0;0m INFO 09-25 05:23:29 [stats.py:811] 
[0;36m(APIServer pid=214609)[0;0m INFO 09-25 05:23:29 [stats.py:811] [Overall Summary]
[0;36m(APIServer pid=214609)[0;0m INFO 09-25 05:23:29 [stats.py:811] +-----------------------------+------------+
[0;36m(APIServer pid=214609)[0;0m INFO 09-25 05:23:29 [stats.py:811] | Field                       |      Value |
[0;36m(APIServer pid=214609)[0;0m INFO 09-25 05:23:29 [stats.py:811] +-----------------------------+------------+
[0;36m(APIServer pid=214609)[0;0m INFO 09-25 05:23:29 [stats.py:811] | e2e_requests                |          1 |
[0;36m(APIServer pid=214609)[0;0m INFO 09-25 05:23:29 [stats.py:811] | e2e_wall_time_ms            | 24,611.864 |
[0;36m(APIServer pid=214609)[0;0m INFO 09-25 05:23:29 [stats.py:811] | e2e_total_tokens            |      1,394 |
[0;36m(APIServer pid=214609)[0;0m INFO 09-25 05:23:29 [stats.py:811] | e2e_avg_time_per_request_ms | 24,611.864 |
[0;36m(APIServer pid=214609)[0;0m INFO 09-25 05:23:29 [stats.py:811] | e2e_avg_tokens_per_s        |     56.639 |
[0;36m(APIServer pid=214609)[0;0m INFO 09-25 05:23:29 [stats.py:811] | input_preprocess_time_ms    |      0.042 |
[0;36m(APIServer pid=214609)[0;0m INFO 09-25 05:23:29 [stats.py:811] | e2e_stage_0_wall_time_ms    | 24,569.473 |
[0;36m(APIServer pid=214609)[0;0m INFO 09-25 05:23:29 [stats.py:811] | e2e_stage_1_wall_time_ms    | 24,610.131 |
[0;36m(APIServer pid=214609)[0;0m INFO 09-25 05:23:29 [stats.py:811] +-----------------------------+------------+
[0;36m(APIServer pid=214609)[0;0m INFO 09-25 05:23:29 [stats.py:837] 
[0;36m(APIServer pid=214609)[0;0m INFO 09-25 05:23:29 [stats.py:837] [RequestE2EStats [request_id=speech-b03660d9a4af94e2-943d5cd3]]
[0;36m(APIServer pid=214609)[0;0m INFO 09-25 05:23:29 [stats.py:837] +------------------+------------+
[0;36m(APIServer pid=214609)[0;0m INFO 09-25 05:23:29 [stats.py:837] | Field            |      Value |
[0;36m(APIServer pid=214609)[0;0m INFO 09-25 05:23:29 [stats.py:837] +------------------+------------+
[0;36m(APIServer pid=214609)[0;0m INFO 09-25 05:23:29 [stats.py:837] | e2e_total_ms     | 24,611.772 |
[0;36m(APIServer pid=214609)[0;0m INFO 09-25 05:23:29 [stats.py:837] | e2e_total_tokens |      1,394 |
[0;36m(APIServer pid=214609)[0;0m INFO 09-25 05:23:29 [stats.py:837] +------------------+------------+
[0;36m(APIServer pid=214609)[0;0m INFO 09-25 05:23:29 [stats.py:878] [OmniTiming] req=speech-b03660d9a4af94e2-943d5cd3 total=24.61s preprocess=0.00s engine=24.61s stages=[0:24.57s,1:24.61s] transfers=[0->1=0.00ms]
[0;36m(APIServer pid=214609)[0;0m INFO 09-25 05:23:29 [stats.py:920] 
[0;36m(APIServer pid=214609)[0;0m INFO 09-25 05:23:29 [stats.py:920] [StageRequestStats [request_id=speech-b03660d9a4af94e2-943d5cd3]]
[0;36m(APIServer pid=214609)[0;0m INFO 09-25 05:23:29 [stats.py:920] +---------------------------------+----------------+------------------+
[0;36m(APIServer pid=214609)[0;0m INFO 09-25 05:23:29 [stats.py:920] | Field                           |              0 |                1 |
[0;36m(APIServer pid=214609)[0;0m INFO 09-25 05:23:29 [stats.py:920] +---------------------------------+----------------+------------------+
[0;36m(APIServer pid=214609)[0;0m INFO 09-25 05:23:29 [stats.py:920] | audio_duration_s                |          0.000 |           43.600 |
[0;36m(APIServer pid=214609)[0;0m INFO 09-25 05:23:29 [stats.py:920] | audio_generated_frames          |              0 |        1,046,400 |
[0;36m(APIServer pid=214609)[0;0m INFO 09-25 05:23:29 [stats.py:920] | audio_sample_rate               |              0 |           24,000 |
[0;36m(APIServer pid=214609)[0;0m INFO 09-25 05:23:29 [stats.py:920] | batch_id                        |          2,305 |            2,386 |
[0;36m(APIServer pid=214609)[0;0m INFO 09-25 05:23:29 [stats.py:920] | batch_size                      |              1 |                1 |
[0;36m(APIServer pid=214609)[0;0m INFO 09-25 05:23:29 [stats.py:920] | inter_output_latencies_ms       |                |                  |
[0;36m(APIServer pid=214609)[0;0m INFO 09-25 05:23:29 [stats.py:920] | num_tokens_in                   |            848 |                0 |
[0;36m(APIServer pid=214609)[0;0m INFO 09-25 05:23:29 [stats.py:920] | num_tokens_out                  |            546 |                0 |
[0;36m(APIServer pid=214609)[0;0m INFO 09-25 05:23:29 [stats.py:920] | output_unit_count               |            546 |        1,046,400 |
[0;36m(APIServer pid=214609)[0;0m INFO 09-25 05:23:29 [stats.py:920] | output_unit_type                |         stream |            audio |
[0;36m(APIServer pid=214609)[0;0m INFO 09-25 05:23:29 [stats.py:920] | serving_time_to_first_output_ms |     24,568.860 |       24,611.183 |
[0;36m(APIServer pid=214609)[0;0m INFO 09-25 05:23:29 [stats.py:920] | stage_gen_time_ms               |     24,567.244 |       24,609.597 |
[0;36m(APIServer pid=214609)[0;0m INFO 09-25 05:23:29 [stats.py:920] | time_per_output_unit_ms         |          0.000 |            0.000 |
[0;36m(APIServer pid=214609)[0;0m INFO 09-25 05:23:29 [stats.py:920] | vllm_itl_ms                     |         43.841 |        1,050.968 |
[0;36m(APIServer pid=214609)[0;0m INFO 09-25 05:23:29 [stats.py:920] | vllm_itls_ms                    | 43.841 (n=545) | 1,050.968 (n=22) |
[0;36m(APIServer pid=214609)[0;0m INFO 09-25 05:23:29 [stats.py:920] | vllm_tpot_ms                    |         43.841 |            0.000 |
[0;36m(APIServer pid=214609)[0;0m INFO 09-25 05:23:29 [stats.py:920] | vllm_ttft_ms                    |        677.915 |        1,487.096 |
[0;36m(APIServer pid=214609)[0;0m INFO 09-25 05:23:29 [stats.py:920] +---------------------------------+----------------+------------------+
[0;36m(APIServer pid=214609)[0;0m INFO 09-25 05:23:29 [serving_speech.py:3646] [SpeechE2E] request_id=speech-b03660d9a4af94e2 stream=false status=ok total_ms=24648.18 response_bytes=2092844
[0;36m(APIServer pid=214609)[0;0m INFO:     127.0.0.1:58168 - "POST /v1/audio/speech HTTP/1.1" 200 OK
[0;36m(APIServer pid=214609)[0;0m INFO 09-25 05:23:29 [serving_speech.py:3070] TTS speech request speech-91babb95bdc99664: model=Base
[0;36m(APIServer pid=214609)[0;0m INFO 09-25 05:23:29 [serving_speech.py:3100] Applied extra_params: {'repetition_penalty': 1.05, 'temperature': 0.9, 'top_k': 50}
[0;36m(APIServer pid=214609)[0;0m INFO 09-25 05:23:39 [stats.py:811] 
[0;36m(APIServer pid=214609)[0;0m INFO 09-25 05:23:39 [stats.py:811] [Overall Summary]
[0;36m(APIServer pid=214609)[0;0m INFO 09-25 05:23:39 [stats.py:811] +-----------------------------+------------+
[0;36m(APIServer pid=214609)[0;0m INFO 09-25 05:23:39 [stats.py:811] | Field                       |      Value |
[0;36m(APIServer pid=214609)[0;0m INFO 09-25 05:23:39 [stats.py:811] +-----------------------------+------------+
[0;36m(APIServer pid=214609)[0;0m INFO 09-25 05:23:39 [stats.py:811] | e2e_requests                |          1 |
[0;36m(APIServer pid=214609)[0;0m INFO 09-25 05:23:39 [stats.py:811] | e2e_wall_time_ms            | 16,319.528 |
[0;36m(APIServer pid=214609)[0;0m INFO 09-25 05:23:39 [stats.py:811] | e2e_total_tokens            |      1,124 |
[0;36m(APIServer pid=214609)[0;0m INFO 09-25 05:23:39 [stats.py:811] | e2e_avg_time_per_request_ms | 16,319.528 |
[0;36m(APIServer pid=214609)[0;0m INFO 09-25 05:23:39 [stats.py:811] | e2e_avg_tokens_per_s        |     68.875 |
[0;36m(APIServer pid=214609)[0;0m INFO 09-25 05:23:39 [stats.py:811] | input_preprocess_time_ms    |      0.062 |
[0;36m(APIServer pid=214609)[0;0m INFO 09-25 05:23:39 [stats.py:811] | e2e_stage_0_wall_time_ms    | 16,181.017 |
[0;36m(APIServer pid=214609)[0;0m INFO 09-25 05:23:39 [stats.py:811] | e2e_stage_1_wall_time_ms    | 16,319.222 |
[0;36m(APIServer pid=214609)[0;0m INFO 09-25 05:23:39 [stats.py:811] +-----------------------------+------------+
[0;36m(APIServer pid=214609)[0;0m INFO 09-25 05:23:39 [stats.py:837] 
[0;36m(APIServer pid=214609)[0;0m INFO 09-25 05:23:39 [stats.py:837] [RequestE2EStats [request_id=speech-aadf24870a7ffea3-b88ab7c7]]
[0;36m(APIServer pid=214609)[0;0m INFO 09-25 05:23:39 [stats.py:837] +------------------+------------+
[0;36m(APIServer pid=214609)[0;0m INFO 09-25 05:23:39 [stats.py:837] | Field            |      Value |
[0;36m(APIServer pid=214609)[0;0m INFO 09-25 05:23:39 [stats.py:837] +------------------+------------+
[0;36m(APIServer pid=214609)[0;0m INFO 09-25 05:23:39 [stats.py:837] | e2e_total_ms     | 16,319.395 |
[0;36m(APIServer pid=214609)[0;0m INFO 09-25 05:23:39 [stats.py:837] | e2e_total_tokens |      1,124 |
[0;36m(APIServer pid=214609)[0;0m INFO 09-25 05:23:39 [stats.py:837] +------------------+------------+
[0;36m(APIServer pid=214609)[0;0m INFO 09-25 05:23:39 [stats.py:878] [OmniTiming] req=speech-aadf24870a7ffea3-b88ab7c7 total=16.32s preprocess=0.00s engine=16.32s stages=[0:16.18s,1:16.32s] transfers=[0->1=0.00ms]
[0;36m(APIServer pid=214609)[0;0m INFO 09-25 05:23:39 [stats.py:920] 
[0;36m(APIServer pid=214609)[0;0m INFO 09-25 05:23:39 [stats.py:920] [StageRequestStats [request_id=speech-aadf24870a7ffea3-b88ab7c7]]
[0;36m(APIServer pid=214609)[0;0m INFO 09-25 05:23:39 [stats.py:920] +---------------------------------+----------------+------------------+
[0;36m(APIServer pid=214609)[0;0m INFO 09-25 05:23:39 [stats.py:920] | Field                           |              0 |                1 |
[0;36m(APIServer pid=214609)[0;0m INFO 09-25 05:23:39 [stats.py:920] +---------------------------------+----------------+------------------+
[0;36m(APIServer pid=214609)[0;0m INFO 09-25 05:23:39 [stats.py:920] | audio_duration_s                |          0.000 |           29.440 |
[0;36m(APIServer pid=214609)[0;0m INFO 09-25 05:23:39 [stats.py:920] | audio_generated_frames          |              0 |          706,560 |
[0;36m(APIServer pid=214609)[0;0m INFO 09-25 05:23:39 [stats.py:920] | audio_sample_rate               |              0 |           24,000 |
[0;36m(APIServer pid=214609)[0;0m INFO 09-25 05:23:39 [stats.py:920] | batch_id                        |          2,306 |            2,387 |
[0;36m(APIServer pid=214609)[0;0m INFO 09-25 05:23:39 [stats.py:920] | batch_size                      |              1 |                1 |
[0;36m(APIServer pid=214609)[0;0m INFO 09-25 05:23:39 [stats.py:920] | inter_output_latencies_ms       |                |                  |
[0;36m(APIServer pid=214609)[0;0m INFO 09-25 05:23:39 [stats.py:920] | num_tokens_in                   |            755 |                0 |
[0;36m(APIServer pid=214609)[0;0m INFO 09-25 05:23:39 [stats.py:920] | num_tokens_out                  |            369 |                0 |
[0;36m(APIServer pid=214609)[0;0m INFO 09-25 05:23:39 [stats.py:920] | output_unit_count               |            369 |          706,560 |
[0;36m(APIServer pid=214609)[0;0m INFO 09-25 05:23:39 [stats.py:920] | output_unit_type                |         stream |            audio |
[0;36m(APIServer pid=214609)[0;0m INFO 09-25 05:23:39 [stats.py:920] | serving_time_to_first_output_ms |     16,180.977 |       16,319.273 |
[0;36m(APIServer pid=214609)[0;0m INFO 09-25 05:23:39 [stats.py:920] | stage_gen_time_ms               |     16,180.819 |       16,319.043 |
[0;36m(APIServer pid=214609)[0;0m INFO 09-25 05:23:39 [stats.py:920] | time_per_output_unit_ms         |          0.000 |            0.000 |
[0;36m(APIServer pid=214609)[0;0m INFO 09-25 05:23:39 [stats.py:920] | vllm_itl_ms                     |         43.634 |        1,064.819 |
[0;36m(APIServer pid=214609)[0;0m INFO 09-25 05:23:39 [stats.py:920] | vllm_itls_ms                    | 43.634 (n=368) | 1,064.819 (n=15) |
[0;36m(APIServer pid=214609)[0;0m INFO 09-25 05:23:39 [stats.py:920] | vllm_tpot_ms                    |         43.634 |            0.000 |
[0;36m(APIServer pid=214609)[0;0m INFO 09-25 05:23:39 [stats.py:920] | vllm_ttft_ms                    |        126.318 |          346.033 |
[0;36m(APIServer pid=214609)[0;0m INFO 09-25 05:23:39 [stats.py:920] +---------------------------------+----------------+------------------+
[0;36m(APIServer pid=214609)[0;0m INFO 09-25 05:23:39 [serving_speech.py:3646] [SpeechE2E] request_id=speech-aadf24870a7ffea3 stream=false status=ok total_ms=16329.11 response_bytes=1413164
[0;36m(APIServer pid=214609)[0;0m INFO:     127.0.0.1:58184 - "POST /v1/audio/speech HTTP/1.1" 200 OK
[0;36m(APIServer pid=214609)[0;0m INFO 09-25 05:23:39 [serving_speech.py:3070] TTS speech request speech-acd3a833ca680e8d: model=Base
[0;36m(APIServer pid=214609)[0;0m INFO 09-25 05:23:39 [serving_speech.py:3100] Applied extra_params: {'repetition_penalty': 1.05, 'temperature': 0.9, 'top_k': 50}
[0;36m(APIServer pid=214609)[0;0m INFO 09-25 05:23:40 [stats.py:811] 
[0;36m(APIServer pid=214609)[0;0m INFO 09-25 05:23:40 [stats.py:811] [Overall Summary]
[0;36m(APIServer pid=214609)[0;0m INFO 09-25 05:23:40 [stats.py:811] +-----------------------------+------------+
[0;36m(APIServer pid=214609)[0;0m INFO 09-25 05:23:40 [stats.py:811] | Field                       |      Value |
[0;36m(APIServer pid=214609)[0;0m INFO 09-25 05:23:40 [stats.py:811] +-----------------------------+------------+
[0;36m(APIServer pid=214609)[0;0m INFO 09-25 05:23:40 [stats.py:811] | e2e_requests                |          1 |
[0;36m(APIServer pid=214609)[0;0m INFO 09-25 05:23:40 [stats.py:811] | e2e_wall_time_ms            | 17,837.781 |
[0;36m(APIServer pid=214609)[0;0m INFO 09-25 05:23:40 [stats.py:811] | e2e_total_tokens            |      1,163 |
[0;36m(APIServer pid=214609)[0;0m INFO 09-25 05:23:40 [stats.py:811] | e2e_avg_time_per_request_ms | 17,837.781 |
[0;36m(APIServer pid=214609)[0;0m INFO 09-25 05:23:40 [stats.py:811] | e2e_avg_tokens_per_s        |     65.199 |
[0;36m(APIServer pid=214609)[0;0m INFO 09-25 05:23:40 [stats.py:811] | input_preprocess_time_ms    |      0.063 |
[0;36m(APIServer pid=214609)[0;0m INFO 09-25 05:23:40 [stats.py:811] | e2e_stage_0_wall_time_ms    | 17,798.738 |
[0;36m(APIServer pid=214609)[0;0m INFO 09-25 05:23:40 [stats.py:811] | e2e_stage_1_wall_time_ms    | 17,837.465 |
[0;36m(APIServer pid=214609)[0;0m INFO 09-25 05:23:40 [stats.py:811] +-----------------------------+------------+
[0;36m(APIServer pid=214609)[0;0m INFO 09-25 05:23:40 [stats.py:837] 
[0;36m(APIServer pid=214609)[0;0m INFO 09-25 05:23:40 [stats.py:837] [RequestE2EStats [request_id=speech-8efee1c90ef6d950-ae84bc52]]
[0;36m(APIServer pid=214609)[0;0m INFO 09-25 05:23:40 [stats.py:837] +------------------+------------+
[0;36m(APIServer pid=214609)[0;0m INFO 09-25 05:23:40 [stats.py:837] | Field            |      Value |
[0;36m(APIServer pid=214609)[0;0m INFO 09-25 05:23:40 [stats.py:837] +------------------+------------+
[0;36m(APIServer pid=214609)[0;0m INFO 09-25 05:23:40 [stats.py:837] | e2e_total_ms     | 17,837.646 |
[0;36m(APIServer pid=214609)[0;0m INFO 09-25 05:23:40 [stats.py:837] | e2e_total_tokens |      1,163 |
[0;36m(APIServer pid=214609)[0;0m INFO 09-25 05:23:40 [stats.py:837] +------------------+------------+
[0;36m(APIServer pid=214609)[0;0m INFO 09-25 05:23:40 [stats.py:878] [OmniTiming] req=speech-8efee1c90ef6d950-ae84bc52 total=17.84s preprocess=0.00s engine=17.84s stages=[0:17.80s,1:17.84s] transfers=[0->1=0.00ms]
[0;36m(APIServer pid=214609)[0;0m INFO 09-25 05:23:40 [stats.py:920] 
[0;36m(APIServer pid=214609)[0;0m INFO 09-25 05:23:40 [stats.py:920] [StageRequestStats [request_id=speech-8efee1c90ef6d950-ae84bc52]]
[0;36m(APIServer pid=214609)[0;0m INFO 09-25 05:23:40 [stats.py:920] +---------------------------------+----------------+------------------+
[0;36m(APIServer pid=214609)[0;0m INFO 09-25 05:23:40 [stats.py:920] | Field                           |              0 |                1 |
[0;36m(APIServer pid=214609)[0;0m INFO 09-25 05:23:40 [stats.py:920] +---------------------------------+----------------+------------------+
[0;36m(APIServer pid=214609)[0;0m INFO 09-25 05:23:40 [stats.py:920] | audio_duration_s                |          0.000 |           31.600 |
[0;36m(APIServer pid=214609)[0;0m INFO 09-25 05:23:40 [stats.py:920] | audio_generated_frames          |              0 |          758,400 |
[0;36m(APIServer pid=214609)[0;0m INFO 09-25 05:23:40 [stats.py:920] | audio_sample_rate               |              0 |           24,000 |
[0;36m(APIServer pid=214609)[0;0m INFO 09-25 05:23:40 [stats.py:920] | batch_id                        |          2,307 |            2,388 |
[0;36m(APIServer pid=214609)[0;0m INFO 09-25 05:23:40 [stats.py:920] | batch_size                      |              1 |                1 |
[0;36m(APIServer pid=214609)[0;0m INFO 09-25 05:23:40 [stats.py:920] | inter_output_latencies_ms       |                |                  |
[0;36m(APIServer pid=214609)[0;0m INFO 09-25 05:23:40 [stats.py:920] | num_tokens_in                   |            767 |                0 |
[0;36m(APIServer pid=214609)[0;0m INFO 09-25 05:23:40 [stats.py:920] | num_tokens_out                  |            396 |                0 |
[0;36m(APIServer pid=214609)[0;0m INFO 09-25 05:23:40 [stats.py:920] | output_unit_count               |            396 |          758,400 |
[0;36m(APIServer pid=214609)[0;0m INFO 09-25 05:23:40 [stats.py:920] | output_unit_type                |         stream |            audio |
[0;36m(APIServer pid=214609)[0;0m INFO 09-25 05:23:40 [stats.py:920] | serving_time_to_first_output_ms |     17,798.179 |       17,837.482 |
[0;36m(APIServer pid=214609)[0;0m INFO 09-25 05:23:40 [stats.py:920] | stage_gen_time_ms               |     17,798.020 |       17,837.271 |
[0;36m(APIServer pid=214609)[0;0m INFO 09-25 05:23:40 [stats.py:920] | time_per_output_unit_ms         |          0.000 |            0.000 |
[0;36m(APIServer pid=214609)[0;0m INFO 09-25 05:23:40 [stats.py:920] | vllm_itl_ms                     |         44.666 |        1,076.515 |
[0;36m(APIServer pid=214609)[0;0m INFO 09-25 05:23:40 [stats.py:920] | vllm_itls_ms                    | 44.666 (n=395) | 1,076.515 (n=16) |
[0;36m(APIServer pid=214609)[0;0m INFO 09-25 05:23:40 [stats.py:920] | vllm_tpot_ms                    |         44.666 |            0.000 |
[0;36m(APIServer pid=214609)[0;0m INFO 09-25 05:23:40 [stats.py:920] | vllm_ttft_ms                    |        157.146 |          615.776 |
[0;36m(APIServer pid=214609)[0;0m INFO 09-25 05:23:40 [stats.py:920] +---------------------------------+----------------+------------------+
[0;36m(APIServer pid=214609)[0;0m INFO 09-25 05:23:40 [serving_speech.py:3646] [SpeechE2E] request_id=speech-8efee1c90ef6d950 stream=false status=ok total_ms=17846.99 response_bytes=1516844
[0;36m(APIServer pid=214609)[0;0m INFO:     127.0.0.1:58126 - "POST /v1/audio/speech HTTP/1.1" 200 OK
[0;36m(APIServer pid=214609)[0;0m INFO 09-25 05:23:40 [serving_speech.py:3070] TTS speech request speech-9db6d0c2e0f5d522: model=Base
[0;36m(APIServer pid=214609)[0;0m INFO 09-25 05:23:40 [serving_speech.py:3100] Applied extra_params: {'repetition_penalty': 1.05, 'temperature': 0.9, 'top_k': 50}
[0;36m(APIServer pid=214609)[0;0m INFO 09-25 05:23:41 [stats.py:811] 
[0;36m(APIServer pid=214609)[0;0m INFO 09-25 05:23:41 [stats.py:811] [Overall Summary]
[0;36m(APIServer pid=214609)[0;0m INFO 09-25 05:23:41 [stats.py:811] +-----------------------------+------------+
[0;36m(APIServer pid=214609)[0;0m INFO 09-25 05:23:41 [stats.py:811] | Field                       |      Value |
[0;36m(APIServer pid=214609)[0;0m INFO 09-25 05:23:41 [stats.py:811] +-----------------------------+------------+
[0;36m(APIServer pid=214609)[0;0m INFO 09-25 05:23:41 [stats.py:811] | e2e_requests                |          1 |
[0;36m(APIServer pid=214609)[0;0m INFO 09-25 05:23:41 [stats.py:811] | e2e_wall_time_ms            | 14,988.122 |
[0;36m(APIServer pid=214609)[0;0m INFO 09-25 05:23:41 [stats.py:811] | e2e_total_tokens            |      1,077 |
[0;36m(APIServer pid=214609)[0;0m INFO 09-25 05:23:41 [stats.py:811] | e2e_avg_time_per_request_ms | 14,988.122 |
[0;36m(APIServer pid=214609)[0;0m INFO 09-25 05:23:41 [stats.py:811] | e2e_avg_tokens_per_s        |     71.857 |
[0;36m(APIServer pid=214609)[0;0m INFO 09-25 05:23:41 [stats.py:811] | input_preprocess_time_ms    |      0.060 |
[0;36m(APIServer pid=214609)[0;0m INFO 09-25 05:23:41 [stats.py:811] | e2e_stage_0_wall_time_ms    | 14,881.349 |
[0;36m(APIServer pid=214609)[0;0m INFO 09-25 05:23:41 [stats.py:811] | e2e_stage_1_wall_time_ms    | 14,987.802 |
[0;36m(APIServer pid=214609)[0;0m INFO 09-25 05:23:41 [stats.py:811] +-----------------------------+------------+
[0;36m(APIServer pid=214609)[0;0m INFO 09-25 05:23:41 [stats.py:837] 
[0;36m(APIServer pid=214609)[0;0m INFO 09-25 05:23:41 [stats.py:837] [RequestE2EStats [request_id=speech-aa9b2eaf00518229-8184a2a4]]
[0;36m(APIServer pid=214609)[0;0m INFO 09-25 05:23:41 [stats.py:837] +------------------+------------+
[0;36m(APIServer pid=214609)[0;0m INFO 09-25 05:23:41 [stats.py:837] | Field            |      Value |
[0;36m(APIServer pid=214609)[0;0m INFO 09-25 05:23:41 [stats.py:837] +------------------+------------+
[0;36m(APIServer pid=214609)[0;0m INFO 09-25 05:23:41 [stats.py:837] | e2e_total_ms     | 14,987.995 |
[0;36m(APIServer pid=214609)[0;0m INFO 09-25 05:23:41 [stats.py:837] | e2e_total_tokens |      1,077 |
[0;36m(APIServer pid=214609)[0;0m INFO 09-25 05:23:41 [stats.py:837] +------------------+------------+
[0;36m(APIServer pid=214609)[0;0m INFO 09-25 05:23:41 [stats.py:878] [OmniTiming] req=speech-aa9b2eaf00518229-8184a2a4 total=14.99s preprocess=0.00s engine=14.99s stages=[0:14.88s,1:14.99s] transfers=[0->1=0.00ms]
[0;36m(APIServer pid=214609)[0;0m INFO 09-25 05:23:41 [stats.py:920] 
[0;36m(APIServer pid=214609)[0;0m INFO 09-25 05:23:41 [stats.py:920] [StageRequestStats [request_id=speech-aa9b2eaf00518229-8184a2a4]]
[0;36m(APIServer pid=214609)[0;0m INFO 09-25 05:23:41 [stats.py:920] +---------------------------------+----------------+------------------+
[0;36m(APIServer pid=214609)[0;0m INFO 09-25 05:23:41 [stats.py:920] | Field                           |              0 |                1 |
[0;36m(APIServer pid=214609)[0;0m INFO 09-25 05:23:41 [stats.py:920] +---------------------------------+----------------+------------------+
[0;36m(APIServer pid=214609)[0;0m INFO 09-25 05:23:41 [stats.py:920] | audio_duration_s                |          0.000 |           28.000 |
[0;36m(APIServer pid=214609)[0;0m INFO 09-25 05:23:41 [stats.py:920] | audio_generated_frames          |              0 |          672,000 |
[0;36m(APIServer pid=214609)[0;0m INFO 09-25 05:23:41 [stats.py:920] | audio_sample_rate               |              0 |           24,000 |
[0;36m(APIServer pid=214609)[0;0m INFO 09-25 05:23:41 [stats.py:920] | batch_id                        |          2,308 |            2,389 |
[0;36m(APIServer pid=214609)[0;0m INFO 09-25 05:23:41 [stats.py:920] | batch_size                      |              1 |                1 |
[0;36m(APIServer pid=214609)[0;0m INFO 09-25 05:23:41 [stats.py:920] | inter_output_latencies_ms       |                |                  |
[0;36m(APIServer pid=214609)[0;0m INFO 09-25 05:23:41 [stats.py:920] | num_tokens_in                   |            726 |                0 |
[0;36m(APIServer pid=214609)[0;0m INFO 09-25 05:23:41 [stats.py:920] | num_tokens_out                  |            351 |                0 |
[0;36m(APIServer pid=214609)[0;0m INFO 09-25 05:23:41 [stats.py:920] | output_unit_count               |            351 |          672,000 |
[0;36m(APIServer pid=214609)[0;0m INFO 09-25 05:23:41 [stats.py:920] | output_unit_type                |         stream |            audio |
[0;36m(APIServer pid=214609)[0;0m INFO 09-25 05:23:41 [stats.py:920] | serving_time_to_first_output_ms |     14,881.150 |       14,987.675 |
[0;36m(APIServer pid=214609)[0;0m INFO 09-25 05:23:41 [stats.py:920] | stage_gen_time_ms               |     14,880.967 |       14,987.443 |
[0;36m(APIServer pid=214609)[0;0m INFO 09-25 05:23:41 [stats.py:920] | time_per_output_unit_ms         |          0.000 |            0.000 |
[0;36m(APIServer pid=214609)[0;0m INFO 09-25 05:23:41 [stats.py:920] | vllm_itl_ms                     |         42.036 |        1,046.658 |
[0;36m(APIServer pid=214609)[0;0m INFO 09-25 05:23:41 [stats.py:920] | vllm_itls_ms                    | 42.036 (n=350) | 1,046.658 (n=14) |
[0;36m(APIServer pid=214609)[0;0m INFO 09-25 05:23:41 [stats.py:920] | vllm_tpot_ms                    |         42.036 |            0.000 |
[0;36m(APIServer pid=214609)[0;0m INFO 09-25 05:23:41 [stats.py:920] | vllm_ttft_ms                    |        167.431 |          329.926 |
[0;36m(APIServer pid=214609)[0;0m INFO 09-25 05:23:41 [stats.py:920] +---------------------------------+----------------+------------------+
[0;36m(APIServer pid=214609)[0;0m INFO 09-25 05:23:42 [serving_speech.py:3646] [SpeechE2E] request_id=speech-aa9b2eaf00518229 stream=false status=ok total_ms=14998.26 response_bytes=1344044
[0;36m(APIServer pid=214609)[0;0m INFO:     127.0.0.1:58158 - "POST /v1/audio/speech HTTP/1.1" 200 OK
[0;36m(APIServer pid=214609)[0;0m INFO 09-25 05:23:42 [serving_speech.py:3070] TTS speech request speech-9f26c5078e39332a: model=Base
[0;36m(APIServer pid=214609)[0;0m INFO 09-25 05:23:42 [serving_speech.py:3100] Applied extra_params: {'repetition_penalty': 1.05, 'temperature': 0.9, 'top_k': 50}
[0;36m(APIServer pid=214609)[0;0m INFO 09-25 05:23:42 [stats.py:811] 
[0;36m(APIServer pid=214609)[0;0m INFO 09-25 05:23:42 [stats.py:811] [Overall Summary]
[0;36m(APIServer pid=214609)[0;0m INFO 09-25 05:23:42 [stats.py:811] +-----------------------------+------------+
[0;36m(APIServer pid=214609)[0;0m INFO 09-25 05:23:42 [stats.py:811] | Field                       |      Value |
[0;36m(APIServer pid=214609)[0;0m INFO 09-25 05:23:42 [stats.py:811] +-----------------------------+------------+
[0;36m(APIServer pid=214609)[0;0m INFO 09-25 05:23:42 [stats.py:811] | e2e_requests                |          1 |
[0;36m(APIServer pid=214609)[0;0m INFO 09-25 05:23:42 [stats.py:811] | e2e_wall_time_ms            | 17,280.606 |
[0;36m(APIServer pid=214609)[0;0m INFO 09-25 05:23:42 [stats.py:811] | e2e_total_tokens            |      1,146 |
[0;36m(APIServer pid=214609)[0;0m INFO 09-25 05:23:42 [stats.py:811] | e2e_avg_time_per_request_ms | 17,280.606 |
[0;36m(APIServer pid=214609)[0;0m INFO 09-25 05:23:42 [stats.py:811] | e2e_avg_tokens_per_s        |     66.317 |
[0;36m(APIServer pid=214609)[0;0m INFO 09-25 05:23:42 [stats.py:811] | input_preprocess_time_ms    |      0.064 |
[0;36m(APIServer pid=214609)[0;0m INFO 09-25 05:23:42 [stats.py:811] | e2e_stage_0_wall_time_ms    | 17,184.688 |
[0;36m(APIServer pid=214609)[0;0m INFO 09-25 05:23:42 [stats.py:811] | e2e_stage_1_wall_time_ms    | 17,280.250 |
[0;36m(APIServer pid=214609)[0;0m INFO 09-25 05:23:42 [stats.py:811] +-----------------------------+------------+
[0;36m(APIServer pid=214609)[0;0m INFO 09-25 05:23:42 [stats.py:837] 
[0;36m(APIServer pid=214609)[0;0m INFO 09-25 05:23:42 [stats.py:837] [RequestE2EStats [request_id=speech-8cc208f6779459ba-b4396daf]]
[0;36m(APIServer pid=214609)[0;0m INFO 09-25 05:23:42 [stats.py:837] +------------------+------------+
[0;36m(APIServer pid=214609)[0;0m INFO 09-25 05:23:42 [stats.py:837] | Field            |      Value |
[0;36m(APIServer pid=214609)[0;0m INFO 09-25 05:23:42 [stats.py:837] +------------------+------------+
[0;36m(APIServer pid=214609)[0;0m INFO 09-25 05:23:42 [stats.py:837] | e2e_total_ms     | 17,280.473 |
[0;36m(APIServer pid=214609)[0;0m INFO 09-25 05:23:42 [stats.py:837] | e2e_total_tokens |      1,146 |
[0;36m(APIServer pid=214609)[0;0m INFO 09-25 05:23:42 [stats.py:837] +------------------+------------+
[0;36m(APIServer pid=214609)[0;0m INFO 09-25 05:23:42 [stats.py:878] [OmniTiming] req=speech-8cc208f6779459ba-b4396daf total=17.28s preprocess=0.00s engine=17.28s stages=[0:17.18s,1:17.28s] transfers=[0->1=0.00ms]
[0;36m(APIServer pid=214609)[0;0m INFO 09-25 05:23:42 [stats.py:920] 
[0;36m(APIServer pid=214609)[0;0m INFO 09-25 05:23:42 [stats.py:920] [StageRequestStats [request_id=speech-8cc208f6779459ba-b4396daf]]
[0;36m(APIServer pid=214609)[0;0m INFO 09-25 05:23:42 [stats.py:920] +---------------------------------+----------------+------------------+
[0;36m(APIServer pid=214609)[0;0m INFO 09-25 05:23:42 [stats.py:920] | Field                           |              0 |                1 |
[0;36m(APIServer pid=214609)[0;0m INFO 09-25 05:23:42 [stats.py:920] +---------------------------------+----------------+------------------+
[0;36m(APIServer pid=214609)[0;0m INFO 09-25 05:23:42 [stats.py:920] | audio_duration_s                |          0.000 |           31.600 |
[0;36m(APIServer pid=214609)[0;0m INFO 09-25 05:23:42 [stats.py:920] | audio_generated_frames          |              0 |          758,400 |
[0;36m(APIServer pid=214609)[0;0m INFO 09-25 05:23:42 [stats.py:920] | audio_sample_rate               |              0 |           24,000 |
[0;36m(APIServer pid=214609)[0;0m INFO 09-25 05:23:42 [stats.py:920] | batch_id                        |          2,309 |            2,390 |
[0;36m(APIServer pid=214609)[0;0m INFO 09-25 05:23:42 [stats.py:920] | batch_size                      |              1 |                1 |
[0;36m(APIServer pid=214609)[0;0m INFO 09-25 05:23:42 [stats.py:920] | inter_output_latencies_ms       |                |                  |
[0;36m(APIServer pid=214609)[0;0m INFO 09-25 05:23:42 [stats.py:920] | num_tokens_in                   |            750 |                0 |
[0;36m(APIServer pid=214609)[0;0m INFO 09-25 05:23:42 [stats.py:920] | num_tokens_out                  |            396 |                0 |
[0;36m(APIServer pid=214609)[0;0m INFO 09-25 05:23:42 [stats.py:920] | output_unit_count               |            396 |          758,400 |
[0;36m(APIServer pid=214609)[0;0m INFO 09-25 05:23:42 [stats.py:920] | output_unit_type                |         stream |            audio |
[0;36m(APIServer pid=214609)[0;0m INFO 09-25 05:23:42 [stats.py:920] | serving_time_to_first_output_ms |     17,184.573 |       17,279.947 |
[0;36m(APIServer pid=214609)[0;0m INFO 09-25 05:23:42 [stats.py:920] | stage_gen_time_ms               |     17,184.427 |       17,279.703 |
[0;36m(APIServer pid=214609)[0;0m INFO 09-25 05:23:42 [stats.py:920] | time_per_output_unit_ms         |          0.000 |            0.000 |
[0;36m(APIServer pid=214609)[0;0m INFO 09-25 05:23:42 [stats.py:920] | vllm_itl_ms                     |         43.130 |        1,059.705 |
[0;36m(APIServer pid=214609)[0;0m INFO 09-25 05:23:42 [stats.py:920] | vllm_itls_ms                    | 43.130 (n=395) | 1,059.705 (n=16) |
[0;36m(APIServer pid=214609)[0;0m INFO 09-25 05:23:42 [stats.py:920] | vllm_tpot_ms                    |         43.130 |            0.000 |
[0;36m(APIServer pid=214609)[0;0m INFO 09-25 05:23:42 [stats.py:920] | vllm_ttft_ms                    |        148.010 |          320.742 |
[0;36m(APIServer pid=214609)[0;0m INFO 09-25 05:23:42 [stats.py:920] +---------------------------------+----------------+------------------+
[0;36m(APIServer pid=214609)[0;0m INFO 09-25 05:23:42 [serving_speech.py:3646] [SpeechE2E] request_id=speech-8cc208f6779459ba stream=false status=ok total_ms=17290.22 response_bytes=1516844
[0;36m(APIServer pid=214609)[0;0m INFO:     127.0.0.1:58188 - "POST /v1/audio/speech HTTP/1.1" 200 OK
[0;36m(APIServer pid=214609)[0;0m INFO 09-25 05:23:42 [serving_speech.py:3070] TTS speech request speech-93d3c0e8945419c3: model=Base
[0;36m(APIServer pid=214609)[0;0m INFO 09-25 05:23:42 [serving_speech.py:3100] Applied extra_params: {'repetition_penalty': 1.05, 'temperature': 0.9, 'top_k': 50}
[0;36m(APIServer pid=214609)[0;0m INFO 09-25 05:23:42 [stats.py:811] 
[0;36m(APIServer pid=214609)[0;0m INFO 09-25 05:23:42 [stats.py:811] [Overall Summary]
[0;36m(APIServer pid=214609)[0;0m INFO 09-25 05:23:42 [stats.py:811] +-----------------------------+------------+
[0;36m(APIServer pid=214609)[0;0m INFO 09-25 05:23:42 [stats.py:811] | Field                       |      Value |
[0;36m(APIServer pid=214609)[0;0m INFO 09-25 05:23:42 [stats.py:811] +-----------------------------+------------+
[0;36m(APIServer pid=214609)[0;0m INFO 09-25 05:23:42 [stats.py:811] | e2e_requests                |          1 |
[0;36m(APIServer pid=214609)[0;0m INFO 09-25 05:23:42 [stats.py:811] | e2e_wall_time_ms            | 19,368.405 |
[0;36m(APIServer pid=214609)[0;0m INFO 09-25 05:23:42 [stats.py:811] | e2e_total_tokens            |      1,225 |
[0;36m(APIServer pid=214609)[0;0m INFO 09-25 05:23:42 [stats.py:811] | e2e_avg_time_per_request_ms | 19,368.405 |
[0;36m(APIServer pid=214609)[0;0m INFO 09-25 05:23:42 [stats.py:811] | e2e_avg_tokens_per_s        |     63.247 |
[0;36m(APIServer pid=214609)[0;0m INFO 09-25 05:23:42 [stats.py:811] | input_preprocess_time_ms    |      0.069 |
[0;36m(APIServer pid=214609)[0;0m INFO 09-25 05:23:42 [stats.py:811] | e2e_stage_0_wall_time_ms    | 19,336.399 |
[0;36m(APIServer pid=214609)[0;0m INFO 09-25 05:23:42 [stats.py:811] | e2e_stage_1_wall_time_ms    | 19,367.963 |
[0;36m(APIServer pid=214609)[0;0m INFO 09-25 05:23:42 [stats.py:811] +-----------------------------+------------+
[0;36m(APIServer pid=214609)[0;0m INFO 09-25 05:23:42 [stats.py:837] 
[0;36m(APIServer pid=214609)[0;0m INFO 09-25 05:23:42 [stats.py:837] [RequestE2EStats [request_id=speech-a6fbb88448ab8e3a-aeb17be0]]
[0;36m(APIServer pid=214609)[0;0m INFO 09-25 05:23:42 [stats.py:837] +------------------+------------+
[0;36m(APIServer pid=214609)[0;0m INFO 09-25 05:23:42 [stats.py:837] | Field            |      Value |
[0;36m(APIServer pid=214609)[0;0m INFO 09-25 05:23:42 [stats.py:837] +------------------+------------+
[0;36m(APIServer pid=214609)[0;0m INFO 09-25 05:23:42 [stats.py:837] | e2e_total_ms     | 19,368.266 |
[0;36m(APIServer pid=214609)[0;0m INFO 09-25 05:23:42 [stats.py:837] | e2e_total_tokens |      1,225 |
[0;36m(APIServer pid=214609)[0;0m INFO 09-25 05:23:42 [stats.py:837] +------------------+------------+
[0;36m(APIServer pid=214609)[0;0m INFO 09-25 05:23:42 [stats.py:878] [OmniTiming] req=speech-a6fbb88448ab8e3a-aeb17be0 total=19.37s preprocess=0.00s engine=19.37s stages=[0:19.33s,1:19.37s] transfers=[0->1=0.00ms]
[0;36m(APIServer pid=214609)[0;0m INFO 09-25 05:23:42 [stats.py:920] 
[0;36m(APIServer pid=214609)[0;0m INFO 09-25 05:23:42 [stats.py:920] [StageRequestStats [request_id=speech-a6fbb88448ab8e3a-aeb17be0]]
[0;36m(APIServer pid=214609)[0;0m INFO 09-25 05:23:42 [stats.py:920] +---------------------------------+----------------+------------------+
[0;36m(APIServer pid=214609)[0;0m INFO 09-25 05:23:42 [stats.py:920] | Field                           |              0 |                1 |
[0;36m(APIServer pid=214609)[0;0m INFO 09-25 05:23:42 [stats.py:920] +---------------------------------+----------------+------------------+
[0;36m(APIServer pid=214609)[0;0m INFO 09-25 05:23:42 [stats.py:920] | audio_duration_s                |          0.000 |           34.560 |
[0;36m(APIServer pid=214609)[0;0m INFO 09-25 05:23:42 [stats.py:920] | audio_generated_frames          |              0 |          829,440 |
[0;36m(APIServer pid=214609)[0;0m INFO 09-25 05:23:42 [stats.py:920] | audio_sample_rate               |              0 |           24,000 |
[0;36m(APIServer pid=214609)[0;0m INFO 09-25 05:23:42 [stats.py:920] | batch_id                        |          2,310 |            2,391 |
[0;36m(APIServer pid=214609)[0;0m INFO 09-25 05:23:42 [stats.py:920] | batch_size                      |              1 |                1 |
[0;36m(APIServer pid=214609)[0;0m INFO 09-25 05:23:42 [stats.py:920] | inter_output_latencies_ms       |                |                  |
[0;36m(APIServer pid=214609)[0;0m INFO 09-25 05:23:42 [stats.py:920] | num_tokens_in                   |            792 |                0 |
[0;36m(APIServer pid=214609)[0;0m INFO 09-25 05:23:42 [stats.py:920] | num_tokens_out                  |            433 |                0 |
[0;36m(APIServer pid=214609)[0;0m INFO 09-25 05:23:42 [stats.py:920] | output_unit_count               |            433 |          829,440 |
[0;36m(APIServer pid=214609)[0;0m INFO 09-25 05:23:42 [stats.py:920] | output_unit_type                |         stream |            audio |
[0;36m(APIServer pid=214609)[0;0m INFO 09-25 05:23:42 [stats.py:920] | serving_time_to_first_output_ms |     19,334.612 |       19,367.408 |
[0;36m(APIServer pid=214609)[0;0m INFO 09-25 05:23:42 [stats.py:920] | stage_gen_time_ms               |     19,334.341 |       19,367.074 |
[0;36m(APIServer pid=214609)[0;0m INFO 09-25 05:23:42 [stats.py:920] | time_per_output_unit_ms         |          0.000 |            0.000 |
[0;36m(APIServer pid=214609)[0;0m INFO 09-25 05:23:42 [stats.py:920] | vllm_itl_ms                     |         44.272 |        1,058.564 |
[0;36m(APIServer pid=214609)[0;0m INFO 09-25 05:23:42 [stats.py:920] | vllm_itls_ms                    | 44.272 (n=432) | 1,058.564 (n=18) |
[0;36m(APIServer pid=214609)[0;0m INFO 09-25 05:23:42 [stats.py:920] | vllm_tpot_ms                    |         44.272 |            0.000 |
[0;36m(APIServer pid=214609)[0;0m INFO 09-25 05:23:42 [stats.py:920] | vllm_ttft_ms                    |        207.476 |          314.210 |
[0;36m(APIServer pid=214609)[0;0m INFO 09-25 05:23:42 [stats.py:920] +---------------------------------+----------------+------------------+
[0;36m(APIServer pid=214609)[0;0m INFO 09-25 05:23:42 [serving_speech.py:3646] [SpeechE2E] request_id=speech-a6fbb88448ab8e3a stream=false status=ok total_ms=19378.27 response_bytes=1658924
[0;36m(APIServer pid=214609)[0;0m INFO:     127.0.0.1:46434 - "POST /v1/audio/speech HTTP/1.1" 200 OK
[0;36m(APIServer pid=214609)[0;0m INFO 09-25 05:23:42 [serving_speech.py:3070] TTS speech request speech-8bfb23a6006506f8: model=Base
[0;36m(APIServer pid=214609)[0;0m INFO 09-25 05:23:42 [serving_speech.py:3100] Applied extra_params: {'repetition_penalty': 1.05, 'temperature': 0.9, 'top_k': 50}
[0;36m(APIServer pid=214609)[0;0m INFO 09-25 05:23:42 [stats.py:811] 
[0;36m(APIServer pid=214609)[0;0m INFO 09-25 05:23:42 [stats.py:811] [Overall Summary]
[0;36m(APIServer pid=214609)[0;0m INFO 09-25 05:23:42 [stats.py:811] +-----------------------------+------------+
[0;36m(APIServer pid=214609)[0;0m INFO 09-25 05:23:42 [stats.py:811] | Field                       |      Value |
[0;36m(APIServer pid=214609)[0;0m INFO 09-25 05:23:42 [stats.py:811] +-----------------------------+------------+
[0;36m(APIServer pid=214609)[0;0m INFO 09-25 05:23:42 [stats.py:811] | e2e_requests                |          1 |
[0;36m(APIServer pid=214609)[0;0m INFO 09-25 05:23:42 [stats.py:811] | e2e_wall_time_ms            | 17,259.870 |
[0;36m(APIServer pid=214609)[0;0m INFO 09-25 05:23:42 [stats.py:811] | e2e_total_tokens            |      1,161 |
[0;36m(APIServer pid=214609)[0;0m INFO 09-25 05:23:42 [stats.py:811] | e2e_avg_time_per_request_ms | 17,259.870 |
[0;36m(APIServer pid=214609)[0;0m INFO 09-25 05:23:42 [stats.py:811] | e2e_avg_tokens_per_s        |     67.266 |
[0;36m(APIServer pid=214609)[0;0m INFO 09-25 05:23:42 [stats.py:811] | input_preprocess_time_ms    |      0.068 |
[0;36m(APIServer pid=214609)[0;0m INFO 09-25 05:23:42 [stats.py:811] | e2e_stage_0_wall_time_ms    | 17,217.657 |
[0;36m(APIServer pid=214609)[0;0m INFO 09-25 05:23:42 [stats.py:811] | e2e_stage_1_wall_time_ms    | 17,259.520 |
[0;36m(APIServer pid=214609)[0;0m INFO 09-25 05:23:42 [stats.py:811] +-----------------------------+------------+
[0;36m(APIServer pid=214609)[0;0m INFO 09-25 05:23:42 [stats.py:837] 
[0;36m(APIServer pid=214609)[0;0m INFO 09-25 05:23:42 [stats.py:837] [RequestE2EStats [request_id=speech-b8039cb8e072eca6-93ccf22c]]
[0;36m(APIServer pid=214609)[0;0m INFO 09-25 05:23:42 [stats.py:837] +------------------+------------+
[0;36m(APIServer pid=214609)[0;0m INFO 09-25 05:23:42 [stats.py:837] | Field            |      Value |
[0;36m(APIServer pid=214609)[0;0m INFO 09-25 05:23:42 [stats.py:837] +------------------+------------+
[0;36m(APIServer pid=214609)[0;0m INFO 09-25 05:23:42 [stats.py:837] | e2e_total_ms     | 17,259.658 |
[0;36m(APIServer pid=214609)[0;0m INFO 09-25 05:23:42 [stats.py:837] | e2e_total_tokens |      1,161 |
[0;36m(APIServer pid=214609)[0;0m INFO 09-25 05:23:42 [stats.py:837] +------------------+------------+
[0;36m(APIServer pid=214609)[0;0m INFO 09-25 05:23:42 [stats.py:878] [OmniTiming] req=speech-b8039cb8e072eca6-93ccf22c total=17.26s preprocess=0.00s engine=17.26s stages=[0:17.22s,1:17.26s] transfers=[0->1=0.00ms]
[0;36m(APIServer pid=214609)[0;0m INFO 09-25 05:23:42 [stats.py:920] 
[0;36m(APIServer pid=214609)[0;0m INFO 09-25 05:23:42 [stats.py:920] [StageRequestStats [request_id=speech-b8039cb8e072eca6-93ccf22c]]
[0;36m(APIServer pid=214609)[0;0m INFO 09-25 05:23:42 [stats.py:920] +---------------------------------+----------------+------------------+
[0;36m(APIServer pid=214609)[0;0m INFO 09-25 05:23:42 [stats.py:920] | Field                           |              0 |                1 |
[0;36m(APIServer pid=214609)[0;0m INFO 09-25 05:23:42 [stats.py:920] +---------------------------------+----------------+------------------+
[0;36m(APIServer pid=214609)[0;0m INFO 09-25 05:23:42 [stats.py:920] | audio_duration_s                |          0.000 |           31.840 |
[0;36m(APIServer pid=214609)[0;0m INFO 09-25 05:23:42 [stats.py:920] | audio_generated_frames          |              0 |          764,160 |
[0;36m(APIServer pid=214609)[0;0m INFO 09-25 05:23:42 [stats.py:920] | audio_sample_rate               |              0 |           24,000 |
[0;36m(APIServer pid=214609)[0;0m INFO 09-25 05:23:42 [stats.py:920] | batch_id                        |          2,311 |            2,392 |
[0;36m(APIServer pid=214609)[0;0m INFO 09-25 05:23:42 [stats.py:920] | batch_size                      |              1 |                1 |
[0;36m(APIServer pid=214609)[0;0m INFO 09-25 05:23:42 [stats.py:920] | inter_output_latencies_ms       |                |                  |
[0;36m(APIServer pid=214609)[0;0m INFO 09-25 05:23:42 [stats.py:920] | num_tokens_in                   |            762 |                0 |
[0;36m(APIServer pid=214609)[0;0m INFO 09-25 05:23:42 [stats.py:920] | num_tokens_out                  |            399 |                0 |
[0;36m(APIServer pid=214609)[0;0m INFO 09-25 05:23:42 [stats.py:920] | output_unit_count               |            399 |          764,160 |
[0;36m(APIServer pid=214609)[0;0m INFO 09-25 05:23:42 [stats.py:920] | output_unit_type                |         stream |            audio |
[0;36m(APIServer pid=214609)[0;0m INFO 09-25 05:23:42 [stats.py:920] | serving_time_to_first_output_ms |     17,217.721 |       17,259.597 |
[0;36m(APIServer pid=214609)[0;0m INFO 09-25 05:23:42 [stats.py:920] | stage_gen_time_ms               |     17,217.532 |       17,259.330 |
[0;36m(APIServer pid=214609)[0;0m INFO 09-25 05:23:42 [stats.py:920] | time_per_output_unit_ms         |          0.000 |            0.000 |
[0;36m(APIServer pid=214609)[0;0m INFO 09-25 05:23:42 [stats.py:920] | vllm_itl_ms                     |         42.963 |        1,063.231 |
[0;36m(APIServer pid=214609)[0;0m INFO 09-25 05:23:42 [stats.py:920] | vllm_itls_ms                    | 42.963 (n=398) | 1,063.231 (n=16) |
[0;36m(APIServer pid=214609)[0;0m INFO 09-25 05:23:42 [stats.py:920] | vllm_tpot_ms                    |         42.963 |            0.000 |
[0;36m(APIServer pid=214609)[0;0m INFO 09-25 05:23:42 [stats.py:920] | vllm_ttft_ms                    |        119.506 |          246.839 |
[0;36m(APIServer pid=214609)[0;0m INFO 09-25 05:23:42 [stats.py:920] +---------------------------------+----------------+------------------+
[0;36m(APIServer pid=214609)[0;0m INFO 09-25 05:23:42 [serving_speech.py:3646] [SpeechE2E] request_id=speech-b8039cb8e072eca6 stream=false status=ok total_ms=17270.76 response_bytes=1528364
[0;36m(APIServer pid=214609)[0;0m INFO:     127.0.0.1:58098 - "POST /v1/audio/speech HTTP/1.1" 200 OK
[0;36m(APIServer pid=214609)[0;0m INFO 09-25 05:23:43 [serving_speech.py:3070] TTS speech request speech-97215be869f1b251: model=Base
[0;36m(APIServer pid=214609)[0;0m INFO 09-25 05:23:43 [serving_speech.py:3100] Applied extra_params: {'repetition_penalty': 1.05, 'temperature': 0.9, 'top_k': 50}
[0;36m(APIServer pid=214609)[0;0m INFO 09-25 05:23:43 [stats.py:811] 
[0;36m(APIServer pid=214609)[0;0m INFO 09-25 05:23:43 [stats.py:811] [Overall Summary]
[0;36m(APIServer pid=214609)[0;0m INFO 09-25 05:23:43 [stats.py:811] +-----------------------------+------------+
[0;36m(APIServer pid=214609)[0;0m INFO 09-25 05:23:43 [stats.py:811] | Field                       |      Value |
[0;36m(APIServer pid=214609)[0;0m INFO 09-25 05:23:43 [stats.py:811] +-----------------------------+------------+
[0;36m(APIServer pid=214609)[0;0m INFO 09-25 05:23:43 [stats.py:811] | e2e_requests                |          1 |
[0;36m(APIServer pid=214609)[0;0m INFO 09-25 05:23:43 [stats.py:811] | e2e_wall_time_ms            | 20,500.717 |
[0;36m(APIServer pid=214609)[0;0m INFO 09-25 05:23:43 [stats.py:811] | e2e_total_tokens            |      1,225 |
[0;36m(APIServer pid=214609)[0;0m INFO 09-25 05:23:43 [stats.py:811] | e2e_avg_time_per_request_ms | 20,500.717 |
[0;36m(APIServer pid=214609)[0;0m INFO 09-25 05:23:43 [stats.py:811] | e2e_avg_tokens_per_s        |     59.754 |
[0;36m(APIServer pid=214609)[0;0m INFO 09-25 05:23:43 [stats.py:811] | input_preprocess_time_ms    |      0.053 |
[0;36m(APIServer pid=214609)[0;0m INFO 09-25 05:23:43 [stats.py:811] | e2e_stage_0_wall_time_ms    | 20,462.066 |
[0;36m(APIServer pid=214609)[0;0m INFO 09-25 05:23:43 [stats.py:811] | e2e_stage_1_wall_time_ms    | 20,500.478 |
[0;36m(APIServer pid=214609)[0;0m INFO 09-25 05:23:43 [stats.py:811] +-----------------------------+------------+
[0;36m(APIServer pid=214609)[0;0m INFO 09-25 05:23:43 [stats.py:837] 
[0;36m(APIServer pid=214609)[0;0m INFO 09-25 05:23:43 [stats.py:837] [RequestE2EStats [request_id=speech-b57344eed06c118a-890d504e]]
[0;36m(APIServer pid=214609)[0;0m INFO 09-25 05:23:43 [stats.py:837] +------------------+------------+
[0;36m(APIServer pid=214609)[0;0m INFO 09-25 05:23:43 [stats.py:837] | Field            |      Value |
[0;36m(APIServer pid=214609)[0;0m INFO 09-25 05:23:43 [stats.py:837] +------------------+------------+
[0;36m(APIServer pid=214609)[0;0m INFO 09-25 05:23:43 [stats.py:837] | e2e_total_ms     | 20,500.603 |
[0;36m(APIServer pid=214609)[0;0m INFO 09-25 05:23:43 [stats.py:837] | e2e_total_tokens |      1,225 |
[0;36m(APIServer pid=214609)[0;0m INFO 09-25 05:23:43 [stats.py:837] +------------------+------------+
[0;36m(APIServer pid=214609)[0;0m INFO 09-25 05:23:43 [stats.py:878] [OmniTiming] req=speech-b57344eed06c118a-890d504e total=20.50s preprocess=0.00s engine=20.50s stages=[0:20.46s,1:20.50s] transfers=[0->1=0.00ms]
[0;36m(APIServer pid=214609)[0;0m INFO 09-25 05:23:43 [stats.py:920] 
[0;36m(APIServer pid=214609)[0;0m INFO 09-25 05:23:43 [stats.py:920] [StageRequestStats [request_id=speech-b57344eed06c118a-890d504e]]
[0;36m(APIServer pid=214609)[0;0m INFO 09-25 05:23:43 [stats.py:920] +---------------------------------+----------------+------------------+
[0;36m(APIServer pid=214609)[0;0m INFO 09-25 05:23:43 [stats.py:920] | Field                           |              0 |                1 |
[0;36m(APIServer pid=214609)[0;0m INFO 09-25 05:23:43 [stats.py:920] +---------------------------------+----------------+------------------+
[0;36m(APIServer pid=214609)[0;0m INFO 09-25 05:23:43 [stats.py:920] | audio_duration_s                |          0.000 |           36.400 |
[0;36m(APIServer pid=214609)[0;0m INFO 09-25 05:23:43 [stats.py:920] | audio_generated_frames          |              0 |          873,600 |
[0;36m(APIServer pid=214609)[0;0m INFO 09-25 05:23:43 [stats.py:920] | audio_sample_rate               |              0 |           24,000 |
[0;36m(APIServer pid=214609)[0;0m INFO 09-25 05:23:43 [stats.py:920] | batch_id                        |          2,312 |            2,393 |
[0;36m(APIServer pid=214609)[0;0m INFO 09-25 05:23:43 [stats.py:920] | batch_size                      |              1 |                1 |
[0;36m(APIServer pid=214609)[0;0m INFO 09-25 05:23:43 [stats.py:920] | inter_output_latencies_ms       |                |                  |
[0;36m(APIServer pid=214609)[0;0m INFO 09-25 05:23:43 [stats.py:920] | num_tokens_in                   |            769 |                0 |
[0;36m(APIServer pid=214609)[0;0m INFO 09-25 05:23:43 [stats.py:920] | num_tokens_out                  |            456 |                0 |
[0;36m(APIServer pid=214609)[0;0m INFO 09-25 05:23:43 [stats.py:920] | output_unit_count               |            456 |          873,600 |
[0;36m(APIServer pid=214609)[0;0m INFO 09-25 05:23:43 [stats.py:920] | output_unit_type                |         stream |            audio |
[0;36m(APIServer pid=214609)[0;0m INFO 09-25 05:23:43 [stats.py:920] | serving_time_to_first_output_ms |     20,461.647 |       20,500.252 |
[0;36m(APIServer pid=214609)[0;0m INFO 09-25 05:23:43 [stats.py:920] | stage_gen_time_ms               |     20,461.525 |       20,500.118 |
[0;36m(APIServer pid=214609)[0;0m INFO 09-25 05:23:43 [stats.py:920] | time_per_output_unit_ms         |          0.000 |            0.000 |
[0;36m(APIServer pid=214609)[0;0m INFO 09-25 05:23:43 [stats.py:920] | vllm_itl_ms                     |         44.403 |        1,057.180 |
[0;36m(APIServer pid=214609)[0;0m INFO 09-25 05:23:43 [stats.py:920] | vllm_itls_ms                    | 44.403 (n=455) | 1,057.180 (n=19) |
[0;36m(APIServer pid=214609)[0;0m INFO 09-25 05:23:43 [stats.py:920] | vllm_tpot_ms                    |         44.403 |            0.000 |
[0;36m(APIServer pid=214609)[0;0m INFO 09-25 05:23:43 [stats.py:920] | vllm_ttft_ms                    |        260.360 |          412.888 |
[0;36m(APIServer pid=214609)[0;0m INFO 09-25 05:23:43 [stats.py:920] +---------------------------------+----------------+------------------+
[0;36m(APIServer pid=214609)[0;0m INFO 09-25 05:23:43 [serving_speech.py:3646] [SpeechE2E] request_id=speech-b57344eed06c118a stream=false status=ok total_ms=20510.52 response_bytes=1747244
[0;36m(APIServer pid=214609)[0;0m INFO:     127.0.0.1:58176 - "POST /v1/audio/speech HTTP/1.1" 200 OK
[0;36m(APIServer pid=214609)[0;0m INFO 09-25 05:23:43 [serving_speech.py:3070] TTS speech request speech-9d4744af5155eaaa: model=Base
[0;36m(APIServer pid=214609)[0;0m INFO 09-25 05:23:43 [serving_speech.py:3100] Applied extra_params: {'repetition_penalty': 1.05, 'temperature': 0.9, 'top_k': 50}
[0;36m(APIServer pid=214609)[0;0m INFO 09-25 05:23:44 [stats.py:811] 
[0;36m(APIServer pid=214609)[0;0m INFO 09-25 05:23:44 [stats.py:811] [Overall Summary]
[0;36m(APIServer pid=214609)[0;0m INFO 09-25 05:23:44 [stats.py:811] +-----------------------------+------------+
[0;36m(APIServer pid=214609)[0;0m INFO 09-25 05:23:44 [stats.py:811] | Field                       |      Value |
[0;36m(APIServer pid=214609)[0;0m INFO 09-25 05:23:44 [stats.py:811] +-----------------------------+------------+
[0;36m(APIServer pid=214609)[0;0m INFO 09-25 05:23:44 [stats.py:811] | e2e_requests                |          1 |
[0;36m(APIServer pid=214609)[0;0m INFO 09-25 05:23:44 [stats.py:811] | e2e_wall_time_ms            | 19,846.821 |
[0;36m(APIServer pid=214609)[0;0m INFO 09-25 05:23:44 [stats.py:811] | e2e_total_tokens            |      1,222 |
[0;36m(APIServer pid=214609)[0;0m INFO 09-25 05:23:44 [stats.py:811] | e2e_avg_time_per_request_ms | 19,846.821 |
[0;36m(APIServer pid=214609)[0;0m INFO 09-25 05:23:44 [stats.py:811] | e2e_avg_tokens_per_s        |     61.572 |
[0;36m(APIServer pid=214609)[0;0m INFO 09-25 05:23:44 [stats.py:811] | input_preprocess_time_ms    |      0.065 |
[0;36m(APIServer pid=214609)[0;0m INFO 09-25 05:23:44 [stats.py:811] | e2e_stage_0_wall_time_ms    | 19,594.110 |
[0;36m(APIServer pid=214609)[0;0m INFO 09-25 05:23:44 [stats.py:811] | e2e_stage_1_wall_time_ms    | 19,846.523 |
[0;36m(APIServer pid=214609)[0;0m INFO 09-25 05:23:44 [stats.py:811] +-----------------------------+------------+
[0;36m(APIServer pid=214609)[0;0m INFO 09-25 05:23:44 [stats.py:837] 
[0;36m(APIServer pid=214609)[0;0m INFO 09-25 05:23:44 [stats.py:837] [RequestE2EStats [request_id=speech-8ad0df24295b86b1-9bab7ac2]]
[0;36m(APIServer pid=214609)[0;0m INFO 09-25 05:23:44 [stats.py:837] +------------------+------------+
[0;36m(APIServer pid=214609)[0;0m INFO 09-25 05:23:44 [stats.py:837] | Field            |      Value |
[0;36m(APIServer pid=214609)[0;0m INFO 09-25 05:23:44 [stats.py:837] +------------------+------------+
[0;36m(APIServer pid=214609)[0;0m INFO 09-25 05:23:44 [stats.py:837] | e2e_total_ms     | 19,846.682 |
[0;36m(APIServer pid=214609)[0;0m INFO 09-25 05:23:44 [stats.py:837] | e2e_total_tokens |      1,222 |
[0;36m(APIServer pid=214609)[0;0m INFO 09-25 05:23:44 [stats.py:837] +------------------+------------+
[0;36m(APIServer pid=214609)[0;0m INFO 09-25 05:23:44 [stats.py:878] [OmniTiming] req=speech-8ad0df24295b86b1-9bab7ac2 total=19.85s preprocess=0.00s engine=19.85s stages=[0:19.59s,1:19.85s] transfers=[0->1=0.00ms]
[0;36m(APIServer pid=214609)[0;0m INFO 09-25 05:23:44 [stats.py:920] 
[0;36m(APIServer pid=214609)[0;0m INFO 09-25 05:23:44 [stats.py:920] [StageRequestStats [request_id=speech-8ad0df24295b86b1-9bab7ac2]]
[0;36m(APIServer pid=214609)[0;0m INFO 09-25 05:23:44 [stats.py:920] +---------------------------------+----------------+------------------+
[0;36m(APIServer pid=214609)[0;0m INFO 09-25 05:23:44 [stats.py:920] | Field                           |              0 |                1 |
[0;36m(APIServer pid=214609)[0;0m INFO 09-25 05:23:44 [stats.py:920] +---------------------------------+----------------+------------------+
[0;36m(APIServer pid=214609)[0;0m INFO 09-25 05:23:44 [stats.py:920] | audio_duration_s                |          0.000 |           35.280 |
[0;36m(APIServer pid=214609)[0;0m INFO 09-25 05:23:44 [stats.py:920] | audio_generated_frames          |              0 |          846,720 |
[0;36m(APIServer pid=214609)[0;0m INFO 09-25 05:23:44 [stats.py:920] | audio_sample_rate               |              0 |           24,000 |
[0;36m(APIServer pid=214609)[0;0m INFO 09-25 05:23:44 [stats.py:920] | batch_id                        |          2,313 |            2,394 |
[0;36m(APIServer pid=214609)[0;0m INFO 09-25 05:23:44 [stats.py:920] | batch_size                      |              1 |                1 |
[0;36m(APIServer pid=214609)[0;0m INFO 09-25 05:23:44 [stats.py:920] | inter_output_latencies_ms       |                |                  |
[0;36m(APIServer pid=214609)[0;0m INFO 09-25 05:23:44 [stats.py:920] | num_tokens_in                   |            780 |                0 |
[0;36m(APIServer pid=214609)[0;0m INFO 09-25 05:23:44 [stats.py:920] | num_tokens_out                  |            442 |                0 |
[0;36m(APIServer pid=214609)[0;0m INFO 09-25 05:23:44 [stats.py:920] | output_unit_count               |            442 |          846,720 |
[0;36m(APIServer pid=214609)[0;0m INFO 09-25 05:23:44 [stats.py:920] | output_unit_type                |         stream |            audio |
[0;36m(APIServer pid=214609)[0;0m INFO 09-25 05:23:44 [stats.py:920] | serving_time_to_first_output_ms |     19,594.125 |       19,845.613 |
[0;36m(APIServer pid=214609)[0;0m INFO 09-25 05:23:44 [stats.py:920] | stage_gen_time_ms               |     19,593.966 |       19,845.412 |
[0;36m(APIServer pid=214609)[0;0m INFO 09-25 05:23:44 [stats.py:920] | time_per_output_unit_ms         |          0.000 |            0.000 |
[0;36m(APIServer pid=214609)[0;0m INFO 09-25 05:23:44 [stats.py:920] | vllm_itl_ms                     |         44.040 |        1,084.776 |
[0;36m(APIServer pid=214609)[0;0m INFO 09-25 05:23:44 [stats.py:920] | vllm_itls_ms                    | 44.040 (n=441) | 1,084.776 (n=18) |
[0;36m(APIServer pid=214609)[0;0m INFO 09-25 05:23:44 [stats.py:920] | vllm_tpot_ms                    |         44.040 |            0.000 |
[0;36m(APIServer pid=214609)[0;0m INFO 09-25 05:23:44 [stats.py:920] | vllm_ttft_ms                    |        172.181 |          315.417 |
[0;36m(APIServer pid=214609)[0;0m INFO 09-25 05:23:44 [stats.py:920] +---------------------------------+----------------+------------------+
[0;36m(APIServer pid=214609)[0;0m INFO 09-25 05:23:44 [serving_speech.py:3646] [SpeechE2E] request_id=speech-8ad0df24295b86b1 stream=false status=ok total_ms=19859.56 response_bytes=1693484
[0;36m(APIServer pid=214609)[0;0m INFO:     127.0.0.1:58186 - "POST /v1/audio/speech HTTP/1.1" 200 OK
[0;36m(APIServer pid=214609)[0;0m INFO 09-25 05:23:44 [serving_speech.py:3070] TTS speech request speech-9d3815583d505aca: model=Base
[0;36m(APIServer pid=214609)[0;0m INFO 09-25 05:23:44 [serving_speech.py:3100] Applied extra_params: {'repetition_penalty': 1.05, 'temperature': 0.9, 'top_k': 50}
[0;36m(APIServer pid=214609)[0;0m INFO 09-25 05:23:44 [stats.py:811] 
[0;36m(APIServer pid=214609)[0;0m INFO 09-25 05:23:44 [stats.py:811] [Overall Summary]
[0;36m(APIServer pid=214609)[0;0m INFO 09-25 05:23:44 [stats.py:811] +-----------------------------+------------+
[0;36m(APIServer pid=214609)[0;0m INFO 09-25 05:23:44 [stats.py:811] | Field                       |      Value |
[0;36m(APIServer pid=214609)[0;0m INFO 09-25 05:23:44 [stats.py:811] +-----------------------------+------------+
[0;36m(APIServer pid=214609)[0;0m INFO 09-25 05:23:44 [stats.py:811] | e2e_requests                |          1 |
[0;36m(APIServer pid=214609)[0;0m INFO 09-25 05:23:44 [stats.py:811] | e2e_wall_time_ms            | 21,384.011 |
[0;36m(APIServer pid=214609)[0;0m INFO 09-25 05:23:44 [stats.py:811] | e2e_total_tokens            |      1,246 |
[0;36m(APIServer pid=214609)[0;0m INFO 09-25 05:23:44 [stats.py:811] | e2e_avg_time_per_request_ms | 21,384.011 |
[0;36m(APIServer pid=214609)[0;0m INFO 09-25 05:23:44 [stats.py:811] | e2e_avg_tokens_per_s        |     58.268 |
[0;36m(APIServer pid=214609)[0;0m INFO 09-25 05:23:44 [stats.py:811] | input_preprocess_time_ms    |      0.063 |
[0;36m(APIServer pid=214609)[0;0m INFO 09-25 05:23:44 [stats.py:811] | e2e_stage_0_wall_time_ms    | 21,343.595 |
[0;36m(APIServer pid=214609)[0;0m INFO 09-25 05:23:44 [stats.py:811] | e2e_stage_1_wall_time_ms    | 21,383.638 |
[0;36m(APIServer pid=214609)[0;0m INFO 09-25 05:23:44 [stats.py:811] +-----------------------------+------------+
[0;36m(APIServer pid=214609)[0;0m INFO 09-25 05:23:44 [stats.py:837] 
[0;36m(APIServer pid=214609)[0;0m INFO 09-25 05:23:44 [stats.py:837] [RequestE2EStats [request_id=speech-b971cbf49de89736-ab4dc492]]
[0;36m(APIServer pid=214609)[0;0m INFO 09-25 05:23:44 [stats.py:837] +------------------+------------+
[0;36m(APIServer pid=214609)[0;0m INFO 09-25 05:23:44 [stats.py:837] | Field            |      Value |
[0;36m(APIServer pid=214609)[0;0m INFO 09-25 05:23:44 [stats.py:837] +------------------+------------+
[0;36m(APIServer pid=214609)[0;0m INFO 09-25 05:23:44 [stats.py:837] | e2e_total_ms     | 21,383.775 |
[0;36m(APIServer pid=214609)[0;0m INFO 09-25 05:23:44 [stats.py:837] | e2e_total_tokens |      1,246 |
[0;36m(APIServer pid=214609)[0;0m INFO 09-25 05:23:44 [stats.py:837] +------------------+------------+
[0;36m(APIServer pid=214609)[0;0m INFO 09-25 05:23:44 [stats.py:878] [OmniTiming] req=speech-b971cbf49de89736-ab4dc492 total=21.38s preprocess=0.00s engine=21.38s stages=[0:21.34s,1:21.38s] transfers=[0->1=0.00ms]
[0;36m(APIServer pid=214609)[0;0m INFO 09-25 05:23:44 [stats.py:920] 
[0;36m(APIServer pid=214609)[0;0m INFO 09-25 05:23:44 [stats.py:920] [StageRequestStats [request_id=speech-b971cbf49de89736-ab4dc492]]
[0;36m(APIServer pid=214609)[0;0m INFO 09-25 05:23:44 [stats.py:920] +---------------------------------+----------------+------------------+
[0;36m(APIServer pid=214609)[0;0m INFO 09-25 05:23:44 [stats.py:920] | Field                           |              0 |                1 |
[0;36m(APIServer pid=214609)[0;0m INFO 09-25 05:23:44 [stats.py:920] +---------------------------------+----------------+------------------+
[0;36m(APIServer pid=214609)[0;0m INFO 09-25 05:23:44 [stats.py:920] | audio_duration_s                |          0.000 |           37.680 |
[0;36m(APIServer pid=214609)[0;0m INFO 09-25 05:23:44 [stats.py:920] | audio_generated_frames          |              0 |          904,320 |
[0;36m(APIServer pid=214609)[0;0m INFO 09-25 05:23:44 [stats.py:920] | audio_sample_rate               |              0 |           24,000 |
[0;36m(APIServer pid=214609)[0;0m INFO 09-25 05:23:44 [stats.py:920] | batch_id                        |          2,314 |            2,395 |
[0;36m(APIServer pid=214609)[0;0m INFO 09-25 05:23:44 [stats.py:920] | batch_size                      |              1 |                1 |
[0;36m(APIServer pid=214609)[0;0m INFO 09-25 05:23:44 [stats.py:920] | inter_output_latencies_ms       |                |                  |
[0;36m(APIServer pid=214609)[0;0m INFO 09-25 05:23:44 [stats.py:920] | num_tokens_in                   |            774 |                0 |
[0;36m(APIServer pid=214609)[0;0m INFO 09-25 05:23:44 [stats.py:920] | num_tokens_out                  |            472 |                0 |
[0;36m(APIServer pid=214609)[0;0m INFO 09-25 05:23:44 [stats.py:920] | output_unit_count               |            472 |          904,320 |
[0;36m(APIServer pid=214609)[0;0m INFO 09-25 05:23:44 [stats.py:920] | output_unit_type                |         stream |            audio |
[0;36m(APIServer pid=214609)[0;0m INFO 09-25 05:23:44 [stats.py:920] | serving_time_to_first_output_ms |     21,343.579 |       21,383.341 |
[0;36m(APIServer pid=214609)[0;0m INFO 09-25 05:23:44 [stats.py:920] | stage_gen_time_ms               |     21,343.370 |       21,383.079 |
[0;36m(APIServer pid=214609)[0;0m INFO 09-25 05:23:44 [stats.py:920] | time_per_output_unit_ms         |          0.000 |            0.000 |
[0;36m(APIServer pid=214609)[0;0m INFO 09-25 05:23:44 [stats.py:920] | vllm_itl_ms                     |         45.000 |        1,110.224 |
[0;36m(APIServer pid=214609)[0;0m INFO 09-25 05:23:44 [stats.py:920] | vllm_itls_ms                    | 45.000 (n=471) | 1,110.224 (n=19) |
[0;36m(APIServer pid=214609)[0;0m INFO 09-25 05:23:44 [stats.py:920] | vllm_tpot_ms                    |         45.000 |            0.000 |
[0;36m(APIServer pid=214609)[0;0m INFO 09-25 05:23:44 [stats.py:920] | vllm_ttft_ms                    |        150.033 |          287.675 |
[0;36m(APIServer pid=214609)[0;0m INFO 09-25 05:23:44 [stats.py:920] +---------------------------------+----------------+------------------+
[0;36m(APIServer pid=214609)[0;0m INFO 09-25 05:23:44 [serving_speech.py:3646] [SpeechE2E] request_id=speech-b971cbf49de89736 stream=false status=ok total_ms=21396.86 response_bytes=1808684
[0;36m(APIServer pid=214609)[0;0m INFO:     127.0.0.1:58102 - "POST /v1/audio/speech HTTP/1.1" 200 OK
[0;36m(APIServer pid=214609)[0;0m INFO 09-25 05:23:44 [serving_speech.py:3070] TTS speech request speech-85fe009120cb1eb3: model=Base
[0;36m(APIServer pid=214609)[0;0m INFO 09-25 05:23:44 [serving_speech.py:3100] Applied extra_params: {'repetition_penalty': 1.05, 'temperature': 0.9, 'top_k': 50}
[0;36m(APIServer pid=214609)[0;0m INFO 09-25 05:23:44 [stats.py:811] 
[0;36m(APIServer pid=214609)[0;0m INFO 09-25 05:23:44 [stats.py:811] [Overall Summary]
[0;36m(APIServer pid=214609)[0;0m INFO 09-25 05:23:44 [stats.py:811] +-----------------------------+------------+
[0;36m(APIServer pid=214609)[0;0m INFO 09-25 05:23:44 [stats.py:811] | Field                       |      Value |
[0;36m(APIServer pid=214609)[0;0m INFO 09-25 05:23:44 [stats.py:811] +-----------------------------+------------+
[0;36m(APIServer pid=214609)[0;0m INFO 09-25 05:23:44 [stats.py:811] | e2e_requests                |          1 |
[0;36m(APIServer pid=214609)[0;0m INFO 09-25 05:23:44 [stats.py:811] | e2e_wall_time_ms            | 21,519.933 |
[0;36m(APIServer pid=214609)[0;0m INFO 09-25 05:23:44 [stats.py:811] | e2e_total_tokens            |      1,241 |
[0;36m(APIServer pid=214609)[0;0m INFO 09-25 05:23:44 [stats.py:811] | e2e_avg_time_per_request_ms | 21,519.933 |
[0;36m(APIServer pid=214609)[0;0m INFO 09-25 05:23:44 [stats.py:811] | e2e_avg_tokens_per_s        |     57.667 |
[0;36m(APIServer pid=214609)[0;0m INFO 09-25 05:23:44 [stats.py:811] | input_preprocess_time_ms    |      0.064 |
[0;36m(APIServer pid=214609)[0;0m INFO 09-25 05:23:44 [stats.py:811] | e2e_stage_0_wall_time_ms    | 21,389.373 |
[0;36m(APIServer pid=214609)[0;0m INFO 09-25 05:23:44 [stats.py:811] | e2e_stage_1_wall_time_ms    | 21,519.393 |
[0;36m(APIServer pid=214609)[0;0m INFO 09-25 05:23:44 [stats.py:811] +-----------------------------+------------+
[0;36m(APIServer pid=214609)[0;0m INFO 09-25 05:23:44 [stats.py:837] 
[0;36m(APIServer pid=214609)[0;0m INFO 09-25 05:23:44 [stats.py:837] [RequestE2EStats [request_id=speech-bc5cbfe27a6f7ad8-ac666623]]
[0;36m(APIServer pid=214609)[0;0m INFO 09-25 05:23:44 [stats.py:837] +------------------+------------+
[0;36m(APIServer pid=214609)[0;0m INFO 09-25 05:23:44 [stats.py:837] | Field            |      Value |
[0;36m(APIServer pid=214609)[0;0m INFO 09-25 05:23:44 [stats.py:837] +------------------+------------+
[0;36m(APIServer pid=214609)[0;0m INFO 09-25 05:23:44 [stats.py:837] | e2e_total_ms     | 21,519.798 |
[0;36m(APIServer pid=214609)[0;0m INFO 09-25 05:23:44 [stats.py:837] | e2e_total_tokens |      1,241 |
[0;36m(APIServer pid=214609)[0;0m INFO 09-25 05:23:44 [stats.py:837] +------------------+------------+
[0;36m(APIServer pid=214609)[0;0m INFO 09-25 05:23:44 [stats.py:878] [OmniTiming] req=speech-bc5cbfe27a6f7ad8-ac666623 total=21.52s preprocess=0.00s engine=21.52s stages=[0:21.39s,1:21.52s] transfers=[0->1=0.00ms]
[0;36m(APIServer pid=214609)[0;0m INFO 09-25 05:23:44 [stats.py:920] 
[0;36m(APIServer pid=214609)[0;0m INFO 09-25 05:23:44 [stats.py:920] [StageRequestStats [request_id=speech-bc5cbfe27a6f7ad8-ac666623]]
[0;36m(APIServer pid=214609)[0;0m INFO 09-25 05:23:44 [stats.py:920] +---------------------------------+----------------+------------------+
[0;36m(APIServer pid=214609)[0;0m INFO 09-25 05:23:44 [stats.py:920] | Field                           |              0 |                1 |
[0;36m(APIServer pid=214609)[0;0m INFO 09-25 05:23:44 [stats.py:920] +---------------------------------+----------------+------------------+
[0;36m(APIServer pid=214609)[0;0m INFO 09-25 05:23:44 [stats.py:920] | audio_duration_s                |          0.000 |           37.760 |
[0;36m(APIServer pid=214609)[0;0m INFO 09-25 05:23:44 [stats.py:920] | audio_generated_frames          |              0 |          906,240 |
[0;36m(APIServer pid=214609)[0;0m INFO 09-25 05:23:44 [stats.py:920] | audio_sample_rate               |              0 |           24,000 |
[0;36m(APIServer pid=214609)[0;0m INFO 09-25 05:23:44 [stats.py:920] | batch_id                        |          2,315 |            2,396 |
[0;36m(APIServer pid=214609)[0;0m INFO 09-25 05:23:44 [stats.py:920] | batch_size                      |              1 |                1 |
[0;36m(APIServer pid=214609)[0;0m INFO 09-25 05:23:44 [stats.py:920] | inter_output_latencies_ms       |                |                  |
[0;36m(APIServer pid=214609)[0;0m INFO 09-25 05:23:44 [stats.py:920] | num_tokens_in                   |            768 |                0 |
[0;36m(APIServer pid=214609)[0;0m INFO 09-25 05:23:44 [stats.py:920] | num_tokens_out                  |            473 |                0 |
[0;36m(APIServer pid=214609)[0;0m INFO 09-25 05:23:44 [stats.py:920] | output_unit_count               |            473 |          906,240 |
[0;36m(APIServer pid=214609)[0;0m INFO 09-25 05:23:44 [stats.py:920] | output_unit_type                |         stream |            audio |
[0;36m(APIServer pid=214609)[0;0m INFO 09-25 05:23:44 [stats.py:920] | serving_time_to_first_output_ms |     21,389.383 |       21,519.347 |
[0;36m(APIServer pid=214609)[0;0m INFO 09-25 05:23:44 [stats.py:920] | stage_gen_time_ms               |     21,389.078 |       21,518.895 |
[0;36m(APIServer pid=214609)[0;0m INFO 09-25 05:23:44 [stats.py:920] | time_per_output_unit_ms         |          0.000 |            0.000 |
[0;36m(APIServer pid=214609)[0;0m INFO 09-25 05:23:44 [stats.py:920] | vllm_itl_ms                     |         44.750 |        1,110.355 |
[0;36m(APIServer pid=214609)[0;0m INFO 09-25 05:23:44 [stats.py:920] | vllm_itls_ms                    | 44.750 (n=472) | 1,110.355 (n=19) |
[0;36m(APIServer pid=214609)[0;0m INFO 09-25 05:23:44 [stats.py:920] | vllm_tpot_ms                    |         44.750 |            0.000 |
[0;36m(APIServer pid=214609)[0;0m INFO 09-25 05:23:44 [stats.py:920] | vllm_ttft_ms                    |        267.236 |          419.450 |
[0;36m(APIServer pid=214609)[0;0m INFO 09-25 05:23:44 [stats.py:920] +---------------------------------+----------------+------------------+
[0;36m(APIServer pid=214609)[0;0m INFO 09-25 05:23:44 [serving_speech.py:3646] [SpeechE2E] request_id=speech-bc5cbfe27a6f7ad8 stream=false status=ok total_ms=21530.36 response_bytes=1812524
[0;36m(APIServer pid=214609)[0;0m INFO:     127.0.0.1:58142 - "POST /v1/audio/speech HTTP/1.1" 200 OK
[0;36m(APIServer pid=214609)[0;0m INFO 09-25 05:23:44 [serving_speech.py:3070] TTS speech request speech-b2fa9dffb9f96b3b: model=Base
[0;36m(APIServer pid=214609)[0;0m INFO 09-25 05:23:44 [serving_speech.py:3100] Applied extra_params: {'repetition_penalty': 1.05, 'temperature': 0.9, 'top_k': 50}
[0;36m(APIServer pid=214609)[0;0m INFO 09-25 05:23:44 [stats.py:811] 
[0;36m(APIServer pid=214609)[0;0m INFO 09-25 05:23:44 [stats.py:811] [Overall Summary]
[0;36m(APIServer pid=214609)[0;0m INFO 09-25 05:23:44 [stats.py:811] +-----------------------------+------------+
[0;36m(APIServer pid=214609)[0;0m INFO 09-25 05:23:44 [stats.py:811] | Field                       |      Value |
[0;36m(APIServer pid=214609)[0;0m INFO 09-25 05:23:44 [stats.py:811] +-----------------------------+------------+
[0;36m(APIServer pid=214609)[0;0m INFO 09-25 05:23:44 [stats.py:811] | e2e_requests                |          1 |
[0;36m(APIServer pid=214609)[0;0m INFO 09-25 05:23:44 [stats.py:811] | e2e_wall_time_ms            | 18,834.956 |
[0;36m(APIServer pid=214609)[0;0m INFO 09-25 05:23:44 [stats.py:811] | e2e_total_tokens            |      1,144 |
[0;36m(APIServer pid=214609)[0;0m INFO 09-25 05:23:44 [stats.py:811] | e2e_avg_time_per_request_ms | 18,834.956 |
[0;36m(APIServer pid=214609)[0;0m INFO 09-25 05:23:44 [stats.py:811] | e2e_avg_tokens_per_s        |     60.738 |
[0;36m(APIServer pid=214609)[0;0m INFO 09-25 05:23:44 [stats.py:811] | input_preprocess_time_ms    |      0.063 |
[0;36m(APIServer pid=214609)[0;0m INFO 09-25 05:23:44 [stats.py:811] | e2e_stage_0_wall_time_ms    | 18,768.347 |
[0;36m(APIServer pid=214609)[0;0m INFO 09-25 05:23:44 [stats.py:811] | e2e_stage_1_wall_time_ms    | 18,834.627 |
[0;36m(APIServer pid=214609)[0;0m INFO 09-25 05:23:44 [stats.py:811] +-----------------------------+------------+
[0;36m(APIServer pid=214609)[0;0m INFO 09-25 05:23:44 [stats.py:837] 
[0;36m(APIServer pid=214609)[0;0m INFO 09-25 05:23:44 [stats.py:837] [RequestE2EStats [request_id=speech-a4d1e1b08285ab2e-873935f5]]
[0;36m(APIServer pid=214609)[0;0m INFO 09-25 05:23:44 [stats.py:837] +------------------+------------+
[0;36m(APIServer pid=214609)[0;0m INFO 09-25 05:23:44 [stats.py:837] | Field            |      Value |
[0;36m(APIServer pid=214609)[0;0m INFO 09-25 05:23:44 [stats.py:837] +------------------+------------+
[0;36m(APIServer pid=214609)[0;0m INFO 09-25 05:23:44 [stats.py:837] | e2e_total_ms     | 18,834.769 |
[0;36m(APIServer pid=214609)[0;0m INFO 09-25 05:23:44 [stats.py:837] | e2e_total_tokens |      1,144 |
[0;36m(APIServer pid=214609)[0;0m INFO 09-25 05:23:44 [stats.py:837] +------------------+------------+
[0;36m(APIServer pid=214609)[0;0m INFO 09-25 05:23:44 [stats.py:878] [OmniTiming] req=speech-a4d1e1b08285ab2e-873935f5 total=18.83s preprocess=0.00s engine=18.83s stages=[0:18.77s,1:18.83s] transfers=[0->1=0.00ms]
[0;36m(APIServer pid=214609)[0;0m INFO 09-25 05:23:44 [stats.py:920] 
[0;36m(APIServer pid=214609)[0;0m INFO 09-25 05:23:44 [stats.py:920] [StageRequestStats [request_id=speech-a4d1e1b08285ab2e-873935f5]]
[0;36m(APIServer pid=214609)[0;0m INFO 09-25 05:23:44 [stats.py:920] +---------------------------------+----------------+------------------+
[0;36m(APIServer pid=214609)[0;0m INFO 09-25 05:23:44 [stats.py:920] | Field                           |              0 |                1 |
[0;36m(APIServer pid=214609)[0;0m INFO 09-25 05:23:44 [stats.py:920] +---------------------------------+----------------+------------------+
[0;36m(APIServer pid=214609)[0;0m INFO 09-25 05:23:44 [stats.py:920] | audio_duration_s                |          0.000 |           34.240 |
[0;36m(APIServer pid=214609)[0;0m INFO 09-25 05:23:44 [stats.py:920] | audio_generated_frames          |              0 |          821,760 |
[0;36m(APIServer pid=214609)[0;0m INFO 09-25 05:23:44 [stats.py:920] | audio_sample_rate               |              0 |           24,000 |
[0;36m(APIServer pid=214609)[0;0m INFO 09-25 05:23:44 [stats.py:920] | batch_id                        |          2,316 |            2,397 |
[0;36m(APIServer pid=214609)[0;0m INFO 09-25 05:23:44 [stats.py:920] | batch_size                      |              1 |                1 |
[0;36m(APIServer pid=214609)[0;0m INFO 09-25 05:23:44 [stats.py:920] | inter_output_latencies_ms       |                |                  |
[0;36m(APIServer pid=214609)[0;0m INFO 09-25 05:23:44 [stats.py:920] | num_tokens_in                   |            715 |                0 |
[0;36m(APIServer pid=214609)[0;0m INFO 09-25 05:23:44 [stats.py:920] | num_tokens_out                  |            429 |                0 |
[0;36m(APIServer pid=214609)[0;0m INFO 09-25 05:23:44 [stats.py:920] | output_unit_count               |            429 |          821,760 |
[0;36m(APIServer pid=214609)[0;0m INFO 09-25 05:23:44 [stats.py:920] | output_unit_type                |         stream |            audio |
[0;36m(APIServer pid=214609)[0;0m INFO 09-25 05:23:44 [stats.py:920] | serving_time_to_first_output_ms |     18,768.348 |       18,834.292 |
[0;36m(APIServer pid=214609)[0;0m INFO 09-25 05:23:44 [stats.py:920] | stage_gen_time_ms               |     18,768.170 |       18,834.056 |
[0;36m(APIServer pid=214609)[0;0m INFO 09-25 05:23:44 [stats.py:920] | time_per_output_unit_ms         |          0.000 |            0.000 |
[0;36m(APIServer pid=214609)[0;0m INFO 09-25 05:23:44 [stats.py:920] | vllm_itl_ms                     |         43.561 |        1,032.526 |
[0;36m(APIServer pid=214609)[0;0m INFO 09-25 05:23:44 [stats.py:920] | vllm_itls_ms                    | 43.561 (n=428) | 1,032.526 (n=18) |
[0;36m(APIServer pid=214609)[0;0m INFO 09-25 05:23:44 [stats.py:920] | vllm_tpot_ms                    |         43.561 |            0.000 |
[0;36m(APIServer pid=214609)[0;0m INFO 09-25 05:23:44 [stats.py:920] | vllm_ttft_ms                    |        122.879 |          246.491 |
[0;36m(APIServer pid=214609)[0;0m INFO 09-25 05:23:44 [stats.py:920] +---------------------------------+----------------+------------------+
[0;36m(APIServer pid=214609)[0;0m INFO 09-25 05:23:44 [serving_speech.py:3646] [SpeechE2E] request_id=speech-a4d1e1b08285ab2e stream=false status=ok total_ms=18844.68 response_bytes=1643564
[0;36m(APIServer pid=214609)[0;0m INFO:     127.0.0.1:58136 - "POST /v1/audio/speech HTTP/1.1" 200 OK
[0;36m(APIServer pid=214609)[0;0m INFO 09-25 05:23:44 [serving_speech.py:3070] TTS speech request speech-a752fdf126715e9f: model=Base
[0;36m(APIServer pid=214609)[0;0m INFO 09-25 05:23:44 [serving_speech.py:3100] Applied extra_params: {'repetition_penalty': 1.05, 'temperature': 0.9, 'top_k': 50}
[0;36m(APIServer pid=214609)[0;0m INFO 09-25 05:23:45 [stats.py:811] 
[0;36m(APIServer pid=214609)[0;0m INFO 09-25 05:23:45 [stats.py:811] [Overall Summary]
[0;36m(APIServer pid=214609)[0;0m INFO 09-25 05:23:45 [stats.py:811] +-----------------------------+------------+
[0;36m(APIServer pid=214609)[0;0m INFO 09-25 05:23:45 [stats.py:811] | Field                       |      Value |
[0;36m(APIServer pid=214609)[0;0m INFO 09-25 05:23:45 [stats.py:811] +-----------------------------+------------+
[0;36m(APIServer pid=214609)[0;0m INFO 09-25 05:23:45 [stats.py:811] | e2e_requests                |          1 |
[0;36m(APIServer pid=214609)[0;0m INFO 09-25 05:23:45 [stats.py:811] | e2e_wall_time_ms            | 19,849.752 |
[0;36m(APIServer pid=214609)[0;0m INFO 09-25 05:23:45 [stats.py:811] | e2e_total_tokens            |      1,200 |
[0;36m(APIServer pid=214609)[0;0m INFO 09-25 05:23:45 [stats.py:811] | e2e_avg_time_per_request_ms | 19,849.752 |
[0;36m(APIServer pid=214609)[0;0m INFO 09-25 05:23:45 [stats.py:811] | e2e_avg_tokens_per_s        |     60.454 |
[0;36m(APIServer pid=214609)[0;0m INFO 09-25 05:23:45 [stats.py:811] | input_preprocess_time_ms    |      0.056 |
[0;36m(APIServer pid=214609)[0;0m INFO 09-25 05:23:45 [stats.py:811] | e2e_stage_0_wall_time_ms    | 19,807.095 |
[0;36m(APIServer pid=214609)[0;0m INFO 09-25 05:23:45 [stats.py:811] | e2e_stage_1_wall_time_ms    | 19,849.521 |
[0;36m(APIServer pid=214609)[0;0m INFO 09-25 05:23:45 [stats.py:811] +-----------------------------+------------+
[0;36m(APIServer pid=214609)[0;0m INFO 09-25 05:23:45 [stats.py:837] 
[0;36m(APIServer pid=214609)[0;0m INFO 09-25 05:23:45 [stats.py:837] [RequestE2EStats [request_id=speech-aff0c75a202eba5a-9ed78662]]
[0;36m(APIServer pid=214609)[0;0m INFO 09-25 05:23:45 [stats.py:837] +------------------+------------+
[0;36m(APIServer pid=214609)[0;0m INFO 09-25 05:23:45 [stats.py:837] | Field            |      Value |
[0;36m(APIServer pid=214609)[0;0m INFO 09-25 05:23:45 [stats.py:837] +------------------+------------+
[0;36m(APIServer pid=214609)[0;0m INFO 09-25 05:23:45 [stats.py:837] | e2e_total_ms     | 19,849.637 |
[0;36m(APIServer pid=214609)[0;0m INFO 09-25 05:23:45 [stats.py:837] | e2e_total_tokens |      1,200 |
[0;36m(APIServer pid=214609)[0;0m INFO 09-25 05:23:45 [stats.py:837] +------------------+------------+
[0;36m(APIServer pid=214609)[0;0m INFO 09-25 05:23:45 [stats.py:878] [OmniTiming] req=speech-aff0c75a202eba5a-9ed78662 total=19.85s preprocess=0.00s engine=19.85s stages=[0:19.81s,1:19.85s] transfers=[0->1=0.00ms]
[0;36m(APIServer pid=214609)[0;0m INFO 09-25 05:23:45 [stats.py:920] 
[0;36m(APIServer pid=214609)[0;0m INFO 09-25 05:23:45 [stats.py:920] [StageRequestStats [request_id=speech-aff0c75a202eba5a-9ed78662]]
[0;36m(APIServer pid=214609)[0;0m INFO 09-25 05:23:45 [stats.py:920] +---------------------------------+----------------+------------------+
[0;36m(APIServer pid=214609)[0;0m INFO 09-25 05:23:45 [stats.py:920] | Field                           |              0 |                1 |
[0;36m(APIServer pid=214609)[0;0m INFO 09-25 05:23:45 [stats.py:920] +---------------------------------+----------------+------------------+
[0;36m(APIServer pid=214609)[0;0m INFO 09-25 05:23:45 [stats.py:920] | audio_duration_s                |          0.000 |           35.600 |
[0;36m(APIServer pid=214609)[0;0m INFO 09-25 05:23:45 [stats.py:920] | audio_generated_frames          |              0 |          854,400 |
[0;36m(APIServer pid=214609)[0;0m INFO 09-25 05:23:45 [stats.py:920] | audio_sample_rate               |              0 |           24,000 |
[0;36m(APIServer pid=214609)[0;0m INFO 09-25 05:23:45 [stats.py:920] | batch_id                        |          2,317 |            2,398 |
[0;36m(APIServer pid=214609)[0;0m INFO 09-25 05:23:45 [stats.py:920] | batch_size                      |              1 |                1 |
[0;36m(APIServer pid=214609)[0;0m INFO 09-25 05:23:45 [stats.py:920] | inter_output_latencies_ms       |                |                  |
[0;36m(APIServer pid=214609)[0;0m INFO 09-25 05:23:45 [stats.py:920] | num_tokens_in                   |            754 |                0 |
[0;36m(APIServer pid=214609)[0;0m INFO 09-25 05:23:45 [stats.py:920] | num_tokens_out                  |            446 |                0 |
[0;36m(APIServer pid=214609)[0;0m INFO 09-25 05:23:45 [stats.py:920] | output_unit_count               |            446 |          854,400 |
[0;36m(APIServer pid=214609)[0;0m INFO 09-25 05:23:45 [stats.py:920] | output_unit_type                |         stream |            audio |
[0;36m(APIServer pid=214609)[0;0m INFO 09-25 05:23:45 [stats.py:920] | serving_time_to_first_output_ms |     19,807.070 |       19,849.384 |
[0;36m(APIServer pid=214609)[0;0m INFO 09-25 05:23:45 [stats.py:920] | stage_gen_time_ms               |     19,806.965 |       19,849.259 |
[0;36m(APIServer pid=214609)[0;0m INFO 09-25 05:23:45 [stats.py:920] | time_per_output_unit_ms         |          0.000 |            0.000 |
[0;36m(APIServer pid=214609)[0;0m INFO 09-25 05:23:45 [stats.py:920] | vllm_itl_ms                     |         43.953 |        1,072.507 |
[0;36m(APIServer pid=214609)[0;0m INFO 09-25 05:23:45 [stats.py:920] | vllm_itls_ms                    | 43.953 (n=445) | 1,072.507 (n=18) |
[0;36m(APIServer pid=214609)[0;0m INFO 09-25 05:23:45 [stats.py:920] | vllm_tpot_ms                    |         43.953 |            0.000 |
[0;36m(APIServer pid=214609)[0;0m INFO 09-25 05:23:45 [stats.py:920] | vllm_ttft_ms                    |        248.689 |          541.228 |
[0;36m(APIServer pid=214609)[0;0m INFO 09-25 05:23:45 [stats.py:920] +---------------------------------+----------------+------------------+
[0;36m(APIServer pid=214609)[0;0m INFO 09-25 05:23:45 [serving_speech.py:3646] [SpeechE2E] request_id=speech-aff0c75a202eba5a stream=false status=ok total_ms=19859.29 response_bytes=1708844
[0;36m(APIServer pid=214609)[0;0m INFO:     127.0.0.1:58200 - "POST /v1/audio/speech HTTP/1.1" 200 OK
[0;36m(APIServer pid=214609)[0;0m INFO 09-25 05:23:45 [stats.py:811] 
[0;36m(APIServer pid=214609)[0;0m INFO 09-25 05:23:45 [stats.py:811] [Overall Summary]
[0;36m(APIServer pid=214609)[0;0m INFO 09-25 05:23:45 [stats.py:811] +-----------------------------+------------+
[0;36m(APIServer pid=214609)[0;0m INFO 09-25 05:23:45 [stats.py:811] | Field                       |      Value |
[0;36m(APIServer pid=214609)[0;0m INFO 09-25 05:23:45 [stats.py:811] +-----------------------------+------------+
[0;36m(APIServer pid=214609)[0;0m INFO 09-25 05:23:45 [stats.py:811] | e2e_requests                |          1 |
[0;36m(APIServer pid=214609)[0;0m INFO 09-25 05:23:45 [stats.py:811] | e2e_wall_time_ms            | 20,334.410 |
[0;36m(APIServer pid=214609)[0;0m INFO 09-25 05:23:45 [stats.py:811] | e2e_total_tokens            |      1,228 |
[0;36m(APIServer pid=214609)[0;0m INFO 09-25 05:23:45 [stats.py:811] | e2e_avg_time_per_request_ms | 20,334.410 |
[0;36m(APIServer pid=214609)[0;0m INFO 09-25 05:23:45 [stats.py:811] | e2e_avg_tokens_per_s        |     60.390 |
[0;36m(APIServer pid=214609)[0;0m INFO 09-25 05:23:45 [stats.py:811] | input_preprocess_time_ms    |      0.069 |
[0;36m(APIServer pid=214609)[0;0m INFO 09-25 05:23:45 [stats.py:811] | e2e_stage_0_wall_time_ms    | 20,298.574 |
[0;36m(APIServer pid=214609)[0;0m INFO 09-25 05:23:45 [stats.py:811] | e2e_stage_1_wall_time_ms    | 20,334.099 |
[0;36m(APIServer pid=214609)[0;0m INFO 09-25 05:23:45 [stats.py:811] +-----------------------------+------------+
[0;36m(APIServer pid=214609)[0;0m INFO 09-25 05:23:45 [stats.py:837] 
[0;36m(APIServer pid=214609)[0;0m INFO 09-25 05:23:45 [stats.py:837] [RequestE2EStats [request_id=speech-a0675d490454b498-ab16182b]]
[0;36m(APIServer pid=214609)[0;0m INFO 09-25 05:23:45 [stats.py:837] +------------------+------------+
[0;36m(APIServer pid=214609)[0;0m INFO 09-25 05:23:45 [stats.py:837] | Field            |      Value |
[0;36m(APIServer pid=214609)[0;0m INFO 09-25 05:23:45 [stats.py:837] +------------------+------------+
[0;36m(APIServer pid=214609)[0;0m INFO 09-25 05:23:45 [stats.py:837] | e2e_total_ms     | 20,334.269 |
[0;36m(APIServer pid=214609)[0;0m INFO 09-25 05:23:45 [stats.py:837] | e2e_total_tokens |      1,228 |
[0;36m(APIServer pid=214609)[0;0m INFO 09-25 05:23:45 [stats.py:837] +------------------+------------+
[0;36m(APIServer pid=214609)[0;0m INFO 09-25 05:23:45 [stats.py:878] [OmniTiming] req=speech-a0675d490454b498-ab16182b total=20.33s preprocess=0.00s engine=20.33s stages=[0:20.30s,1:20.33s] transfers=[0->1=0.00ms]
[0;36m(APIServer pid=214609)[0;0m INFO 09-25 05:23:45 [stats.py:920] 
[0;36m(APIServer pid=214609)[0;0m INFO 09-25 05:23:45 [stats.py:920] [StageRequestStats [request_id=speech-a0675d490454b498-ab16182b]]
[0;36m(APIServer pid=214609)[0;0m INFO 09-25 05:23:45 [stats.py:920] +---------------------------------+----------------+------------------+
[0;36m(APIServer pid=214609)[0;0m INFO 09-25 05:23:45 [stats.py:920] | Field                           |              0 |                1 |
[0;36m(APIServer pid=214609)[0;0m INFO 09-25 05:23:45 [stats.py:920] +---------------------------------+----------------+------------------+
[0;36m(APIServer pid=214609)[0;0m INFO 09-25 05:23:45 [stats.py:920] | audio_duration_s                |          0.000 |           36.320 |
[0;36m(APIServer pid=214609)[0;0m INFO 09-25 05:23:45 [stats.py:920] | audio_generated_frames          |              0 |          871,680 |
[0;36m(APIServer pid=214609)[0;0m INFO 09-25 05:23:45 [stats.py:920] | audio_sample_rate               |              0 |           24,000 |
[0;36m(APIServer pid=214609)[0;0m INFO 09-25 05:23:45 [stats.py:920] | batch_id                        |          2,318 |            2,399 |
[0;36m(APIServer pid=214609)[0;0m INFO 09-25 05:23:45 [stats.py:920] | batch_size                      |              1 |                1 |
[0;36m(APIServer pid=214609)[0;0m INFO 09-25 05:23:45 [stats.py:920] | inter_output_latencies_ms       |                |                  |
[0;36m(APIServer pid=214609)[0;0m INFO 09-25 05:23:45 [stats.py:920] | num_tokens_in                   |            773 |                0 |
[0;36m(APIServer pid=214609)[0;0m INFO 09-25 05:23:45 [stats.py:920] | num_tokens_out                  |            455 |                0 |
[0;36m(APIServer pid=214609)[0;0m INFO 09-25 05:23:45 [stats.py:920] | output_unit_count               |            455 |          871,680 |
[0;36m(APIServer pid=214609)[0;0m INFO 09-25 05:23:45 [stats.py:920] | output_unit_type                |         stream |            audio |
[0;36m(APIServer pid=214609)[0;0m INFO 09-25 05:23:45 [stats.py:920] | serving_time_to_first_output_ms |     20,298.415 |       20,333.908 |
[0;36m(APIServer pid=214609)[0;0m INFO 09-25 05:23:45 [stats.py:920] | stage_gen_time_ms               |     20,298.248 |       20,333.696 |
[0;36m(APIServer pid=214609)[0;0m INFO 09-25 05:23:45 [stats.py:920] | time_per_output_unit_ms         |          0.000 |            0.000 |
[0;36m(APIServer pid=214609)[0;0m INFO 09-25 05:23:45 [stats.py:920] | vllm_itl_ms                     |         44.149 |        1,041.317 |
[0;36m(APIServer pid=214609)[0;0m INFO 09-25 05:23:45 [stats.py:920] | vllm_itls_ms                    | 44.149 (n=454) | 1,041.317 (n=19) |
[0;36m(APIServer pid=214609)[0;0m INFO 09-25 05:23:45 [stats.py:920] | vllm_tpot_ms                    |         44.149 |            0.000 |
[0;36m(APIServer pid=214609)[0;0m INFO 09-25 05:23:45 [stats.py:920] | vllm_ttft_ms                    |        255.677 |          548.123 |
[0;36m(APIServer pid=214609)[0;0m INFO 09-25 05:23:45 [stats.py:920] +---------------------------------+----------------+------------------+
[0;36m(APIServer pid=214609)[0;0m INFO 09-25 05:23:45 [serving_speech.py:3646] [SpeechE2E] request_id=speech-a0675d490454b498 stream=false status=ok total_ms=20344.60 response_bytes=1743404
[0;36m(APIServer pid=214609)[0;0m INFO:     127.0.0.1:58104 - "POST /v1/audio/speech HTTP/1.1" 200 OK
[0;36m(APIServer pid=214609)[0;0m INFO 09-25 05:23:46 [stats.py:811] 
[0;36m(APIServer pid=214609)[0;0m INFO 09-25 05:23:46 [stats.py:811] [Overall Summary]
[0;36m(APIServer pid=214609)[0;0m INFO 09-25 05:23:46 [stats.py:811] +-----------------------------+------------+
[0;36m(APIServer pid=214609)[0;0m INFO 09-25 05:23:46 [stats.py:811] | Field                       |      Value |
[0;36m(APIServer pid=214609)[0;0m INFO 09-25 05:23:46 [stats.py:811] +-----------------------------+------------+
[0;36m(APIServer pid=214609)[0;0m INFO 09-25 05:23:46 [stats.py:811] | e2e_requests                |          1 |
[0;36m(APIServer pid=214609)[0;0m INFO 09-25 05:23:46 [stats.py:811] | e2e_wall_time_ms            | 22,118.486 |
[0;36m(APIServer pid=214609)[0;0m INFO 09-25 05:23:46 [stats.py:811] | e2e_total_tokens            |      1,303 |
[0;36m(APIServer pid=214609)[0;0m INFO 09-25 05:23:46 [stats.py:811] | e2e_avg_time_per_request_ms | 22,118.486 |
[0;36m(APIServer pid=214609)[0;0m INFO 09-25 05:23:46 [stats.py:811] | e2e_avg_tokens_per_s        |     58.910 |
[0;36m(APIServer pid=214609)[0;0m INFO 09-25 05:23:46 [stats.py:811] | input_preprocess_time_ms    |      0.063 |
[0;36m(APIServer pid=214609)[0;0m INFO 09-25 05:23:46 [stats.py:811] | e2e_stage_0_wall_time_ms    | 22,016.572 |
[0;36m(APIServer pid=214609)[0;0m INFO 09-25 05:23:46 [stats.py:811] | e2e_stage_1_wall_time_ms    | 22,118.207 |
[0;36m(APIServer pid=214609)[0;0m INFO 09-25 05:23:46 [stats.py:811] +-----------------------------+------------+
[0;36m(APIServer pid=214609)[0;0m INFO 09-25 05:23:46 [stats.py:837] 
[0;36m(APIServer pid=214609)[0;0m INFO 09-25 05:23:46 [stats.py:837] [RequestE2EStats [request_id=speech-8fe370000c2b5319-bbb01b95]]
[0;36m(APIServer pid=214609)[0;0m INFO 09-25 05:23:46 [stats.py:837] +------------------+------------+
[0;36m(APIServer pid=214609)[0;0m INFO 09-25 05:23:46 [stats.py:837] | Field            |      Value |
[0;36m(APIServer pid=214609)[0;0m INFO 09-25 05:23:46 [stats.py:837] +------------------+------------+
[0;36m(APIServer pid=214609)[0;0m INFO 09-25 05:23:46 [stats.py:837] | e2e_total_ms     | 22,118.355 |
[0;36m(APIServer pid=214609)[0;0m INFO 09-25 05:23:46 [stats.py:837] | e2e_total_tokens |      1,303 |
[0;36m(APIServer pid=214609)[0;0m INFO 09-25 05:23:46 [stats.py:837] +------------------+------------+
[0;36m(APIServer pid=214609)[0;0m INFO 09-25 05:23:46 [stats.py:878] [OmniTiming] req=speech-8fe370000c2b5319-bbb01b95 total=22.12s preprocess=0.00s engine=22.12s stages=[0:22.02s,1:22.12s] transfers=[0->1=0.00ms]
[0;36m(APIServer pid=214609)[0;0m INFO 09-25 05:23:46 [stats.py:920] 
[0;36m(APIServer pid=214609)[0;0m INFO 09-25 05:23:46 [stats.py:920] [StageRequestStats [request_id=speech-8fe370000c2b5319-bbb01b95]]
[0;36m(APIServer pid=214609)[0;0m INFO 09-25 05:23:46 [stats.py:920] +---------------------------------+----------------+------------------+
[0;36m(APIServer pid=214609)[0;0m INFO 09-25 05:23:46 [stats.py:920] | Field                           |              0 |                1 |
[0;36m(APIServer pid=214609)[0;0m INFO 09-25 05:23:46 [stats.py:920] +---------------------------------+----------------+------------------+
[0;36m(APIServer pid=214609)[0;0m INFO 09-25 05:23:46 [stats.py:920] | audio_duration_s                |          0.000 |           39.280 |
[0;36m(APIServer pid=214609)[0;0m INFO 09-25 05:23:46 [stats.py:920] | audio_generated_frames          |              0 |          942,720 |
[0;36m(APIServer pid=214609)[0;0m INFO 09-25 05:23:46 [stats.py:920] | audio_sample_rate               |              0 |           24,000 |
[0;36m(APIServer pid=214609)[0;0m INFO 09-25 05:23:46 [stats.py:920] | batch_id                        |          2,319 |            2,400 |
[0;36m(APIServer pid=214609)[0;0m INFO 09-25 05:23:46 [stats.py:920] | batch_size                      |              1 |                1 |
[0;36m(APIServer pid=214609)[0;0m INFO 09-25 05:23:46 [stats.py:920] | inter_output_latencies_ms       |                |                  |
[0;36m(APIServer pid=214609)[0;0m INFO 09-25 05:23:46 [stats.py:920] | num_tokens_in                   |            811 |                0 |
[0;36m(APIServer pid=214609)[0;0m INFO 09-25 05:23:46 [stats.py:920] | num_tokens_out                  |            492 |                0 |
[0;36m(APIServer pid=214609)[0;0m INFO 09-25 05:23:46 [stats.py:920] | output_unit_count               |            492 |          942,720 |
[0;36m(APIServer pid=214609)[0;0m INFO 09-25 05:23:46 [stats.py:920] | output_unit_type                |         stream |            audio |
[0;36m(APIServer pid=214609)[0;0m INFO 09-25 05:23:46 [stats.py:920] | serving_time_to_first_output_ms |     22,016.484 |       22,117.562 |
[0;36m(APIServer pid=214609)[0;0m INFO 09-25 05:23:46 [stats.py:920] | stage_gen_time_ms               |     22,016.376 |       22,117.377 |
[0;36m(APIServer pid=214609)[0;0m INFO 09-25 05:23:46 [stats.py:920] | time_per_output_unit_ms         |          0.000 |            0.000 |
[0;36m(APIServer pid=214609)[0;0m INFO 09-25 05:23:46 [stats.py:920] | vllm_itl_ms                     |         44.427 |        1,082.740 |
[0;36m(APIServer pid=214609)[0;0m INFO 09-25 05:23:46 [stats.py:920] | vllm_itls_ms                    | 44.427 (n=491) | 1,082.740 (n=20) |
[0;36m(APIServer pid=214609)[0;0m INFO 09-25 05:23:46 [stats.py:920] | vllm_tpot_ms                    |         44.427 |            0.000 |
[0;36m(APIServer pid=214609)[0;0m INFO 09-25 05:23:46 [stats.py:920] | vllm_ttft_ms                    |        202.392 |          460.099 |
[0;36m(APIServer pid=214609)[0;0m INFO 09-25 05:23:46 [stats.py:920] +---------------------------------+----------------+------------------+
[0;36m(APIServer pid=214609)[0;0m INFO 09-25 05:23:46 [serving_speech.py:3646] [SpeechE2E] request_id=speech-8fe370000c2b5319 stream=false status=ok total_ms=22128.86 response_bytes=1885484
[0;36m(APIServer pid=214609)[0;0m INFO:     127.0.0.1:58210 - "POST /v1/audio/speech HTTP/1.1" 200 OK
[0;36m(APIServer pid=214609)[0;0m INFO 09-25 05:23:47 [stats.py:811] 
[0;36m(APIServer pid=214609)[0;0m INFO 09-25 05:23:47 [stats.py:811] [Overall Summary]
[0;36m(APIServer pid=214609)[0;0m INFO 09-25 05:23:47 [stats.py:811] +-----------------------------+------------+
[0;36m(APIServer pid=214609)[0;0m INFO 09-25 05:23:47 [stats.py:811] | Field                       |      Value |
[0;36m(APIServer pid=214609)[0;0m INFO 09-25 05:23:47 [stats.py:811] +-----------------------------+------------+
[0;36m(APIServer pid=214609)[0;0m INFO 09-25 05:23:47 [stats.py:811] | e2e_requests                |          1 |
[0;36m(APIServer pid=214609)[0;0m INFO 09-25 05:23:47 [stats.py:811] | e2e_wall_time_ms            | 17,620.849 |
[0;36m(APIServer pid=214609)[0;0m INFO 09-25 05:23:47 [stats.py:811] | e2e_total_tokens            |      1,149 |
[0;36m(APIServer pid=214609)[0;0m INFO 09-25 05:23:47 [stats.py:811] | e2e_avg_time_per_request_ms | 17,620.849 |
[0;36m(APIServer pid=214609)[0;0m INFO 09-25 05:23:47 [stats.py:811] | e2e_avg_tokens_per_s        |     65.207 |
[0;36m(APIServer pid=214609)[0;0m INFO 09-25 05:23:47 [stats.py:811] | input_preprocess_time_ms    |      0.064 |
[0;36m(APIServer pid=214609)[0;0m INFO 09-25 05:23:47 [stats.py:811] | e2e_stage_0_wall_time_ms    | 17,516.034 |
[0;36m(APIServer pid=214609)[0;0m INFO 09-25 05:23:47 [stats.py:811] | e2e_stage_1_wall_time_ms    | 17,620.527 |
[0;36m(APIServer pid=214609)[0;0m INFO 09-25 05:23:47 [stats.py:811] +-----------------------------+------------+
[0;36m(APIServer pid=214609)[0;0m INFO 09-25 05:23:47 [stats.py:837] 
[0;36m(APIServer pid=214609)[0;0m INFO 09-25 05:23:47 [stats.py:837] [RequestE2EStats [request_id=speech-91babb95bdc99664-b5ce567a]]
[0;36m(APIServer pid=214609)[0;0m INFO 09-25 05:23:47 [stats.py:837] +------------------+------------+
[0;36m(APIServer pid=214609)[0;0m INFO 09-25 05:23:47 [stats.py:837] | Field            |      Value |
[0;36m(APIServer pid=214609)[0;0m INFO 09-25 05:23:47 [stats.py:837] +------------------+------------+
[0;36m(APIServer pid=214609)[0;0m INFO 09-25 05:23:47 [stats.py:837] | e2e_total_ms     | 17,620.714 |
[0;36m(APIServer pid=214609)[0;0m INFO 09-25 05:23:47 [stats.py:837] | e2e_total_tokens |      1,149 |
[0;36m(APIServer pid=214609)[0;0m INFO 09-25 05:23:47 [stats.py:837] +------------------+------------+
[0;36m(APIServer pid=214609)[0;0m INFO 09-25 05:23:47 [stats.py:878] [OmniTiming] req=speech-91babb95bdc99664-b5ce567a total=17.62s preprocess=0.00s engine=17.62s stages=[0:17.52s,1:17.62s] transfers=[0->1=0.00ms]
[0;36m(APIServer pid=214609)[0;0m INFO 09-25 05:23:47 [stats.py:920] 
[0;36m(APIServer pid=214609)[0;0m INFO 09-25 05:23:47 [stats.py:920] [StageRequestStats [request_id=speech-91babb95bdc99664-b5ce567a]]
[0;36m(APIServer pid=214609)[0;0m INFO 09-25 05:23:47 [stats.py:920] +---------------------------------+----------------+------------------+
[0;36m(APIServer pid=214609)[0;0m INFO 09-25 05:23:47 [stats.py:920] | Field                           |              0 |                1 |
[0;36m(APIServer pid=214609)[0;0m INFO 09-25 05:23:47 [stats.py:920] +---------------------------------+----------------+------------------+
[0;36m(APIServer pid=214609)[0;0m INFO 09-25 05:23:47 [stats.py:920] | audio_duration_s                |          0.000 |           32.000 |
[0;36m(APIServer pid=214609)[0;0m INFO 09-25 05:23:47 [stats.py:920] | audio_generated_frames          |              0 |          768,000 |
[0;36m(APIServer pid=214609)[0;0m INFO 09-25 05:23:47 [stats.py:920] | audio_sample_rate               |              0 |           24,000 |
[0;36m(APIServer pid=214609)[0;0m INFO 09-25 05:23:47 [stats.py:920] | batch_id                        |          2,320 |            2,401 |
[0;36m(APIServer pid=214609)[0;0m INFO 09-25 05:23:47 [stats.py:920] | batch_size                      |              1 |                1 |
[0;36m(APIServer pid=214609)[0;0m INFO 09-25 05:23:47 [stats.py:920] | inter_output_latencies_ms       |                |                  |
[0;36m(APIServer pid=214609)[0;0m INFO 09-25 05:23:47 [stats.py:920] | num_tokens_in                   |            748 |                0 |
[0;36m(APIServer pid=214609)[0;0m INFO 09-25 05:23:47 [stats.py:920] | num_tokens_out                  |            401 |                0 |
[0;36m(APIServer pid=214609)[0;0m INFO 09-25 05:23:47 [stats.py:920] | output_unit_count               |            401 |          768,000 |
[0;36m(APIServer pid=214609)[0;0m INFO 09-25 05:23:47 [stats.py:920] | output_unit_type                |         stream |            audio |
[0;36m(APIServer pid=214609)[0;0m INFO 09-25 05:23:47 [stats.py:920] | serving_time_to_first_output_ms |     17,515.333 |       17,620.131 |
[0;36m(APIServer pid=214609)[0;0m INFO 09-25 05:23:47 [stats.py:920] | stage_gen_time_ms               |     17,515.156 |       17,619.935 |
[0;36m(APIServer pid=214609)[0;0m INFO 09-25 05:23:47 [stats.py:920] | time_per_output_unit_ms         |          0.000 |            0.000 |
[0;36m(APIServer pid=214609)[0;0m INFO 09-25 05:23:47 [stats.py:920] | vllm_itl_ms                     |         43.522 |        1,080.666 |
[0;36m(APIServer pid=214609)[0;0m INFO 09-25 05:23:47 [stats.py:920] | vllm_itls_ms                    | 43.522 (n=400) | 1,080.666 (n=16) |
[0;36m(APIServer pid=214609)[0;0m INFO 09-25 05:23:47 [stats.py:920] | vllm_tpot_ms                    |         43.522 |            0.000 |
[0;36m(APIServer pid=214609)[0;0m INFO 09-25 05:23:47 [stats.py:920] | vllm_ttft_ms                    |        108.438 |          326.925 |
[0;36m(APIServer pid=214609)[0;0m INFO 09-25 05:23:47 [stats.py:920] +---------------------------------+----------------+------------------+
[0;36m(APIServer pid=214609)[0;0m INFO 09-25 05:23:47 [serving_speech.py:3646] [SpeechE2E] request_id=speech-91babb95bdc99664 stream=false status=ok total_ms=17630.68 response_bytes=1536044
[0;36m(APIServer pid=214609)[0;0m INFO:     127.0.0.1:58168 - "POST /v1/audio/speech HTTP/1.1" 200 OK
[0;36m(APIServer pid=214609)[0;0m INFO 09-25 05:23:49 [stats.py:811] 
[0;36m(APIServer pid=214609)[0;0m INFO 09-25 05:23:49 [stats.py:811] [Overall Summary]
[0;36m(APIServer pid=214609)[0;0m INFO 09-25 05:23:49 [stats.py:811] +-----------------------------+------------+
[0;36m(APIServer pid=214609)[0;0m INFO 09-25 05:23:49 [stats.py:811] | Field                       |      Value |
[0;36m(APIServer pid=214609)[0;0m INFO 09-25 05:23:49 [stats.py:811] +-----------------------------+------------+
[0;36m(APIServer pid=214609)[0;0m INFO 09-25 05:23:49 [stats.py:811] | e2e_requests                |          1 |
[0;36m(APIServer pid=214609)[0;0m INFO 09-25 05:23:49 [stats.py:811] | e2e_wall_time_ms            | 25,098.281 |
[0;36m(APIServer pid=214609)[0;0m INFO 09-25 05:23:49 [stats.py:811] | e2e_total_tokens            |      1,391 |
[0;36m(APIServer pid=214609)[0;0m INFO 09-25 05:23:49 [stats.py:811] | e2e_avg_time_per_request_ms | 25,098.281 |
[0;36m(APIServer pid=214609)[0;0m INFO 09-25 05:23:49 [stats.py:811] | e2e_avg_tokens_per_s        |     55.422 |
[0;36m(APIServer pid=214609)[0;0m INFO 09-25 05:23:49 [stats.py:811] | input_preprocess_time_ms    |      0.061 |
[0;36m(APIServer pid=214609)[0;0m INFO 09-25 05:23:49 [stats.py:811] | e2e_stage_0_wall_time_ms    | 25,058.194 |
[0;36m(APIServer pid=214609)[0;0m INFO 09-25 05:23:49 [stats.py:811] | e2e_stage_1_wall_time_ms    | 25,098.009 |
[0;36m(APIServer pid=214609)[0;0m INFO 09-25 05:23:49 [stats.py:811] +-----------------------------+------------+
[0;36m(APIServer pid=214609)[0;0m INFO 09-25 05:23:49 [stats.py:837] 
[0;36m(APIServer pid=214609)[0;0m INFO 09-25 05:23:49 [stats.py:837] [RequestE2EStats [request_id=speech-beeab2da5455d5af-a670f269]]
[0;36m(APIServer pid=214609)[0;0m INFO 09-25 05:23:49 [stats.py:837] +------------------+------------+
[0;36m(APIServer pid=214609)[0;0m INFO 09-25 05:23:49 [stats.py:837] | Field            |      Value |
[0;36m(APIServer pid=214609)[0;0m INFO 09-25 05:23:49 [stats.py:837] +------------------+------------+
[0;36m(APIServer pid=214609)[0;0m INFO 09-25 05:23:49 [stats.py:837] | e2e_total_ms     | 25,098.151 |
[0;36m(APIServer pid=214609)[0;0m INFO 09-25 05:23:49 [stats.py:837] | e2e_total_tokens |      1,391 |
[0;36m(APIServer pid=214609)[0;0m INFO 09-25 05:23:49 [stats.py:837] +------------------+------------+
[0;36m(APIServer pid=214609)[0;0m INFO 09-25 05:23:49 [stats.py:878] [OmniTiming] req=speech-beeab2da5455d5af-a670f269 total=25.10s preprocess=0.00s engine=25.10s stages=[0:25.06s,1:25.10s] transfers=[0->1=0.00ms]
[0;36m(APIServer pid=214609)[0;0m INFO 09-25 05:23:49 [stats.py:920] 
[0;36m(APIServer pid=214609)[0;0m INFO 09-25 05:23:49 [stats.py:920] [StageRequestStats [request_id=speech-beeab2da5455d5af-a670f269]]
[0;36m(APIServer pid=214609)[0;0m INFO 09-25 05:23:49 [stats.py:920] +---------------------------------+----------------+------------------+
[0;36m(APIServer pid=214609)[0;0m INFO 09-25 05:23:49 [stats.py:920] | Field                           |              0 |                1 |
[0;36m(APIServer pid=214609)[0;0m INFO 09-25 05:23:49 [stats.py:920] +---------------------------------+----------------+------------------+
[0;36m(APIServer pid=214609)[0;0m INFO 09-25 05:23:49 [stats.py:920] | audio_duration_s                |          0.000 |           45.680 |
[0;36m(APIServer pid=214609)[0;0m INFO 09-25 05:23:49 [stats.py:920] | audio_generated_frames          |              0 |        1,096,320 |
[0;36m(APIServer pid=214609)[0;0m INFO 09-25 05:23:49 [stats.py:920] | audio_sample_rate               |              0 |           24,000 |
[0;36m(APIServer pid=214609)[0;0m INFO 09-25 05:23:49 [stats.py:920] | batch_id                        |          2,321 |            2,402 |
[0;36m(APIServer pid=214609)[0;0m INFO 09-25 05:23:49 [stats.py:920] | batch_size                      |              1 |                1 |
[0;36m(APIServer pid=214609)[0;0m INFO 09-25 05:23:49 [stats.py:920] | inter_output_latencies_ms       |                |                  |
[0;36m(APIServer pid=214609)[0;0m INFO 09-25 05:23:49 [stats.py:920] | num_tokens_in                   |            819 |                0 |
[0;36m(APIServer pid=214609)[0;0m INFO 09-25 05:23:49 [stats.py:920] | num_tokens_out                  |            572 |                0 |
[0;36m(APIServer pid=214609)[0;0m INFO 09-25 05:23:49 [stats.py:920] | output_unit_count               |            572 |        1,096,320 |
[0;36m(APIServer pid=214609)[0;0m INFO 09-25 05:23:49 [stats.py:920] | output_unit_type                |         stream |            audio |
[0;36m(APIServer pid=214609)[0;0m INFO 09-25 05:23:49 [stats.py:920] | serving_time_to_first_output_ms |     25,058.202 |       25,097.275 |
[0;36m(APIServer pid=214609)[0;0m INFO 09-25 05:23:49 [stats.py:920] | stage_gen_time_ms               |     25,058.058 |       25,097.113 |
[0;36m(APIServer pid=214609)[0;0m INFO 09-25 05:23:49 [stats.py:920] | time_per_output_unit_ms         |          0.000 |            0.000 |
[0;36m(APIServer pid=214609)[0;0m INFO 09-25 05:23:49 [stats.py:920] | vllm_itl_ms                     |         43.432 |        1,073.271 |
[0;36m(APIServer pid=214609)[0;0m INFO 09-25 05:23:49 [stats.py:920] | vllm_itls_ms                    | 43.432 (n=571) | 1,073.271 (n=23) |
[0;36m(APIServer pid=214609)[0;0m INFO 09-25 05:23:49 [stats.py:920] | vllm_tpot_ms                    |         43.432 |            0.000 |
[0;36m(APIServer pid=214609)[0;0m INFO 09-25 05:23:49 [stats.py:920] | vllm_ttft_ms                    |        258.514 |          410.951 |
[0;36m(APIServer pid=214609)[0;0m INFO 09-25 05:23:49 [stats.py:920] +---------------------------------+----------------+------------------+
[0;36m(APIServer pid=214609)[0;0m INFO 09-25 05:23:49 [serving_speech.py:3646] [SpeechE2E] request_id=speech-beeab2da5455d5af stream=false status=ok total_ms=25109.45 response_bytes=2192684
[0;36m(APIServer pid=214609)[0;0m INFO:     127.0.0.1:58110 - "POST /v1/audio/speech HTTP/1.1" 200 OK
[0;36m(APIServer pid=214609)[0;0m INFO 09-25 05:23:57 [stats.py:811] 
[0;36m(APIServer pid=214609)[0;0m INFO 09-25 05:23:57 [stats.py:811] [Overall Summary]
[0;36m(APIServer pid=214609)[0;0m INFO 09-25 05:23:57 [stats.py:811] +-----------------------------+------------+
[0;36m(APIServer pid=214609)[0;0m INFO 09-25 05:23:57 [stats.py:811] | Field                       |      Value |
[0;36m(APIServer pid=214609)[0;0m INFO 09-25 05:23:57 [stats.py:811] +-----------------------------+------------+
[0;36m(APIServer pid=214609)[0;0m INFO 09-25 05:23:57 [stats.py:811] | e2e_requests                |          1 |
[0;36m(APIServer pid=214609)[0;0m INFO 09-25 05:23:57 [stats.py:811] | e2e_wall_time_ms            | 15,393.955 |
[0;36m(APIServer pid=214609)[0;0m INFO 09-25 05:23:57 [stats.py:811] | e2e_total_tokens            |      1,159 |
[0;36m(APIServer pid=214609)[0;0m INFO 09-25 05:23:57 [stats.py:811] | e2e_avg_time_per_request_ms | 15,393.955 |
[0;36m(APIServer pid=214609)[0;0m INFO 09-25 05:23:57 [stats.py:811] | e2e_avg_tokens_per_s        |     75.289 |
[0;36m(APIServer pid=214609)[0;0m INFO 09-25 05:23:57 [stats.py:811] | input_preprocess_time_ms    |      0.065 |
[0;36m(APIServer pid=214609)[0;0m INFO 09-25 05:23:57 [stats.py:811] | e2e_stage_0_wall_time_ms    | 15,357.531 |
[0;36m(APIServer pid=214609)[0;0m INFO 09-25 05:23:57 [stats.py:811] | e2e_stage_1_wall_time_ms    | 15,393.656 |
[0;36m(APIServer pid=214609)[0;0m INFO 09-25 05:23:57 [stats.py:811] +-----------------------------+------------+
[0;36m(APIServer pid=214609)[0;0m INFO 09-25 05:23:57 [stats.py:837] 
[0;36m(APIServer pid=214609)[0;0m INFO 09-25 05:23:57 [stats.py:837] [RequestE2EStats [request_id=speech-8bfb23a6006506f8-b49c12e7]]
[0;36m(APIServer pid=214609)[0;0m INFO 09-25 05:23:57 [stats.py:837] +------------------+------------+
[0;36m(APIServer pid=214609)[0;0m INFO 09-25 05:23:57 [stats.py:837] | Field            |      Value |
[0;36m(APIServer pid=214609)[0;0m INFO 09-25 05:23:57 [stats.py:837] +------------------+------------+
[0;36m(APIServer pid=214609)[0;0m INFO 09-25 05:23:57 [stats.py:837] | e2e_total_ms     | 15,393.785 |
[0;36m(APIServer pid=214609)[0;0m INFO 09-25 05:23:57 [stats.py:837] | e2e_total_tokens |      1,159 |
[0;36m(APIServer pid=214609)[0;0m INFO 09-25 05:23:57 [stats.py:837] +------------------+------------+
[0;36m(APIServer pid=214609)[0;0m INFO 09-25 05:23:57 [stats.py:878] [OmniTiming] req=speech-8bfb23a6006506f8-b49c12e7 total=15.39s preprocess=0.00s engine=15.39s stages=[0:15.36s,1:15.39s] transfers=[0->1=0.00ms]
[0;36m(APIServer pid=214609)[0;0m INFO 09-25 05:23:57 [stats.py:920] 
[0;36m(APIServer pid=214609)[0;0m INFO 09-25 05:23:57 [stats.py:920] [StageRequestStats [request_id=speech-8bfb23a6006506f8-b49c12e7]]
[0;36m(APIServer pid=214609)[0;0m INFO 09-25 05:23:57 [stats.py:920] +---------------------------------+----------------+----------------+
[0;36m(APIServer pid=214609)[0;0m INFO 09-25 05:23:57 [stats.py:920] | Field                           |              0 |              1 |
[0;36m(APIServer pid=214609)[0;0m INFO 09-25 05:23:57 [stats.py:920] +---------------------------------+----------------+----------------+
[0;36m(APIServer pid=214609)[0;0m INFO 09-25 05:23:57 [stats.py:920] | audio_duration_s                |          0.000 |         30.560 |
[0;36m(APIServer pid=214609)[0;0m INFO 09-25 05:23:57 [stats.py:920] | audio_generated_frames          |              0 |        733,440 |
[0;36m(APIServer pid=214609)[0;0m INFO 09-25 05:23:57 [stats.py:920] | audio_sample_rate               |              0 |         24,000 |
[0;36m(APIServer pid=214609)[0;0m INFO 09-25 05:23:57 [stats.py:920] | batch_id                        |          2,322 |          2,403 |
[0;36m(APIServer pid=214609)[0;0m INFO 09-25 05:23:57 [stats.py:920] | batch_size                      |              1 |              1 |
[0;36m(APIServer pid=214609)[0;0m INFO 09-25 05:23:57 [stats.py:920] | inter_output_latencies_ms       |                |                |
[0;36m(APIServer pid=214609)[0;0m INFO 09-25 05:23:57 [stats.py:920] | num_tokens_in                   |            776 |              0 |
[0;36m(APIServer pid=214609)[0;0m INFO 09-25 05:23:57 [stats.py:920] | num_tokens_out                  |            383 |              0 |
[0;36m(APIServer pid=214609)[0;0m INFO 09-25 05:23:57 [stats.py:920] | output_unit_count               |            383 |        733,440 |
[0;36m(APIServer pid=214609)[0;0m INFO 09-25 05:23:57 [stats.py:920] | output_unit_type                |         stream |          audio |
[0;36m(APIServer pid=214609)[0;0m INFO 09-25 05:23:57 [stats.py:920] | serving_time_to_first_output_ms |     15,357.567 |     15,393.470 |
[0;36m(APIServer pid=214609)[0;0m INFO 09-25 05:23:57 [stats.py:920] | stage_gen_time_ms               |     15,357.414 |     15,393.266 |
[0;36m(APIServer pid=214609)[0;0m INFO 09-25 05:23:57 [stats.py:920] | time_per_output_unit_ms         |          0.000 |          0.000 |
[0;36m(APIServer pid=214609)[0;0m INFO 09-25 05:23:57 [stats.py:920] | vllm_itl_ms                     |         39.709 |        934.605 |
[0;36m(APIServer pid=214609)[0;0m INFO 09-25 05:23:57 [stats.py:920] | vllm_itls_ms                    | 39.709 (n=382) | 934.605 (n=16) |
[0;36m(APIServer pid=214609)[0;0m INFO 09-25 05:23:57 [stats.py:920] | vllm_tpot_ms                    |         39.709 |          0.000 |
[0;36m(APIServer pid=214609)[0;0m INFO 09-25 05:23:57 [stats.py:920] | vllm_ttft_ms                    |        190.678 |        441.627 |
[0;36m(APIServer pid=214609)[0;0m INFO 09-25 05:23:57 [stats.py:920] +---------------------------------+----------------+----------------+
[0;36m(APIServer pid=214609)[0;0m INFO 09-25 05:23:57 [serving_speech.py:3646] [SpeechE2E] request_id=speech-8bfb23a6006506f8 stream=false status=ok total_ms=15403.37 response_bytes=1466924
[0;36m(APIServer pid=214609)[0;0m INFO:     127.0.0.1:46434 - "POST /v1/audio/speech HTTP/1.1" 200 OK
[0;36m(APIServer pid=214609)[0;0m INFO 09-25 05:23:58 [stats.py:811] 
[0;36m(APIServer pid=214609)[0;0m INFO 09-25 05:23:58 [stats.py:811] [Overall Summary]
[0;36m(APIServer pid=214609)[0;0m INFO 09-25 05:23:58 [stats.py:811] +-----------------------------+------------+
[0;36m(APIServer pid=214609)[0;0m INFO 09-25 05:23:58 [stats.py:811] | Field                       |      Value |
[0;36m(APIServer pid=214609)[0;0m INFO 09-25 05:23:58 [stats.py:811] +-----------------------------+------------+
[0;36m(APIServer pid=214609)[0;0m INFO 09-25 05:23:58 [stats.py:811] | e2e_requests                |          1 |
[0;36m(APIServer pid=214609)[0;0m INFO 09-25 05:23:58 [stats.py:811] | e2e_wall_time_ms            | 18,023.347 |
[0;36m(APIServer pid=214609)[0;0m INFO 09-25 05:23:58 [stats.py:811] | e2e_total_tokens            |      1,211 |
[0;36m(APIServer pid=214609)[0;0m INFO 09-25 05:23:58 [stats.py:811] | e2e_avg_time_per_request_ms | 18,023.347 |
[0;36m(APIServer pid=214609)[0;0m INFO 09-25 05:23:58 [stats.py:811] | e2e_avg_tokens_per_s        |     67.191 |
[0;36m(APIServer pid=214609)[0;0m INFO 09-25 05:23:58 [stats.py:811] | input_preprocess_time_ms    |      0.096 |
[0;36m(APIServer pid=214609)[0;0m INFO 09-25 05:23:58 [stats.py:811] | e2e_stage_0_wall_time_ms    | 17,986.018 |
[0;36m(APIServer pid=214609)[0;0m INFO 09-25 05:23:58 [stats.py:811] | e2e_stage_1_wall_time_ms    | 18,022.469 |
[0;36m(APIServer pid=214609)[0;0m INFO 09-25 05:23:58 [stats.py:811] +-----------------------------+------------+
[0;36m(APIServer pid=214609)[0;0m INFO 09-25 05:23:58 [stats.py:837] 
[0;36m(APIServer pid=214609)[0;0m INFO 09-25 05:23:58 [stats.py:837] [RequestE2EStats [request_id=speech-9db6d0c2e0f5d522-812999c7]]
[0;36m(APIServer pid=214609)[0;0m INFO 09-25 05:23:58 [stats.py:837] +------------------+------------+
[0;36m(APIServer pid=214609)[0;0m INFO 09-25 05:23:58 [stats.py:837] | Field            |      Value |
[0;36m(APIServer pid=214609)[0;0m INFO 09-25 05:23:58 [stats.py:837] +------------------+------------+
[0;36m(APIServer pid=214609)[0;0m INFO 09-25 05:23:58 [stats.py:837] | e2e_total_ms     | 18,022.619 |
[0;36m(APIServer pid=214609)[0;0m INFO 09-25 05:23:58 [stats.py:837] | e2e_total_tokens |      1,211 |
[0;36m(APIServer pid=214609)[0;0m INFO 09-25 05:23:58 [stats.py:837] +------------------+------------+
[0;36m(APIServer pid=214609)[0;0m INFO 09-25 05:23:58 [stats.py:878] [OmniTiming] req=speech-9db6d0c2e0f5d522-812999c7 total=18.02s preprocess=0.00s engine=18.02s stages=[0:17.99s,1:18.02s] transfers=[0->1=0.00ms]
[0;36m(APIServer pid=214609)[0;0m INFO 09-25 05:23:58 [stats.py:920] 
[0;36m(APIServer pid=214609)[0;0m INFO 09-25 05:23:58 [stats.py:920] [StageRequestStats [request_id=speech-9db6d0c2e0f5d522-812999c7]]
[0;36m(APIServer pid=214609)[0;0m INFO 09-25 05:23:58 [stats.py:920] +---------------------------------+----------------+----------------+
[0;36m(APIServer pid=214609)[0;0m INFO 09-25 05:23:58 [stats.py:920] | Field                           |              0 |              1 |
[0;36m(APIServer pid=214609)[0;0m INFO 09-25 05:23:58 [stats.py:920] +---------------------------------+----------------+----------------+
[0;36m(APIServer pid=214609)[0;0m INFO 09-25 05:23:58 [stats.py:920] | audio_duration_s                |          0.000 |         35.200 |
[0;36m(APIServer pid=214609)[0;0m INFO 09-25 05:23:58 [stats.py:920] | audio_generated_frames          |              0 |        844,800 |
[0;36m(APIServer pid=214609)[0;0m INFO 09-25 05:23:58 [stats.py:920] | audio_sample_rate               |              0 |         24,000 |
[0;36m(APIServer pid=214609)[0;0m INFO 09-25 05:23:58 [stats.py:920] | batch_id                        |          2,323 |          2,404 |
[0;36m(APIServer pid=214609)[0;0m INFO 09-25 05:23:58 [stats.py:920] | batch_size                      |              1 |              1 |
[0;36m(APIServer pid=214609)[0;0m INFO 09-25 05:23:58 [stats.py:920] | inter_output_latencies_ms       |                |                |
[0;36m(APIServer pid=214609)[0;0m INFO 09-25 05:23:58 [stats.py:920] | num_tokens_in                   |            770 |              0 |
[0;36m(APIServer pid=214609)[0;0m INFO 09-25 05:23:58 [stats.py:920] | num_tokens_out                  |            441 |              0 |
[0;36m(APIServer pid=214609)[0;0m INFO 09-25 05:23:58 [stats.py:920] | output_unit_count               |            441 |        844,800 |
[0;36m(APIServer pid=214609)[0;0m INFO 09-25 05:23:58 [stats.py:920] | output_unit_type                |         stream |          audio |
[0;36m(APIServer pid=214609)[0;0m INFO 09-25 05:23:58 [stats.py:920] | serving_time_to_first_output_ms |     17,986.334 |     18,022.693 |
[0;36m(APIServer pid=214609)[0;0m INFO 09-25 05:23:58 [stats.py:920] | stage_gen_time_ms               |     17,985.625 |     18,021.936 |
[0;36m(APIServer pid=214609)[0;0m INFO 09-25 05:23:58 [stats.py:920] | time_per_output_unit_ms         |          0.000 |          0.000 |
[0;36m(APIServer pid=214609)[0;0m INFO 09-25 05:23:58 [stats.py:920] | vllm_itl_ms                     |         40.412 |        978.264 |
[0;36m(APIServer pid=214609)[0;0m INFO 09-25 05:23:58 [stats.py:920] | vllm_itls_ms                    | 40.412 (n=440) | 978.264 (n=18) |
[0;36m(APIServer pid=214609)[0;0m INFO 09-25 05:23:58 [stats.py:920] | vllm_tpot_ms                    |         40.412 |          0.000 |
[0;36m(APIServer pid=214609)[0;0m INFO 09-25 05:23:58 [stats.py:920] | vllm_ttft_ms                    |        206.382 |        412.300 |
[0;36m(APIServer pid=214609)[0;0m INFO 09-25 05:23:58 [stats.py:920] +---------------------------------+----------------+----------------+
[0;36m(APIServer pid=214609)[0;0m INFO 09-25 05:23:58 [serving_speech.py:3646] [SpeechE2E] request_id=speech-9db6d0c2e0f5d522 stream=false status=ok total_ms=18036.22 response_bytes=1689644
[0;36m(APIServer pid=214609)[0;0m INFO:     127.0.0.1:58126 - "POST /v1/audio/speech HTTP/1.1" 200 OK
[0;36m(APIServer pid=214609)[0;0m INFO 09-25 05:23:58 [stats.py:811] 
[0;36m(APIServer pid=214609)[0;0m INFO 09-25 05:23:58 [stats.py:811] [Overall Summary]
[0;36m(APIServer pid=214609)[0;0m INFO 09-25 05:23:58 [stats.py:811] +-----------------------------+------------+
[0;36m(APIServer pid=214609)[0;0m INFO 09-25 05:23:58 [stats.py:811] | Field                       |      Value |
[0;36m(APIServer pid=214609)[0;0m INFO 09-25 05:23:58 [stats.py:811] +-----------------------------+------------+
[0;36m(APIServer pid=214609)[0;0m INFO 09-25 05:23:58 [stats.py:811] | e2e_requests                |          1 |
[0;36m(APIServer pid=214609)[0;0m INFO 09-25 05:23:58 [stats.py:811] | e2e_wall_time_ms            | 16,747.113 |
[0;36m(APIServer pid=214609)[0;0m INFO 09-25 05:23:58 [stats.py:811] | e2e_total_tokens            |      1,171 |
[0;36m(APIServer pid=214609)[0;0m INFO 09-25 05:23:58 [stats.py:811] | e2e_avg_time_per_request_ms | 16,747.113 |
[0;36m(APIServer pid=214609)[0;0m INFO 09-25 05:23:58 [stats.py:811] | e2e_avg_tokens_per_s        |     69.922 |
[0;36m(APIServer pid=214609)[0;0m INFO 09-25 05:23:58 [stats.py:811] | input_preprocess_time_ms    |      0.069 |
[0;36m(APIServer pid=214609)[0;0m INFO 09-25 05:23:58 [stats.py:811] | e2e_stage_0_wall_time_ms    | 16,707.826 |
[0;36m(APIServer pid=214609)[0;0m INFO 09-25 05:23:58 [stats.py:811] | e2e_stage_1_wall_time_ms    | 16,746.792 |
[0;36m(APIServer pid=214609)[0;0m INFO 09-25 05:23:58 [stats.py:811] +-----------------------------+------------+
[0;36m(APIServer pid=214609)[0;0m INFO 09-25 05:23:58 [stats.py:837] 
[0;36m(APIServer pid=214609)[0;0m INFO 09-25 05:23:58 [stats.py:837] [RequestE2EStats [request_id=speech-9f26c5078e39332a-ab2ad416]]
[0;36m(APIServer pid=214609)[0;0m INFO 09-25 05:23:58 [stats.py:837] +------------------+------------+
[0;36m(APIServer pid=214609)[0;0m INFO 09-25 05:23:58 [stats.py:837] | Field            |      Value |
[0;36m(APIServer pid=214609)[0;0m INFO 09-25 05:23:58 [stats.py:837] +------------------+------------+
[0;36m(APIServer pid=214609)[0;0m INFO 09-25 05:23:58 [stats.py:837] | e2e_total_ms     | 16,746.971 |
[0;36m(APIServer pid=214609)[0;0m INFO 09-25 05:23:58 [stats.py:837] | e2e_total_tokens |      1,171 |
[0;36m(APIServer pid=214609)[0;0m INFO 09-25 05:23:58 [stats.py:837] +------------------+------------+
[0;36m(APIServer pid=214609)[0;0m INFO 09-25 05:23:58 [stats.py:878] [OmniTiming] req=speech-9f26c5078e39332a-ab2ad416 total=16.75s preprocess=0.00s engine=16.75s stages=[0:16.71s,1:16.75s] transfers=[0->1=0.00ms]
[0;36m(APIServer pid=214609)[0;0m INFO 09-25 05:23:58 [stats.py:920] 
[0;36m(APIServer pid=214609)[0;0m INFO 09-25 05:23:58 [stats.py:920] [StageRequestStats [request_id=speech-9f26c5078e39332a-ab2ad416]]
[0;36m(APIServer pid=214609)[0;0m INFO 09-25 05:23:58 [stats.py:920] +---------------------------------+----------------+----------------+
[0;36m(APIServer pid=214609)[0;0m INFO 09-25 05:23:58 [stats.py:920] | Field                           |              0 |              1 |
[0;36m(APIServer pid=214609)[0;0m INFO 09-25 05:23:58 [stats.py:920] +---------------------------------+----------------+----------------+
[0;36m(APIServer pid=214609)[0;0m INFO 09-25 05:23:58 [stats.py:920] | audio_duration_s                |          0.000 |         33.200 |
[0;36m(APIServer pid=214609)[0;0m INFO 09-25 05:23:58 [stats.py:920] | audio_generated_frames          |              0 |        796,800 |
[0;36m(APIServer pid=214609)[0;0m INFO 09-25 05:23:58 [stats.py:920] | audio_sample_rate               |              0 |         24,000 |
[0;36m(APIServer pid=214609)[0;0m INFO 09-25 05:23:58 [stats.py:920] | batch_id                        |          2,324 |          2,405 |
[0;36m(APIServer pid=214609)[0;0m INFO 09-25 05:23:58 [stats.py:920] | batch_size                      |              1 |              1 |
[0;36m(APIServer pid=214609)[0;0m INFO 09-25 05:23:58 [stats.py:920] | inter_output_latencies_ms       |                |                |
[0;36m(APIServer pid=214609)[0;0m INFO 09-25 05:23:58 [stats.py:920] | num_tokens_in                   |            755 |              0 |
[0;36m(APIServer pid=214609)[0;0m INFO 09-25 05:23:58 [stats.py:920] | num_tokens_out                  |            416 |              0 |
[0;36m(APIServer pid=214609)[0;0m INFO 09-25 05:23:58 [stats.py:920] | output_unit_count               |            416 |        796,800 |
[0;36m(APIServer pid=214609)[0;0m INFO 09-25 05:23:58 [stats.py:920] | output_unit_type                |         stream |          audio |
[0;36m(APIServer pid=214609)[0;0m INFO 09-25 05:23:58 [stats.py:920] | serving_time_to_first_output_ms |     16,707.834 |     16,746.384 |
[0;36m(APIServer pid=214609)[0;0m INFO 09-25 05:23:58 [stats.py:920] | stage_gen_time_ms               |     16,707.654 |     16,746.149 |
[0;36m(APIServer pid=214609)[0;0m INFO 09-25 05:23:58 [stats.py:920] | time_per_output_unit_ms         |          0.000 |          0.000 |
[0;36m(APIServer pid=214609)[0;0m INFO 09-25 05:23:58 [stats.py:920] | vllm_itl_ms                     |         39.844 |        966.561 |
[0;36m(APIServer pid=214609)[0;0m INFO 09-25 05:23:58 [stats.py:920] | vllm_itls_ms                    | 39.844 (n=415) | 966.561 (n=17) |
[0;36m(APIServer pid=214609)[0;0m INFO 09-25 05:23:58 [stats.py:920] | vllm_tpot_ms                    |         39.844 |          0.000 |
[0;36m(APIServer pid=214609)[0;0m INFO 09-25 05:23:58 [stats.py:920] | vllm_ttft_ms                    |        173.863 |        317.477 |
[0;36m(APIServer pid=214609)[0;0m INFO 09-25 05:23:58 [stats.py:920] +---------------------------------+----------------+----------------+
[0;36m(APIServer pid=214609)[0;0m INFO 09-25 05:23:58 [serving_speech.py:3646] [SpeechE2E] request_id=speech-9f26c5078e39332a stream=false status=ok total_ms=16759.60 response_bytes=1593644
[0;36m(APIServer pid=214609)[0;0m INFO:     127.0.0.1:58158 - "POST /v1/audio/speech HTTP/1.1" 200 OK
[0;36m(APIServer pid=214609)[0;0m INFO 09-25 05:23:59 [stats.py:811] 
[0;36m(APIServer pid=214609)[0;0m INFO 09-25 05:23:59 [stats.py:811] [Overall Summary]
[0;36m(APIServer pid=214609)[0;0m INFO 09-25 05:23:59 [stats.py:811] +-----------------------------+------------+
[0;36m(APIServer pid=214609)[0;0m INFO 09-25 05:23:59 [stats.py:811] | Field                       |      Value |
[0;36m(APIServer pid=214609)[0;0m INFO 09-25 05:23:59 [stats.py:811] +-----------------------------+------------+
[0;36m(APIServer pid=214609)[0;0m INFO 09-25 05:23:59 [stats.py:811] | e2e_requests                |          1 |
[0;36m(APIServer pid=214609)[0;0m INFO 09-25 05:23:59 [stats.py:811] | e2e_wall_time_ms            | 19,089.584 |
[0;36m(APIServer pid=214609)[0;0m INFO 09-25 05:23:59 [stats.py:811] | e2e_total_tokens            |      1,247 |
[0;36m(APIServer pid=214609)[0;0m INFO 09-25 05:23:59 [stats.py:811] | e2e_avg_time_per_request_ms | 19,089.584 |
[0;36m(APIServer pid=214609)[0;0m INFO 09-25 05:23:59 [stats.py:811] | e2e_avg_tokens_per_s        |     65.324 |
[0;36m(APIServer pid=214609)[0;0m INFO 09-25 05:23:59 [stats.py:811] | input_preprocess_time_ms    |      0.062 |
[0;36m(APIServer pid=214609)[0;0m INFO 09-25 05:23:59 [stats.py:811] | e2e_stage_0_wall_time_ms    | 19,047.314 |
[0;36m(APIServer pid=214609)[0;0m INFO 09-25 05:23:59 [stats.py:811] | e2e_stage_1_wall_time_ms    | 19,089.259 |
[0;36m(APIServer pid=214609)[0;0m INFO 09-25 05:23:59 [stats.py:811] +-----------------------------+------------+
[0;36m(APIServer pid=214609)[0;0m INFO 09-25 05:23:59 [stats.py:837] 
[0;36m(APIServer pid=214609)[0;0m INFO 09-25 05:23:59 [stats.py:837] [RequestE2EStats [request_id=speech-acd3a833ca680e8d-842210ca]]
[0;36m(APIServer pid=214609)[0;0m INFO 09-25 05:23:59 [stats.py:837] +------------------+------------+
[0;36m(APIServer pid=214609)[0;0m INFO 09-25 05:23:59 [stats.py:837] | Field            |      Value |
[0;36m(APIServer pid=214609)[0;0m INFO 09-25 05:23:59 [stats.py:837] +------------------+------------+
[0;36m(APIServer pid=214609)[0;0m INFO 09-25 05:23:59 [stats.py:837] | e2e_total_ms     | 19,089.454 |
[0;36m(APIServer pid=214609)[0;0m INFO 09-25 05:23:59 [stats.py:837] | e2e_total_tokens |      1,247 |
[0;36m(APIServer pid=214609)[0;0m INFO 09-25 05:23:59 [stats.py:837] +------------------+------------+
[0;36m(APIServer pid=214609)[0;0m INFO 09-25 05:23:59 [stats.py:878] [OmniTiming] req=speech-acd3a833ca680e8d-842210ca total=19.09s preprocess=0.00s engine=19.09s stages=[0:19.05s,1:19.09s] transfers=[0->1=0.00ms]
[0;36m(APIServer pid=214609)[0;0m INFO 09-25 05:23:59 [stats.py:920] 
[0;36m(APIServer pid=214609)[0;0m INFO 09-25 05:23:59 [stats.py:920] [StageRequestStats [request_id=speech-acd3a833ca680e8d-842210ca]]
[0;36m(APIServer pid=214609)[0;0m INFO 09-25 05:23:59 [stats.py:920] +---------------------------------+----------------+----------------+
[0;36m(APIServer pid=214609)[0;0m INFO 09-25 05:23:59 [stats.py:920] | Field                           |              0 |              1 |
[0;36m(APIServer pid=214609)[0;0m INFO 09-25 05:23:59 [stats.py:920] +---------------------------------+----------------+----------------+
[0;36m(APIServer pid=214609)[0;0m INFO 09-25 05:23:59 [stats.py:920] | audio_duration_s                |          0.000 |         37.600 |
[0;36m(APIServer pid=214609)[0;0m INFO 09-25 05:23:59 [stats.py:920] | audio_generated_frames          |              0 |        902,400 |
[0;36m(APIServer pid=214609)[0;0m INFO 09-25 05:23:59 [stats.py:920] | audio_sample_rate               |              0 |         24,000 |
[0;36m(APIServer pid=214609)[0;0m INFO 09-25 05:23:59 [stats.py:920] | batch_id                        |          2,325 |          2,406 |
[0;36m(APIServer pid=214609)[0;0m INFO 09-25 05:23:59 [stats.py:920] | batch_size                      |              1 |              1 |
[0;36m(APIServer pid=214609)[0;0m INFO 09-25 05:23:59 [stats.py:920] | inter_output_latencies_ms       |                |                |
[0;36m(APIServer pid=214609)[0;0m INFO 09-25 05:23:59 [stats.py:920] | num_tokens_in                   |            776 |              0 |
[0;36m(APIServer pid=214609)[0;0m INFO 09-25 05:23:59 [stats.py:920] | num_tokens_out                  |            471 |              0 |
[0;36m(APIServer pid=214609)[0;0m INFO 09-25 05:23:59 [stats.py:920] | output_unit_count               |            471 |        902,400 |
[0;36m(APIServer pid=214609)[0;0m INFO 09-25 05:23:59 [stats.py:920] | output_unit_type                |         stream |          audio |
[0;36m(APIServer pid=214609)[0;0m INFO 09-25 05:23:59 [stats.py:920] | serving_time_to_first_output_ms |     19,047.277 |     19,089.322 |
[0;36m(APIServer pid=214609)[0;0m INFO 09-25 05:23:59 [stats.py:920] | stage_gen_time_ms               |     19,047.129 |     19,089.086 |
[0;36m(APIServer pid=214609)[0;0m INFO 09-25 05:23:59 [stats.py:920] | time_per_output_unit_ms         |          0.000 |          0.000 |
[0;36m(APIServer pid=214609)[0;0m INFO 09-25 05:23:59 [stats.py:920] | vllm_itl_ms                     |         40.194 |        990.855 |
[0;36m(APIServer pid=214609)[0;0m INFO 09-25 05:23:59 [stats.py:920] | vllm_itls_ms                    | 40.194 (n=470) | 990.855 (n=19) |
[0;36m(APIServer pid=214609)[0;0m INFO 09-25 05:23:59 [stats.py:920] | vllm_tpot_ms                    |         40.194 |          0.000 |
[0;36m(APIServer pid=214609)[0;0m INFO 09-25 05:23:59 [stats.py:920] | vllm_ttft_ms                    |        157.139 |        260.734 |
[0;36m(APIServer pid=214609)[0;0m INFO 09-25 05:23:59 [stats.py:920] +---------------------------------+----------------+----------------+
[0;36m(APIServer pid=214609)[0;0m INFO 09-25 05:23:59 [serving_speech.py:3646] [SpeechE2E] request_id=speech-acd3a833ca680e8d stream=false status=ok total_ms=19099.89 response_bytes=1804844
[0;36m(APIServer pid=214609)[0;0m INFO:     127.0.0.1:58184 - "POST /v1/audio/speech HTTP/1.1" 200 OK
[0;36m(APIServer pid=214609)[0;0m INFO 09-25 05:23:59 [stats.py:811] 
[0;36m(APIServer pid=214609)[0;0m INFO 09-25 05:23:59 [stats.py:811] [Overall Summary]
[0;36m(APIServer pid=214609)[0;0m INFO 09-25 05:23:59 [stats.py:811] +-----------------------------+------------+
[0;36m(APIServer pid=214609)[0;0m INFO 09-25 05:23:59 [stats.py:811] | Field                       |      Value |
[0;36m(APIServer pid=214609)[0;0m INFO 09-25 05:23:59 [stats.py:811] +-----------------------------+------------+
[0;36m(APIServer pid=214609)[0;0m INFO 09-25 05:23:59 [stats.py:811] | e2e_requests                |          1 |
[0;36m(APIServer pid=214609)[0;0m INFO 09-25 05:23:59 [stats.py:811] | e2e_wall_time_ms            | 15,461.854 |
[0;36m(APIServer pid=214609)[0;0m INFO 09-25 05:23:59 [stats.py:811] | e2e_total_tokens            |      1,174 |
[0;36m(APIServer pid=214609)[0;0m INFO 09-25 05:23:59 [stats.py:811] | e2e_avg_time_per_request_ms | 15,461.854 |
[0;36m(APIServer pid=214609)[0;0m INFO 09-25 05:23:59 [stats.py:811] | e2e_avg_tokens_per_s        |     75.929 |
[0;36m(APIServer pid=214609)[0;0m INFO 09-25 05:23:59 [stats.py:811] | input_preprocess_time_ms    |      0.063 |
[0;36m(APIServer pid=214609)[0;0m INFO 09-25 05:23:59 [stats.py:811] | e2e_stage_0_wall_time_ms    | 15,425.934 |
[0;36m(APIServer pid=214609)[0;0m INFO 09-25 05:23:59 [stats.py:811] | e2e_stage_1_wall_time_ms    | 15,461.548 |
[0;36m(APIServer pid=214609)[0;0m INFO 09-25 05:23:59 [stats.py:811] +-----------------------------+------------+
[0;36m(APIServer pid=214609)[0;0m INFO 09-25 05:23:59 [stats.py:837] 
[0;36m(APIServer pid=214609)[0;0m INFO 09-25 05:23:59 [stats.py:837] [RequestE2EStats [request_id=speech-85fe009120cb1eb3-abea0337]]
[0;36m(APIServer pid=214609)[0;0m INFO 09-25 05:23:59 [stats.py:837] +------------------+------------+
[0;36m(APIServer pid=214609)[0;0m INFO 09-25 05:23:59 [stats.py:837] | Field            |      Value |
[0;36m(APIServer pid=214609)[0;0m INFO 09-25 05:23:59 [stats.py:837] +------------------+------------+
[0;36m(APIServer pid=214609)[0;0m INFO 09-25 05:23:59 [stats.py:837] | e2e_total_ms     | 15,461.721 |
[0;36m(APIServer pid=214609)[0;0m INFO 09-25 05:23:59 [stats.py:837] | e2e_total_tokens |      1,174 |
[0;36m(APIServer pid=214609)[0;0m INFO 09-25 05:23:59 [stats.py:837] +------------------+------------+
[0;36m(APIServer pid=214609)[0;0m INFO 09-25 05:23:59 [stats.py:878] [OmniTiming] req=speech-85fe009120cb1eb3-abea0337 total=15.46s preprocess=0.00s engine=15.46s stages=[0:15.43s,1:15.46s] transfers=[0->1=0.00ms]
[0;36m(APIServer pid=214609)[0;0m INFO 09-25 05:23:59 [stats.py:920] 
[0;36m(APIServer pid=214609)[0;0m INFO 09-25 05:23:59 [stats.py:920] [StageRequestStats [request_id=speech-85fe009120cb1eb3-abea0337]]
[0;36m(APIServer pid=214609)[0;0m INFO 09-25 05:23:59 [stats.py:920] +---------------------------------+----------------+----------------+
[0;36m(APIServer pid=214609)[0;0m INFO 09-25 05:23:59 [stats.py:920] | Field                           |              0 |              1 |
[0;36m(APIServer pid=214609)[0;0m INFO 09-25 05:23:59 [stats.py:920] +---------------------------------+----------------+----------------+
[0;36m(APIServer pid=214609)[0;0m INFO 09-25 05:23:59 [stats.py:920] | audio_duration_s                |          0.000 |         32.320 |
[0;36m(APIServer pid=214609)[0;0m INFO 09-25 05:23:59 [stats.py:920] | audio_generated_frames          |              0 |        775,680 |
[0;36m(APIServer pid=214609)[0;0m INFO 09-25 05:23:59 [stats.py:920] | audio_sample_rate               |              0 |         24,000 |
[0;36m(APIServer pid=214609)[0;0m INFO 09-25 05:23:59 [stats.py:920] | batch_id                        |          2,326 |          2,407 |
[0;36m(APIServer pid=214609)[0;0m INFO 09-25 05:23:59 [stats.py:920] | batch_size                      |              1 |              1 |
[0;36m(APIServer pid=214609)[0;0m INFO 09-25 05:23:59 [stats.py:920] | inter_output_latencies_ms       |                |                |
[0;36m(APIServer pid=214609)[0;0m INFO 09-25 05:23:59 [stats.py:920] | num_tokens_in                   |            769 |              0 |
[0;36m(APIServer pid=214609)[0;0m INFO 09-25 05:23:59 [stats.py:920] | num_tokens_out                  |            405 |              0 |
[0;36m(APIServer pid=214609)[0;0m INFO 09-25 05:23:59 [stats.py:920] | output_unit_count               |            405 |        775,680 |
[0;36m(APIServer pid=214609)[0;0m INFO 09-25 05:23:59 [stats.py:920] | output_unit_type                |         stream |          audio |
[0;36m(APIServer pid=214609)[0;0m INFO 09-25 05:23:59 [stats.py:920] | serving_time_to_first_output_ms |     15,425.948 |     15,461.457 |
[0;36m(APIServer pid=214609)[0;0m INFO 09-25 05:23:59 [stats.py:920] | stage_gen_time_ms               |     15,425.786 |     15,461.252 |
[0;36m(APIServer pid=214609)[0;0m INFO 09-25 05:23:59 [stats.py:920] | time_per_output_unit_ms         |          0.000 |          0.000 |
[0;36m(APIServer pid=214609)[0;0m INFO 09-25 05:23:59 [stats.py:920] | vllm_itl_ms                     |         37.809 |        889.621 |
[0;36m(APIServer pid=214609)[0;0m INFO 09-25 05:23:59 [stats.py:920] | vllm_itls_ms                    | 37.809 (n=404) | 889.621 (n=17) |
[0;36m(APIServer pid=214609)[0;0m INFO 09-25 05:23:59 [stats.py:920] | vllm_tpot_ms                    |         37.809 |          0.000 |
[0;36m(APIServer pid=214609)[0;0m INFO 09-25 05:23:59 [stats.py:920] | vllm_ttft_ms                    |        149.998 |        338.751 |
[0;36m(APIServer pid=214609)[0;0m INFO 09-25 05:23:59 [stats.py:920] +---------------------------------+----------------+----------------+
[0;36m(APIServer pid=214609)[0;0m INFO 09-25 05:23:59 [serving_speech.py:3646] [SpeechE2E] request_id=speech-85fe009120cb1eb3 stream=false status=ok total_ms=15471.66 response_bytes=1551404
[0;36m(APIServer pid=214609)[0;0m INFO:     127.0.0.1:58102 - "POST /v1/audio/speech HTTP/1.1" 200 OK
[0;36m(APIServer pid=214609)[0;0m INFO 09-25 05:24:00 [stats.py:811] 
[0;36m(APIServer pid=214609)[0;0m INFO 09-25 05:24:00 [stats.py:811] [Overall Summary]
[0;36m(APIServer pid=214609)[0;0m INFO 09-25 05:24:00 [stats.py:811] +-----------------------------+------------+
[0;36m(APIServer pid=214609)[0;0m INFO 09-25 05:24:00 [stats.py:811] | Field                       |      Value |
[0;36m(APIServer pid=214609)[0;0m INFO 09-25 05:24:00 [stats.py:811] +-----------------------------+------------+
[0;36m(APIServer pid=214609)[0;0m INFO 09-25 05:24:00 [stats.py:811] | e2e_requests                |          1 |
[0;36m(APIServer pid=214609)[0;0m INFO 09-25 05:24:00 [stats.py:811] | e2e_wall_time_ms            | 17,820.861 |
[0;36m(APIServer pid=214609)[0;0m INFO 09-25 05:24:00 [stats.py:811] | e2e_total_tokens            |      1,256 |
[0;36m(APIServer pid=214609)[0;0m INFO 09-25 05:24:00 [stats.py:811] | e2e_avg_time_per_request_ms | 17,820.861 |
[0;36m(APIServer pid=214609)[0;0m INFO 09-25 05:24:00 [stats.py:811] | e2e_avg_tokens_per_s        |     70.479 |
[0;36m(APIServer pid=214609)[0;0m INFO 09-25 05:24:00 [stats.py:811] | input_preprocess_time_ms    |      0.062 |
[0;36m(APIServer pid=214609)[0;0m INFO 09-25 05:24:00 [stats.py:811] | e2e_stage_0_wall_time_ms    | 17,782.125 |
[0;36m(APIServer pid=214609)[0;0m INFO 09-25 05:24:00 [stats.py:811] | e2e_stage_1_wall_time_ms    | 17,820.578 |
[0;36m(APIServer pid=214609)[0;0m INFO 09-25 05:24:00 [stats.py:811] +-----------------------------+------------+
[0;36m(APIServer pid=214609)[0;0m INFO 09-25 05:24:00 [stats.py:837] 
[0;36m(APIServer pid=214609)[0;0m INFO 09-25 05:24:00 [stats.py:837] [RequestE2EStats [request_id=speech-93d3c0e8945419c3-bcde4ea0]]
[0;36m(APIServer pid=214609)[0;0m INFO 09-25 05:24:00 [stats.py:837] +------------------+------------+
[0;36m(APIServer pid=214609)[0;0m INFO 09-25 05:24:00 [stats.py:837] | Field            |      Value |
[0;36m(APIServer pid=214609)[0;0m INFO 09-25 05:24:00 [stats.py:837] +------------------+------------+
[0;36m(APIServer pid=214609)[0;0m INFO 09-25 05:24:00 [stats.py:837] | e2e_total_ms     | 17,820.729 |
[0;36m(APIServer pid=214609)[0;0m INFO 09-25 05:24:00 [stats.py:837] | e2e_total_tokens |      1,256 |
[0;36m(APIServer pid=214609)[0;0m INFO 09-25 05:24:00 [stats.py:837] +------------------+------------+
[0;36m(APIServer pid=214609)[0;0m INFO 09-25 05:24:00 [stats.py:878] [OmniTiming] req=speech-93d3c0e8945419c3-bcde4ea0 total=17.82s preprocess=0.00s engine=17.82s stages=[0:17.78s,1:17.82s] transfers=[0->1=0.00ms]
[0;36m(APIServer pid=214609)[0;0m INFO 09-25 05:24:00 [stats.py:920] 
[0;36m(APIServer pid=214609)[0;0m INFO 09-25 05:24:00 [stats.py:920] [StageRequestStats [request_id=speech-93d3c0e8945419c3-bcde4ea0]]
[0;36m(APIServer pid=214609)[0;0m INFO 09-25 05:24:00 [stats.py:920] +---------------------------------+----------------+----------------+
[0;36m(APIServer pid=214609)[0;0m INFO 09-25 05:24:00 [stats.py:920] | Field                           |              0 |              1 |
[0;36m(APIServer pid=214609)[0;0m INFO 09-25 05:24:00 [stats.py:920] +---------------------------------+----------------+----------------+
[0;36m(APIServer pid=214609)[0;0m INFO 09-25 05:24:00 [stats.py:920] | audio_duration_s                |          0.000 |         36.400 |
[0;36m(APIServer pid=214609)[0;0m INFO 09-25 05:24:00 [stats.py:920] | audio_generated_frames          |              0 |        873,600 |
[0;36m(APIServer pid=214609)[0;0m INFO 09-25 05:24:00 [stats.py:920] | audio_sample_rate               |              0 |         24,000 |
[0;36m(APIServer pid=214609)[0;0m INFO 09-25 05:24:00 [stats.py:920] | batch_id                        |          2,327 |          2,408 |
[0;36m(APIServer pid=214609)[0;0m INFO 09-25 05:24:00 [stats.py:920] | batch_size                      |              1 |              1 |
[0;36m(APIServer pid=214609)[0;0m INFO 09-25 05:24:00 [stats.py:920] | inter_output_latencies_ms       |                |                |
[0;36m(APIServer pid=214609)[0;0m INFO 09-25 05:24:00 [stats.py:920] | num_tokens_in                   |            800 |              0 |
[0;36m(APIServer pid=214609)[0;0m INFO 09-25 05:24:00 [stats.py:920] | num_tokens_out                  |            456 |              0 |
[0;36m(APIServer pid=214609)[0;0m INFO 09-25 05:24:00 [stats.py:920] | output_unit_count               |            456 |        873,600 |
[0;36m(APIServer pid=214609)[0;0m INFO 09-25 05:24:00 [stats.py:920] | output_unit_type                |         stream |          audio |
[0;36m(APIServer pid=214609)[0;0m INFO 09-25 05:24:00 [stats.py:920] | serving_time_to_first_output_ms |     17,781.467 |     17,820.498 |
[0;36m(APIServer pid=214609)[0;0m INFO 09-25 05:24:00 [stats.py:920] | stage_gen_time_ms               |     17,781.319 |     17,820.315 |
[0;36m(APIServer pid=214609)[0;0m INFO 09-25 05:24:00 [stats.py:920] | time_per_output_unit_ms         |          0.000 |          0.000 |
[0;36m(APIServer pid=214609)[0;0m INFO 09-25 05:24:00 [stats.py:920] | vllm_itl_ms                     |         38.742 |        915.225 |
[0;36m(APIServer pid=214609)[0;0m INFO 09-25 05:24:00 [stats.py:920] | vllm_itls_ms                    | 38.742 (n=455) | 915.225 (n=19) |
[0;36m(APIServer pid=214609)[0;0m INFO 09-25 05:24:00 [stats.py:920] | vllm_tpot_ms                    |         38.742 |          0.000 |
[0;36m(APIServer pid=214609)[0;0m INFO 09-25 05:24:00 [stats.py:920] | vllm_ttft_ms                    |        153.805 |        428.092 |
[0;36m(APIServer pid=214609)[0;0m INFO 09-25 05:24:00 [stats.py:920] +---------------------------------+----------------+----------------+
[0;36m(APIServer pid=214609)[0;0m INFO 09-25 05:24:00 [serving_speech.py:3646] [SpeechE2E] request_id=speech-93d3c0e8945419c3 stream=false status=ok total_ms=17831.42 response_bytes=1747244
[0;36m(APIServer pid=214609)[0;0m INFO:     127.0.0.1:58188 - "POST /v1/audio/speech HTTP/1.1" 200 OK
[0;36m(APIServer pid=214609)[0;0m INFO 09-25 05:24:00 [stats.py:811] 
[0;36m(APIServer pid=214609)[0;0m INFO 09-25 05:24:00 [stats.py:811] [Overall Summary]
[0;36m(APIServer pid=214609)[0;0m INFO 09-25 05:24:00 [stats.py:811] +-----------------------------+------------+
[0;36m(APIServer pid=214609)[0;0m INFO 09-25 05:24:00 [stats.py:811] | Field                       |      Value |
[0;36m(APIServer pid=214609)[0;0m INFO 09-25 05:24:00 [stats.py:811] +-----------------------------+------------+
[0;36m(APIServer pid=214609)[0;0m INFO 09-25 05:24:00 [stats.py:811] | e2e_requests                |          1 |
[0;36m(APIServer pid=214609)[0;0m INFO 09-25 05:24:00 [stats.py:811] | e2e_wall_time_ms            | 16,518.485 |
[0;36m(APIServer pid=214609)[0;0m INFO 09-25 05:24:00 [stats.py:811] | e2e_total_tokens            |      1,227 |
[0;36m(APIServer pid=214609)[0;0m INFO 09-25 05:24:00 [stats.py:811] | e2e_avg_time_per_request_ms | 16,518.485 |
[0;36m(APIServer pid=214609)[0;0m INFO 09-25 05:24:00 [stats.py:811] | e2e_avg_tokens_per_s        |     74.280 |
[0;36m(APIServer pid=214609)[0;0m INFO 09-25 05:24:00 [stats.py:811] | input_preprocess_time_ms    |      0.064 |
[0;36m(APIServer pid=214609)[0;0m INFO 09-25 05:24:00 [stats.py:811] | e2e_stage_0_wall_time_ms    | 16,477.264 |
[0;36m(APIServer pid=214609)[0;0m INFO 09-25 05:24:00 [stats.py:811] | e2e_stage_1_wall_time_ms    | 16,518.158 |
[0;36m(APIServer pid=214609)[0;0m INFO 09-25 05:24:00 [stats.py:811] +-----------------------------+------------+
[0;36m(APIServer pid=214609)[0;0m INFO 09-25 05:24:00 [stats.py:837] 
[0;36m(APIServer pid=214609)[0;0m INFO 09-25 05:24:00 [stats.py:837] [RequestE2EStats [request_id=speech-9d3815583d505aca-a58c97b0]]
[0;36m(APIServer pid=214609)[0;0m INFO 09-25 05:24:00 [stats.py:837] +------------------+------------+
[0;36m(APIServer pid=214609)[0;0m INFO 09-25 05:24:00 [stats.py:837] | Field            |      Value |
[0;36m(APIServer pid=214609)[0;0m INFO 09-25 05:24:00 [stats.py:837] +------------------+------------+
[0;36m(APIServer pid=214609)[0;0m INFO 09-25 05:24:00 [stats.py:837] | e2e_total_ms     | 16,518.351 |
[0;36m(APIServer pid=214609)[0;0m INFO 09-25 05:24:00 [stats.py:837] | e2e_total_tokens |      1,227 |
[0;36m(APIServer pid=214609)[0;0m INFO 09-25 05:24:00 [stats.py:837] +------------------+------------+
[0;36m(APIServer pid=214609)[0;0m INFO 09-25 05:24:00 [stats.py:878] [OmniTiming] req=speech-9d3815583d505aca-a58c97b0 total=16.52s preprocess=0.00s engine=16.52s stages=[0:16.48s,1:16.52s] transfers=[0->1=0.00ms]
[0;36m(APIServer pid=214609)[0;0m INFO 09-25 05:24:00 [stats.py:920] 
[0;36m(APIServer pid=214609)[0;0m INFO 09-25 05:24:00 [stats.py:920] [StageRequestStats [request_id=speech-9d3815583d505aca-a58c97b0]]
[0;36m(APIServer pid=214609)[0;0m INFO 09-25 05:24:00 [stats.py:920] +---------------------------------+----------------+----------------+
[0;36m(APIServer pid=214609)[0;0m INFO 09-25 05:24:00 [stats.py:920] | Field                           |              0 |              1 |
[0;36m(APIServer pid=214609)[0;0m INFO 09-25 05:24:00 [stats.py:920] +---------------------------------+----------------+----------------+
[0;36m(APIServer pid=214609)[0;0m INFO 09-25 05:24:00 [stats.py:920] | audio_duration_s                |          0.000 |         35.040 |
[0;36m(APIServer pid=214609)[0;0m INFO 09-25 05:24:00 [stats.py:920] | audio_generated_frames          |              0 |        840,960 |
[0;36m(APIServer pid=214609)[0;0m INFO 09-25 05:24:00 [stats.py:920] | audio_sample_rate               |              0 |         24,000 |
[0;36m(APIServer pid=214609)[0;0m INFO 09-25 05:24:00 [stats.py:920] | batch_id                        |          2,328 |          2,409 |
[0;36m(APIServer pid=214609)[0;0m INFO 09-25 05:24:00 [stats.py:920] | batch_size                      |              1 |              1 |
[0;36m(APIServer pid=214609)[0;0m INFO 09-25 05:24:00 [stats.py:920] | inter_output_latencies_ms       |                |                |
[0;36m(APIServer pid=214609)[0;0m INFO 09-25 05:24:00 [stats.py:920] | num_tokens_in                   |            788 |              0 |
[0;36m(APIServer pid=214609)[0;0m INFO 09-25 05:24:00 [stats.py:920] | num_tokens_out                  |            439 |              0 |
[0;36m(APIServer pid=214609)[0;0m INFO 09-25 05:24:00 [stats.py:920] | output_unit_count               |            439 |        840,960 |
[0;36m(APIServer pid=214609)[0;0m INFO 09-25 05:24:00 [stats.py:920] | output_unit_type                |         stream |          audio |
[0;36m(APIServer pid=214609)[0;0m INFO 09-25 05:24:00 [stats.py:920] | serving_time_to_first_output_ms |     16,477.228 |     16,517.508 |
[0;36m(APIServer pid=214609)[0;0m INFO 09-25 05:24:00 [stats.py:920] | stage_gen_time_ms               |     16,477.047 |     16,517.308 |
[0;36m(APIServer pid=214609)[0;0m INFO 09-25 05:24:00 [stats.py:920] | time_per_output_unit_ms         |          0.000 |          0.000 |
[0;36m(APIServer pid=214609)[0;0m INFO 09-25 05:24:00 [stats.py:920] | vllm_itl_ms                     |         37.363 |        905.088 |
[0;36m(APIServer pid=214609)[0;0m INFO 09-25 05:24:00 [stats.py:920] | vllm_itls_ms                    | 37.363 (n=438) | 905.088 (n=18) |
[0;36m(APIServer pid=214609)[0;0m INFO 09-25 05:24:00 [stats.py:920] | vllm_tpot_ms                    |         37.363 |          0.000 |
[0;36m(APIServer pid=214609)[0;0m INFO 09-25 05:24:00 [stats.py:920] | vllm_ttft_ms                    |        112.119 |        225.508 |
[0;36m(APIServer pid=214609)[0;0m INFO 09-25 05:24:00 [stats.py:920] +---------------------------------+----------------+----------------+
[0;36m(APIServer pid=214609)[0;0m INFO 09-25 05:24:00 [serving_speech.py:3646] [SpeechE2E] request_id=speech-9d3815583d505aca stream=false status=ok total_ms=16528.50 response_bytes=1681964
[0;36m(APIServer pid=214609)[0;0m INFO:     127.0.0.1:58186 - "POST /v1/audio/speech HTTP/1.1" 200 OK
[0;36m(APIServer pid=214609)[0;0m INFO 09-25 05:24:01 [stats.py:811] 
[0;36m(APIServer pid=214609)[0;0m INFO 09-25 05:24:01 [stats.py:811] [Overall Summary]
[0;36m(APIServer pid=214609)[0;0m INFO 09-25 05:24:01 [stats.py:811] +-----------------------------+------------+
[0;36m(APIServer pid=214609)[0;0m INFO 09-25 05:24:01 [stats.py:811] | Field                       |      Value |
[0;36m(APIServer pid=214609)[0;0m INFO 09-25 05:24:01 [stats.py:811] +-----------------------------+------------+
[0;36m(APIServer pid=214609)[0;0m INFO 09-25 05:24:01 [stats.py:811] | e2e_requests                |          1 |
[0;36m(APIServer pid=214609)[0;0m INFO 09-25 05:24:01 [stats.py:811] | e2e_wall_time_ms            | 16,502.153 |
[0;36m(APIServer pid=214609)[0;0m INFO 09-25 05:24:01 [stats.py:811] | e2e_total_tokens            |      1,224 |
[0;36m(APIServer pid=214609)[0;0m INFO 09-25 05:24:01 [stats.py:811] | e2e_avg_time_per_request_ms | 16,502.153 |
[0;36m(APIServer pid=214609)[0;0m INFO 09-25 05:24:01 [stats.py:811] | e2e_avg_tokens_per_s        |     74.172 |
[0;36m(APIServer pid=214609)[0;0m INFO 09-25 05:24:01 [stats.py:811] | input_preprocess_time_ms    |      0.062 |
[0;36m(APIServer pid=214609)[0;0m INFO 09-25 05:24:01 [stats.py:811] | e2e_stage_0_wall_time_ms    | 16,438.236 |
[0;36m(APIServer pid=214609)[0;0m INFO 09-25 05:24:01 [stats.py:811] | e2e_stage_1_wall_time_ms    | 16,501.846 |
[0;36m(APIServer pid=214609)[0;0m INFO 09-25 05:24:01 [stats.py:811] +-----------------------------+------------+
[0;36m(APIServer pid=214609)[0;0m INFO 09-25 05:24:01 [stats.py:837] 
[0;36m(APIServer pid=214609)[0;0m INFO 09-25 05:24:01 [stats.py:837] [RequestE2EStats [request_id=speech-b2fa9dffb9f96b3b-a3dbee90]]
[0;36m(APIServer pid=214609)[0;0m INFO 09-25 05:24:01 [stats.py:837] +------------------+------------+
[0;36m(APIServer pid=214609)[0;0m INFO 09-25 05:24:01 [stats.py:837] | Field            |      Value |
[0;36m(APIServer pid=214609)[0;0m INFO 09-25 05:24:01 [stats.py:837] +------------------+------------+
[0;36m(APIServer pid=214609)[0;0m INFO 09-25 05:24:01 [stats.py:837] | e2e_total_ms     | 16,502.021 |
[0;36m(APIServer pid=214609)[0;0m INFO 09-25 05:24:01 [stats.py:837] | e2e_total_tokens |      1,224 |
[0;36m(APIServer pid=214609)[0;0m INFO 09-25 05:24:01 [stats.py:837] +------------------+------------+
[0;36m(APIServer pid=214609)[0;0m INFO 09-25 05:24:01 [stats.py:878] [OmniTiming] req=speech-b2fa9dffb9f96b3b-a3dbee90 total=16.50s preprocess=0.00s engine=16.50s stages=[0:16.44s,1:16.50s] transfers=[0->1=0.00ms]
[0;36m(APIServer pid=214609)[0;0m INFO 09-25 05:24:01 [stats.py:920] 
[0;36m(APIServer pid=214609)[0;0m INFO 09-25 05:24:01 [stats.py:920] [StageRequestStats [request_id=speech-b2fa9dffb9f96b3b-a3dbee90]]
[0;36m(APIServer pid=214609)[0;0m INFO 09-25 05:24:01 [stats.py:920] +---------------------------------+----------------+----------------+
[0;36m(APIServer pid=214609)[0;0m INFO 09-25 05:24:01 [stats.py:920] | Field                           |              0 |              1 |
[0;36m(APIServer pid=214609)[0;0m INFO 09-25 05:24:01 [stats.py:920] +---------------------------------+----------------+----------------+
[0;36m(APIServer pid=214609)[0;0m INFO 09-25 05:24:01 [stats.py:920] | audio_duration_s                |          0.000 |         36.160 |
[0;36m(APIServer pid=214609)[0;0m INFO 09-25 05:24:01 [stats.py:920] | audio_generated_frames          |              0 |        867,840 |
[0;36m(APIServer pid=214609)[0;0m INFO 09-25 05:24:01 [stats.py:920] | audio_sample_rate               |              0 |         24,000 |
[0;36m(APIServer pid=214609)[0;0m INFO 09-25 05:24:01 [stats.py:920] | batch_id                        |          2,330 |          2,410 |
[0;36m(APIServer pid=214609)[0;0m INFO 09-25 05:24:01 [stats.py:920] | batch_size                      |              1 |              1 |
[0;36m(APIServer pid=214609)[0;0m INFO 09-25 05:24:01 [stats.py:920] | inter_output_latencies_ms       |                |                |
[0;36m(APIServer pid=214609)[0;0m INFO 09-25 05:24:01 [stats.py:920] | num_tokens_in                   |            771 |              0 |
[0;36m(APIServer pid=214609)[0;0m INFO 09-25 05:24:01 [stats.py:920] | num_tokens_out                  |            453 |              0 |
[0;36m(APIServer pid=214609)[0;0m INFO 09-25 05:24:01 [stats.py:920] | output_unit_count               |            453 |        867,840 |
[0;36m(APIServer pid=214609)[0;0m INFO 09-25 05:24:01 [stats.py:920] | output_unit_type                |         stream |          audio |
[0;36m(APIServer pid=214609)[0;0m INFO 09-25 05:24:01 [stats.py:920] | serving_time_to_first_output_ms |     16,437.450 |     16,500.565 |
[0;36m(APIServer pid=214609)[0;0m INFO 09-25 05:24:01 [stats.py:920] | stage_gen_time_ms               |     16,437.343 |     16,500.614 |
[0;36m(APIServer pid=214609)[0;0m INFO 09-25 05:24:01 [stats.py:920] | time_per_output_unit_ms         |          0.000 |          0.000 |
[0;36m(APIServer pid=214609)[0;0m INFO 09-25 05:24:01 [stats.py:920] | vllm_itl_ms                     |         36.114 |        853.404 |
[0;36m(APIServer pid=214609)[0;0m INFO 09-25 05:24:01 [stats.py:920] | vllm_itls_ms                    | 36.114 (n=452) | 853.404 (n=19) |
[0;36m(APIServer pid=214609)[0;0m INFO 09-25 05:24:01 [stats.py:920] | vllm_tpot_ms                    |         36.114 |          0.000 |
[0;36m(APIServer pid=214609)[0;0m INFO 09-25 05:24:01 [stats.py:920] | vllm_ttft_ms                    |        115.978 |        285.625 |
[0;36m(APIServer pid=214609)[0;0m INFO 09-25 05:24:01 [stats.py:920] +---------------------------------+----------------+----------------+
[0;36m(APIServer pid=214609)[0;0m INFO 09-25 05:24:01 [serving_speech.py:3646] [SpeechE2E] request_id=speech-b2fa9dffb9f96b3b stream=false status=ok total_ms=16512.06 response_bytes=1735724
[0;36m(APIServer pid=214609)[0;0m INFO 09-25 05:24:01 [stats.py:811] 
[0;36m(APIServer pid=214609)[0;0m INFO 09-25 05:24:01 [stats.py:811] [Overall Summary]
[0;36m(APIServer pid=214609)[0;0m INFO 09-25 05:24:01 [stats.py:811] +-----------------------------+------------+
[0;36m(APIServer pid=214609)[0;0m INFO 09-25 05:24:01 [stats.py:811] | Field                       |      Value |
[0;36m(APIServer pid=214609)[0;0m INFO 09-25 05:24:01 [stats.py:811] +-----------------------------+------------+
[0;36m(APIServer pid=214609)[0;0m INFO 09-25 05:24:01 [stats.py:811] | e2e_requests                |          1 |
[0;36m(APIServer pid=214609)[0;0m INFO 09-25 05:24:01 [stats.py:811] | e2e_wall_time_ms            | 18,177.625 |
[0;36m(APIServer pid=214609)[0;0m INFO 09-25 05:24:01 [stats.py:811] | e2e_total_tokens            |      1,288 |
[0;36m(APIServer pid=214609)[0;0m INFO 09-25 05:24:01 [stats.py:811] | e2e_avg_time_per_request_ms | 18,177.625 |
[0;36m(APIServer pid=214609)[0;0m INFO 09-25 05:24:01 [stats.py:811] | e2e_avg_tokens_per_s        |     70.856 |
[0;36m(APIServer pid=214609)[0;0m INFO 09-25 05:24:01 [stats.py:811] | input_preprocess_time_ms    |      0.064 |
[0;36m(APIServer pid=214609)[0;0m INFO 09-25 05:24:01 [stats.py:811] | e2e_stage_0_wall_time_ms    | 18,108.052 |
[0;36m(APIServer pid=214609)[0;0m INFO 09-25 05:24:01 [stats.py:811] | e2e_stage_1_wall_time_ms    | 18,177.293 |
[0;36m(APIServer pid=214609)[0;0m INFO 09-25 05:24:01 [stats.py:811] +-----------------------------+------------+
[0;36m(APIServer pid=214609)[0;0m INFO 09-25 05:24:01 [stats.py:837] 
[0;36m(APIServer pid=214609)[0;0m INFO 09-25 05:24:01 [stats.py:837] [RequestE2EStats [request_id=speech-97215be869f1b251-af4e32de]]
[0;36m(APIServer pid=214609)[0;0m INFO 09-25 05:24:01 [stats.py:837] +------------------+------------+
[0;36m(APIServer pid=214609)[0;0m INFO 09-25 05:24:01 [stats.py:837] | Field            |      Value |
[0;36m(APIServer pid=214609)[0;0m INFO 09-25 05:24:01 [stats.py:837] +------------------+------------+
[0;36m(APIServer pid=214609)[0;0m INFO 09-25 05:24:01 [stats.py:837] | e2e_total_ms     | 18,177.489 |
[0;36m(APIServer pid=214609)[0;0m INFO 09-25 05:24:01 [stats.py:837] | e2e_total_tokens |      1,288 |
[0;36m(APIServer pid=214609)[0;0m INFO 09-25 05:24:01 [stats.py:837] +------------------+------------+
[0;36m(APIServer pid=214609)[0;0m INFO 09-25 05:24:01 [stats.py:878] [OmniTiming] req=speech-97215be869f1b251-af4e32de total=18.18s preprocess=0.00s engine=18.18s stages=[0:18.11s,1:18.17s] transfers=[0->1=0.00ms]
[0;36m(APIServer pid=214609)[0;0m INFO 09-25 05:24:01 [stats.py:920] 
[0;36m(APIServer pid=214609)[0;0m INFO 09-25 05:24:01 [stats.py:920] [StageRequestStats [request_id=speech-97215be869f1b251-af4e32de]]
[0;36m(APIServer pid=214609)[0;0m INFO 09-25 05:24:01 [stats.py:920] +---------------------------------+----------------+----------------+
[0;36m(APIServer pid=214609)[0;0m INFO 09-25 05:24:01 [stats.py:920] | Field                           |              0 |              1 |
[0;36m(APIServer pid=214609)[0;0m INFO 09-25 05:24:01 [stats.py:920] +---------------------------------+----------------+----------------+
[0;36m(APIServer pid=214609)[0;0m INFO 09-25 05:24:01 [stats.py:920] | audio_duration_s                |          0.000 |         38.720 |
[0;36m(APIServer pid=214609)[0;0m INFO 09-25 05:24:01 [stats.py:920] | audio_generated_frames          |              0 |        929,280 |
[0;36m(APIServer pid=214609)[0;0m INFO 09-25 05:24:01 [stats.py:920] | audio_sample_rate               |              0 |         24,000 |
[0;36m(APIServer pid=214609)[0;0m INFO 09-25 05:24:01 [stats.py:920] | batch_id                        |          2,329 |          2,411 |
[0;36m(APIServer pid=214609)[0;0m INFO 09-25 05:24:01 [stats.py:920] | batch_size                      |              1 |              1 |
[0;36m(APIServer pid=214609)[0;0m INFO 09-25 05:24:01 [stats.py:920] | inter_output_latencies_ms       |                |                |
[0;36m(APIServer pid=214609)[0;0m INFO 09-25 05:24:01 [stats.py:920] | num_tokens_in                   |            803 |              0 |
[0;36m(APIServer pid=214609)[0;0m INFO 09-25 05:24:01 [stats.py:920] | num_tokens_out                  |            485 |              0 |
[0;36m(APIServer pid=214609)[0;0m INFO 09-25 05:24:01 [stats.py:920] | output_unit_count               |            485 |        929,280 |
[0;36m(APIServer pid=214609)[0;0m INFO 09-25 05:24:01 [stats.py:920] | output_unit_type                |         stream |          audio |
[0;36m(APIServer pid=214609)[0;0m INFO 09-25 05:24:01 [stats.py:920] | serving_time_to_first_output_ms |     18,107.292 |     18,170.407 |
[0;36m(APIServer pid=214609)[0;0m INFO 09-25 05:24:01 [stats.py:920] | stage_gen_time_ms               |     18,107.115 |     18,170.500 |
[0;36m(APIServer pid=214609)[0;0m INFO 09-25 05:24:01 [stats.py:920] | time_per_output_unit_ms         |          0.000 |          0.000 |
[0;36m(APIServer pid=214609)[0;0m INFO 09-25 05:24:01 [stats.py:920] | vllm_itl_ms                     |         37.161 |        891.780 |
[0;36m(APIServer pid=214609)[0;0m INFO 09-25 05:24:01 [stats.py:920] | vllm_itls_ms                    | 37.161 (n=484) | 891.780 (n=20) |
[0;36m(APIServer pid=214609)[0;0m INFO 09-25 05:24:01 [stats.py:920] | vllm_tpot_ms                    |         37.161 |          0.000 |
[0;36m(APIServer pid=214609)[0;0m INFO 09-25 05:24:01 [stats.py:920] | vllm_ttft_ms                    |        121.599 |        334.478 |
[0;36m(APIServer pid=214609)[0;0m INFO 09-25 05:24:01 [stats.py:920] +---------------------------------+----------------+----------------+
[0;36m(APIServer pid=214609)[0;0m INFO 09-25 05:24:01 [serving_speech.py:3646] [SpeechE2E] request_id=speech-97215be869f1b251 stream=false status=ok total_ms=18186.54 response_bytes=1858604
[0;36m(APIServer pid=214609)[0;0m INFO:     127.0.0.1:58142 - "POST /v1/audio/speech HTTP/1.1" 200 OK
[0;36m(APIServer pid=214609)[0;0m INFO:     127.0.0.1:58098 - "POST /v1/audio/speech HTTP/1.1" 200 OK
[0;36m(APIServer pid=214609)[0;0m INFO 09-25 05:24:01 [stats.py:811] 
[0;36m(APIServer pid=214609)[0;0m INFO 09-25 05:24:01 [stats.py:811] [Overall Summary]
[0;36m(APIServer pid=214609)[0;0m INFO 09-25 05:24:01 [stats.py:811] +-----------------------------+------------+
[0;36m(APIServer pid=214609)[0;0m INFO 09-25 05:24:01 [stats.py:811] | Field                       |      Value |
[0;36m(APIServer pid=214609)[0;0m INFO 09-25 05:24:01 [stats.py:811] +-----------------------------+------------+
[0;36m(APIServer pid=214609)[0;0m INFO 09-25 05:24:01 [stats.py:811] | e2e_requests                |          1 |
[0;36m(APIServer pid=214609)[0;0m INFO 09-25 05:24:01 [stats.py:811] | e2e_wall_time_ms            | 17,613.974 |
[0;36m(APIServer pid=214609)[0;0m INFO 09-25 05:24:01 [stats.py:811] | e2e_total_tokens            |      1,251 |
[0;36m(APIServer pid=214609)[0;0m INFO 09-25 05:24:01 [stats.py:811] | e2e_avg_time_per_request_ms | 17,613.974 |
[0;36m(APIServer pid=214609)[0;0m INFO 09-25 05:24:01 [stats.py:811] | e2e_avg_tokens_per_s        |     71.023 |
[0;36m(APIServer pid=214609)[0;0m INFO 09-25 05:24:01 [stats.py:811] | input_preprocess_time_ms    |      0.060 |
[0;36m(APIServer pid=214609)[0;0m INFO 09-25 05:24:01 [stats.py:811] | e2e_stage_0_wall_time_ms    | 17,545.116 |
[0;36m(APIServer pid=214609)[0;0m INFO 09-25 05:24:01 [stats.py:811] | e2e_stage_1_wall_time_ms    | 17,613.681 |
[0;36m(APIServer pid=214609)[0;0m INFO 09-25 05:24:01 [stats.py:811] +-----------------------------+------------+
[0;36m(APIServer pid=214609)[0;0m INFO 09-25 05:24:01 [stats.py:837] 
[0;36m(APIServer pid=214609)[0;0m INFO 09-25 05:24:01 [stats.py:837] [RequestE2EStats [request_id=speech-9d4744af5155eaaa-92311603]]
[0;36m(APIServer pid=214609)[0;0m INFO 09-25 05:24:01 [stats.py:837] +------------------+------------+
[0;36m(APIServer pid=214609)[0;0m INFO 09-25 05:24:01 [stats.py:837] | Field            |      Value |
[0;36m(APIServer pid=214609)[0;0m INFO 09-25 05:24:01 [stats.py:837] +------------------+------------+
[0;36m(APIServer pid=214609)[0;0m INFO 09-25 05:24:01 [stats.py:837] | e2e_total_ms     | 17,613.846 |
[0;36m(APIServer pid=214609)[0;0m INFO 09-25 05:24:01 [stats.py:837] | e2e_total_tokens |      1,251 |
[0;36m(APIServer pid=214609)[0;0m INFO 09-25 05:24:01 [stats.py:837] +------------------+------------+
[0;36m(APIServer pid=214609)[0;0m INFO 09-25 05:24:01 [stats.py:878] [OmniTiming] req=speech-9d4744af5155eaaa-92311603 total=17.61s preprocess=0.00s engine=17.61s stages=[0:17.54s,1:17.61s] transfers=[0->1=0.00ms]
[0;36m(APIServer pid=214609)[0;0m INFO 09-25 05:24:01 [stats.py:920] 
[0;36m(APIServer pid=214609)[0;0m INFO 09-25 05:24:01 [stats.py:920] [StageRequestStats [request_id=speech-9d4744af5155eaaa-92311603]]
[0;36m(APIServer pid=214609)[0;0m INFO 09-25 05:24:01 [stats.py:920] +---------------------------------+----------------+----------------+
[0;36m(APIServer pid=214609)[0;0m INFO 09-25 05:24:01 [stats.py:920] | Field                           |              0 |              1 |
[0;36m(APIServer pid=214609)[0;0m INFO 09-25 05:24:01 [stats.py:920] +---------------------------------+----------------+----------------+
[0;36m(APIServer pid=214609)[0;0m INFO 09-25 05:24:01 [stats.py:920] | audio_duration_s                |          0.000 |         37.920 |
[0;36m(APIServer pid=214609)[0;0m INFO 09-25 05:24:01 [stats.py:920] | audio_generated_frames          |              0 |        910,080 |
[0;36m(APIServer pid=214609)[0;0m INFO 09-25 05:24:01 [stats.py:920] | audio_sample_rate               |              0 |         24,000 |
[0;36m(APIServer pid=214609)[0;0m INFO 09-25 05:24:01 [stats.py:920] | batch_id                        |          2,331 |          2,412 |
[0;36m(APIServer pid=214609)[0;0m INFO 09-25 05:24:01 [stats.py:920] | batch_size                      |              1 |              1 |
[0;36m(APIServer pid=214609)[0;0m INFO 09-25 05:24:01 [stats.py:920] | inter_output_latencies_ms       |                |                |
[0;36m(APIServer pid=214609)[0;0m INFO 09-25 05:24:01 [stats.py:920] | num_tokens_in                   |            776 |              0 |
[0;36m(APIServer pid=214609)[0;0m INFO 09-25 05:24:01 [stats.py:920] | num_tokens_out                  |            475 |              0 |
[0;36m(APIServer pid=214609)[0;0m INFO 09-25 05:24:01 [stats.py:920] | output_unit_count               |            475 |        910,080 |
[0;36m(APIServer pid=214609)[0;0m INFO 09-25 05:24:01 [stats.py:920] | output_unit_type                |         stream |          audio |
[0;36m(APIServer pid=214609)[0;0m INFO 09-25 05:24:01 [stats.py:920] | serving_time_to_first_output_ms |     17,545.071 |     17,613.479 |
[0;36m(APIServer pid=214609)[0;0m INFO 09-25 05:24:01 [stats.py:920] | stage_gen_time_ms               |     17,544.918 |     17,613.278 |
[0;36m(APIServer pid=214609)[0;0m INFO 09-25 05:24:01 [stats.py:920] | time_per_output_unit_ms         |          0.000 |          0.000 |
[0;36m(APIServer pid=214609)[0;0m INFO 09-25 05:24:01 [stats.py:920] | vllm_itl_ms                     |         36.708 |        903.719 |
[0;36m(APIServer pid=214609)[0;0m INFO 09-25 05:24:01 [stats.py:920] | vllm_itls_ms                    | 36.708 (n=474) | 903.719 (n=19) |
[0;36m(APIServer pid=214609)[0;0m INFO 09-25 05:24:01 [stats.py:920] | vllm_tpot_ms                    |         36.708 |          0.000 |
[0;36m(APIServer pid=214609)[0;0m INFO 09-25 05:24:01 [stats.py:920] | vllm_ttft_ms                    |        145.482 |        443.569 |
[0;36m(APIServer pid=214609)[0;0m INFO 09-25 05:24:01 [stats.py:920] +---------------------------------+----------------+----------------+
[0;36m(APIServer pid=214609)[0;0m INFO 09-25 05:24:01 [serving_speech.py:3646] [SpeechE2E] request_id=speech-9d4744af5155eaaa stream=false status=ok total_ms=17623.87 response_bytes=1820204
[0;36m(APIServer pid=214609)[0;0m INFO:     127.0.0.1:58176 - "POST /v1/audio/speech HTTP/1.1" 200 OK
[0;36m(APIServer pid=214609)[0;0m INFO 09-25 05:24:01 [stats.py:811] 
[0;36m(APIServer pid=214609)[0;0m INFO 09-25 05:24:01 [stats.py:811] [Overall Summary]
[0;36m(APIServer pid=214609)[0;0m INFO 09-25 05:24:01 [stats.py:811] +-----------------------------+------------+
[0;36m(APIServer pid=214609)[0;0m INFO 09-25 05:24:01 [stats.py:811] | Field                       |      Value |
[0;36m(APIServer pid=214609)[0;0m INFO 09-25 05:24:01 [stats.py:811] +-----------------------------+------------+
[0;36m(APIServer pid=214609)[0;0m INFO 09-25 05:24:01 [stats.py:811] | e2e_requests                |          1 |
[0;36m(APIServer pid=214609)[0;0m INFO 09-25 05:24:01 [stats.py:811] | e2e_wall_time_ms            | 16,809.492 |
[0;36m(APIServer pid=214609)[0;0m INFO 09-25 05:24:01 [stats.py:811] | e2e_total_tokens            |      1,263 |
[0;36m(APIServer pid=214609)[0;0m INFO 09-25 05:24:01 [stats.py:811] | e2e_avg_time_per_request_ms | 16,809.492 |
[0;36m(APIServer pid=214609)[0;0m INFO 09-25 05:24:01 [stats.py:811] | e2e_avg_tokens_per_s        |     75.136 |
[0;36m(APIServer pid=214609)[0;0m INFO 09-25 05:24:01 [stats.py:811] | input_preprocess_time_ms    |      0.062 |
[0;36m(APIServer pid=214609)[0;0m INFO 09-25 05:24:01 [stats.py:811] | e2e_stage_0_wall_time_ms    | 16,780.298 |
[0;36m(APIServer pid=214609)[0;0m INFO 09-25 05:24:01 [stats.py:811] | e2e_stage_1_wall_time_ms    | 16,809.155 |
[0;36m(APIServer pid=214609)[0;0m INFO 09-25 05:24:01 [stats.py:811] +-----------------------------+------------+
[0;36m(APIServer pid=214609)[0;0m INFO 09-25 05:24:01 [stats.py:837] 
[0;36m(APIServer pid=214609)[0;0m INFO 09-25 05:24:01 [stats.py:837] [RequestE2EStats [request_id=speech-a752fdf126715e9f-a500e614]]
[0;36m(APIServer pid=214609)[0;0m INFO 09-25 05:24:01 [stats.py:837] +------------------+------------+
[0;36m(APIServer pid=214609)[0;0m INFO 09-25 05:24:01 [stats.py:837] | Field            |      Value |
[0;36m(APIServer pid=214609)[0;0m INFO 09-25 05:24:01 [stats.py:837] +------------------+------------+
[0;36m(APIServer pid=214609)[0;0m INFO 09-25 05:24:01 [stats.py:837] | e2e_total_ms     | 16,809.361 |
[0;36m(APIServer pid=214609)[0;0m INFO 09-25 05:24:01 [stats.py:837] | e2e_total_tokens |      1,263 |
[0;36m(APIServer pid=214609)[0;0m INFO 09-25 05:24:01 [stats.py:837] +------------------+------------+
[0;36m(APIServer pid=214609)[0;0m INFO 09-25 05:24:01 [stats.py:878] [OmniTiming] req=speech-a752fdf126715e9f-a500e614 total=16.81s preprocess=0.00s engine=16.81s stages=[0:16.78s,1:16.81s] transfers=[0->1=0.00ms]
[0;36m(APIServer pid=214609)[0;0m INFO 09-25 05:24:01 [stats.py:920] 
[0;36m(APIServer pid=214609)[0;0m INFO 09-25 05:24:01 [stats.py:920] [StageRequestStats [request_id=speech-a752fdf126715e9f-a500e614]]
[0;36m(APIServer pid=214609)[0;0m INFO 09-25 05:24:01 [stats.py:920] +---------------------------------+----------------+----------------+
[0;36m(APIServer pid=214609)[0;0m INFO 09-25 05:24:01 [stats.py:920] | Field                           |              0 |              1 |
[0;36m(APIServer pid=214609)[0;0m INFO 09-25 05:24:01 [stats.py:920] +---------------------------------+----------------+----------------+
[0;36m(APIServer pid=214609)[0;0m INFO 09-25 05:24:01 [stats.py:920] | audio_duration_s                |          0.000 |         39.040 |
[0;36m(APIServer pid=214609)[0;0m INFO 09-25 05:24:01 [stats.py:920] | audio_generated_frames          |              0 |        936,960 |
[0;36m(APIServer pid=214609)[0;0m INFO 09-25 05:24:01 [stats.py:920] | audio_sample_rate               |              0 |         24,000 |
[0;36m(APIServer pid=214609)[0;0m INFO 09-25 05:24:01 [stats.py:920] | batch_id                        |          2,332 |          2,413 |
[0;36m(APIServer pid=214609)[0;0m INFO 09-25 05:24:01 [stats.py:920] | batch_size                      |              1 |              1 |
[0;36m(APIServer pid=214609)[0;0m INFO 09-25 05:24:01 [stats.py:920] | inter_output_latencies_ms       |                |                |
[0;36m(APIServer pid=214609)[0;0m INFO 09-25 05:24:01 [stats.py:920] | num_tokens_in                   |            774 |              0 |
[0;36m(APIServer pid=214609)[0;0m INFO 09-25 05:24:01 [stats.py:920] | num_tokens_out                  |            489 |              0 |
[0;36m(APIServer pid=214609)[0;0m INFO 09-25 05:24:01 [stats.py:920] | output_unit_count               |            489 |        936,960 |
[0;36m(APIServer pid=214609)[0;0m INFO 09-25 05:24:01 [stats.py:920] | output_unit_type                |         stream |          audio |
[0;36m(APIServer pid=214609)[0;0m INFO 09-25 05:24:01 [stats.py:920] | serving_time_to_first_output_ms |     16,779.999 |     16,808.916 |
[0;36m(APIServer pid=214609)[0;0m INFO 09-25 05:24:01 [stats.py:920] | stage_gen_time_ms               |     16,779.814 |     16,808.688 |
[0;36m(APIServer pid=214609)[0;0m INFO 09-25 05:24:01 [stats.py:920] | time_per_output_unit_ms         |          0.000 |          0.000 |
[0;36m(APIServer pid=214609)[0;0m INFO 09-25 05:24:01 [stats.py:920] | vllm_itl_ms                     |         34.105 |        820.586 |
[0;36m(APIServer pid=214609)[0;0m INFO 09-25 05:24:01 [stats.py:920] | vllm_itls_ms                    | 34.105 (n=488) | 820.586 (n=20) |
[0;36m(APIServer pid=214609)[0;0m INFO 09-25 05:24:01 [stats.py:920] | vllm_tpot_ms                    |         34.105 |          0.000 |
[0;36m(APIServer pid=214609)[0;0m INFO 09-25 05:24:01 [stats.py:920] | vllm_ttft_ms                    |        134.689 |        394.224 |
[0;36m(APIServer pid=214609)[0;0m INFO 09-25 05:24:01 [stats.py:920] +---------------------------------+----------------+----------------+
[0;36m(APIServer pid=214609)[0;0m INFO 09-25 05:24:01 [serving_speech.py:3646] [SpeechE2E] request_id=speech-a752fdf126715e9f stream=false status=ok total_ms=16821.74 response_bytes=1873964
[0;36m(APIServer pid=214609)[0;0m INFO:     127.0.0.1:58136 - "POST /v1/audio/speech HTTP/1.1" 200 OK
