[0;36m(APIServer pid=214609)[0;0m INFO:     127.0.0.1:39292 - "GET /v1/audio/voices HTTP/1.1" 200 OK
[0;36m(APIServer pid=214609)[0;0m INFO 09-25 05:27:04 [serving_speech.py:3070] TTS speech request speech-a488a1910aa79834: model=Base
[0;36m(APIServer pid=214609)[0;0m INFO 09-25 05:27:05 [stats.py:811] 
[0;36m(APIServer pid=214609)[0;0m INFO 09-25 05:27:05 [stats.py:811] [Overall Summary]
[0;36m(APIServer pid=214609)[0;0m INFO 09-25 05:27:05 [stats.py:811] +-----------------------------+-----------+
[0;36m(APIServer pid=214609)[0;0m INFO 09-25 05:27:05 [stats.py:811] | Field                       |     Value |
[0;36m(APIServer pid=214609)[0;0m INFO 09-25 05:27:05 [stats.py:811] +-----------------------------+-----------+
[0;36m(APIServer pid=214609)[0;0m INFO 09-25 05:27:05 [stats.py:811] | e2e_requests                |         1 |
[0;36m(APIServer pid=214609)[0;0m INFO 09-25 05:27:05 [stats.py:811] | e2e_wall_time_ms            | 1,666.024 |
[0;36m(APIServer pid=214609)[0;0m INFO 09-25 05:27:05 [stats.py:811] | e2e_total_tokens            |       474 |
[0;36m(APIServer pid=214609)[0;0m INFO 09-25 05:27:05 [stats.py:811] | e2e_avg_time_per_request_ms | 1,666.024 |
[0;36m(APIServer pid=214609)[0;0m INFO 09-25 05:27:05 [stats.py:811] | e2e_avg_tokens_per_s        |   284.510 |
[0;36m(APIServer pid=214609)[0;0m INFO 09-25 05:27:05 [stats.py:811] | input_preprocess_time_ms    |     0.059 |
[0;36m(APIServer pid=214609)[0;0m INFO 09-25 05:27:05 [stats.py:811] | e2e_stage_0_wall_time_ms    | 1,636.808 |
[0;36m(APIServer pid=214609)[0;0m INFO 09-25 05:27:05 [stats.py:811] | e2e_stage_1_wall_time_ms    | 1,665.686 |
[0;36m(APIServer pid=214609)[0;0m INFO 09-25 05:27:05 [stats.py:811] +-----------------------------+-----------+
[0;36m(APIServer pid=214609)[0;0m INFO 09-25 05:27:05 [stats.py:837] 
[0;36m(APIServer pid=214609)[0;0m INFO 09-25 05:27:05 [stats.py:837] [RequestE2EStats [request_id=speech-a488a1910aa79834-9bf393ec]]
[0;36m(APIServer pid=214609)[0;0m INFO 09-25 05:27:05 [stats.py:837] +------------------+-----------+
[0;36m(APIServer pid=214609)[0;0m INFO 09-25 05:27:05 [stats.py:837] | Field            |     Value |
[0;36m(APIServer pid=214609)[0;0m INFO 09-25 05:27:05 [stats.py:837] +------------------+-----------+
[0;36m(APIServer pid=214609)[0;0m INFO 09-25 05:27:05 [stats.py:837] | e2e_total_ms     | 1,665.833 |
[0;36m(APIServer pid=214609)[0;0m INFO 09-25 05:27:05 [stats.py:837] | e2e_total_tokens |       474 |
[0;36m(APIServer pid=214609)[0;0m INFO 09-25 05:27:05 [stats.py:837] +------------------+-----------+
[0;36m(APIServer pid=214609)[0;0m INFO 09-25 05:27:05 [stats.py:878] [OmniTiming] req=speech-a488a1910aa79834-9bf393ec total=1.67s preprocess=0.00s engine=1.67s stages=[0:1.64s,1:1.67s] transfers=[0->1=0.00ms]
[0;36m(APIServer pid=214609)[0;0m INFO 09-25 05:27:05 [stats.py:920] 
[0;36m(APIServer pid=214609)[0;0m INFO 09-25 05:27:05 [stats.py:920] [StageRequestStats [request_id=speech-a488a1910aa79834-9bf393ec]]
[0;36m(APIServer pid=214609)[0;0m INFO 09-25 05:27:05 [stats.py:920] +---------------------------------+----------------+---------------+
[0;36m(APIServer pid=214609)[0;0m INFO 09-25 05:27:05 [stats.py:920] | Field                           |              0 |             1 |
[0;36m(APIServer pid=214609)[0;0m INFO 09-25 05:27:05 [stats.py:920] +---------------------------------+----------------+---------------+
[0;36m(APIServer pid=214609)[0;0m INFO 09-25 05:27:05 [stats.py:920] | audio_duration_s                |          0.000 |         9.040 |
[0;36m(APIServer pid=214609)[0;0m INFO 09-25 05:27:05 [stats.py:920] | audio_generated_frames          |              0 |       216,960 |
[0;36m(APIServer pid=214609)[0;0m INFO 09-25 05:27:05 [stats.py:920] | audio_sample_rate               |              0 |        24,000 |
[0;36m(APIServer pid=214609)[0;0m INFO 09-25 05:27:05 [stats.py:920] | batch_id                        |          2,472 |         2,553 |
[0;36m(APIServer pid=214609)[0;0m INFO 09-25 05:27:05 [stats.py:920] | batch_size                      |              1 |             1 |
[0;36m(APIServer pid=214609)[0;0m INFO 09-25 05:27:05 [stats.py:920] | inter_output_latencies_ms       |                |               |
[0;36m(APIServer pid=214609)[0;0m INFO 09-25 05:27:05 [stats.py:920] | num_tokens_in                   |            360 |             0 |
[0;36m(APIServer pid=214609)[0;0m INFO 09-25 05:27:05 [stats.py:920] | num_tokens_out                  |            114 |             0 |
[0;36m(APIServer pid=214609)[0;0m INFO 09-25 05:27:05 [stats.py:920] | output_unit_count               |            114 |       216,960 |
[0;36m(APIServer pid=214609)[0;0m INFO 09-25 05:27:05 [stats.py:920] | output_unit_type                |         stream |         audio |
[0;36m(APIServer pid=214609)[0;0m INFO 09-25 05:27:05 [stats.py:920] | serving_time_to_first_output_ms |      1,636.704 |     1,665.518 |
[0;36m(APIServer pid=214609)[0;0m INFO 09-25 05:27:05 [stats.py:920] | stage_gen_time_ms               |      1,636.507 |     1,665.247 |
[0;36m(APIServer pid=214609)[0;0m INFO 09-25 05:27:05 [stats.py:920] | time_per_output_unit_ms         |          0.000 |         0.000 |
[0;36m(APIServer pid=214609)[0;0m INFO 09-25 05:27:05 [stats.py:920] | vllm_itl_ms                     |         14.223 |       311.646 |
[0;36m(APIServer pid=214609)[0;0m INFO 09-25 05:27:05 [stats.py:920] | vllm_itls_ms                    | 14.223 (n=113) | 311.646 (n=5) |
[0;36m(APIServer pid=214609)[0;0m INFO 09-25 05:27:05 [stats.py:920] | vllm_tpot_ms                    |         14.223 |         0.000 |
[0;36m(APIServer pid=214609)[0;0m INFO 09-25 05:27:05 [stats.py:920] | vllm_ttft_ms                    |         27.472 |       104.131 |
[0;36m(APIServer pid=214609)[0;0m INFO 09-25 05:27:05 [stats.py:920] +---------------------------------+----------------+---------------+
[0;36m(APIServer pid=214609)[0;0m INFO 09-25 05:27:05 [serving_speech.py:3646] [SpeechE2E] request_id=speech-a488a1910aa79834 stream=false status=ok total_ms=1673.07 response_bytes=433964
[0;36m(APIServer pid=214609)[0;0m INFO:     127.0.0.1:39306 - "POST /v1/audio/speech HTTP/1.1" 200 OK
[0;36m(APIServer pid=214609)[0;0m INFO 09-25 05:27:05 [serving_speech.py:3070] TTS speech request speech-af6fdcdef6b5108b: model=Base
[0;36m(APIServer pid=214609)[0;0m INFO 09-25 05:27:06 [stats.py:811] 
[0;36m(APIServer pid=214609)[0;0m INFO 09-25 05:27:06 [stats.py:811] [Overall Summary]
[0;36m(APIServer pid=214609)[0;0m INFO 09-25 05:27:06 [stats.py:811] +-----------------------------+---------+
[0;36m(APIServer pid=214609)[0;0m INFO 09-25 05:27:06 [stats.py:811] | Field                       |   Value |
[0;36m(APIServer pid=214609)[0;0m INFO 09-25 05:27:06 [stats.py:811] +-----------------------------+---------+
[0;36m(APIServer pid=214609)[0;0m INFO 09-25 05:27:06 [stats.py:811] | e2e_requests                |       1 |
[0;36m(APIServer pid=214609)[0;0m INFO 09-25 05:27:06 [stats.py:811] | e2e_wall_time_ms            | 610.985 |
[0;36m(APIServer pid=214609)[0;0m INFO 09-25 05:27:06 [stats.py:811] | e2e_total_tokens            |     400 |
[0;36m(APIServer pid=214609)[0;0m INFO 09-25 05:27:06 [stats.py:811] | e2e_avg_time_per_request_ms | 610.985 |
[0;36m(APIServer pid=214609)[0;0m INFO 09-25 05:27:06 [stats.py:811] | e2e_avg_tokens_per_s        | 654.680 |
[0;36m(APIServer pid=214609)[0;0m INFO 09-25 05:27:06 [stats.py:811] | input_preprocess_time_ms    |   0.057 |
[0;36m(APIServer pid=214609)[0;0m INFO 09-25 05:27:06 [stats.py:811] | e2e_stage_0_wall_time_ms    | 591.315 |
[0;36m(APIServer pid=214609)[0;0m INFO 09-25 05:27:06 [stats.py:811] | e2e_stage_1_wall_time_ms    | 610.706 |
[0;36m(APIServer pid=214609)[0;0m INFO 09-25 05:27:06 [stats.py:811] +-----------------------------+---------+
[0;36m(APIServer pid=214609)[0;0m INFO 09-25 05:27:06 [stats.py:837] 
[0;36m(APIServer pid=214609)[0;0m INFO 09-25 05:27:06 [stats.py:837] [RequestE2EStats [request_id=speech-af6fdcdef6b5108b-ae71b240]]
[0;36m(APIServer pid=214609)[0;0m INFO 09-25 05:27:06 [stats.py:837] +------------------+---------+
[0;36m(APIServer pid=214609)[0;0m INFO 09-25 05:27:06 [stats.py:837] | Field            |   Value |
[0;36m(APIServer pid=214609)[0;0m INFO 09-25 05:27:06 [stats.py:837] +------------------+---------+
[0;36m(APIServer pid=214609)[0;0m INFO 09-25 05:27:06 [stats.py:837] | e2e_total_ms     | 610.860 |
[0;36m(APIServer pid=214609)[0;0m INFO 09-25 05:27:06 [stats.py:837] | e2e_total_tokens |     400 |
[0;36m(APIServer pid=214609)[0;0m INFO 09-25 05:27:06 [stats.py:837] +------------------+---------+
[0;36m(APIServer pid=214609)[0;0m INFO 09-25 05:27:06 [stats.py:878] [OmniTiming] req=speech-af6fdcdef6b5108b-ae71b240 total=0.61s preprocess=0.00s engine=0.61s stages=[0:0.59s,1:0.61s] transfers=[0->1=0.00ms]
[0;36m(APIServer pid=214609)[0;0m INFO 09-25 05:27:06 [stats.py:920] 
[0;36m(APIServer pid=214609)[0;0m INFO 09-25 05:27:06 [stats.py:920] [StageRequestStats [request_id=speech-af6fdcdef6b5108b-ae71b240]]
[0;36m(APIServer pid=214609)[0;0m INFO 09-25 05:27:06 [stats.py:920] +---------------------------------+---------------+---------------+
[0;36m(APIServer pid=214609)[0;0m INFO 09-25 05:27:06 [stats.py:920] | Field                           |             0 |             1 |
[0;36m(APIServer pid=214609)[0;0m INFO 09-25 05:27:06 [stats.py:920] +---------------------------------+---------------+---------------+
[0;36m(APIServer pid=214609)[0;0m INFO 09-25 05:27:06 [stats.py:920] | audio_duration_s                |         0.000 |         3.120 |
[0;36m(APIServer pid=214609)[0;0m INFO 09-25 05:27:06 [stats.py:920] | audio_generated_frames          |             0 |        74,880 |
[0;36m(APIServer pid=214609)[0;0m INFO 09-25 05:27:06 [stats.py:920] | audio_sample_rate               |             0 |        24,000 |
[0;36m(APIServer pid=214609)[0;0m INFO 09-25 05:27:06 [stats.py:920] | batch_id                        |         2,473 |         2,554 |
[0;36m(APIServer pid=214609)[0;0m INFO 09-25 05:27:06 [stats.py:920] | batch_size                      |             1 |             1 |
[0;36m(APIServer pid=214609)[0;0m INFO 09-25 05:27:06 [stats.py:920] | inter_output_latencies_ms       |               |               |
[0;36m(APIServer pid=214609)[0;0m INFO 09-25 05:27:06 [stats.py:920] | num_tokens_in                   |           360 |             0 |
[0;36m(APIServer pid=214609)[0;0m INFO 09-25 05:27:06 [stats.py:920] | num_tokens_out                  |            40 |             0 |
[0;36m(APIServer pid=214609)[0;0m INFO 09-25 05:27:06 [stats.py:920] | output_unit_count               |            40 |        74,880 |
[0;36m(APIServer pid=214609)[0;0m INFO 09-25 05:27:06 [stats.py:920] | output_unit_type                |        stream |         audio |
[0;36m(APIServer pid=214609)[0;0m INFO 09-25 05:27:06 [stats.py:920] | serving_time_to_first_output_ms |       591.260 |       610.493 |
[0;36m(APIServer pid=214609)[0;0m INFO 09-25 05:27:06 [stats.py:920] | stage_gen_time_ms               |       591.118 |       610.331 |
[0;36m(APIServer pid=214609)[0;0m INFO 09-25 05:27:06 [stats.py:920] | time_per_output_unit_ms         |         0.001 |         0.000 |
[0;36m(APIServer pid=214609)[0;0m INFO 09-25 05:27:06 [stats.py:920] | vllm_itl_ms                     |        14.459 |       252.061 |
[0;36m(APIServer pid=214609)[0;0m INFO 09-25 05:27:06 [stats.py:920] | vllm_itls_ms                    | 14.459 (n=39) | 252.061 (n=2) |
[0;36m(APIServer pid=214609)[0;0m INFO 09-25 05:27:06 [stats.py:920] | vllm_tpot_ms                    |        14.459 |         0.000 |
[0;36m(APIServer pid=214609)[0;0m INFO 09-25 05:27:06 [stats.py:920] | vllm_ttft_ms                    |        28.452 |       105.569 |
[0;36m(APIServer pid=214609)[0;0m INFO 09-25 05:27:06 [stats.py:920] +---------------------------------+---------------+---------------+
[0;36m(APIServer pid=214609)[0;0m ERROR 09-25 05:27:06 [serving_speech.py:3699] [SpeechE2E] request_id=speech-af6fdcdef6b5108b stream=False status=invalid_generation total_ms=622.59 error=Qwen3-TTS Base did not emit codec EOS before its token budget (40/40 codec tokens); the generated audio is incomplete.
[0;36m(APIServer pid=214609)[0;0m INFO:     127.0.0.1:39306 - "POST /v1/audio/speech HTTP/1.1" 500 Internal Server Error
[0;36m(APIServer pid=214609)[0;0m INFO 09-25 05:27:06 [serving_speech.py:3070] TTS speech request speech-b2713fbcbff19beb: model=Base
[0;36m(APIServer pid=214609)[0;0m INFO 09-25 05:27:06 [serving_speech.py:3100] Applied extra_params: {'temperature': 0.9, 'top_k': 50}
[0;36m(APIServer pid=214609)[0;0m INFO 09-25 05:27:07 [stats.py:811] 
[0;36m(APIServer pid=214609)[0;0m INFO 09-25 05:27:07 [stats.py:811] [Overall Summary]
[0;36m(APIServer pid=214609)[0;0m INFO 09-25 05:27:07 [stats.py:811] +-----------------------------+---------+
[0;36m(APIServer pid=214609)[0;0m INFO 09-25 05:27:07 [stats.py:811] | Field                       |   Value |
[0;36m(APIServer pid=214609)[0;0m INFO 09-25 05:27:07 [stats.py:811] +-----------------------------+---------+
[0;36m(APIServer pid=214609)[0;0m INFO 09-25 05:27:07 [stats.py:811] | e2e_requests                |       1 |
[0;36m(APIServer pid=214609)[0;0m INFO 09-25 05:27:07 [stats.py:811] | e2e_wall_time_ms            | 670.752 |
[0;36m(APIServer pid=214609)[0;0m INFO 09-25 05:27:07 [stats.py:811] | e2e_total_tokens            |     404 |
[0;36m(APIServer pid=214609)[0;0m INFO 09-25 05:27:07 [stats.py:811] | e2e_avg_time_per_request_ms | 670.752 |
[0;36m(APIServer pid=214609)[0;0m INFO 09-25 05:27:07 [stats.py:811] | e2e_avg_tokens_per_s        | 602.309 |
[0;36m(APIServer pid=214609)[0;0m INFO 09-25 05:27:07 [stats.py:811] | input_preprocess_time_ms    |   0.063 |
[0;36m(APIServer pid=214609)[0;0m INFO 09-25 05:27:07 [stats.py:811] | e2e_stage_0_wall_time_ms    | 644.503 |
[0;36m(APIServer pid=214609)[0;0m INFO 09-25 05:27:07 [stats.py:811] | e2e_stage_1_wall_time_ms    | 670.426 |
[0;36m(APIServer pid=214609)[0;0m INFO 09-25 05:27:07 [stats.py:811] +-----------------------------+---------+
[0;36m(APIServer pid=214609)[0;0m INFO 09-25 05:27:07 [stats.py:837] 
[0;36m(APIServer pid=214609)[0;0m INFO 09-25 05:27:07 [stats.py:837] [RequestE2EStats [request_id=speech-b2713fbcbff19beb-bbc5722d]]
[0;36m(APIServer pid=214609)[0;0m INFO 09-25 05:27:07 [stats.py:837] +------------------+---------+
[0;36m(APIServer pid=214609)[0;0m INFO 09-25 05:27:07 [stats.py:837] | Field            |   Value |
[0;36m(APIServer pid=214609)[0;0m INFO 09-25 05:27:07 [stats.py:837] +------------------+---------+
[0;36m(APIServer pid=214609)[0;0m INFO 09-25 05:27:07 [stats.py:837] | e2e_total_ms     | 670.609 |
[0;36m(APIServer pid=214609)[0;0m INFO 09-25 05:27:07 [stats.py:837] | e2e_total_tokens |     404 |
[0;36m(APIServer pid=214609)[0;0m INFO 09-25 05:27:07 [stats.py:837] +------------------+---------+
[0;36m(APIServer pid=214609)[0;0m INFO 09-25 05:27:07 [stats.py:878] [OmniTiming] req=speech-b2713fbcbff19beb-bbc5722d total=0.67s preprocess=0.00s engine=0.67s stages=[0:0.64s,1:0.67s] transfers=[0->1=0.00ms]
[0;36m(APIServer pid=214609)[0;0m INFO 09-25 05:27:07 [stats.py:920] 
[0;36m(APIServer pid=214609)[0;0m INFO 09-25 05:27:07 [stats.py:920] [StageRequestStats [request_id=speech-b2713fbcbff19beb-bbc5722d]]
[0;36m(APIServer pid=214609)[0;0m INFO 09-25 05:27:07 [stats.py:920] +---------------------------------+---------------+---------------+
[0;36m(APIServer pid=214609)[0;0m INFO 09-25 05:27:07 [stats.py:920] | Field                           |             0 |             1 |
[0;36m(APIServer pid=214609)[0;0m INFO 09-25 05:27:07 [stats.py:920] +---------------------------------+---------------+---------------+
[0;36m(APIServer pid=214609)[0;0m INFO 09-25 05:27:07 [stats.py:920] | audio_duration_s                |         0.000 |         3.440 |
[0;36m(APIServer pid=214609)[0;0m INFO 09-25 05:27:07 [stats.py:920] | audio_generated_frames          |             0 |        82,560 |
[0;36m(APIServer pid=214609)[0;0m INFO 09-25 05:27:07 [stats.py:920] | audio_sample_rate               |             0 |        24,000 |
[0;36m(APIServer pid=214609)[0;0m INFO 09-25 05:27:07 [stats.py:920] | batch_id                        |         2,474 |         2,555 |
[0;36m(APIServer pid=214609)[0;0m INFO 09-25 05:27:07 [stats.py:920] | batch_size                      |             1 |             1 |
[0;36m(APIServer pid=214609)[0;0m INFO 09-25 05:27:07 [stats.py:920] | inter_output_latencies_ms       |               |               |
[0;36m(APIServer pid=214609)[0;0m INFO 09-25 05:27:07 [stats.py:920] | num_tokens_in                   |           360 |             0 |
[0;36m(APIServer pid=214609)[0;0m INFO 09-25 05:27:07 [stats.py:920] | num_tokens_out                  |            44 |             0 |
[0;36m(APIServer pid=214609)[0;0m INFO 09-25 05:27:07 [stats.py:920] | output_unit_count               |            44 |        82,560 |
[0;36m(APIServer pid=214609)[0;0m INFO 09-25 05:27:07 [stats.py:920] | output_unit_type                |        stream |         audio |
[0;36m(APIServer pid=214609)[0;0m INFO 09-25 05:27:07 [stats.py:920] | serving_time_to_first_output_ms |       644.503 |       670.383 |
[0;36m(APIServer pid=214609)[0;0m INFO 09-25 05:27:07 [stats.py:920] | stage_gen_time_ms               |       644.331 |       670.148 |
[0;36m(APIServer pid=214609)[0;0m INFO 09-25 05:27:07 [stats.py:920] | time_per_output_unit_ms         |         0.001 |         0.000 |
[0;36m(APIServer pid=214609)[0;0m INFO 09-25 05:27:07 [stats.py:920] | vllm_itl_ms                     |        14.309 |       283.038 |
[0;36m(APIServer pid=214609)[0;0m INFO 09-25 05:27:07 [stats.py:920] | vllm_itls_ms                    | 14.309 (n=43) | 283.038 (n=2) |
[0;36m(APIServer pid=214609)[0;0m INFO 09-25 05:27:07 [stats.py:920] | vllm_tpot_ms                    |        14.309 |         0.000 |
[0;36m(APIServer pid=214609)[0;0m INFO 09-25 05:27:07 [stats.py:920] | vllm_ttft_ms                    |        27.120 |       103.672 |
[0;36m(APIServer pid=214609)[0;0m INFO 09-25 05:27:07 [stats.py:920] +---------------------------------+---------------+---------------+
[0;36m(APIServer pid=214609)[0;0m INFO 09-25 05:27:07 [serving_speech.py:3646] [SpeechE2E] request_id=speech-b2713fbcbff19beb stream=false status=ok total_ms=680.03 response_bytes=165164
[0;36m(APIServer pid=214609)[0;0m INFO:     127.0.0.1:35012 - "POST /v1/audio/speech HTTP/1.1" 200 OK
[0;36m(APIServer pid=214609)[0;0m INFO 09-25 05:27:07 [serving_speech.py:3070] TTS speech request speech-b4900b73ea5bba15: model=Base
[0;36m(APIServer pid=214609)[0;0m INFO 09-25 05:27:07 [serving_speech.py:3100] Applied extra_params: {'temperature': 0.9, 'top_k': 50}
[0;36m(APIServer pid=214609)[0;0m INFO 09-25 05:27:08 [stats.py:811] 
[0;36m(APIServer pid=214609)[0;0m INFO 09-25 05:27:08 [stats.py:811] [Overall Summary]
[0;36m(APIServer pid=214609)[0;0m INFO 09-25 05:27:08 [stats.py:811] +-----------------------------+-----------+
[0;36m(APIServer pid=214609)[0;0m INFO 09-25 05:27:08 [stats.py:811] | Field                       |     Value |
[0;36m(APIServer pid=214609)[0;0m INFO 09-25 05:27:08 [stats.py:811] +-----------------------------+-----------+
[0;36m(APIServer pid=214609)[0;0m INFO 09-25 05:27:08 [stats.py:811] | e2e_requests                |         1 |
[0;36m(APIServer pid=214609)[0;0m INFO 09-25 05:27:08 [stats.py:811] | e2e_wall_time_ms            | 1,024.730 |
[0;36m(APIServer pid=214609)[0;0m INFO 09-25 05:27:08 [stats.py:811] | e2e_total_tokens            |       429 |
[0;36m(APIServer pid=214609)[0;0m INFO 09-25 05:27:08 [stats.py:811] | e2e_avg_time_per_request_ms | 1,024.730 |
[0;36m(APIServer pid=214609)[0;0m INFO 09-25 05:27:08 [stats.py:811] | e2e_avg_tokens_per_s        |   418.647 |
[0;36m(APIServer pid=214609)[0;0m INFO 09-25 05:27:08 [stats.py:811] | input_preprocess_time_ms    |     0.057 |
[0;36m(APIServer pid=214609)[0;0m INFO 09-25 05:27:08 [stats.py:811] | e2e_stage_0_wall_time_ms    |   994.034 |
[0;36m(APIServer pid=214609)[0;0m INFO 09-25 05:27:08 [stats.py:811] | e2e_stage_1_wall_time_ms    | 1,024.415 |
[0;36m(APIServer pid=214609)[0;0m INFO 09-25 05:27:08 [stats.py:811] +-----------------------------+-----------+
[0;36m(APIServer pid=214609)[0;0m INFO 09-25 05:27:08 [stats.py:837] 
[0;36m(APIServer pid=214609)[0;0m INFO 09-25 05:27:08 [stats.py:837] [RequestE2EStats [request_id=speech-b4900b73ea5bba15-87668ef5]]
[0;36m(APIServer pid=214609)[0;0m INFO 09-25 05:27:08 [stats.py:837] +------------------+-----------+
[0;36m(APIServer pid=214609)[0;0m INFO 09-25 05:27:08 [stats.py:837] | Field            |     Value |
[0;36m(APIServer pid=214609)[0;0m INFO 09-25 05:27:08 [stats.py:837] +------------------+-----------+
[0;36m(APIServer pid=214609)[0;0m INFO 09-25 05:27:08 [stats.py:837] | e2e_total_ms     | 1,024.598 |
[0;36m(APIServer pid=214609)[0;0m INFO 09-25 05:27:08 [stats.py:837] | e2e_total_tokens |       429 |
[0;36m(APIServer pid=214609)[0;0m INFO 09-25 05:27:08 [stats.py:837] +------------------+-----------+
[0;36m(APIServer pid=214609)[0;0m INFO 09-25 05:27:08 [stats.py:878] [OmniTiming] req=speech-b4900b73ea5bba15-87668ef5 total=1.02s preprocess=0.00s engine=1.02s stages=[0:0.99s,1:1.02s] transfers=[0->1=0.00ms]
[0;36m(APIServer pid=214609)[0;0m INFO 09-25 05:27:08 [stats.py:920] 
[0;36m(APIServer pid=214609)[0;0m INFO 09-25 05:27:08 [stats.py:920] [StageRequestStats [request_id=speech-b4900b73ea5bba15-87668ef5]]
[0;36m(APIServer pid=214609)[0;0m INFO 09-25 05:27:08 [stats.py:920] +---------------------------------+---------------+---------------+
[0;36m(APIServer pid=214609)[0;0m INFO 09-25 05:27:08 [stats.py:920] | Field                           |             0 |             1 |
[0;36m(APIServer pid=214609)[0;0m INFO 09-25 05:27:08 [stats.py:920] +---------------------------------+---------------+---------------+
[0;36m(APIServer pid=214609)[0;0m INFO 09-25 05:27:08 [stats.py:920] | audio_duration_s                |         0.000 |         5.440 |
[0;36m(APIServer pid=214609)[0;0m INFO 09-25 05:27:08 [stats.py:920] | audio_generated_frames          |             0 |       130,560 |
[0;36m(APIServer pid=214609)[0;0m INFO 09-25 05:27:08 [stats.py:920] | audio_sample_rate               |             0 |        24,000 |
[0;36m(APIServer pid=214609)[0;0m INFO 09-25 05:27:08 [stats.py:920] | batch_id                        |         2,475 |         2,556 |
[0;36m(APIServer pid=214609)[0;0m INFO 09-25 05:27:08 [stats.py:920] | batch_size                      |             1 |             1 |
[0;36m(APIServer pid=214609)[0;0m INFO 09-25 05:27:08 [stats.py:920] | inter_output_latencies_ms       |               |               |
[0;36m(APIServer pid=214609)[0;0m INFO 09-25 05:27:08 [stats.py:920] | num_tokens_in                   |           360 |             0 |
[0;36m(APIServer pid=214609)[0;0m INFO 09-25 05:27:08 [stats.py:920] | num_tokens_out                  |            69 |             0 |
[0;36m(APIServer pid=214609)[0;0m INFO 09-25 05:27:08 [stats.py:920] | output_unit_count               |            69 |       130,560 |
[0;36m(APIServer pid=214609)[0;0m INFO 09-25 05:27:08 [stats.py:920] | output_unit_type                |        stream |         audio |
[0;36m(APIServer pid=214609)[0;0m INFO 09-25 05:27:08 [stats.py:920] | serving_time_to_first_output_ms |       993.951 |     1,023.418 |
[0;36m(APIServer pid=214609)[0;0m INFO 09-25 05:27:08 [stats.py:920] | stage_gen_time_ms               |       993.819 |     1,023.205 |
[0;36m(APIServer pid=214609)[0;0m INFO 09-25 05:27:08 [stats.py:920] | time_per_output_unit_ms         |         0.001 |         0.000 |
[0;36m(APIServer pid=214609)[0;0m INFO 09-25 05:27:08 [stats.py:920] | vllm_itl_ms                     |        14.216 |       305.795 |
[0;36m(APIServer pid=214609)[0;0m INFO 09-25 05:27:08 [stats.py:920] | vllm_itls_ms                    | 14.216 (n=68) | 305.795 (n=3) |
[0;36m(APIServer pid=214609)[0;0m INFO 09-25 05:27:08 [stats.py:920] | vllm_tpot_ms                    |        14.216 |         0.000 |
[0;36m(APIServer pid=214609)[0;0m INFO 09-25 05:27:08 [stats.py:920] | vllm_ttft_ms                    |        28.261 |       105.228 |
[0;36m(APIServer pid=214609)[0;0m INFO 09-25 05:27:08 [stats.py:920] +---------------------------------+---------------+---------------+
[0;36m(APIServer pid=214609)[0;0m INFO 09-25 05:27:08 [serving_speech.py:3646] [SpeechE2E] request_id=speech-b4900b73ea5bba15 stream=false status=ok total_ms=1036.63 response_bytes=261164
[0;36m(APIServer pid=214609)[0;0m INFO:     127.0.0.1:35012 - "POST /v1/audio/speech HTTP/1.1" 200 OK
[0;36m(APIServer pid=214609)[0;0m INFO 09-25 05:27:08 [serving_speech.py:3070] TTS speech request speech-9df3b0522402ae33: model=Base
[0;36m(APIServer pid=214609)[0;0m INFO 09-25 05:27:08 [serving_speech.py:3100] Applied extra_params: {'temperature': 0.9, 'top_k': 50}
[0;36m(APIServer pid=214609)[0;0m INFO 09-25 05:27:08 [serving_speech.py:3070] TTS speech request speech-9d8e873dd4c161a8: model=Base
[0;36m(APIServer pid=214609)[0;0m INFO 09-25 05:27:08 [serving_speech.py:3100] Applied extra_params: {'temperature': 0.9, 'top_k': 50}
[0;36m(APIServer pid=214609)[0;0m INFO 09-25 05:27:08 [serving_speech.py:3070] TTS speech request speech-b092d06d9eeb74ae: model=Base
[0;36m(APIServer pid=214609)[0;0m INFO 09-25 05:27:08 [serving_speech.py:3100] Applied extra_params: {'temperature': 0.9, 'top_k': 50}
[0;36m(APIServer pid=214609)[0;0m INFO 09-25 05:27:08 [serving_speech.py:3070] TTS speech request speech-9aa9f9d4d62882f9: model=Base
[0;36m(APIServer pid=214609)[0;0m INFO 09-25 05:27:08 [serving_speech.py:3100] Applied extra_params: {'temperature': 0.9, 'top_k': 50}
[0;36m(APIServer pid=214609)[0;0m INFO 09-25 05:27:08 [serving_speech.py:3070] TTS speech request speech-a715134495d9c90b: model=Base
[0;36m(APIServer pid=214609)[0;0m INFO 09-25 05:27:08 [serving_speech.py:3100] Applied extra_params: {'temperature': 0.9, 'top_k': 50}
[0;36m(APIServer pid=214609)[0;0m INFO 09-25 05:27:08 [serving_speech.py:3070] TTS speech request speech-802eb97a952ef5d8: model=Base
[0;36m(APIServer pid=214609)[0;0m INFO 09-25 05:27:08 [serving_speech.py:3100] Applied extra_params: {'temperature': 0.9, 'top_k': 50}
[0;36m(APIServer pid=214609)[0;0m INFO 09-25 05:27:08 [serving_speech.py:3070] TTS speech request speech-87ddc04789f17935: model=Base
[0;36m(APIServer pid=214609)[0;0m INFO 09-25 05:27:08 [serving_speech.py:3100] Applied extra_params: {'temperature': 0.9, 'top_k': 50}
[0;36m(APIServer pid=214609)[0;0m INFO 09-25 05:27:08 [serving_speech.py:3070] TTS speech request speech-94a82654fcb0d5d1: model=Base
[0;36m(APIServer pid=214609)[0;0m INFO 09-25 05:27:08 [serving_speech.py:3100] Applied extra_params: {'temperature': 0.9, 'top_k': 50}
[0;36m(APIServer pid=214609)[0;0m INFO 09-25 05:27:08 [serving_speech.py:3070] TTS speech request speech-aca6b2e7a0b23c06: model=Base
[0;36m(APIServer pid=214609)[0;0m INFO 09-25 05:27:08 [serving_speech.py:3100] Applied extra_params: {'temperature': 0.9, 'top_k': 50}
[0;36m(APIServer pid=214609)[0;0m INFO 09-25 05:27:08 [serving_speech.py:3070] TTS speech request speech-9a21ca6a44982336: model=Base
[0;36m(APIServer pid=214609)[0;0m INFO 09-25 05:27:08 [serving_speech.py:3100] Applied extra_params: {'temperature': 0.9, 'top_k': 50}
[0;36m(APIServer pid=214609)[0;0m INFO 09-25 05:27:08 [serving_speech.py:3070] TTS speech request speech-b888bb9e5ec0462c: model=Base
[0;36m(APIServer pid=214609)[0;0m INFO 09-25 05:27:08 [serving_speech.py:3100] Applied extra_params: {'temperature': 0.9, 'top_k': 50}
[0;36m(APIServer pid=214609)[0;0m INFO 09-25 05:27:08 [serving_speech.py:3070] TTS speech request speech-9409e324d2e45707: model=Base
[0;36m(APIServer pid=214609)[0;0m INFO 09-25 05:27:08 [serving_speech.py:3100] Applied extra_params: {'temperature': 0.9, 'top_k': 50}
[0;36m(APIServer pid=214609)[0;0m INFO 09-25 05:27:08 [serving_speech.py:3070] TTS speech request speech-8530d2bdf3e74104: model=Base
[0;36m(APIServer pid=214609)[0;0m INFO 09-25 05:27:08 [serving_speech.py:3100] Applied extra_params: {'temperature': 0.9, 'top_k': 50}
[0;36m(APIServer pid=214609)[0;0m INFO 09-25 05:27:08 [serving_speech.py:3070] TTS speech request speech-a286ddcd12ea033d: model=Base
[0;36m(APIServer pid=214609)[0;0m INFO 09-25 05:27:08 [serving_speech.py:3100] Applied extra_params: {'temperature': 0.9, 'top_k': 50}
[0;36m(APIServer pid=214609)[0;0m INFO 09-25 05:27:08 [serving_speech.py:3070] TTS speech request speech-9ba795594d98d68c: model=Base
[0;36m(APIServer pid=214609)[0;0m INFO 09-25 05:27:08 [serving_speech.py:3100] Applied extra_params: {'temperature': 0.9, 'top_k': 50}
[0;36m(APIServer pid=214609)[0;0m INFO 09-25 05:27:08 [serving_speech.py:3070] TTS speech request speech-9a338f9274ab366b: model=Base
[0;36m(APIServer pid=214609)[0;0m INFO 09-25 05:27:08 [serving_speech.py:3100] Applied extra_params: {'temperature': 0.9, 'top_k': 50}
[0;36m(APIServer pid=214609)[0;0m INFO 09-25 05:27:23 [stats.py:811] 
[0;36m(APIServer pid=214609)[0;0m INFO 09-25 05:27:23 [stats.py:811] [Overall Summary]
[0;36m(APIServer pid=214609)[0;0m INFO 09-25 05:27:23 [stats.py:811] +-----------------------------+------------+
[0;36m(APIServer pid=214609)[0;0m INFO 09-25 05:27:23 [stats.py:811] | Field                       |      Value |
[0;36m(APIServer pid=214609)[0;0m INFO 09-25 05:27:23 [stats.py:811] +-----------------------------+------------+
[0;36m(APIServer pid=214609)[0;0m INFO 09-25 05:27:23 [stats.py:811] | e2e_requests                |          1 |
[0;36m(APIServer pid=214609)[0;0m INFO 09-25 05:27:23 [stats.py:811] | e2e_wall_time_ms            | 15,159.636 |
[0;36m(APIServer pid=214609)[0;0m INFO 09-25 05:27:23 [stats.py:811] | e2e_total_tokens            |        721 |
[0;36m(APIServer pid=214609)[0;0m INFO 09-25 05:27:23 [stats.py:811] | e2e_avg_time_per_request_ms | 15,159.636 |
[0;36m(APIServer pid=214609)[0;0m INFO 09-25 05:27:23 [stats.py:811] | e2e_avg_tokens_per_s        |     47.561 |
[0;36m(APIServer pid=214609)[0;0m INFO 09-25 05:27:23 [stats.py:811] | input_preprocess_time_ms    |      0.059 |
[0;36m(APIServer pid=214609)[0;0m INFO 09-25 05:27:23 [stats.py:811] | e2e_stage_0_wall_time_ms    | 15,119.792 |
[0;36m(APIServer pid=214609)[0;0m INFO 09-25 05:27:23 [stats.py:811] | e2e_stage_1_wall_time_ms    | 15,155.838 |
[0;36m(APIServer pid=214609)[0;0m INFO 09-25 05:27:23 [stats.py:811] +-----------------------------+------------+
[0;36m(APIServer pid=214609)[0;0m INFO 09-25 05:27:23 [stats.py:837] 
[0;36m(APIServer pid=214609)[0;0m INFO 09-25 05:27:23 [stats.py:837] [RequestE2EStats [request_id=speech-b092d06d9eeb74ae-aa1377e0]]
[0;36m(APIServer pid=214609)[0;0m INFO 09-25 05:27:23 [stats.py:837] +------------------+------------+
[0;36m(APIServer pid=214609)[0;0m INFO 09-25 05:27:23 [stats.py:837] | Field            |      Value |
[0;36m(APIServer pid=214609)[0;0m INFO 09-25 05:27:23 [stats.py:837] +------------------+------------+
[0;36m(APIServer pid=214609)[0;0m INFO 09-25 05:27:23 [stats.py:837] | e2e_total_ms     | 15,159.507 |
[0;36m(APIServer pid=214609)[0;0m INFO 09-25 05:27:23 [stats.py:837] | e2e_total_tokens |        721 |
[0;36m(APIServer pid=214609)[0;0m INFO 09-25 05:27:23 [stats.py:837] +------------------+------------+
[0;36m(APIServer pid=214609)[0;0m INFO 09-25 05:27:23 [stats.py:878] [OmniTiming] req=speech-b092d06d9eeb74ae-aa1377e0 total=15.16s preprocess=0.00s engine=15.16s stages=[0:15.12s,1:15.15s] transfers=[0->1=0.00ms]
[0;36m(APIServer pid=214609)[0;0m INFO 09-25 05:27:23 [stats.py:920] 
[0;36m(APIServer pid=214609)[0;0m INFO 09-25 05:27:23 [stats.py:920] [StageRequestStats [request_id=speech-b092d06d9eeb74ae-aa1377e0]]
[0;36m(APIServer pid=214609)[0;0m INFO 09-25 05:27:23 [stats.py:920] +---------------------------------+----------------+----------------+
[0;36m(APIServer pid=214609)[0;0m INFO 09-25 05:27:23 [stats.py:920] | Field                           |              0 |              1 |
[0;36m(APIServer pid=214609)[0;0m INFO 09-25 05:27:23 [stats.py:920] +---------------------------------+----------------+----------------+
[0;36m(APIServer pid=214609)[0;0m INFO 09-25 05:27:23 [stats.py:920] | audio_duration_s                |          0.000 |         28.800 |
[0;36m(APIServer pid=214609)[0;0m INFO 09-25 05:27:23 [stats.py:920] | audio_generated_frames          |              0 |        691,200 |
[0;36m(APIServer pid=214609)[0;0m INFO 09-25 05:27:23 [stats.py:920] | audio_sample_rate               |              0 |         24,000 |
[0;36m(APIServer pid=214609)[0;0m INFO 09-25 05:27:23 [stats.py:920] | batch_id                        |          2,476 |          2,557 |
[0;36m(APIServer pid=214609)[0;0m INFO 09-25 05:27:23 [stats.py:920] | batch_size                      |              1 |              1 |
[0;36m(APIServer pid=214609)[0;0m INFO 09-25 05:27:23 [stats.py:920] | inter_output_latencies_ms       |                |                |
[0;36m(APIServer pid=214609)[0;0m INFO 09-25 05:27:23 [stats.py:920] | num_tokens_in                   |            360 |              0 |
[0;36m(APIServer pid=214609)[0;0m INFO 09-25 05:27:23 [stats.py:920] | num_tokens_out                  |            361 |              0 |
[0;36m(APIServer pid=214609)[0;0m INFO 09-25 05:27:23 [stats.py:920] | output_unit_count               |            361 |        691,200 |
[0;36m(APIServer pid=214609)[0;0m INFO 09-25 05:27:23 [stats.py:920] | output_unit_type                |         stream |          audio |
[0;36m(APIServer pid=214609)[0;0m INFO 09-25 05:27:23 [stats.py:920] | serving_time_to_first_output_ms |     15,119.011 |     15,158.274 |
[0;36m(APIServer pid=214609)[0;0m INFO 09-25 05:27:23 [stats.py:920] | stage_gen_time_ms               |     15,115.604 |     15,154.615 |
[0;36m(APIServer pid=214609)[0;0m INFO 09-25 05:27:23 [stats.py:920] | time_per_output_unit_ms         |          0.000 |          0.000 |
[0;36m(APIServer pid=214609)[0;0m INFO 09-25 05:27:23 [stats.py:920] | vllm_itl_ms                     |         41.373 |        929.572 |
[0;36m(APIServer pid=214609)[0;0m INFO 09-25 05:27:23 [stats.py:920] | vllm_itls_ms                    | 41.373 (n=360) | 929.572 (n=15) |
[0;36m(APIServer pid=214609)[0;0m INFO 09-25 05:27:23 [stats.py:920] | vllm_tpot_ms                    |         41.373 |          0.000 |
[0;36m(APIServer pid=214609)[0;0m INFO 09-25 05:27:23 [stats.py:920] | vllm_ttft_ms                    |        225.961 |      1,210.720 |
[0;36m(APIServer pid=214609)[0;0m INFO 09-25 05:27:23 [stats.py:920] +---------------------------------+----------------+----------------+
[0;36m(APIServer pid=214609)[0;0m INFO 09-25 05:27:23 [serving_speech.py:3646] [SpeechE2E] request_id=speech-b092d06d9eeb74ae stream=false status=ok total_ms=15192.10 response_bytes=1382444
[0;36m(APIServer pid=214609)[0;0m INFO:     127.0.0.1:35028 - "POST /v1/audio/speech HTTP/1.1" 200 OK
[0;36m(APIServer pid=214609)[0;0m INFO 09-25 05:27:23 [serving_speech.py:3070] TTS speech request speech-a297376a2c84fc80: model=Base
[0;36m(APIServer pid=214609)[0;0m INFO 09-25 05:27:23 [serving_speech.py:3100] Applied extra_params: {'temperature': 0.9, 'top_k': 50}
[0;36m(APIServer pid=214609)[0;0m INFO 09-25 05:27:23 [stats.py:811] 
[0;36m(APIServer pid=214609)[0;0m INFO 09-25 05:27:23 [stats.py:811] [Overall Summary]
[0;36m(APIServer pid=214609)[0;0m INFO 09-25 05:27:23 [stats.py:811] +-----------------------------+------------+
[0;36m(APIServer pid=214609)[0;0m INFO 09-25 05:27:23 [stats.py:811] | Field                       |      Value |
[0;36m(APIServer pid=214609)[0;0m INFO 09-25 05:27:23 [stats.py:811] +-----------------------------+------------+
[0;36m(APIServer pid=214609)[0;0m INFO 09-25 05:27:23 [stats.py:811] | e2e_requests                |          1 |
[0;36m(APIServer pid=214609)[0;0m INFO 09-25 05:27:23 [stats.py:811] | e2e_wall_time_ms            | 15,439.236 |
[0;36m(APIServer pid=214609)[0;0m INFO 09-25 05:27:23 [stats.py:811] | e2e_total_tokens            |        728 |
[0;36m(APIServer pid=214609)[0;0m INFO 09-25 05:27:23 [stats.py:811] | e2e_avg_time_per_request_ms | 15,439.236 |
[0;36m(APIServer pid=214609)[0;0m INFO 09-25 05:27:23 [stats.py:811] | e2e_avg_tokens_per_s        |     47.153 |
[0;36m(APIServer pid=214609)[0;0m INFO 09-25 05:27:23 [stats.py:811] | input_preprocess_time_ms    |      0.032 |
[0;36m(APIServer pid=214609)[0;0m INFO 09-25 05:27:23 [stats.py:811] | e2e_stage_0_wall_time_ms    | 15,400.705 |
[0;36m(APIServer pid=214609)[0;0m INFO 09-25 05:27:23 [stats.py:811] | e2e_stage_1_wall_time_ms    | 15,437.623 |
[0;36m(APIServer pid=214609)[0;0m INFO 09-25 05:27:23 [stats.py:811] +-----------------------------+------------+
[0;36m(APIServer pid=214609)[0;0m INFO 09-25 05:27:23 [stats.py:837] 
[0;36m(APIServer pid=214609)[0;0m INFO 09-25 05:27:23 [stats.py:837] [RequestE2EStats [request_id=speech-9409e324d2e45707-b0d7512e]]
[0;36m(APIServer pid=214609)[0;0m INFO 09-25 05:27:23 [stats.py:837] +------------------+------------+
[0;36m(APIServer pid=214609)[0;0m INFO 09-25 05:27:23 [stats.py:837] | Field            |      Value |
[0;36m(APIServer pid=214609)[0;0m INFO 09-25 05:27:23 [stats.py:837] +------------------+------------+
[0;36m(APIServer pid=214609)[0;0m INFO 09-25 05:27:23 [stats.py:837] | e2e_total_ms     | 15,439.157 |
[0;36m(APIServer pid=214609)[0;0m INFO 09-25 05:27:23 [stats.py:837] | e2e_total_tokens |        728 |
[0;36m(APIServer pid=214609)[0;0m INFO 09-25 05:27:23 [stats.py:837] +------------------+------------+
[0;36m(APIServer pid=214609)[0;0m INFO 09-25 05:27:23 [stats.py:878] [OmniTiming] req=speech-9409e324d2e45707-b0d7512e total=15.44s preprocess=0.00s engine=15.44s stages=[0:15.40s,1:15.44s] transfers=[0->1=0.00ms]
[0;36m(APIServer pid=214609)[0;0m INFO 09-25 05:27:23 [stats.py:920] 
[0;36m(APIServer pid=214609)[0;0m INFO 09-25 05:27:23 [stats.py:920] [StageRequestStats [request_id=speech-9409e324d2e45707-b0d7512e]]
[0;36m(APIServer pid=214609)[0;0m INFO 09-25 05:27:23 [stats.py:920] +---------------------------------+----------------+----------------+
[0;36m(APIServer pid=214609)[0;0m INFO 09-25 05:27:23 [stats.py:920] | Field                           |              0 |              1 |
[0;36m(APIServer pid=214609)[0;0m INFO 09-25 05:27:23 [stats.py:920] +---------------------------------+----------------+----------------+
[0;36m(APIServer pid=214609)[0;0m INFO 09-25 05:27:23 [stats.py:920] | audio_duration_s                |          0.000 |         29.360 |
[0;36m(APIServer pid=214609)[0;0m INFO 09-25 05:27:23 [stats.py:920] | audio_generated_frames          |              0 |        704,640 |
[0;36m(APIServer pid=214609)[0;0m INFO 09-25 05:27:23 [stats.py:920] | audio_sample_rate               |              0 |         24,000 |
[0;36m(APIServer pid=214609)[0;0m INFO 09-25 05:27:23 [stats.py:920] | batch_id                        |          2,477 |          2,558 |
[0;36m(APIServer pid=214609)[0;0m INFO 09-25 05:27:23 [stats.py:920] | batch_size                      |              1 |              1 |
[0;36m(APIServer pid=214609)[0;0m INFO 09-25 05:27:23 [stats.py:920] | inter_output_latencies_ms       |                |                |
[0;36m(APIServer pid=214609)[0;0m INFO 09-25 05:27:23 [stats.py:920] | num_tokens_in                   |            360 |              0 |
[0;36m(APIServer pid=214609)[0;0m INFO 09-25 05:27:23 [stats.py:920] | num_tokens_out                  |            368 |              0 |
[0;36m(APIServer pid=214609)[0;0m INFO 09-25 05:27:23 [stats.py:920] | output_unit_count               |            368 |        704,640 |
[0;36m(APIServer pid=214609)[0;0m INFO 09-25 05:27:23 [stats.py:920] | output_unit_type                |         stream |          audio |
[0;36m(APIServer pid=214609)[0;0m INFO 09-25 05:27:23 [stats.py:920] | serving_time_to_first_output_ms |     15,400.048 |     15,438.253 |
[0;36m(APIServer pid=214609)[0;0m INFO 09-25 05:27:23 [stats.py:920] | stage_gen_time_ms               |     15,398.534 |     15,436.744 |
[0;36m(APIServer pid=214609)[0;0m INFO 09-25 05:27:23 [stats.py:920] | time_per_output_unit_ms         |          0.000 |          0.000 |
[0;36m(APIServer pid=214609)[0;0m INFO 09-25 05:27:23 [stats.py:920] | vllm_itl_ms                     |         40.963 |        949.978 |
[0;36m(APIServer pid=214609)[0;0m INFO 09-25 05:27:23 [stats.py:920] | vllm_itls_ms                    | 40.963 (n=367) | 949.978 (n=15) |
[0;36m(APIServer pid=214609)[0;0m INFO 09-25 05:27:23 [stats.py:920] | vllm_tpot_ms                    |         40.963 |          0.000 |
[0;36m(APIServer pid=214609)[0;0m INFO 09-25 05:27:23 [stats.py:920] | vllm_ttft_ms                    |        367.154 |      1,186.360 |
[0;36m(APIServer pid=214609)[0;0m INFO 09-25 05:27:23 [stats.py:920] +---------------------------------+----------------+----------------+
[0;36m(APIServer pid=214609)[0;0m INFO 09-25 05:27:23 [serving_speech.py:3646] [SpeechE2E] request_id=speech-9409e324d2e45707 stream=false status=ok total_ms=15472.62 response_bytes=1409324
[0;36m(APIServer pid=214609)[0;0m INFO:     127.0.0.1:35110 - "POST /v1/audio/speech HTTP/1.1" 200 OK
[0;36m(APIServer pid=214609)[0;0m INFO 09-25 05:27:23 [serving_speech.py:3070] TTS speech request speech-b03c050fed92b822: model=Base
[0;36m(APIServer pid=214609)[0;0m INFO 09-25 05:27:23 [serving_speech.py:3100] Applied extra_params: {'temperature': 0.9, 'top_k': 50}
[0;36m(APIServer pid=214609)[0;0m INFO 09-25 05:27:24 [stats.py:811] 
[0;36m(APIServer pid=214609)[0;0m INFO 09-25 05:27:24 [stats.py:811] [Overall Summary]
[0;36m(APIServer pid=214609)[0;0m INFO 09-25 05:27:24 [stats.py:811] +-----------------------------+------------+
[0;36m(APIServer pid=214609)[0;0m INFO 09-25 05:27:24 [stats.py:811] | Field                       |      Value |
[0;36m(APIServer pid=214609)[0;0m INFO 09-25 05:27:24 [stats.py:811] +-----------------------------+------------+
[0;36m(APIServer pid=214609)[0;0m INFO 09-25 05:27:24 [stats.py:811] | e2e_requests                |          1 |
[0;36m(APIServer pid=214609)[0;0m INFO 09-25 05:27:24 [stats.py:811] | e2e_wall_time_ms            | 16,101.384 |
[0;36m(APIServer pid=214609)[0;0m INFO 09-25 05:27:24 [stats.py:811] | e2e_total_tokens            |        737 |
[0;36m(APIServer pid=214609)[0;0m INFO 09-25 05:27:24 [stats.py:811] | e2e_avg_time_per_request_ms | 16,101.384 |
[0;36m(APIServer pid=214609)[0;0m INFO 09-25 05:27:24 [stats.py:811] | e2e_avg_tokens_per_s        |     45.772 |
[0;36m(APIServer pid=214609)[0;0m INFO 09-25 05:27:24 [stats.py:811] | input_preprocess_time_ms    |      0.027 |
[0;36m(APIServer pid=214609)[0;0m INFO 09-25 05:27:24 [stats.py:811] | e2e_stage_0_wall_time_ms    | 15,790.710 |
[0;36m(APIServer pid=214609)[0;0m INFO 09-25 05:27:24 [stats.py:811] | e2e_stage_1_wall_time_ms    | 16,099.799 |
[0;36m(APIServer pid=214609)[0;0m INFO 09-25 05:27:24 [stats.py:811] +-----------------------------+------------+
[0;36m(APIServer pid=214609)[0;0m INFO 09-25 05:27:24 [stats.py:837] 
[0;36m(APIServer pid=214609)[0;0m INFO 09-25 05:27:24 [stats.py:837] [RequestE2EStats [request_id=speech-a286ddcd12ea033d-b13cf71f]]
[0;36m(APIServer pid=214609)[0;0m INFO 09-25 05:27:24 [stats.py:837] +------------------+------------+
[0;36m(APIServer pid=214609)[0;0m INFO 09-25 05:27:24 [stats.py:837] | Field            |      Value |
[0;36m(APIServer pid=214609)[0;0m INFO 09-25 05:27:24 [stats.py:837] +------------------+------------+
[0;36m(APIServer pid=214609)[0;0m INFO 09-25 05:27:24 [stats.py:837] | e2e_total_ms     | 16,101.317 |
[0;36m(APIServer pid=214609)[0;0m INFO 09-25 05:27:24 [stats.py:837] | e2e_total_tokens |        737 |
[0;36m(APIServer pid=214609)[0;0m INFO 09-25 05:27:24 [stats.py:837] +------------------+------------+
[0;36m(APIServer pid=214609)[0;0m INFO 09-25 05:27:24 [stats.py:878] [OmniTiming] req=speech-a286ddcd12ea033d-b13cf71f total=16.10s preprocess=0.00s engine=16.10s stages=[0:15.79s,1:16.10s] transfers=[0->1=0.00ms]
[0;36m(APIServer pid=214609)[0;0m INFO 09-25 05:27:24 [stats.py:920] 
[0;36m(APIServer pid=214609)[0;0m INFO 09-25 05:27:24 [stats.py:920] [StageRequestStats [request_id=speech-a286ddcd12ea033d-b13cf71f]]
[0;36m(APIServer pid=214609)[0;0m INFO 09-25 05:27:24 [stats.py:920] +---------------------------------+----------------+----------------+
[0;36m(APIServer pid=214609)[0;0m INFO 09-25 05:27:24 [stats.py:920] | Field                           |              0 |              1 |
[0;36m(APIServer pid=214609)[0;0m INFO 09-25 05:27:24 [stats.py:920] +---------------------------------+----------------+----------------+
[0;36m(APIServer pid=214609)[0;0m INFO 09-25 05:27:24 [stats.py:920] | audio_duration_s                |          0.000 |         30.080 |
[0;36m(APIServer pid=214609)[0;0m INFO 09-25 05:27:24 [stats.py:920] | audio_generated_frames          |              0 |        721,920 |
[0;36m(APIServer pid=214609)[0;0m INFO 09-25 05:27:24 [stats.py:920] | audio_sample_rate               |              0 |         24,000 |
[0;36m(APIServer pid=214609)[0;0m INFO 09-25 05:27:24 [stats.py:920] | batch_id                        |          2,478 |          2,559 |
[0;36m(APIServer pid=214609)[0;0m INFO 09-25 05:27:24 [stats.py:920] | batch_size                      |              1 |              1 |
[0;36m(APIServer pid=214609)[0;0m INFO 09-25 05:27:24 [stats.py:920] | inter_output_latencies_ms       |                |                |
[0;36m(APIServer pid=214609)[0;0m INFO 09-25 05:27:24 [stats.py:920] | num_tokens_in                   |            360 |              0 |
[0;36m(APIServer pid=214609)[0;0m INFO 09-25 05:27:24 [stats.py:920] | num_tokens_out                  |            377 |              0 |
[0;36m(APIServer pid=214609)[0;0m INFO 09-25 05:27:24 [stats.py:920] | output_unit_count               |            377 |        721,920 |
[0;36m(APIServer pid=214609)[0;0m INFO 09-25 05:27:24 [stats.py:920] | output_unit_type                |         stream |          audio |
[0;36m(APIServer pid=214609)[0;0m INFO 09-25 05:27:24 [stats.py:920] | serving_time_to_first_output_ms |     15,790.228 |     16,100.449 |
[0;36m(APIServer pid=214609)[0;0m INFO 09-25 05:27:24 [stats.py:920] | stage_gen_time_ms               |     15,788.733 |     16,098.958 |
[0;36m(APIServer pid=214609)[0;0m INFO 09-25 05:27:24 [stats.py:920] | time_per_output_unit_ms         |          0.000 |          0.000 |
[0;36m(APIServer pid=214609)[0;0m INFO 09-25 05:27:24 [stats.py:920] | vllm_itl_ms                     |         41.038 |        994.449 |
[0;36m(APIServer pid=214609)[0;0m INFO 09-25 05:27:24 [stats.py:920] | vllm_itls_ms                    | 41.038 (n=376) | 994.449 (n=15) |
[0;36m(APIServer pid=214609)[0;0m INFO 09-25 05:27:24 [stats.py:920] | vllm_tpot_ms                    |         41.038 |          0.000 |
[0;36m(APIServer pid=214609)[0;0m INFO 09-25 05:27:24 [stats.py:920] | vllm_ttft_ms                    |        362.484 |      1,181.715 |
[0;36m(APIServer pid=214609)[0;0m INFO 09-25 05:27:24 [stats.py:920] +---------------------------------+----------------+----------------+
[0;36m(APIServer pid=214609)[0;0m INFO 09-25 05:27:24 [serving_speech.py:3646] [SpeechE2E] request_id=speech-a286ddcd12ea033d stream=false status=ok total_ms=16134.48 response_bytes=1443884
[0;36m(APIServer pid=214609)[0;0m INFO:     127.0.0.1:35140 - "POST /v1/audio/speech HTTP/1.1" 200 OK
[0;36m(APIServer pid=214609)[0;0m INFO 09-25 05:27:24 [serving_speech.py:3070] TTS speech request speech-a363cec95fb3d695: model=Base
[0;36m(APIServer pid=214609)[0;0m INFO 09-25 05:27:24 [serving_speech.py:3100] Applied extra_params: {'temperature': 0.9, 'top_k': 50}
[0;36m(APIServer pid=214609)[0;0m INFO 09-25 05:27:24 [stats.py:811] 
[0;36m(APIServer pid=214609)[0;0m INFO 09-25 05:27:24 [stats.py:811] [Overall Summary]
[0;36m(APIServer pid=214609)[0;0m INFO 09-25 05:27:24 [stats.py:811] +-----------------------------+------------+
[0;36m(APIServer pid=214609)[0;0m INFO 09-25 05:27:24 [stats.py:811] | Field                       |      Value |
[0;36m(APIServer pid=214609)[0;0m INFO 09-25 05:27:24 [stats.py:811] +-----------------------------+------------+
[0;36m(APIServer pid=214609)[0;0m INFO 09-25 05:27:24 [stats.py:811] | e2e_requests                |          1 |
[0;36m(APIServer pid=214609)[0;0m INFO 09-25 05:27:24 [stats.py:811] | e2e_wall_time_ms            | 16,552.001 |
[0;36m(APIServer pid=214609)[0;0m INFO 09-25 05:27:24 [stats.py:811] | e2e_total_tokens            |        754 |
[0;36m(APIServer pid=214609)[0;0m INFO 09-25 05:27:24 [stats.py:811] | e2e_avg_time_per_request_ms | 16,552.001 |
[0;36m(APIServer pid=214609)[0;0m INFO 09-25 05:27:24 [stats.py:811] | e2e_avg_tokens_per_s        |     45.553 |
[0;36m(APIServer pid=214609)[0;0m INFO 09-25 05:27:24 [stats.py:811] | input_preprocess_time_ms    |      0.045 |
[0;36m(APIServer pid=214609)[0;0m INFO 09-25 05:27:24 [stats.py:811] | e2e_stage_0_wall_time_ms    | 16,515.755 |
[0;36m(APIServer pid=214609)[0;0m INFO 09-25 05:27:24 [stats.py:811] | e2e_stage_1_wall_time_ms    | 16,551.466 |
[0;36m(APIServer pid=214609)[0;0m INFO 09-25 05:27:24 [stats.py:811] +-----------------------------+------------+
[0;36m(APIServer pid=214609)[0;0m INFO 09-25 05:27:24 [stats.py:837] 
[0;36m(APIServer pid=214609)[0;0m INFO 09-25 05:27:24 [stats.py:837] [RequestE2EStats [request_id=speech-9d8e873dd4c161a8-84be0a82]]
[0;36m(APIServer pid=214609)[0;0m INFO 09-25 05:27:24 [stats.py:837] +------------------+------------+
[0;36m(APIServer pid=214609)[0;0m INFO 09-25 05:27:24 [stats.py:837] | Field            |      Value |
[0;36m(APIServer pid=214609)[0;0m INFO 09-25 05:27:24 [stats.py:837] +------------------+------------+
[0;36m(APIServer pid=214609)[0;0m INFO 09-25 05:27:24 [stats.py:837] | e2e_total_ms     | 16,551.894 |
[0;36m(APIServer pid=214609)[0;0m INFO 09-25 05:27:24 [stats.py:837] | e2e_total_tokens |        754 |
[0;36m(APIServer pid=214609)[0;0m INFO 09-25 05:27:24 [stats.py:837] +------------------+------------+
[0;36m(APIServer pid=214609)[0;0m INFO 09-25 05:27:24 [stats.py:878] [OmniTiming] req=speech-9d8e873dd4c161a8-84be0a82 total=16.55s preprocess=0.00s engine=16.55s stages=[0:16.52s,1:16.55s] transfers=[0->1=0.00ms]
[0;36m(APIServer pid=214609)[0;0m INFO 09-25 05:27:24 [stats.py:920] 
[0;36m(APIServer pid=214609)[0;0m INFO 09-25 05:27:24 [stats.py:920] [StageRequestStats [request_id=speech-9d8e873dd4c161a8-84be0a82]]
[0;36m(APIServer pid=214609)[0;0m INFO 09-25 05:27:24 [stats.py:920] +---------------------------------+----------------+------------------+
[0;36m(APIServer pid=214609)[0;0m INFO 09-25 05:27:24 [stats.py:920] | Field                           |              0 |                1 |
[0;36m(APIServer pid=214609)[0;0m INFO 09-25 05:27:24 [stats.py:920] +---------------------------------+----------------+------------------+
[0;36m(APIServer pid=214609)[0;0m INFO 09-25 05:27:24 [stats.py:920] | audio_duration_s                |          0.000 |           31.440 |
[0;36m(APIServer pid=214609)[0;0m INFO 09-25 05:27:24 [stats.py:920] | audio_generated_frames          |              0 |          754,560 |
[0;36m(APIServer pid=214609)[0;0m INFO 09-25 05:27:24 [stats.py:920] | audio_sample_rate               |              0 |           24,000 |
[0;36m(APIServer pid=214609)[0;0m INFO 09-25 05:27:24 [stats.py:920] | batch_id                        |          2,479 |            2,560 |
[0;36m(APIServer pid=214609)[0;0m INFO 09-25 05:27:24 [stats.py:920] | batch_size                      |              1 |                1 |
[0;36m(APIServer pid=214609)[0;0m INFO 09-25 05:27:24 [stats.py:920] | inter_output_latencies_ms       |                |                  |
[0;36m(APIServer pid=214609)[0;0m INFO 09-25 05:27:24 [stats.py:920] | num_tokens_in                   |            360 |                0 |
[0;36m(APIServer pid=214609)[0;0m INFO 09-25 05:27:24 [stats.py:920] | num_tokens_out                  |            394 |                0 |
[0;36m(APIServer pid=214609)[0;0m INFO 09-25 05:27:24 [stats.py:920] | output_unit_count               |            394 |          754,560 |
[0;36m(APIServer pid=214609)[0;0m INFO 09-25 05:27:24 [stats.py:920] | output_unit_type                |         stream |            audio |
[0;36m(APIServer pid=214609)[0;0m INFO 09-25 05:27:24 [stats.py:920] | serving_time_to_first_output_ms |     16,515.361 |       16,551.579 |
[0;36m(APIServer pid=214609)[0;0m INFO 09-25 05:27:24 [stats.py:920] | stage_gen_time_ms               |     16,515.013 |       16,551.168 |
[0;36m(APIServer pid=214609)[0;0m INFO 09-25 05:27:24 [stats.py:920] | time_per_output_unit_ms         |          0.000 |            0.000 |
[0;36m(APIServer pid=214609)[0;0m INFO 09-25 05:27:24 [stats.py:920] | vllm_itl_ms                     |         41.877 |        1,023.206 |
[0;36m(APIServer pid=214609)[0;0m INFO 09-25 05:27:24 [stats.py:920] | vllm_itls_ms                    | 41.877 (n=393) | 1,023.206 (n=16) |
[0;36m(APIServer pid=214609)[0;0m INFO 09-25 05:27:24 [stats.py:920] | vllm_tpot_ms                    |         41.877 |            0.000 |
[0;36m(APIServer pid=214609)[0;0m INFO 09-25 05:27:24 [stats.py:920] | vllm_ttft_ms                    |         57.412 |          178.590 |
[0;36m(APIServer pid=214609)[0;0m INFO 09-25 05:27:24 [stats.py:920] +---------------------------------+----------------+------------------+
[0;36m(APIServer pid=214609)[0;0m INFO 09-25 05:27:24 [serving_speech.py:3646] [SpeechE2E] request_id=speech-9d8e873dd4c161a8 stream=false status=ok total_ms=16568.66 response_bytes=1509164
[0;36m(APIServer pid=214609)[0;0m INFO:     127.0.0.1:35022 - "POST /v1/audio/speech HTTP/1.1" 200 OK
[0;36m(APIServer pid=214609)[0;0m INFO 09-25 05:27:24 [serving_speech.py:3070] TTS speech request speech-bade6bbf9f09306e: model=Base
[0;36m(APIServer pid=214609)[0;0m INFO 09-25 05:27:24 [serving_speech.py:3100] Applied extra_params: {'temperature': 0.9, 'top_k': 50}
[0;36m(APIServer pid=214609)[0;0m INFO 09-25 05:27:25 [stats.py:811] 
[0;36m(APIServer pid=214609)[0;0m INFO 09-25 05:27:25 [stats.py:811] [Overall Summary]
[0;36m(APIServer pid=214609)[0;0m INFO 09-25 05:27:25 [stats.py:811] +-----------------------------+------------+
[0;36m(APIServer pid=214609)[0;0m INFO 09-25 05:27:25 [stats.py:811] | Field                       |      Value |
[0;36m(APIServer pid=214609)[0;0m INFO 09-25 05:27:25 [stats.py:811] +-----------------------------+------------+
[0;36m(APIServer pid=214609)[0;0m INFO 09-25 05:27:25 [stats.py:811] | e2e_requests                |          1 |
[0;36m(APIServer pid=214609)[0;0m INFO 09-25 05:27:25 [stats.py:811] | e2e_wall_time_ms            | 17,198.705 |
[0;36m(APIServer pid=214609)[0;0m INFO 09-25 05:27:25 [stats.py:811] | e2e_total_tokens            |        762 |
[0;36m(APIServer pid=214609)[0;0m INFO 09-25 05:27:25 [stats.py:811] | e2e_avg_time_per_request_ms | 17,198.705 |
[0;36m(APIServer pid=214609)[0;0m INFO 09-25 05:27:25 [stats.py:811] | e2e_avg_tokens_per_s        |     44.306 |
[0;36m(APIServer pid=214609)[0;0m INFO 09-25 05:27:25 [stats.py:811] | input_preprocess_time_ms    |      0.038 |
[0;36m(APIServer pid=214609)[0;0m INFO 09-25 05:27:25 [stats.py:811] | e2e_stage_0_wall_time_ms    | 16,865.468 |
[0;36m(APIServer pid=214609)[0;0m INFO 09-25 05:27:25 [stats.py:811] | e2e_stage_1_wall_time_ms    | 17,197.037 |
[0;36m(APIServer pid=214609)[0;0m INFO 09-25 05:27:25 [stats.py:811] +-----------------------------+------------+
[0;36m(APIServer pid=214609)[0;0m INFO 09-25 05:27:25 [stats.py:837] 
[0;36m(APIServer pid=214609)[0;0m INFO 09-25 05:27:25 [stats.py:837] [RequestE2EStats [request_id=speech-802eb97a952ef5d8-b10ab80c]]
[0;36m(APIServer pid=214609)[0;0m INFO 09-25 05:27:25 [stats.py:837] +------------------+------------+
[0;36m(APIServer pid=214609)[0;0m INFO 09-25 05:27:25 [stats.py:837] | Field            |      Value |
[0;36m(APIServer pid=214609)[0;0m INFO 09-25 05:27:25 [stats.py:837] +------------------+------------+
[0;36m(APIServer pid=214609)[0;0m INFO 09-25 05:27:25 [stats.py:837] | e2e_total_ms     | 17,198.615 |
[0;36m(APIServer pid=214609)[0;0m INFO 09-25 05:27:25 [stats.py:837] | e2e_total_tokens |        762 |
[0;36m(APIServer pid=214609)[0;0m INFO 09-25 05:27:25 [stats.py:837] +------------------+------------+
[0;36m(APIServer pid=214609)[0;0m INFO 09-25 05:27:25 [stats.py:878] [OmniTiming] req=speech-802eb97a952ef5d8-b10ab80c total=17.20s preprocess=0.00s engine=17.20s stages=[0:16.86s,1:17.20s] transfers=[0->1=0.00ms]
[0;36m(APIServer pid=214609)[0;0m INFO 09-25 05:27:25 [stats.py:920] 
[0;36m(APIServer pid=214609)[0;0m INFO 09-25 05:27:25 [stats.py:920] [StageRequestStats [request_id=speech-802eb97a952ef5d8-b10ab80c]]
[0;36m(APIServer pid=214609)[0;0m INFO 09-25 05:27:25 [stats.py:920] +---------------------------------+----------------+----------------+
[0;36m(APIServer pid=214609)[0;0m INFO 09-25 05:27:25 [stats.py:920] | Field                           |              0 |              1 |
[0;36m(APIServer pid=214609)[0;0m INFO 09-25 05:27:25 [stats.py:920] +---------------------------------+----------------+----------------+
[0;36m(APIServer pid=214609)[0;0m INFO 09-25 05:27:25 [stats.py:920] | audio_duration_s                |          0.000 |         32.080 |
[0;36m(APIServer pid=214609)[0;0m INFO 09-25 05:27:25 [stats.py:920] | audio_generated_frames          |              0 |        769,920 |
[0;36m(APIServer pid=214609)[0;0m INFO 09-25 05:27:25 [stats.py:920] | audio_sample_rate               |              0 |         24,000 |
[0;36m(APIServer pid=214609)[0;0m INFO 09-25 05:27:25 [stats.py:920] | batch_id                        |          2,480 |          2,561 |
[0;36m(APIServer pid=214609)[0;0m INFO 09-25 05:27:25 [stats.py:920] | batch_size                      |              1 |              1 |
[0;36m(APIServer pid=214609)[0;0m INFO 09-25 05:27:25 [stats.py:920] | inter_output_latencies_ms       |                |                |
[0;36m(APIServer pid=214609)[0;0m INFO 09-25 05:27:25 [stats.py:920] | num_tokens_in                   |            360 |              0 |
[0;36m(APIServer pid=214609)[0;0m INFO 09-25 05:27:25 [stats.py:920] | num_tokens_out                  |            402 |              0 |
[0;36m(APIServer pid=214609)[0;0m INFO 09-25 05:27:25 [stats.py:920] | output_unit_count               |            402 |        769,920 |
[0;36m(APIServer pid=214609)[0;0m INFO 09-25 05:27:25 [stats.py:920] | output_unit_type                |         stream |          audio |
[0;36m(APIServer pid=214609)[0;0m INFO 09-25 05:27:25 [stats.py:920] | serving_time_to_first_output_ms |     16,865.367 |     17,198.289 |
[0;36m(APIServer pid=214609)[0;0m INFO 09-25 05:27:25 [stats.py:920] | stage_gen_time_ms               |     16,863.870 |     17,196.758 |
[0;36m(APIServer pid=214609)[0;0m INFO 09-25 05:27:25 [stats.py:920] | time_per_output_unit_ms         |          0.000 |          0.000 |
[0;36m(APIServer pid=214609)[0;0m INFO 09-25 05:27:25 [stats.py:920] | vllm_itl_ms                     |         41.522 |        999.587 |
[0;36m(APIServer pid=214609)[0;0m INFO 09-25 05:27:25 [stats.py:920] | vllm_itls_ms                    | 41.522 (n=401) | 999.587 (n=16) |
[0;36m(APIServer pid=214609)[0;0m INFO 09-25 05:27:25 [stats.py:920] | vllm_tpot_ms                    |         41.522 |          0.000 |
[0;36m(APIServer pid=214609)[0;0m INFO 09-25 05:27:25 [stats.py:920] | vllm_ttft_ms                    |        213.746 |      1,201.850 |
[0;36m(APIServer pid=214609)[0;0m INFO 09-25 05:27:25 [stats.py:920] +---------------------------------+----------------+----------------+
[0;36m(APIServer pid=214609)[0;0m INFO 09-25 05:27:25 [serving_speech.py:3646] [SpeechE2E] request_id=speech-802eb97a952ef5d8 stream=false status=ok total_ms=17238.39 response_bytes=1539884
[0;36m(APIServer pid=214609)[0;0m INFO:     127.0.0.1:35052 - "POST /v1/audio/speech HTTP/1.1" 200 OK
[0;36m(APIServer pid=214609)[0;0m INFO 09-25 05:27:25 [serving_speech.py:3070] TTS speech request speech-8bf03f72640fa7e2: model=Base
[0;36m(APIServer pid=214609)[0;0m INFO 09-25 05:27:25 [serving_speech.py:3100] Applied extra_params: {'temperature': 0.9, 'top_k': 50}
[0;36m(APIServer pid=214609)[0;0m INFO 09-25 05:27:25 [stats.py:811] 
[0;36m(APIServer pid=214609)[0;0m INFO 09-25 05:27:25 [stats.py:811] [Overall Summary]
[0;36m(APIServer pid=214609)[0;0m INFO 09-25 05:27:25 [stats.py:811] +-----------------------------+------------+
[0;36m(APIServer pid=214609)[0;0m INFO 09-25 05:27:25 [stats.py:811] | Field                       |      Value |
[0;36m(APIServer pid=214609)[0;0m INFO 09-25 05:27:25 [stats.py:811] +-----------------------------+------------+
[0;36m(APIServer pid=214609)[0;0m INFO 09-25 05:27:25 [stats.py:811] | e2e_requests                |          1 |
[0;36m(APIServer pid=214609)[0;0m INFO 09-25 05:27:25 [stats.py:811] | e2e_wall_time_ms            | 17,490.680 |
[0;36m(APIServer pid=214609)[0;0m INFO 09-25 05:27:25 [stats.py:811] | e2e_total_tokens            |        773 |
[0;36m(APIServer pid=214609)[0;0m INFO 09-25 05:27:25 [stats.py:811] | e2e_avg_time_per_request_ms | 17,490.680 |
[0;36m(APIServer pid=214609)[0;0m INFO 09-25 05:27:25 [stats.py:811] | e2e_avg_tokens_per_s        |     44.195 |
[0;36m(APIServer pid=214609)[0;0m INFO 09-25 05:27:25 [stats.py:811] | input_preprocess_time_ms    |      0.041 |
[0;36m(APIServer pid=214609)[0;0m INFO 09-25 05:27:25 [stats.py:811] | e2e_stage_0_wall_time_ms    | 17,423.217 |
[0;36m(APIServer pid=214609)[0;0m INFO 09-25 05:27:25 [stats.py:811] | e2e_stage_1_wall_time_ms    | 17,489.084 |
[0;36m(APIServer pid=214609)[0;0m INFO 09-25 05:27:25 [stats.py:811] +-----------------------------+------------+
[0;36m(APIServer pid=214609)[0;0m INFO 09-25 05:27:25 [stats.py:837] 
[0;36m(APIServer pid=214609)[0;0m INFO 09-25 05:27:25 [stats.py:837] [RequestE2EStats [request_id=speech-a715134495d9c90b-8893be7c]]
[0;36m(APIServer pid=214609)[0;0m INFO 09-25 05:27:25 [stats.py:837] +------------------+------------+
[0;36m(APIServer pid=214609)[0;0m INFO 09-25 05:27:25 [stats.py:837] | Field            |      Value |
[0;36m(APIServer pid=214609)[0;0m INFO 09-25 05:27:25 [stats.py:837] +------------------+------------+
[0;36m(APIServer pid=214609)[0;0m INFO 09-25 05:27:25 [stats.py:837] | e2e_total_ms     | 17,490.585 |
[0;36m(APIServer pid=214609)[0;0m INFO 09-25 05:27:25 [stats.py:837] | e2e_total_tokens |        773 |
[0;36m(APIServer pid=214609)[0;0m INFO 09-25 05:27:25 [stats.py:837] +------------------+------------+
[0;36m(APIServer pid=214609)[0;0m INFO 09-25 05:27:25 [stats.py:878] [OmniTiming] req=speech-a715134495d9c90b-8893be7c total=17.49s preprocess=0.00s engine=17.49s stages=[0:17.42s,1:17.49s] transfers=[0->1=0.00ms]
[0;36m(APIServer pid=214609)[0;0m INFO 09-25 05:27:25 [stats.py:920] 
[0;36m(APIServer pid=214609)[0;0m INFO 09-25 05:27:25 [stats.py:920] [StageRequestStats [request_id=speech-a715134495d9c90b-8893be7c]]
[0;36m(APIServer pid=214609)[0;0m INFO 09-25 05:27:25 [stats.py:920] +---------------------------------+----------------+----------------+
[0;36m(APIServer pid=214609)[0;0m INFO 09-25 05:27:25 [stats.py:920] | Field                           |              0 |              1 |
[0;36m(APIServer pid=214609)[0;0m INFO 09-25 05:27:25 [stats.py:920] +---------------------------------+----------------+----------------+
[0;36m(APIServer pid=214609)[0;0m INFO 09-25 05:27:25 [stats.py:920] | audio_duration_s                |          0.000 |         32.960 |
[0;36m(APIServer pid=214609)[0;0m INFO 09-25 05:27:25 [stats.py:920] | audio_generated_frames          |              0 |        791,040 |
[0;36m(APIServer pid=214609)[0;0m INFO 09-25 05:27:25 [stats.py:920] | audio_sample_rate               |              0 |         24,000 |
[0;36m(APIServer pid=214609)[0;0m INFO 09-25 05:27:25 [stats.py:920] | batch_id                        |          2,481 |          2,562 |
[0;36m(APIServer pid=214609)[0;0m INFO 09-25 05:27:25 [stats.py:920] | batch_size                      |              1 |              1 |
[0;36m(APIServer pid=214609)[0;0m INFO 09-25 05:27:25 [stats.py:920] | inter_output_latencies_ms       |                |                |
[0;36m(APIServer pid=214609)[0;0m INFO 09-25 05:27:25 [stats.py:920] | num_tokens_in                   |            360 |              0 |
[0;36m(APIServer pid=214609)[0;0m INFO 09-25 05:27:25 [stats.py:920] | num_tokens_out                  |            413 |              0 |
[0;36m(APIServer pid=214609)[0;0m INFO 09-25 05:27:25 [stats.py:920] | output_unit_count               |            413 |        791,040 |
[0;36m(APIServer pid=214609)[0;0m INFO 09-25 05:27:25 [stats.py:920] | output_unit_type                |         stream |          audio |
[0;36m(APIServer pid=214609)[0;0m INFO 09-25 05:27:25 [stats.py:920] | serving_time_to_first_output_ms |     17,423.183 |     17,490.305 |
[0;36m(APIServer pid=214609)[0;0m INFO 09-25 05:27:25 [stats.py:920] | stage_gen_time_ms               |     17,421.684 |     17,488.793 |
[0;36m(APIServer pid=214609)[0;0m INFO 09-25 05:27:25 [stats.py:920] | time_per_output_unit_ms         |          0.000 |          0.000 |
[0;36m(APIServer pid=214609)[0;0m INFO 09-25 05:27:25 [stats.py:920] | vllm_itl_ms                     |         41.764 |        957.825 |
[0;36m(APIServer pid=214609)[0;0m INFO 09-25 05:27:25 [stats.py:920] | vllm_itls_ms                    | 41.764 (n=412) | 957.825 (n=17) |
[0;36m(APIServer pid=214609)[0;0m INFO 09-25 05:27:25 [stats.py:920] | vllm_tpot_ms                    |         41.764 |          0.000 |
[0;36m(APIServer pid=214609)[0;0m INFO 09-25 05:27:25 [stats.py:920] | vllm_ttft_ms                    |        216.109 |      1,203.080 |
[0;36m(APIServer pid=214609)[0;0m INFO 09-25 05:27:25 [stats.py:920] +---------------------------------+----------------+----------------+
[0;36m(APIServer pid=214609)[0;0m INFO 09-25 05:27:25 [serving_speech.py:3646] [SpeechE2E] request_id=speech-a715134495d9c90b stream=false status=ok total_ms=17534.23 response_bytes=1582124
[0;36m(APIServer pid=214609)[0;0m INFO:     127.0.0.1:35036 - "POST /v1/audio/speech HTTP/1.1" 200 OK
[0;36m(APIServer pid=214609)[0;0m INFO 09-25 05:27:25 [serving_speech.py:3070] TTS speech request speech-aac52b7eb5339a0c: model=Base
[0;36m(APIServer pid=214609)[0;0m INFO 09-25 05:27:25 [serving_speech.py:3100] Applied extra_params: {'temperature': 0.9, 'top_k': 50}
[0;36m(APIServer pid=214609)[0;0m INFO 09-25 05:27:26 [stats.py:811] 
[0;36m(APIServer pid=214609)[0;0m INFO 09-25 05:27:26 [stats.py:811] [Overall Summary]
[0;36m(APIServer pid=214609)[0;0m INFO 09-25 05:27:26 [stats.py:811] +-----------------------------+------------+
[0;36m(APIServer pid=214609)[0;0m INFO 09-25 05:27:26 [stats.py:811] | Field                       |      Value |
[0;36m(APIServer pid=214609)[0;0m INFO 09-25 05:27:26 [stats.py:811] +-----------------------------+------------+
[0;36m(APIServer pid=214609)[0;0m INFO 09-25 05:27:26 [stats.py:811] | e2e_requests                |          1 |
[0;36m(APIServer pid=214609)[0;0m INFO 09-25 05:27:26 [stats.py:811] | e2e_wall_time_ms            | 17,818.419 |
[0;36m(APIServer pid=214609)[0;0m INFO 09-25 05:27:26 [stats.py:811] | e2e_total_tokens            |        782 |
[0;36m(APIServer pid=214609)[0;0m INFO 09-25 05:27:26 [stats.py:811] | e2e_avg_time_per_request_ms | 17,818.419 |
[0;36m(APIServer pid=214609)[0;0m INFO 09-25 05:27:26 [stats.py:811] | e2e_avg_tokens_per_s        |     43.887 |
[0;36m(APIServer pid=214609)[0;0m INFO 09-25 05:27:26 [stats.py:811] | input_preprocess_time_ms    |      0.082 |
[0;36m(APIServer pid=214609)[0;0m INFO 09-25 05:27:26 [stats.py:811] | e2e_stage_0_wall_time_ms    | 17,725.364 |
[0;36m(APIServer pid=214609)[0;0m INFO 09-25 05:27:26 [stats.py:811] | e2e_stage_1_wall_time_ms    | 17,817.789 |
[0;36m(APIServer pid=214609)[0;0m INFO 09-25 05:27:26 [stats.py:811] +-----------------------------+------------+
[0;36m(APIServer pid=214609)[0;0m INFO 09-25 05:27:26 [stats.py:837] 
[0;36m(APIServer pid=214609)[0;0m INFO 09-25 05:27:26 [stats.py:837] [RequestE2EStats [request_id=speech-9df3b0522402ae33-81928cc4]]
[0;36m(APIServer pid=214609)[0;0m INFO 09-25 05:27:26 [stats.py:837] +------------------+------------+
[0;36m(APIServer pid=214609)[0;0m INFO 09-25 05:27:26 [stats.py:837] | Field            |      Value |
[0;36m(APIServer pid=214609)[0;0m INFO 09-25 05:27:26 [stats.py:837] +------------------+------------+
[0;36m(APIServer pid=214609)[0;0m INFO 09-25 05:27:26 [stats.py:837] | e2e_total_ms     | 17,818.258 |
[0;36m(APIServer pid=214609)[0;0m INFO 09-25 05:27:26 [stats.py:837] | e2e_total_tokens |        782 |
[0;36m(APIServer pid=214609)[0;0m INFO 09-25 05:27:26 [stats.py:837] +------------------+------------+
[0;36m(APIServer pid=214609)[0;0m INFO 09-25 05:27:26 [stats.py:878] [OmniTiming] req=speech-9df3b0522402ae33-81928cc4 total=17.82s preprocess=0.00s engine=17.82s stages=[0:17.72s,1:17.82s] transfers=[0->1=0.00ms]
[0;36m(APIServer pid=214609)[0;0m INFO 09-25 05:27:26 [stats.py:920] 
[0;36m(APIServer pid=214609)[0;0m INFO 09-25 05:27:26 [stats.py:920] [StageRequestStats [request_id=speech-9df3b0522402ae33-81928cc4]]
[0;36m(APIServer pid=214609)[0;0m INFO 09-25 05:27:26 [stats.py:920] +---------------------------------+----------------+------------------+
[0;36m(APIServer pid=214609)[0;0m INFO 09-25 05:27:26 [stats.py:920] | Field                           |              0 |                1 |
[0;36m(APIServer pid=214609)[0;0m INFO 09-25 05:27:26 [stats.py:920] +---------------------------------+----------------+------------------+
[0;36m(APIServer pid=214609)[0;0m INFO 09-25 05:27:26 [stats.py:920] | audio_duration_s                |          0.000 |           33.680 |
[0;36m(APIServer pid=214609)[0;0m INFO 09-25 05:27:26 [stats.py:920] | audio_generated_frames          |              0 |          808,320 |
[0;36m(APIServer pid=214609)[0;0m INFO 09-25 05:27:26 [stats.py:920] | audio_sample_rate               |              0 |           24,000 |
[0;36m(APIServer pid=214609)[0;0m INFO 09-25 05:27:26 [stats.py:920] | batch_id                        |          2,482 |            2,563 |
[0;36m(APIServer pid=214609)[0;0m INFO 09-25 05:27:26 [stats.py:920] | batch_size                      |              1 |                1 |
[0;36m(APIServer pid=214609)[0;0m INFO 09-25 05:27:26 [stats.py:920] | inter_output_latencies_ms       |                |                  |
[0;36m(APIServer pid=214609)[0;0m INFO 09-25 05:27:26 [stats.py:920] | num_tokens_in                   |            360 |                0 |
[0;36m(APIServer pid=214609)[0;0m INFO 09-25 05:27:26 [stats.py:920] | num_tokens_out                  |            422 |                0 |
[0;36m(APIServer pid=214609)[0;0m INFO 09-25 05:27:26 [stats.py:920] | output_unit_count               |            422 |          808,320 |
[0;36m(APIServer pid=214609)[0;0m INFO 09-25 05:27:26 [stats.py:920] | output_unit_type                |         stream |            audio |
[0;36m(APIServer pid=214609)[0;0m INFO 09-25 05:27:26 [stats.py:920] | serving_time_to_first_output_ms |     17,724.762 |       17,817.495 |
[0;36m(APIServer pid=214609)[0;0m INFO 09-25 05:27:26 [stats.py:920] | stage_gen_time_ms               |     17,724.298 |       17,816.956 |
[0;36m(APIServer pid=214609)[0;0m INFO 09-25 05:27:26 [stats.py:920] | time_per_output_unit_ms         |          0.000 |            0.000 |
[0;36m(APIServer pid=214609)[0;0m INFO 09-25 05:27:26 [stats.py:920] | vllm_itl_ms                     |         42.013 |        1,041.871 |
[0;36m(APIServer pid=214609)[0;0m INFO 09-25 05:27:26 [stats.py:920] | vllm_itls_ms                    | 42.013 (n=421) | 1,041.871 (n=17) |
[0;36m(APIServer pid=214609)[0;0m INFO 09-25 05:27:26 [stats.py:920] | vllm_tpot_ms                    |         42.013 |            0.000 |
[0;36m(APIServer pid=214609)[0;0m INFO 09-25 05:27:26 [stats.py:920] | vllm_ttft_ms                    |         43.052 |          105.362 |
[0;36m(APIServer pid=214609)[0;0m INFO 09-25 05:27:26 [stats.py:920] +---------------------------------+----------------+------------------+
[0;36m(APIServer pid=214609)[0;0m INFO 09-25 05:27:26 [serving_speech.py:3646] [SpeechE2E] request_id=speech-9df3b0522402ae33 stream=false status=ok total_ms=17835.23 response_bytes=1616684
[0;36m(APIServer pid=214609)[0;0m INFO:     127.0.0.1:35012 - "POST /v1/audio/speech HTTP/1.1" 200 OK
[0;36m(APIServer pid=214609)[0;0m INFO 09-25 05:27:26 [serving_speech.py:3070] TTS speech request speech-9fff8adb3665bfac: model=Base
[0;36m(APIServer pid=214609)[0;0m INFO 09-25 05:27:26 [serving_speech.py:3100] Applied extra_params: {'temperature': 0.9, 'top_k': 50}
[0;36m(APIServer pid=214609)[0;0m INFO 09-25 05:27:26 [stats.py:811] 
[0;36m(APIServer pid=214609)[0;0m INFO 09-25 05:27:26 [stats.py:811] [Overall Summary]
[0;36m(APIServer pid=214609)[0;0m INFO 09-25 05:27:26 [stats.py:811] +-----------------------------+------------+
[0;36m(APIServer pid=214609)[0;0m INFO 09-25 05:27:26 [stats.py:811] | Field                       |      Value |
[0;36m(APIServer pid=214609)[0;0m INFO 09-25 05:27:26 [stats.py:811] +-----------------------------+------------+
[0;36m(APIServer pid=214609)[0;0m INFO 09-25 05:27:26 [stats.py:811] | e2e_requests                |          1 |
[0;36m(APIServer pid=214609)[0;0m INFO 09-25 05:27:26 [stats.py:811] | e2e_wall_time_ms            | 18,034.702 |
[0;36m(APIServer pid=214609)[0;0m INFO 09-25 05:27:26 [stats.py:811] | e2e_total_tokens            |        784 |
[0;36m(APIServer pid=214609)[0;0m INFO 09-25 05:27:26 [stats.py:811] | e2e_avg_time_per_request_ms | 18,034.702 |
[0;36m(APIServer pid=214609)[0;0m INFO 09-25 05:27:26 [stats.py:811] | e2e_avg_tokens_per_s        |     43.472 |
[0;36m(APIServer pid=214609)[0;0m INFO 09-25 05:27:26 [stats.py:811] | input_preprocess_time_ms    |      0.029 |
[0;36m(APIServer pid=214609)[0;0m INFO 09-25 05:27:26 [stats.py:811] | e2e_stage_0_wall_time_ms    | 17,932.314 |
[0;36m(APIServer pid=214609)[0;0m INFO 09-25 05:27:26 [stats.py:811] | e2e_stage_1_wall_time_ms    | 18,033.149 |
[0;36m(APIServer pid=214609)[0;0m INFO 09-25 05:27:26 [stats.py:811] +-----------------------------+------------+
[0;36m(APIServer pid=214609)[0;0m INFO 09-25 05:27:26 [stats.py:837] 
[0;36m(APIServer pid=214609)[0;0m INFO 09-25 05:27:26 [stats.py:837] [RequestE2EStats [request_id=speech-8530d2bdf3e74104-b06fbcca]]
[0;36m(APIServer pid=214609)[0;0m INFO 09-25 05:27:26 [stats.py:837] +------------------+------------+
[0;36m(APIServer pid=214609)[0;0m INFO 09-25 05:27:26 [stats.py:837] | Field            |      Value |
[0;36m(APIServer pid=214609)[0;0m INFO 09-25 05:27:26 [stats.py:837] +------------------+------------+
[0;36m(APIServer pid=214609)[0;0m INFO 09-25 05:27:26 [stats.py:837] | e2e_total_ms     | 18,034.630 |
[0;36m(APIServer pid=214609)[0;0m INFO 09-25 05:27:26 [stats.py:837] | e2e_total_tokens |        784 |
[0;36m(APIServer pid=214609)[0;0m INFO 09-25 05:27:26 [stats.py:837] +------------------+------------+
[0;36m(APIServer pid=214609)[0;0m INFO 09-25 05:27:26 [stats.py:878] [OmniTiming] req=speech-8530d2bdf3e74104-b06fbcca total=18.03s preprocess=0.00s engine=18.03s stages=[0:17.93s,1:18.03s] transfers=[0->1=0.00ms]
[0;36m(APIServer pid=214609)[0;0m INFO 09-25 05:27:26 [stats.py:920] 
[0;36m(APIServer pid=214609)[0;0m INFO 09-25 05:27:26 [stats.py:920] [StageRequestStats [request_id=speech-8530d2bdf3e74104-b06fbcca]]
[0;36m(APIServer pid=214609)[0;0m INFO 09-25 05:27:26 [stats.py:920] +---------------------------------+----------------+----------------+
[0;36m(APIServer pid=214609)[0;0m INFO 09-25 05:27:26 [stats.py:920] | Field                           |              0 |              1 |
[0;36m(APIServer pid=214609)[0;0m INFO 09-25 05:27:26 [stats.py:920] +---------------------------------+----------------+----------------+
[0;36m(APIServer pid=214609)[0;0m INFO 09-25 05:27:26 [stats.py:920] | audio_duration_s                |          0.000 |         33.840 |
[0;36m(APIServer pid=214609)[0;0m INFO 09-25 05:27:26 [stats.py:920] | audio_generated_frames          |              0 |        812,160 |
[0;36m(APIServer pid=214609)[0;0m INFO 09-25 05:27:26 [stats.py:920] | audio_sample_rate               |              0 |         24,000 |
[0;36m(APIServer pid=214609)[0;0m INFO 09-25 05:27:26 [stats.py:920] | batch_id                        |          2,483 |          2,564 |
[0;36m(APIServer pid=214609)[0;0m INFO 09-25 05:27:26 [stats.py:920] | batch_size                      |              1 |              1 |
[0;36m(APIServer pid=214609)[0;0m INFO 09-25 05:27:26 [stats.py:920] | inter_output_latencies_ms       |                |                |
[0;36m(APIServer pid=214609)[0;0m INFO 09-25 05:27:26 [stats.py:920] | num_tokens_in                   |            360 |              0 |
[0;36m(APIServer pid=214609)[0;0m INFO 09-25 05:27:26 [stats.py:920] | num_tokens_out                  |            424 |              0 |
[0;36m(APIServer pid=214609)[0;0m INFO 09-25 05:27:26 [stats.py:920] | output_unit_count               |            424 |        812,160 |
[0;36m(APIServer pid=214609)[0;0m INFO 09-25 05:27:26 [stats.py:920] | output_unit_type                |         stream |          audio |
[0;36m(APIServer pid=214609)[0;0m INFO 09-25 05:27:26 [stats.py:920] | serving_time_to_first_output_ms |     17,932.156 |     18,033.811 |
[0;36m(APIServer pid=214609)[0;0m INFO 09-25 05:27:26 [stats.py:920] | stage_gen_time_ms               |     17,930.749 |     18,032.391 |
[0;36m(APIServer pid=214609)[0;0m INFO 09-25 05:27:26 [stats.py:920] | time_per_output_unit_ms         |          0.000 |          0.000 |
[0;36m(APIServer pid=214609)[0;0m INFO 09-25 05:27:26 [stats.py:920] | vllm_itl_ms                     |         41.536 |        991.065 |
[0;36m(APIServer pid=214609)[0;0m INFO 09-25 05:27:26 [stats.py:920] | vllm_itls_ms                    | 41.536 (n=423) | 991.065 (n=17) |
[0;36m(APIServer pid=214609)[0;0m INFO 09-25 05:27:26 [stats.py:920] | vllm_tpot_ms                    |         41.536 |          0.000 |
[0;36m(APIServer pid=214609)[0;0m INFO 09-25 05:27:26 [stats.py:920] | vllm_ttft_ms                    |        364.778 |      1,184.047 |
[0;36m(APIServer pid=214609)[0;0m INFO 09-25 05:27:26 [stats.py:920] +---------------------------------+----------------+----------------+
[0;36m(APIServer pid=214609)[0;0m INFO 09-25 05:27:26 [serving_speech.py:3646] [SpeechE2E] request_id=speech-8530d2bdf3e74104 stream=false status=ok total_ms=18068.76 response_bytes=1624364
[0;36m(APIServer pid=214609)[0;0m INFO:     127.0.0.1:35126 - "POST /v1/audio/speech HTTP/1.1" 200 OK
[0;36m(APIServer pid=214609)[0;0m INFO 09-25 05:27:26 [serving_speech.py:3070] TTS speech request speech-b9314140ceb905b7: model=Base
[0;36m(APIServer pid=214609)[0;0m INFO 09-25 05:27:26 [serving_speech.py:3100] Applied extra_params: {'temperature': 0.9, 'top_k': 50}
[0;36m(APIServer pid=214609)[0;0m INFO 09-25 05:27:26 [stats.py:811] 
[0;36m(APIServer pid=214609)[0;0m INFO 09-25 05:27:26 [stats.py:811] [Overall Summary]
[0;36m(APIServer pid=214609)[0;0m INFO 09-25 05:27:26 [stats.py:811] +-----------------------------+------------+
[0;36m(APIServer pid=214609)[0;0m INFO 09-25 05:27:26 [stats.py:811] | Field                       |      Value |
[0;36m(APIServer pid=214609)[0;0m INFO 09-25 05:27:26 [stats.py:811] +-----------------------------+------------+
[0;36m(APIServer pid=214609)[0;0m INFO 09-25 05:27:26 [stats.py:811] | e2e_requests                |          1 |
[0;36m(APIServer pid=214609)[0;0m INFO 09-25 05:27:26 [stats.py:811] | e2e_wall_time_ms            | 18,135.331 |
[0;36m(APIServer pid=214609)[0;0m INFO 09-25 05:27:26 [stats.py:811] | e2e_total_tokens            |        785 |
[0;36m(APIServer pid=214609)[0;0m INFO 09-25 05:27:26 [stats.py:811] | e2e_avg_time_per_request_ms | 18,135.331 |
[0;36m(APIServer pid=214609)[0;0m INFO 09-25 05:27:26 [stats.py:811] | e2e_avg_tokens_per_s        |     43.286 |
[0;36m(APIServer pid=214609)[0;0m INFO 09-25 05:27:26 [stats.py:811] | input_preprocess_time_ms    |      0.028 |
[0;36m(APIServer pid=214609)[0;0m INFO 09-25 05:27:26 [stats.py:811] | e2e_stage_0_wall_time_ms    | 17,988.863 |
[0;36m(APIServer pid=214609)[0;0m INFO 09-25 05:27:26 [stats.py:811] | e2e_stage_1_wall_time_ms    | 18,133.681 |
[0;36m(APIServer pid=214609)[0;0m INFO 09-25 05:27:26 [stats.py:811] +-----------------------------+------------+
[0;36m(APIServer pid=214609)[0;0m INFO 09-25 05:27:26 [stats.py:837] 
[0;36m(APIServer pid=214609)[0;0m INFO 09-25 05:27:26 [stats.py:837] [RequestE2EStats [request_id=speech-b888bb9e5ec0462c-908223a4]]
[0;36m(APIServer pid=214609)[0;0m INFO 09-25 05:27:26 [stats.py:837] +------------------+------------+
[0;36m(APIServer pid=214609)[0;0m INFO 09-25 05:27:26 [stats.py:837] | Field            |      Value |
[0;36m(APIServer pid=214609)[0;0m INFO 09-25 05:27:26 [stats.py:837] +------------------+------------+
[0;36m(APIServer pid=214609)[0;0m INFO 09-25 05:27:26 [stats.py:837] | e2e_total_ms     | 18,135.237 |
[0;36m(APIServer pid=214609)[0;0m INFO 09-25 05:27:26 [stats.py:837] | e2e_total_tokens |        785 |
[0;36m(APIServer pid=214609)[0;0m INFO 09-25 05:27:26 [stats.py:837] +------------------+------------+
[0;36m(APIServer pid=214609)[0;0m INFO 09-25 05:27:26 [stats.py:878] [OmniTiming] req=speech-b888bb9e5ec0462c-908223a4 total=18.14s preprocess=0.00s engine=18.14s stages=[0:17.99s,1:18.13s] transfers=[0->1=0.00ms]
[0;36m(APIServer pid=214609)[0;0m INFO 09-25 05:27:26 [stats.py:920] 
[0;36m(APIServer pid=214609)[0;0m INFO 09-25 05:27:26 [stats.py:920] [StageRequestStats [request_id=speech-b888bb9e5ec0462c-908223a4]]
[0;36m(APIServer pid=214609)[0;0m INFO 09-25 05:27:26 [stats.py:920] +---------------------------------+----------------+----------------+
[0;36m(APIServer pid=214609)[0;0m INFO 09-25 05:27:26 [stats.py:920] | Field                           |              0 |              1 |
[0;36m(APIServer pid=214609)[0;0m INFO 09-25 05:27:26 [stats.py:920] +---------------------------------+----------------+----------------+
[0;36m(APIServer pid=214609)[0;0m INFO 09-25 05:27:26 [stats.py:920] | audio_duration_s                |          0.000 |         33.920 |
[0;36m(APIServer pid=214609)[0;0m INFO 09-25 05:27:26 [stats.py:920] | audio_generated_frames          |              0 |        814,080 |
[0;36m(APIServer pid=214609)[0;0m INFO 09-25 05:27:26 [stats.py:920] | audio_sample_rate               |              0 |         24,000 |
[0;36m(APIServer pid=214609)[0;0m INFO 09-25 05:27:26 [stats.py:920] | batch_id                        |          2,484 |          2,565 |
[0;36m(APIServer pid=214609)[0;0m INFO 09-25 05:27:26 [stats.py:920] | batch_size                      |              1 |              1 |
[0;36m(APIServer pid=214609)[0;0m INFO 09-25 05:27:26 [stats.py:920] | inter_output_latencies_ms       |                |                |
[0;36m(APIServer pid=214609)[0;0m INFO 09-25 05:27:26 [stats.py:920] | num_tokens_in                   |            360 |              0 |
[0;36m(APIServer pid=214609)[0;0m INFO 09-25 05:27:26 [stats.py:920] | num_tokens_out                  |            425 |              0 |
[0;36m(APIServer pid=214609)[0;0m INFO 09-25 05:27:26 [stats.py:920] | output_unit_count               |            425 |        814,080 |
[0;36m(APIServer pid=214609)[0;0m INFO 09-25 05:27:26 [stats.py:920] | output_unit_type                |         stream |          audio |
[0;36m(APIServer pid=214609)[0;0m INFO 09-25 05:27:26 [stats.py:920] | serving_time_to_first_output_ms |     17,988.754 |     18,134.958 |
[0;36m(APIServer pid=214609)[0;0m INFO 09-25 05:27:26 [stats.py:920] | stage_gen_time_ms               |     17,988.719 |     18,133.409 |
[0;36m(APIServer pid=214609)[0;0m INFO 09-25 05:27:26 [stats.py:920] | time_per_output_unit_ms         |          0.000 |          0.000 |
[0;36m(APIServer pid=214609)[0;0m INFO 09-25 05:27:26 [stats.py:920] | vllm_itl_ms                     |         41.560 |        996.780 |
[0;36m(APIServer pid=214609)[0;0m INFO 09-25 05:27:26 [stats.py:920] | vllm_itls_ms                    | 41.560 (n=424) | 996.780 (n=17) |
[0;36m(APIServer pid=214609)[0;0m INFO 09-25 05:27:26 [stats.py:920] | vllm_tpot_ms                    |         41.560 |          0.000 |
[0;36m(APIServer pid=214609)[0;0m INFO 09-25 05:27:26 [stats.py:920] | vllm_ttft_ms                    |        369.657 |      1,188.820 |
[0;36m(APIServer pid=214609)[0;0m INFO 09-25 05:27:26 [stats.py:920] +---------------------------------+----------------+----------------+
[0;36m(APIServer pid=214609)[0;0m INFO 09-25 05:27:26 [serving_speech.py:3646] [SpeechE2E] request_id=speech-b888bb9e5ec0462c stream=false status=ok total_ms=18175.67 response_bytes=1628204
[0;36m(APIServer pid=214609)[0;0m INFO:     127.0.0.1:35094 - "POST /v1/audio/speech HTTP/1.1" 200 OK
[0;36m(APIServer pid=214609)[0;0m INFO 09-25 05:27:26 [serving_speech.py:3070] TTS speech request speech-a1a483279a9eee78: model=Base
[0;36m(APIServer pid=214609)[0;0m INFO 09-25 05:27:26 [serving_speech.py:3100] Applied extra_params: {'temperature': 0.9, 'top_k': 50}
[0;36m(APIServer pid=214609)[0;0m INFO 09-25 05:27:26 [stats.py:811] 
[0;36m(APIServer pid=214609)[0;0m INFO 09-25 05:27:26 [stats.py:811] [Overall Summary]
[0;36m(APIServer pid=214609)[0;0m INFO 09-25 05:27:26 [stats.py:811] +-----------------------------+------------+
[0;36m(APIServer pid=214609)[0;0m INFO 09-25 05:27:26 [stats.py:811] | Field                       |      Value |
[0;36m(APIServer pid=214609)[0;0m INFO 09-25 05:27:26 [stats.py:811] +-----------------------------+------------+
[0;36m(APIServer pid=214609)[0;0m INFO 09-25 05:27:26 [stats.py:811] | e2e_requests                |          1 |
[0;36m(APIServer pid=214609)[0;0m INFO 09-25 05:27:26 [stats.py:811] | e2e_wall_time_ms            | 18,464.647 |
[0;36m(APIServer pid=214609)[0;0m INFO 09-25 05:27:26 [stats.py:811] | e2e_total_tokens            |        790 |
[0;36m(APIServer pid=214609)[0;0m INFO 09-25 05:27:26 [stats.py:811] | e2e_avg_time_per_request_ms | 18,464.647 |
[0;36m(APIServer pid=214609)[0;0m INFO 09-25 05:27:26 [stats.py:811] | e2e_avg_tokens_per_s        |     42.784 |
[0;36m(APIServer pid=214609)[0;0m INFO 09-25 05:27:26 [stats.py:811] | input_preprocess_time_ms    |      0.033 |
[0;36m(APIServer pid=214609)[0;0m INFO 09-25 05:27:26 [stats.py:811] | e2e_stage_0_wall_time_ms    | 18,340.701 |
[0;36m(APIServer pid=214609)[0;0m INFO 09-25 05:27:26 [stats.py:811] | e2e_stage_1_wall_time_ms    | 18,462.958 |
[0;36m(APIServer pid=214609)[0;0m INFO 09-25 05:27:26 [stats.py:811] +-----------------------------+------------+
[0;36m(APIServer pid=214609)[0;0m INFO 09-25 05:27:26 [stats.py:837] 
[0;36m(APIServer pid=214609)[0;0m INFO 09-25 05:27:26 [stats.py:837] [RequestE2EStats [request_id=speech-94a82654fcb0d5d1-909ff9a6]]
[0;36m(APIServer pid=214609)[0;0m INFO 09-25 05:27:26 [stats.py:837] +------------------+------------+
[0;36m(APIServer pid=214609)[0;0m INFO 09-25 05:27:26 [stats.py:837] | Field            |      Value |
[0;36m(APIServer pid=214609)[0;0m INFO 09-25 05:27:26 [stats.py:837] +------------------+------------+
[0;36m(APIServer pid=214609)[0;0m INFO 09-25 05:27:26 [stats.py:837] | e2e_total_ms     | 18,464.564 |
[0;36m(APIServer pid=214609)[0;0m INFO 09-25 05:27:26 [stats.py:837] | e2e_total_tokens |        790 |
[0;36m(APIServer pid=214609)[0;0m INFO 09-25 05:27:26 [stats.py:837] +------------------+------------+
[0;36m(APIServer pid=214609)[0;0m INFO 09-25 05:27:26 [stats.py:878] [OmniTiming] req=speech-94a82654fcb0d5d1-909ff9a6 total=18.46s preprocess=0.00s engine=18.46s stages=[0:18.34s,1:18.46s] transfers=[0->1=0.00ms]
[0;36m(APIServer pid=214609)[0;0m INFO 09-25 05:27:26 [stats.py:920] 
[0;36m(APIServer pid=214609)[0;0m INFO 09-25 05:27:26 [stats.py:920] [StageRequestStats [request_id=speech-94a82654fcb0d5d1-909ff9a6]]
[0;36m(APIServer pid=214609)[0;0m INFO 09-25 05:27:26 [stats.py:920] +---------------------------------+----------------+----------------+
[0;36m(APIServer pid=214609)[0;0m INFO 09-25 05:27:26 [stats.py:920] | Field                           |              0 |              1 |
[0;36m(APIServer pid=214609)[0;0m INFO 09-25 05:27:26 [stats.py:920] +---------------------------------+----------------+----------------+
[0;36m(APIServer pid=214609)[0;0m INFO 09-25 05:27:26 [stats.py:920] | audio_duration_s                |          0.000 |         34.320 |
[0;36m(APIServer pid=214609)[0;0m INFO 09-25 05:27:26 [stats.py:920] | audio_generated_frames          |              0 |        823,680 |
[0;36m(APIServer pid=214609)[0;0m INFO 09-25 05:27:26 [stats.py:920] | audio_sample_rate               |              0 |         24,000 |
[0;36m(APIServer pid=214609)[0;0m INFO 09-25 05:27:26 [stats.py:920] | batch_id                        |          2,486 |          2,566 |
[0;36m(APIServer pid=214609)[0;0m INFO 09-25 05:27:26 [stats.py:920] | batch_size                      |              1 |              1 |
[0;36m(APIServer pid=214609)[0;0m INFO 09-25 05:27:26 [stats.py:920] | inter_output_latencies_ms       |                |                |
[0;36m(APIServer pid=214609)[0;0m INFO 09-25 05:27:26 [stats.py:920] | num_tokens_in                   |            360 |              0 |
[0;36m(APIServer pid=214609)[0;0m INFO 09-25 05:27:26 [stats.py:920] | num_tokens_out                  |            430 |              0 |
[0;36m(APIServer pid=214609)[0;0m INFO 09-25 05:27:26 [stats.py:920] | output_unit_count               |            430 |        823,680 |
[0;36m(APIServer pid=214609)[0;0m INFO 09-25 05:27:26 [stats.py:920] | output_unit_type                |         stream |          audio |
[0;36m(APIServer pid=214609)[0;0m INFO 09-25 05:27:26 [stats.py:920] | serving_time_to_first_output_ms |     18,340.603 |     18,464.195 |
[0;36m(APIServer pid=214609)[0;0m INFO 09-25 05:27:26 [stats.py:920] | stage_gen_time_ms               |     18,339.096 |     18,462.683 |
[0;36m(APIServer pid=214609)[0;0m INFO 09-25 05:27:26 [stats.py:920] | time_per_output_unit_ms         |          0.000 |          0.000 |
[0;36m(APIServer pid=214609)[0;0m INFO 09-25 05:27:26 [stats.py:920] | vllm_itl_ms                     |         41.879 |        959.263 |
[0;36m(APIServer pid=214609)[0;0m INFO 09-25 05:27:26 [stats.py:920] | vllm_itls_ms                    | 41.879 (n=429) | 959.263 (n=18) |
[0;36m(APIServer pid=214609)[0;0m INFO 09-25 05:27:26 [stats.py:920] | vllm_tpot_ms                    |         41.879 |          0.000 |
[0;36m(APIServer pid=214609)[0;0m INFO 09-25 05:27:26 [stats.py:920] | vllm_ttft_ms                    |        376.843 |      1,195.976 |
[0;36m(APIServer pid=214609)[0;0m INFO 09-25 05:27:26 [stats.py:920] +---------------------------------+----------------+----------------+
[0;36m(APIServer pid=214609)[0;0m INFO 09-25 05:27:26 [serving_speech.py:3646] [SpeechE2E] request_id=speech-94a82654fcb0d5d1 stream=false status=ok total_ms=18504.22 response_bytes=1647404
[0;36m(APIServer pid=214609)[0;0m INFO 09-25 05:27:26 [stats.py:811] 
[0;36m(APIServer pid=214609)[0;0m INFO 09-25 05:27:26 [stats.py:811] [Overall Summary]
[0;36m(APIServer pid=214609)[0;0m INFO 09-25 05:27:26 [stats.py:811] +-----------------------------+------------+
[0;36m(APIServer pid=214609)[0;0m INFO 09-25 05:27:26 [stats.py:811] | Field                       |      Value |
[0;36m(APIServer pid=214609)[0;0m INFO 09-25 05:27:26 [stats.py:811] +-----------------------------+------------+
[0;36m(APIServer pid=214609)[0;0m INFO 09-25 05:27:26 [stats.py:811] | e2e_requests                |          1 |
[0;36m(APIServer pid=214609)[0;0m INFO 09-25 05:27:26 [stats.py:811] | e2e_wall_time_ms            | 18,484.042 |
[0;36m(APIServer pid=214609)[0;0m INFO 09-25 05:27:26 [stats.py:811] | e2e_total_tokens            |        791 |
[0;36m(APIServer pid=214609)[0;0m INFO 09-25 05:27:26 [stats.py:811] | e2e_avg_time_per_request_ms | 18,484.042 |
[0;36m(APIServer pid=214609)[0;0m INFO 09-25 05:27:26 [stats.py:811] | e2e_avg_tokens_per_s        |     42.794 |
[0;36m(APIServer pid=214609)[0;0m INFO 09-25 05:27:26 [stats.py:811] | input_preprocess_time_ms    |      0.044 |
[0;36m(APIServer pid=214609)[0;0m INFO 09-25 05:27:26 [stats.py:811] | e2e_stage_0_wall_time_ms    | 18,354.483 |
[0;36m(APIServer pid=214609)[0;0m INFO 09-25 05:27:26 [stats.py:811] | e2e_stage_1_wall_time_ms    | 18,479.186 |
[0;36m(APIServer pid=214609)[0;0m INFO 09-25 05:27:26 [stats.py:811] +-----------------------------+------------+
[0;36m(APIServer pid=214609)[0;0m INFO 09-25 05:27:26 [stats.py:837] 
[0;36m(APIServer pid=214609)[0;0m INFO 09-25 05:27:26 [stats.py:837] [RequestE2EStats [request_id=speech-9aa9f9d4d62882f9-b15f6c9e]]
[0;36m(APIServer pid=214609)[0;0m INFO 09-25 05:27:26 [stats.py:837] +------------------+------------+
[0;36m(APIServer pid=214609)[0;0m INFO 09-25 05:27:26 [stats.py:837] | Field            |      Value |
[0;36m(APIServer pid=214609)[0;0m INFO 09-25 05:27:26 [stats.py:837] +------------------+------------+
[0;36m(APIServer pid=214609)[0;0m INFO 09-25 05:27:26 [stats.py:837] | e2e_total_ms     | 18,483.936 |
[0;36m(APIServer pid=214609)[0;0m INFO 09-25 05:27:26 [stats.py:837] | e2e_total_tokens |        791 |
[0;36m(APIServer pid=214609)[0;0m INFO 09-25 05:27:26 [stats.py:837] +------------------+------------+
[0;36m(APIServer pid=214609)[0;0m INFO 09-25 05:27:26 [stats.py:878] [OmniTiming] req=speech-9aa9f9d4d62882f9-b15f6c9e total=18.48s preprocess=0.00s engine=18.48s stages=[0:18.35s,1:18.47s] transfers=[0->1=0.00ms]
[0;36m(APIServer pid=214609)[0;0m INFO 09-25 05:27:26 [stats.py:920] 
[0;36m(APIServer pid=214609)[0;0m INFO 09-25 05:27:26 [stats.py:920] [StageRequestStats [request_id=speech-9aa9f9d4d62882f9-b15f6c9e]]
[0;36m(APIServer pid=214609)[0;0m INFO 09-25 05:27:26 [stats.py:920] +---------------------------------+----------------+----------------+
[0;36m(APIServer pid=214609)[0;0m INFO 09-25 05:27:26 [stats.py:920] | Field                           |              0 |              1 |
[0;36m(APIServer pid=214609)[0;0m INFO 09-25 05:27:26 [stats.py:920] +---------------------------------+----------------+----------------+
[0;36m(APIServer pid=214609)[0;0m INFO 09-25 05:27:26 [stats.py:920] | audio_duration_s                |          0.000 |         34.400 |
[0;36m(APIServer pid=214609)[0;0m INFO 09-25 05:27:26 [stats.py:920] | audio_generated_frames          |              0 |        825,600 |
[0;36m(APIServer pid=214609)[0;0m INFO 09-25 05:27:26 [stats.py:920] | audio_sample_rate               |              0 |         24,000 |
[0;36m(APIServer pid=214609)[0;0m INFO 09-25 05:27:26 [stats.py:920] | batch_id                        |          2,485 |          2,567 |
[0;36m(APIServer pid=214609)[0;0m INFO 09-25 05:27:26 [stats.py:920] | batch_size                      |              1 |              1 |
[0;36m(APIServer pid=214609)[0;0m INFO 09-25 05:27:26 [stats.py:920] | inter_output_latencies_ms       |                |                |
[0;36m(APIServer pid=214609)[0;0m INFO 09-25 05:27:26 [stats.py:920] | num_tokens_in                   |            360 |              0 |
[0;36m(APIServer pid=214609)[0;0m INFO 09-25 05:27:26 [stats.py:920] | num_tokens_out                  |            431 |              0 |
[0;36m(APIServer pid=214609)[0;0m INFO 09-25 05:27:26 [stats.py:920] | output_unit_count               |            431 |        825,600 |
[0;36m(APIServer pid=214609)[0;0m INFO 09-25 05:27:26 [stats.py:920] | output_unit_type                |         stream |          audio |
[0;36m(APIServer pid=214609)[0;0m INFO 09-25 05:27:26 [stats.py:920] | serving_time_to_first_output_ms |     18,354.427 |     18,478.019 |
[0;36m(APIServer pid=214609)[0;0m INFO 09-25 05:27:26 [stats.py:920] | stage_gen_time_ms               |     18,351.339 |     18,473.447 |
[0;36m(APIServer pid=214609)[0;0m INFO 09-25 05:27:26 [stats.py:920] | time_per_output_unit_ms         |          0.000 |          0.000 |
[0;36m(APIServer pid=214609)[0;0m INFO 09-25 05:27:26 [stats.py:920] | vllm_itl_ms                     |         42.171 |        959.285 |
[0;36m(APIServer pid=214609)[0;0m INFO 09-25 05:27:26 [stats.py:920] | vllm_itls_ms                    | 42.171 (n=430) | 959.285 (n=18) |
[0;36m(APIServer pid=214609)[0;0m INFO 09-25 05:27:26 [stats.py:920] | vllm_tpot_ms                    |         42.171 |          0.000 |
[0;36m(APIServer pid=214609)[0;0m INFO 09-25 05:27:26 [stats.py:920] | vllm_ttft_ms                    |        221.716 |      1,205.417 |
[0;36m(APIServer pid=214609)[0;0m INFO 09-25 05:27:26 [stats.py:920] +---------------------------------+----------------+----------------+
[0;36m(APIServer pid=214609)[0;0m INFO 09-25 05:27:26 [serving_speech.py:3646] [SpeechE2E] request_id=speech-9aa9f9d4d62882f9 stream=false status=ok total_ms=18519.11 response_bytes=1651244
[0;36m(APIServer pid=214609)[0;0m INFO:     127.0.0.1:35070 - "POST /v1/audio/speech HTTP/1.1" 200 OK
[0;36m(APIServer pid=214609)[0;0m INFO:     127.0.0.1:35030 - "POST /v1/audio/speech HTTP/1.1" 200 OK
[0;36m(APIServer pid=214609)[0;0m INFO 09-25 05:27:26 [serving_speech.py:3070] TTS speech request speech-8149bfd0c5185ac0: model=Base
[0;36m(APIServer pid=214609)[0;0m INFO 09-25 05:27:26 [serving_speech.py:3100] Applied extra_params: {'temperature': 0.9, 'top_k': 50}
[0;36m(APIServer pid=214609)[0;0m INFO 09-25 05:27:26 [serving_speech.py:3070] TTS speech request speech-9089f84a06198985: model=Base
[0;36m(APIServer pid=214609)[0;0m INFO 09-25 05:27:26 [serving_speech.py:3100] Applied extra_params: {'temperature': 0.9, 'top_k': 50}
[0;36m(APIServer pid=214609)[0;0m INFO 09-25 05:27:27 [stats.py:811] 
[0;36m(APIServer pid=214609)[0;0m INFO 09-25 05:27:27 [stats.py:811] [Overall Summary]
[0;36m(APIServer pid=214609)[0;0m INFO 09-25 05:27:27 [stats.py:811] +-----------------------------+------------+
[0;36m(APIServer pid=214609)[0;0m INFO 09-25 05:27:27 [stats.py:811] | Field                       |      Value |
[0;36m(APIServer pid=214609)[0;0m INFO 09-25 05:27:27 [stats.py:811] +-----------------------------+------------+
[0;36m(APIServer pid=214609)[0;0m INFO 09-25 05:27:27 [stats.py:811] | e2e_requests                |          1 |
[0;36m(APIServer pid=214609)[0;0m INFO 09-25 05:27:27 [stats.py:811] | e2e_wall_time_ms            | 18,940.453 |
[0;36m(APIServer pid=214609)[0;0m INFO 09-25 05:27:27 [stats.py:811] | e2e_total_tokens            |        797 |
[0;36m(APIServer pid=214609)[0;0m INFO 09-25 05:27:27 [stats.py:811] | e2e_avg_time_per_request_ms | 18,940.453 |
[0;36m(APIServer pid=214609)[0;0m INFO 09-25 05:27:27 [stats.py:811] | e2e_avg_tokens_per_s        |     42.079 |
[0;36m(APIServer pid=214609)[0;0m INFO 09-25 05:27:27 [stats.py:811] | input_preprocess_time_ms    |      0.031 |
[0;36m(APIServer pid=214609)[0;0m INFO 09-25 05:27:27 [stats.py:811] | e2e_stage_0_wall_time_ms    | 18,706.435 |
[0;36m(APIServer pid=214609)[0;0m INFO 09-25 05:27:27 [stats.py:811] | e2e_stage_1_wall_time_ms    | 18,938.707 |
[0;36m(APIServer pid=214609)[0;0m INFO 09-25 05:27:27 [stats.py:811] +-----------------------------+------------+
[0;36m(APIServer pid=214609)[0;0m INFO 09-25 05:27:27 [stats.py:837] 
[0;36m(APIServer pid=214609)[0;0m INFO 09-25 05:27:27 [stats.py:837] [RequestE2EStats [request_id=speech-aca6b2e7a0b23c06-b724d867]]
[0;36m(APIServer pid=214609)[0;0m INFO 09-25 05:27:27 [stats.py:837] +------------------+------------+
[0;36m(APIServer pid=214609)[0;0m INFO 09-25 05:27:27 [stats.py:837] | Field            |      Value |
[0;36m(APIServer pid=214609)[0;0m INFO 09-25 05:27:27 [stats.py:837] +------------------+------------+
[0;36m(APIServer pid=214609)[0;0m INFO 09-25 05:27:27 [stats.py:837] | e2e_total_ms     | 18,940.375 |
[0;36m(APIServer pid=214609)[0;0m INFO 09-25 05:27:27 [stats.py:837] | e2e_total_tokens |        797 |
[0;36m(APIServer pid=214609)[0;0m INFO 09-25 05:27:27 [stats.py:837] +------------------+------------+
[0;36m(APIServer pid=214609)[0;0m INFO 09-25 05:27:27 [stats.py:878] [OmniTiming] req=speech-aca6b2e7a0b23c06-b724d867 total=18.94s preprocess=0.00s engine=18.94s stages=[0:18.71s,1:18.94s] transfers=[0->1=0.00ms]
[0;36m(APIServer pid=214609)[0;0m INFO 09-25 05:27:27 [stats.py:920] 
[0;36m(APIServer pid=214609)[0;0m INFO 09-25 05:27:27 [stats.py:920] [StageRequestStats [request_id=speech-aca6b2e7a0b23c06-b724d867]]
[0;36m(APIServer pid=214609)[0;0m INFO 09-25 05:27:27 [stats.py:920] +---------------------------------+----------------+----------------+
[0;36m(APIServer pid=214609)[0;0m INFO 09-25 05:27:27 [stats.py:920] | Field                           |              0 |              1 |
[0;36m(APIServer pid=214609)[0;0m INFO 09-25 05:27:27 [stats.py:920] +---------------------------------+----------------+----------------+
[0;36m(APIServer pid=214609)[0;0m INFO 09-25 05:27:27 [stats.py:920] | audio_duration_s                |          0.000 |         34.880 |
[0;36m(APIServer pid=214609)[0;0m INFO 09-25 05:27:27 [stats.py:920] | audio_generated_frames          |              0 |        837,120 |
[0;36m(APIServer pid=214609)[0;0m INFO 09-25 05:27:27 [stats.py:920] | audio_sample_rate               |              0 |         24,000 |
[0;36m(APIServer pid=214609)[0;0m INFO 09-25 05:27:27 [stats.py:920] | batch_id                        |          2,487 |          2,568 |
[0;36m(APIServer pid=214609)[0;0m INFO 09-25 05:27:27 [stats.py:920] | batch_size                      |              1 |              1 |
[0;36m(APIServer pid=214609)[0;0m INFO 09-25 05:27:27 [stats.py:920] | inter_output_latencies_ms       |                |                |
[0;36m(APIServer pid=214609)[0;0m INFO 09-25 05:27:27 [stats.py:920] | num_tokens_in                   |            360 |              0 |
[0;36m(APIServer pid=214609)[0;0m INFO 09-25 05:27:27 [stats.py:920] | num_tokens_out                  |            437 |              0 |
[0;36m(APIServer pid=214609)[0;0m INFO 09-25 05:27:27 [stats.py:920] | output_unit_count               |            437 |        837,120 |
[0;36m(APIServer pid=214609)[0;0m INFO 09-25 05:27:27 [stats.py:920] | output_unit_type                |         stream |          audio |
[0;36m(APIServer pid=214609)[0;0m INFO 09-25 05:27:27 [stats.py:920] | serving_time_to_first_output_ms |     18,706.380 |     18,939.392 |
[0;36m(APIServer pid=214609)[0;0m INFO 09-25 05:27:27 [stats.py:920] | stage_gen_time_ms               |     18,706.242 |     18,937.743 |
[0;36m(APIServer pid=214609)[0;0m INFO 09-25 05:27:27 [stats.py:920] | time_per_output_unit_ms         |          0.000 |          0.000 |
[0;36m(APIServer pid=214609)[0;0m INFO 09-25 05:27:27 [stats.py:920] | vllm_itl_ms                     |         42.051 |        985.706 |
[0;36m(APIServer pid=214609)[0;0m INFO 09-25 05:27:27 [stats.py:920] | vllm_itls_ms                    | 42.051 (n=436) | 985.706 (n=18) |
[0;36m(APIServer pid=214609)[0;0m INFO 09-25 05:27:27 [stats.py:920] | vllm_tpot_ms                    |         42.051 |          0.000 |
[0;36m(APIServer pid=214609)[0;0m INFO 09-25 05:27:27 [stats.py:920] | vllm_ttft_ms                    |        374.480 |      1,193.555 |
[0;36m(APIServer pid=214609)[0;0m INFO 09-25 05:27:27 [stats.py:920] +---------------------------------+----------------+----------------+
[0;36m(APIServer pid=214609)[0;0m INFO 09-25 05:27:27 [serving_speech.py:3646] [SpeechE2E] request_id=speech-aca6b2e7a0b23c06 stream=false status=ok total_ms=18989.27 response_bytes=1674284
[0;36m(APIServer pid=214609)[0;0m INFO 09-25 05:27:27 [stats.py:811] 
[0;36m(APIServer pid=214609)[0;0m INFO 09-25 05:27:27 [stats.py:811] [Overall Summary]
[0;36m(APIServer pid=214609)[0;0m INFO 09-25 05:27:27 [stats.py:811] +-----------------------------+------------+
[0;36m(APIServer pid=214609)[0;0m INFO 09-25 05:27:27 [stats.py:811] | Field                       |      Value |
[0;36m(APIServer pid=214609)[0;0m INFO 09-25 05:27:27 [stats.py:811] +-----------------------------+------------+
[0;36m(APIServer pid=214609)[0;0m INFO 09-25 05:27:27 [stats.py:811] | e2e_requests                |          1 |
[0;36m(APIServer pid=214609)[0;0m INFO 09-25 05:27:27 [stats.py:811] | e2e_wall_time_ms            | 18,959.325 |
[0;36m(APIServer pid=214609)[0;0m INFO 09-25 05:27:27 [stats.py:811] | e2e_total_tokens            |        799 |
[0;36m(APIServer pid=214609)[0;0m INFO 09-25 05:27:27 [stats.py:811] | e2e_avg_time_per_request_ms | 18,959.325 |
[0;36m(APIServer pid=214609)[0;0m INFO 09-25 05:27:27 [stats.py:811] | e2e_avg_tokens_per_s        |     42.143 |
[0;36m(APIServer pid=214609)[0;0m INFO 09-25 05:27:27 [stats.py:811] | input_preprocess_time_ms    |      0.035 |
[0;36m(APIServer pid=214609)[0;0m INFO 09-25 05:27:27 [stats.py:811] | e2e_stage_0_wall_time_ms    | 18,778.885 |
[0;36m(APIServer pid=214609)[0;0m INFO 09-25 05:27:27 [stats.py:811] | e2e_stage_1_wall_time_ms    | 18,958.353 |
[0;36m(APIServer pid=214609)[0;0m INFO 09-25 05:27:27 [stats.py:811] +-----------------------------+------------+
[0;36m(APIServer pid=214609)[0;0m INFO 09-25 05:27:27 [stats.py:837] 
[0;36m(APIServer pid=214609)[0;0m INFO 09-25 05:27:27 [stats.py:837] [RequestE2EStats [request_id=speech-87ddc04789f17935-9bba57bf]]
[0;36m(APIServer pid=214609)[0;0m INFO 09-25 05:27:27 [stats.py:837] +------------------+------------+
[0;36m(APIServer pid=214609)[0;0m INFO 09-25 05:27:27 [stats.py:837] | Field            |      Value |
[0;36m(APIServer pid=214609)[0;0m INFO 09-25 05:27:27 [stats.py:837] +------------------+------------+
[0;36m(APIServer pid=214609)[0;0m INFO 09-25 05:27:27 [stats.py:837] | e2e_total_ms     | 18,959.242 |
[0;36m(APIServer pid=214609)[0;0m INFO 09-25 05:27:27 [stats.py:837] | e2e_total_tokens |        799 |
[0;36m(APIServer pid=214609)[0;0m INFO 09-25 05:27:27 [stats.py:837] +------------------+------------+
[0;36m(APIServer pid=214609)[0;0m INFO 09-25 05:27:27 [stats.py:878] [OmniTiming] req=speech-87ddc04789f17935-9bba57bf total=18.96s preprocess=0.00s engine=18.96s stages=[0:18.78s,1:18.94s] transfers=[0->1=0.00ms]
[0;36m(APIServer pid=214609)[0;0m INFO 09-25 05:27:27 [stats.py:920] 
[0;36m(APIServer pid=214609)[0;0m INFO 09-25 05:27:27 [stats.py:920] [StageRequestStats [request_id=speech-87ddc04789f17935-9bba57bf]]
[0;36m(APIServer pid=214609)[0;0m INFO 09-25 05:27:27 [stats.py:920] +---------------------------------+----------------+----------------+
[0;36m(APIServer pid=214609)[0;0m INFO 09-25 05:27:27 [stats.py:920] | Field                           |              0 |              1 |
[0;36m(APIServer pid=214609)[0;0m INFO 09-25 05:27:27 [stats.py:920] +---------------------------------+----------------+----------------+
[0;36m(APIServer pid=214609)[0;0m INFO 09-25 05:27:27 [stats.py:920] | audio_duration_s                |          0.000 |         35.040 |
[0;36m(APIServer pid=214609)[0;0m INFO 09-25 05:27:27 [stats.py:920] | audio_generated_frames          |              0 |        840,960 |
[0;36m(APIServer pid=214609)[0;0m INFO 09-25 05:27:27 [stats.py:920] | audio_sample_rate               |              0 |         24,000 |
[0;36m(APIServer pid=214609)[0;0m INFO 09-25 05:27:27 [stats.py:920] | batch_id                        |          2,488 |          2,569 |
[0;36m(APIServer pid=214609)[0;0m INFO 09-25 05:27:27 [stats.py:920] | batch_size                      |              1 |              1 |
[0;36m(APIServer pid=214609)[0;0m INFO 09-25 05:27:27 [stats.py:920] | inter_output_latencies_ms       |                |                |
[0;36m(APIServer pid=214609)[0;0m INFO 09-25 05:27:27 [stats.py:920] | num_tokens_in                   |            360 |              0 |
[0;36m(APIServer pid=214609)[0;0m INFO 09-25 05:27:27 [stats.py:920] | num_tokens_out                  |            439 |              0 |
[0;36m(APIServer pid=214609)[0;0m INFO 09-25 05:27:27 [stats.py:920] | output_unit_count               |            439 |        840,960 |
[0;36m(APIServer pid=214609)[0;0m INFO 09-25 05:27:27 [stats.py:920] | output_unit_type                |         stream |          audio |
[0;36m(APIServer pid=214609)[0;0m INFO 09-25 05:27:27 [stats.py:920] | serving_time_to_first_output_ms |     18,778.836 |     18,945.233 |
[0;36m(APIServer pid=214609)[0;0m INFO 09-25 05:27:27 [stats.py:920] | stage_gen_time_ms               |     18,778.146 |     18,944.420 |
[0;36m(APIServer pid=214609)[0;0m INFO 09-25 05:27:27 [stats.py:920] | time_per_output_unit_ms         |          0.000 |          0.000 |
[0;36m(APIServer pid=214609)[0;0m INFO 09-25 05:27:27 [stats.py:920] | vllm_itl_ms                     |         42.393 |        985.706 |
[0;36m(APIServer pid=214609)[0;0m INFO 09-25 05:27:27 [stats.py:920] | vllm_itls_ms                    | 42.393 (n=438) | 985.706 (n=18) |
[0;36m(APIServer pid=214609)[0;0m INFO 09-25 05:27:27 [stats.py:920] | vllm_tpot_ms                    |         42.393 |          0.000 |
[0;36m(APIServer pid=214609)[0;0m INFO 09-25 05:27:27 [stats.py:920] | vllm_ttft_ms                    |        211.370 |      1,200.169 |
[0;36m(APIServer pid=214609)[0;0m INFO 09-25 05:27:27 [stats.py:920] +---------------------------------+----------------+----------------+
[0;36m(APIServer pid=214609)[0;0m INFO 09-25 05:27:27 [serving_speech.py:3646] [SpeechE2E] request_id=speech-87ddc04789f17935 stream=false status=ok total_ms=18999.05 response_bytes=1681964
[0;36m(APIServer pid=214609)[0;0m INFO:     127.0.0.1:35080 - "POST /v1/audio/speech HTTP/1.1" 200 OK
[0;36m(APIServer pid=214609)[0;0m INFO:     127.0.0.1:35066 - "POST /v1/audio/speech HTTP/1.1" 200 OK
[0;36m(APIServer pid=214609)[0;0m INFO 09-25 05:27:27 [serving_speech.py:3070] TTS speech request speech-bf3d635ee710dc70: model=Base
[0;36m(APIServer pid=214609)[0;0m INFO 09-25 05:27:27 [serving_speech.py:3100] Applied extra_params: {'temperature': 0.9, 'top_k': 50}
[0;36m(APIServer pid=214609)[0;0m INFO 09-25 05:27:27 [serving_speech.py:3070] TTS speech request speech-9d9955bef9f95885: model=Base
[0;36m(APIServer pid=214609)[0;0m INFO 09-25 05:27:27 [serving_speech.py:3100] Applied extra_params: {'temperature': 0.9, 'top_k': 50}
[0;36m(APIServer pid=214609)[0;0m INFO 09-25 05:27:27 [stats.py:811] 
[0;36m(APIServer pid=214609)[0;0m INFO 09-25 05:27:27 [stats.py:811] [Overall Summary]
[0;36m(APIServer pid=214609)[0;0m INFO 09-25 05:27:27 [stats.py:811] +-----------------------------+------------+
[0;36m(APIServer pid=214609)[0;0m INFO 09-25 05:27:27 [stats.py:811] | Field                       |      Value |
[0;36m(APIServer pid=214609)[0;0m INFO 09-25 05:27:27 [stats.py:811] +-----------------------------+------------+
[0;36m(APIServer pid=214609)[0;0m INFO 09-25 05:27:27 [stats.py:811] | e2e_requests                |          1 |
[0;36m(APIServer pid=214609)[0;0m INFO 09-25 05:27:27 [stats.py:811] | e2e_wall_time_ms            | 19,386.955 |
[0;36m(APIServer pid=214609)[0;0m INFO 09-25 05:27:27 [stats.py:811] | e2e_total_tokens            |        809 |
[0;36m(APIServer pid=214609)[0;0m INFO 09-25 05:27:27 [stats.py:811] | e2e_avg_time_per_request_ms | 19,386.955 |
[0;36m(APIServer pid=214609)[0;0m INFO 09-25 05:27:27 [stats.py:811] | e2e_avg_tokens_per_s        |     41.729 |
[0;36m(APIServer pid=214609)[0;0m INFO 09-25 05:27:27 [stats.py:811] | input_preprocess_time_ms    |      0.026 |
[0;36m(APIServer pid=214609)[0;0m INFO 09-25 05:27:27 [stats.py:811] | e2e_stage_0_wall_time_ms    | 19,314.830 |
[0;36m(APIServer pid=214609)[0;0m INFO 09-25 05:27:27 [stats.py:811] | e2e_stage_1_wall_time_ms    | 19,385.422 |
[0;36m(APIServer pid=214609)[0;0m INFO 09-25 05:27:27 [stats.py:811] +-----------------------------+------------+
[0;36m(APIServer pid=214609)[0;0m INFO 09-25 05:27:27 [stats.py:837] 
[0;36m(APIServer pid=214609)[0;0m INFO 09-25 05:27:27 [stats.py:837] [RequestE2EStats [request_id=speech-9ba795594d98d68c-8edc670a]]
[0;36m(APIServer pid=214609)[0;0m INFO 09-25 05:27:27 [stats.py:837] +------------------+------------+
[0;36m(APIServer pid=214609)[0;0m INFO 09-25 05:27:27 [stats.py:837] | Field            |      Value |
[0;36m(APIServer pid=214609)[0;0m INFO 09-25 05:27:27 [stats.py:837] +------------------+------------+
[0;36m(APIServer pid=214609)[0;0m INFO 09-25 05:27:27 [stats.py:837] | e2e_total_ms     | 19,386.889 |
[0;36m(APIServer pid=214609)[0;0m INFO 09-25 05:27:27 [stats.py:837] | e2e_total_tokens |        809 |
[0;36m(APIServer pid=214609)[0;0m INFO 09-25 05:27:27 [stats.py:837] +------------------+------------+
[0;36m(APIServer pid=214609)[0;0m INFO 09-25 05:27:27 [stats.py:878] [OmniTiming] req=speech-9ba795594d98d68c-8edc670a total=19.39s preprocess=0.00s engine=19.39s stages=[0:19.31s,1:19.39s] transfers=[0->1=0.00ms]
[0;36m(APIServer pid=214609)[0;0m INFO 09-25 05:27:27 [stats.py:920] 
[0;36m(APIServer pid=214609)[0;0m INFO 09-25 05:27:27 [stats.py:920] [StageRequestStats [request_id=speech-9ba795594d98d68c-8edc670a]]
[0;36m(APIServer pid=214609)[0;0m INFO 09-25 05:27:27 [stats.py:920] +---------------------------------+----------------+------------------+
[0;36m(APIServer pid=214609)[0;0m INFO 09-25 05:27:27 [stats.py:920] | Field                           |              0 |                1 |
[0;36m(APIServer pid=214609)[0;0m INFO 09-25 05:27:27 [stats.py:920] +---------------------------------+----------------+------------------+
[0;36m(APIServer pid=214609)[0;0m INFO 09-25 05:27:27 [stats.py:920] | audio_duration_s                |          0.000 |           35.840 |
[0;36m(APIServer pid=214609)[0;0m INFO 09-25 05:27:27 [stats.py:920] | audio_generated_frames          |              0 |          860,160 |
[0;36m(APIServer pid=214609)[0;0m INFO 09-25 05:27:27 [stats.py:920] | audio_sample_rate               |              0 |           24,000 |
[0;36m(APIServer pid=214609)[0;0m INFO 09-25 05:27:27 [stats.py:920] | batch_id                        |          2,489 |            2,570 |
[0;36m(APIServer pid=214609)[0;0m INFO 09-25 05:27:27 [stats.py:920] | batch_size                      |              1 |                1 |
[0;36m(APIServer pid=214609)[0;0m INFO 09-25 05:27:27 [stats.py:920] | inter_output_latencies_ms       |                |                  |
[0;36m(APIServer pid=214609)[0;0m INFO 09-25 05:27:27 [stats.py:920] | num_tokens_in                   |            360 |                0 |
[0;36m(APIServer pid=214609)[0;0m INFO 09-25 05:27:27 [stats.py:920] | num_tokens_out                  |            449 |                0 |
[0;36m(APIServer pid=214609)[0;0m INFO 09-25 05:27:27 [stats.py:920] | output_unit_count               |            449 |          860,160 |
[0;36m(APIServer pid=214609)[0;0m INFO 09-25 05:27:27 [stats.py:920] | output_unit_type                |         stream |            audio |
[0;36m(APIServer pid=214609)[0;0m INFO 09-25 05:27:27 [stats.py:920] | serving_time_to_first_output_ms |     19,314.692 |       19,386.464 |
[0;36m(APIServer pid=214609)[0;0m INFO 09-25 05:27:27 [stats.py:920] | stage_gen_time_ms               |     19,314.695 |       19,385.043 |
[0;36m(APIServer pid=214609)[0;0m INFO 09-25 05:27:27 [stats.py:920] | time_per_output_unit_ms         |          0.000 |            0.000 |
[0;36m(APIServer pid=214609)[0;0m INFO 09-25 05:27:27 [stats.py:920] | vllm_itl_ms                     |         42.309 |        1,011.353 |
[0;36m(APIServer pid=214609)[0;0m INFO 09-25 05:27:27 [stats.py:920] | vllm_itls_ms                    | 42.309 (n=448) | 1,011.353 (n=18) |
[0;36m(APIServer pid=214609)[0;0m INFO 09-25 05:27:27 [stats.py:920] | vllm_tpot_ms                    |         42.309 |            0.000 |
[0;36m(APIServer pid=214609)[0;0m INFO 09-25 05:27:27 [stats.py:920] | vllm_ttft_ms                    |        360.197 |        1,179.482 |
[0;36m(APIServer pid=214609)[0;0m INFO 09-25 05:27:27 [stats.py:920] +---------------------------------+----------------+------------------+
[0;36m(APIServer pid=214609)[0;0m INFO 09-25 05:27:27 [serving_speech.py:3646] [SpeechE2E] request_id=speech-9ba795594d98d68c stream=false status=ok total_ms=19422.37 response_bytes=1720364
[0;36m(APIServer pid=214609)[0;0m INFO:     127.0.0.1:35156 - "POST /v1/audio/speech HTTP/1.1" 200 OK
[0;36m(APIServer pid=214609)[0;0m INFO 09-25 05:27:27 [serving_speech.py:3070] TTS speech request speech-8b499c37942bacd0: model=Base
[0;36m(APIServer pid=214609)[0;0m INFO 09-25 05:27:27 [serving_speech.py:3100] Applied extra_params: {'temperature': 0.9, 'top_k': 50}
[0;36m(APIServer pid=214609)[0;0m INFO 09-25 05:27:29 [stats.py:811] 
[0;36m(APIServer pid=214609)[0;0m INFO 09-25 05:27:29 [stats.py:811] [Overall Summary]
[0;36m(APIServer pid=214609)[0;0m INFO 09-25 05:27:29 [stats.py:811] +-----------------------------+------------+
[0;36m(APIServer pid=214609)[0;0m INFO 09-25 05:27:29 [stats.py:811] | Field                       |      Value |
[0;36m(APIServer pid=214609)[0;0m INFO 09-25 05:27:29 [stats.py:811] +-----------------------------+------------+
[0;36m(APIServer pid=214609)[0;0m INFO 09-25 05:27:29 [stats.py:811] | e2e_requests                |          1 |
[0;36m(APIServer pid=214609)[0;0m INFO 09-25 05:27:29 [stats.py:811] | e2e_wall_time_ms            | 20,715.366 |
[0;36m(APIServer pid=214609)[0;0m INFO 09-25 05:27:29 [stats.py:811] | e2e_total_tokens            |        840 |
[0;36m(APIServer pid=214609)[0;0m INFO 09-25 05:27:29 [stats.py:811] | e2e_avg_time_per_request_ms | 20,715.366 |
[0;36m(APIServer pid=214609)[0;0m INFO 09-25 05:27:29 [stats.py:811] | e2e_avg_tokens_per_s        |     40.550 |
[0;36m(APIServer pid=214609)[0;0m INFO 09-25 05:27:29 [stats.py:811] | input_preprocess_time_ms    |      0.028 |
[0;36m(APIServer pid=214609)[0;0m INFO 09-25 05:27:29 [stats.py:811] | e2e_stage_0_wall_time_ms    | 20,589.047 |
[0;36m(APIServer pid=214609)[0;0m INFO 09-25 05:27:29 [stats.py:811] | e2e_stage_1_wall_time_ms    | 20,715.216 |
[0;36m(APIServer pid=214609)[0;0m INFO 09-25 05:27:29 [stats.py:811] +-----------------------------+------------+
[0;36m(APIServer pid=214609)[0;0m INFO 09-25 05:27:29 [stats.py:837] 
[0;36m(APIServer pid=214609)[0;0m INFO 09-25 05:27:29 [stats.py:837] [RequestE2EStats [request_id=speech-9a338f9274ab366b-af0d6907]]
[0;36m(APIServer pid=214609)[0;0m INFO 09-25 05:27:29 [stats.py:837] +------------------+------------+
[0;36m(APIServer pid=214609)[0;0m INFO 09-25 05:27:29 [stats.py:837] | Field            |      Value |
[0;36m(APIServer pid=214609)[0;0m INFO 09-25 05:27:29 [stats.py:837] +------------------+------------+
[0;36m(APIServer pid=214609)[0;0m INFO 09-25 05:27:29 [stats.py:837] | e2e_total_ms     | 20,715.293 |
[0;36m(APIServer pid=214609)[0;0m INFO 09-25 05:27:29 [stats.py:837] | e2e_total_tokens |        840 |
[0;36m(APIServer pid=214609)[0;0m INFO 09-25 05:27:29 [stats.py:837] +------------------+------------+
[0;36m(APIServer pid=214609)[0;0m INFO 09-25 05:27:29 [stats.py:878] [OmniTiming] req=speech-9a338f9274ab366b-af0d6907 total=20.72s preprocess=0.00s engine=20.72s stages=[0:20.59s,1:20.71s] transfers=[0->1=0.00ms]
[0;36m(APIServer pid=214609)[0;0m INFO 09-25 05:27:29 [stats.py:920] 
[0;36m(APIServer pid=214609)[0;0m INFO 09-25 05:27:29 [stats.py:920] [StageRequestStats [request_id=speech-9a338f9274ab366b-af0d6907]]
[0;36m(APIServer pid=214609)[0;0m INFO 09-25 05:27:29 [stats.py:920] +---------------------------------+----------------+----------------+
[0;36m(APIServer pid=214609)[0;0m INFO 09-25 05:27:29 [stats.py:920] | Field                           |              0 |              1 |
[0;36m(APIServer pid=214609)[0;0m INFO 09-25 05:27:29 [stats.py:920] +---------------------------------+----------------+----------------+
[0;36m(APIServer pid=214609)[0;0m INFO 09-25 05:27:29 [stats.py:920] | audio_duration_s                |          0.000 |         38.320 |
[0;36m(APIServer pid=214609)[0;0m INFO 09-25 05:27:29 [stats.py:920] | audio_generated_frames          |              0 |        919,680 |
[0;36m(APIServer pid=214609)[0;0m INFO 09-25 05:27:29 [stats.py:920] | audio_sample_rate               |              0 |         24,000 |
[0;36m(APIServer pid=214609)[0;0m INFO 09-25 05:27:29 [stats.py:920] | batch_id                        |          2,490 |          2,571 |
[0;36m(APIServer pid=214609)[0;0m INFO 09-25 05:27:29 [stats.py:920] | batch_size                      |              1 |              1 |
[0;36m(APIServer pid=214609)[0;0m INFO 09-25 05:27:29 [stats.py:920] | inter_output_latencies_ms       |                |                |
[0;36m(APIServer pid=214609)[0;0m INFO 09-25 05:27:29 [stats.py:920] | num_tokens_in                   |            360 |              0 |
[0;36m(APIServer pid=214609)[0;0m INFO 09-25 05:27:29 [stats.py:920] | num_tokens_out                  |            480 |              0 |
[0;36m(APIServer pid=214609)[0;0m INFO 09-25 05:27:29 [stats.py:920] | output_unit_count               |            480 |        919,680 |
[0;36m(APIServer pid=214609)[0;0m INFO 09-25 05:27:29 [stats.py:920] | output_unit_type                |         stream |          audio |
[0;36m(APIServer pid=214609)[0;0m INFO 09-25 05:27:29 [stats.py:920] | serving_time_to_first_output_ms |     20,588.310 |     20,714.996 |
[0;36m(APIServer pid=214609)[0;0m INFO 09-25 05:27:29 [stats.py:920] | stage_gen_time_ms               |     20,588.255 |     20,714.925 |
[0;36m(APIServer pid=214609)[0;0m INFO 09-25 05:27:29 [stats.py:920] | time_per_output_unit_ms         |          0.000 |          0.000 |
[0;36m(APIServer pid=214609)[0;0m INFO 09-25 05:27:29 [stats.py:920] | vllm_itl_ms                     |         42.235 |        976.878 |
[0;36m(APIServer pid=214609)[0;0m INFO 09-25 05:27:29 [stats.py:920] | vllm_itls_ms                    | 42.235 (n=479) | 976.878 (n=20) |
[0;36m(APIServer pid=214609)[0;0m INFO 09-25 05:27:29 [stats.py:920] | vllm_tpot_ms                    |         42.235 |          0.000 |
[0;36m(APIServer pid=214609)[0;0m INFO 09-25 05:27:29 [stats.py:920] | vllm_ttft_ms                    |        357.840 |      1,178.513 |
[0;36m(APIServer pid=214609)[0;0m INFO 09-25 05:27:29 [stats.py:920] +---------------------------------+----------------+----------------+
[0;36m(APIServer pid=214609)[0;0m INFO 09-25 05:27:29 [serving_speech.py:3646] [SpeechE2E] request_id=speech-9a338f9274ab366b stream=false status=ok total_ms=20746.40 response_bytes=1839404
[0;36m(APIServer pid=214609)[0;0m INFO:     127.0.0.1:35162 - "POST /v1/audio/speech HTTP/1.1" 200 OK
[0;36m(APIServer pid=214609)[0;0m INFO 09-25 05:27:29 [serving_speech.py:3070] TTS speech request speech-810b3b8fe40507be: model=Base
[0;36m(APIServer pid=214609)[0;0m INFO 09-25 05:27:29 [serving_speech.py:3100] Applied extra_params: {'temperature': 0.9, 'top_k': 50}
[0;36m(APIServer pid=214609)[0;0m INFO 09-25 05:27:41 [stats.py:811] 
[0;36m(APIServer pid=214609)[0;0m INFO 09-25 05:27:41 [stats.py:811] [Overall Summary]
[0;36m(APIServer pid=214609)[0;0m INFO 09-25 05:27:41 [stats.py:811] +-----------------------------+------------+
[0;36m(APIServer pid=214609)[0;0m INFO 09-25 05:27:41 [stats.py:811] | Field                       |      Value |
[0;36m(APIServer pid=214609)[0;0m INFO 09-25 05:27:41 [stats.py:811] +-----------------------------+------------+
[0;36m(APIServer pid=214609)[0;0m INFO 09-25 05:27:41 [stats.py:811] | e2e_requests                |          1 |
[0;36m(APIServer pid=214609)[0;0m INFO 09-25 05:27:41 [stats.py:811] | e2e_wall_time_ms            | 17,489.652 |
[0;36m(APIServer pid=214609)[0;0m INFO 09-25 05:27:41 [stats.py:811] | e2e_total_tokens            |        771 |
[0;36m(APIServer pid=214609)[0;0m INFO 09-25 05:27:41 [stats.py:811] | e2e_avg_time_per_request_ms | 17,489.652 |
[0;36m(APIServer pid=214609)[0;0m INFO 09-25 05:27:41 [stats.py:811] | e2e_avg_tokens_per_s        |     44.083 |
[0;36m(APIServer pid=214609)[0;0m INFO 09-25 05:27:41 [stats.py:811] | input_preprocess_time_ms    |      0.058 |
[0;36m(APIServer pid=214609)[0;0m INFO 09-25 05:27:41 [stats.py:811] | e2e_stage_0_wall_time_ms    | 17,425.610 |
[0;36m(APIServer pid=214609)[0;0m INFO 09-25 05:27:41 [stats.py:811] | e2e_stage_1_wall_time_ms    | 17,489.362 |
[0;36m(APIServer pid=214609)[0;0m INFO 09-25 05:27:41 [stats.py:811] +-----------------------------+------------+
[0;36m(APIServer pid=214609)[0;0m INFO 09-25 05:27:41 [stats.py:837] 
[0;36m(APIServer pid=214609)[0;0m INFO 09-25 05:27:41 [stats.py:837] [RequestE2EStats [request_id=speech-a297376a2c84fc80-937b34f3]]
[0;36m(APIServer pid=214609)[0;0m INFO 09-25 05:27:41 [stats.py:837] +------------------+------------+
[0;36m(APIServer pid=214609)[0;0m INFO 09-25 05:27:41 [stats.py:837] | Field            |      Value |
[0;36m(APIServer pid=214609)[0;0m INFO 09-25 05:27:41 [stats.py:837] +------------------+------------+
[0;36m(APIServer pid=214609)[0;0m INFO 09-25 05:27:41 [stats.py:837] | e2e_total_ms     | 17,489.527 |
[0;36m(APIServer pid=214609)[0;0m INFO 09-25 05:27:41 [stats.py:837] | e2e_total_tokens |        771 |
[0;36m(APIServer pid=214609)[0;0m INFO 09-25 05:27:41 [stats.py:837] +------------------+------------+
[0;36m(APIServer pid=214609)[0;0m INFO 09-25 05:27:41 [stats.py:878] [OmniTiming] req=speech-a297376a2c84fc80-937b34f3 total=17.49s preprocess=0.00s engine=17.49s stages=[0:17.43s,1:17.49s] transfers=[0->1=0.00ms]
[0;36m(APIServer pid=214609)[0;0m INFO 09-25 05:27:41 [stats.py:920] 
[0;36m(APIServer pid=214609)[0;0m INFO 09-25 05:27:41 [stats.py:920] [StageRequestStats [request_id=speech-a297376a2c84fc80-937b34f3]]
[0;36m(APIServer pid=214609)[0;0m INFO 09-25 05:27:41 [stats.py:920] +---------------------------------+----------------+------------------+
[0;36m(APIServer pid=214609)[0;0m INFO 09-25 05:27:41 [stats.py:920] | Field                           |              0 |                1 |
[0;36m(APIServer pid=214609)[0;0m INFO 09-25 05:27:41 [stats.py:920] +---------------------------------+----------------+------------------+
[0;36m(APIServer pid=214609)[0;0m INFO 09-25 05:27:41 [stats.py:920] | audio_duration_s                |          0.000 |           32.800 |
[0;36m(APIServer pid=214609)[0;0m INFO 09-25 05:27:41 [stats.py:920] | audio_generated_frames          |              0 |          787,200 |
[0;36m(APIServer pid=214609)[0;0m INFO 09-25 05:27:41 [stats.py:920] | audio_sample_rate               |              0 |           24,000 |
[0;36m(APIServer pid=214609)[0;0m INFO 09-25 05:27:41 [stats.py:920] | batch_id                        |          2,491 |            2,572 |
[0;36m(APIServer pid=214609)[0;0m INFO 09-25 05:27:41 [stats.py:920] | batch_size                      |              1 |                1 |
[0;36m(APIServer pid=214609)[0;0m INFO 09-25 05:27:41 [stats.py:920] | inter_output_latencies_ms       |                |                  |
[0;36m(APIServer pid=214609)[0;0m INFO 09-25 05:27:41 [stats.py:920] | num_tokens_in                   |            360 |                0 |
[0;36m(APIServer pid=214609)[0;0m INFO 09-25 05:27:41 [stats.py:920] | num_tokens_out                  |            411 |                0 |
[0;36m(APIServer pid=214609)[0;0m INFO 09-25 05:27:41 [stats.py:920] | output_unit_count               |            411 |          787,200 |
[0;36m(APIServer pid=214609)[0;0m INFO 09-25 05:27:41 [stats.py:920] | output_unit_type                |         stream |            audio |
[0;36m(APIServer pid=214609)[0;0m INFO 09-25 05:27:41 [stats.py:920] | serving_time_to_first_output_ms |     17,425.236 |       17,489.295 |
[0;36m(APIServer pid=214609)[0;0m INFO 09-25 05:27:41 [stats.py:920] | stage_gen_time_ms               |     17,425.089 |       17,489.132 |
[0;36m(APIServer pid=214609)[0;0m INFO 09-25 05:27:41 [stats.py:920] | time_per_output_unit_ms         |          0.000 |            0.000 |
[0;36m(APIServer pid=214609)[0;0m INFO 09-25 05:27:41 [stats.py:920] | vllm_itl_ms                     |         42.264 |        1,017.717 |
[0;36m(APIServer pid=214609)[0;0m INFO 09-25 05:27:41 [stats.py:920] | vllm_itls_ms                    | 42.264 (n=410) | 1,017.717 (n=17) |
[0;36m(APIServer pid=214609)[0;0m INFO 09-25 05:27:41 [stats.py:920] | vllm_tpot_ms                    |         42.264 |            0.000 |
[0;36m(APIServer pid=214609)[0;0m INFO 09-25 05:27:41 [stats.py:920] | vllm_ttft_ms                    |         95.714 |          187.634 |
[0;36m(APIServer pid=214609)[0;0m INFO 09-25 05:27:41 [stats.py:920] +---------------------------------+----------------+------------------+
[0;36m(APIServer pid=214609)[0;0m INFO 09-25 05:27:41 [serving_speech.py:3646] [SpeechE2E] request_id=speech-a297376a2c84fc80 stream=false status=ok total_ms=17501.54 response_bytes=1574444
[0;36m(APIServer pid=214609)[0;0m INFO:     127.0.0.1:35028 - "POST /v1/audio/speech HTTP/1.1" 200 OK
[0;36m(APIServer pid=214609)[0;0m INFO 09-25 05:27:41 [serving_speech.py:3070] TTS speech request speech-89b403fdf5fd0cc3: model=Base
[0;36m(APIServer pid=214609)[0;0m INFO 09-25 05:27:41 [serving_speech.py:3100] Applied extra_params: {'temperature': 0.9, 'top_k': 50}
[0;36m(APIServer pid=214609)[0;0m INFO 09-25 05:27:41 [stats.py:811] 
[0;36m(APIServer pid=214609)[0;0m INFO 09-25 05:27:41 [stats.py:811] [Overall Summary]
[0;36m(APIServer pid=214609)[0;0m INFO 09-25 05:27:41 [stats.py:811] +-----------------------------+------------+
[0;36m(APIServer pid=214609)[0;0m INFO 09-25 05:27:41 [stats.py:811] | Field                       |      Value |
[0;36m(APIServer pid=214609)[0;0m INFO 09-25 05:27:41 [stats.py:811] +-----------------------------+------------+
[0;36m(APIServer pid=214609)[0;0m INFO 09-25 05:27:41 [stats.py:811] | e2e_requests                |          1 |
[0;36m(APIServer pid=214609)[0;0m INFO 09-25 05:27:41 [stats.py:811] | e2e_wall_time_ms            | 17,547.729 |
[0;36m(APIServer pid=214609)[0;0m INFO 09-25 05:27:41 [stats.py:811] | e2e_total_tokens            |        771 |
[0;36m(APIServer pid=214609)[0;0m INFO 09-25 05:27:41 [stats.py:811] | e2e_avg_time_per_request_ms | 17,547.729 |
[0;36m(APIServer pid=214609)[0;0m INFO 09-25 05:27:41 [stats.py:811] | e2e_avg_tokens_per_s        |     43.937 |
[0;36m(APIServer pid=214609)[0;0m INFO 09-25 05:27:41 [stats.py:811] | input_preprocess_time_ms    |      0.055 |
[0;36m(APIServer pid=214609)[0;0m INFO 09-25 05:27:41 [stats.py:811] | e2e_stage_0_wall_time_ms    | 17,508.177 |
[0;36m(APIServer pid=214609)[0;0m INFO 09-25 05:27:41 [stats.py:811] | e2e_stage_1_wall_time_ms    | 17,547.431 |
[0;36m(APIServer pid=214609)[0;0m INFO 09-25 05:27:41 [stats.py:811] +-----------------------------+------------+
[0;36m(APIServer pid=214609)[0;0m INFO 09-25 05:27:41 [stats.py:837] 
[0;36m(APIServer pid=214609)[0;0m INFO 09-25 05:27:41 [stats.py:837] [RequestE2EStats [request_id=speech-b03c050fed92b822-98bf3149]]
[0;36m(APIServer pid=214609)[0;0m INFO 09-25 05:27:41 [stats.py:837] +------------------+------------+
[0;36m(APIServer pid=214609)[0;0m INFO 09-25 05:27:41 [stats.py:837] | Field            |      Value |
[0;36m(APIServer pid=214609)[0;0m INFO 09-25 05:27:41 [stats.py:837] +------------------+------------+
[0;36m(APIServer pid=214609)[0;0m INFO 09-25 05:27:41 [stats.py:837] | e2e_total_ms     | 17,547.604 |
[0;36m(APIServer pid=214609)[0;0m INFO 09-25 05:27:41 [stats.py:837] | e2e_total_tokens |        771 |
[0;36m(APIServer pid=214609)[0;0m INFO 09-25 05:27:41 [stats.py:837] +------------------+------------+
[0;36m(APIServer pid=214609)[0;0m INFO 09-25 05:27:41 [stats.py:878] [OmniTiming] req=speech-b03c050fed92b822-98bf3149 total=17.55s preprocess=0.00s engine=17.55s stages=[0:17.51s,1:17.55s] transfers=[0->1=0.00ms]
[0;36m(APIServer pid=214609)[0;0m INFO 09-25 05:27:41 [stats.py:920] 
[0;36m(APIServer pid=214609)[0;0m INFO 09-25 05:27:41 [stats.py:920] [StageRequestStats [request_id=speech-b03c050fed92b822-98bf3149]]
[0;36m(APIServer pid=214609)[0;0m INFO 09-25 05:27:41 [stats.py:920] +---------------------------------+----------------+------------------+
[0;36m(APIServer pid=214609)[0;0m INFO 09-25 05:27:41 [stats.py:920] | Field                           |              0 |                1 |
[0;36m(APIServer pid=214609)[0;0m INFO 09-25 05:27:41 [stats.py:920] +---------------------------------+----------------+------------------+
[0;36m(APIServer pid=214609)[0;0m INFO 09-25 05:27:41 [stats.py:920] | audio_duration_s                |          0.000 |           32.800 |
[0;36m(APIServer pid=214609)[0;0m INFO 09-25 05:27:41 [stats.py:920] | audio_generated_frames          |              0 |          787,200 |
[0;36m(APIServer pid=214609)[0;0m INFO 09-25 05:27:41 [stats.py:920] | audio_sample_rate               |              0 |           24,000 |
[0;36m(APIServer pid=214609)[0;0m INFO 09-25 05:27:41 [stats.py:920] | batch_id                        |          2,492 |            2,573 |
[0;36m(APIServer pid=214609)[0;0m INFO 09-25 05:27:41 [stats.py:920] | batch_size                      |              1 |                1 |
[0;36m(APIServer pid=214609)[0;0m INFO 09-25 05:27:41 [stats.py:920] | inter_output_latencies_ms       |                |                  |
[0;36m(APIServer pid=214609)[0;0m INFO 09-25 05:27:41 [stats.py:920] | num_tokens_in                   |            360 |                0 |
[0;36m(APIServer pid=214609)[0;0m INFO 09-25 05:27:41 [stats.py:920] | num_tokens_out                  |            411 |                0 |
[0;36m(APIServer pid=214609)[0;0m INFO 09-25 05:27:41 [stats.py:920] | output_unit_count               |            411 |          787,200 |
[0;36m(APIServer pid=214609)[0;0m INFO 09-25 05:27:41 [stats.py:920] | output_unit_type                |         stream |            audio |
[0;36m(APIServer pid=214609)[0;0m INFO 09-25 05:27:41 [stats.py:920] | serving_time_to_first_output_ms |     17,507.596 |       17,547.153 |
[0;36m(APIServer pid=214609)[0;0m INFO 09-25 05:27:41 [stats.py:920] | stage_gen_time_ms               |     17,507.444 |       17,546.988 |
[0;36m(APIServer pid=214609)[0;0m INFO 09-25 05:27:41 [stats.py:920] | time_per_output_unit_ms         |          0.000 |            0.000 |
[0;36m(APIServer pid=214609)[0;0m INFO 09-25 05:27:41 [stats.py:920] | vllm_itl_ms                     |         42.474 |        1,017.472 |
[0;36m(APIServer pid=214609)[0;0m INFO 09-25 05:27:41 [stats.py:920] | vllm_itls_ms                    | 42.474 (n=410) | 1,017.472 (n=17) |
[0;36m(APIServer pid=214609)[0;0m INFO 09-25 05:27:41 [stats.py:920] | vllm_tpot_ms                    |         42.474 |            0.000 |
[0;36m(APIServer pid=214609)[0;0m INFO 09-25 05:27:41 [stats.py:920] | vllm_ttft_ms                    |         91.960 |          247.041 |
[0;36m(APIServer pid=214609)[0;0m INFO 09-25 05:27:41 [stats.py:920] +---------------------------------+----------------+------------------+
[0;36m(APIServer pid=214609)[0;0m INFO 09-25 05:27:41 [serving_speech.py:3646] [SpeechE2E] request_id=speech-b03c050fed92b822 stream=false status=ok total_ms=17557.29 response_bytes=1574444
[0;36m(APIServer pid=214609)[0;0m INFO:     127.0.0.1:35110 - "POST /v1/audio/speech HTTP/1.1" 200 OK
[0;36m(APIServer pid=214609)[0;0m INFO 09-25 05:27:41 [serving_speech.py:3070] TTS speech request speech-a62fa3cd1ad7a547: model=Base
[0;36m(APIServer pid=214609)[0;0m INFO 09-25 05:27:41 [serving_speech.py:3100] Applied extra_params: {'temperature': 0.9, 'top_k': 50}
[0;36m(APIServer pid=214609)[0;0m INFO 09-25 05:27:41 [stats.py:811] 
[0;36m(APIServer pid=214609)[0;0m INFO 09-25 05:27:41 [stats.py:811] [Overall Summary]
[0;36m(APIServer pid=214609)[0;0m INFO 09-25 05:27:41 [stats.py:811] +-----------------------------+------------+
[0;36m(APIServer pid=214609)[0;0m INFO 09-25 05:27:41 [stats.py:811] | Field                       |      Value |
[0;36m(APIServer pid=214609)[0;0m INFO 09-25 05:27:41 [stats.py:811] +-----------------------------+------------+
[0;36m(APIServer pid=214609)[0;0m INFO 09-25 05:27:41 [stats.py:811] | e2e_requests                |          1 |
[0;36m(APIServer pid=214609)[0;0m INFO 09-25 05:27:41 [stats.py:811] | e2e_wall_time_ms            | 15,896.738 |
[0;36m(APIServer pid=214609)[0;0m INFO 09-25 05:27:41 [stats.py:811] | e2e_total_tokens            |        734 |
[0;36m(APIServer pid=214609)[0;0m INFO 09-25 05:27:41 [stats.py:811] | e2e_avg_time_per_request_ms | 15,896.738 |
[0;36m(APIServer pid=214609)[0;0m INFO 09-25 05:27:41 [stats.py:811] | e2e_avg_tokens_per_s        |     46.173 |
[0;36m(APIServer pid=214609)[0;0m INFO 09-25 05:27:41 [stats.py:811] | input_preprocess_time_ms    |      0.056 |
[0;36m(APIServer pid=214609)[0;0m INFO 09-25 05:27:41 [stats.py:811] | e2e_stage_0_wall_time_ms    | 15,856.997 |
[0;36m(APIServer pid=214609)[0;0m INFO 09-25 05:27:41 [stats.py:811] | e2e_stage_1_wall_time_ms    | 15,896.430 |
[0;36m(APIServer pid=214609)[0;0m INFO 09-25 05:27:41 [stats.py:811] +-----------------------------+------------+
[0;36m(APIServer pid=214609)[0;0m INFO 09-25 05:27:41 [stats.py:837] 
[0;36m(APIServer pid=214609)[0;0m INFO 09-25 05:27:41 [stats.py:837] [RequestE2EStats [request_id=speech-aac52b7eb5339a0c-96663df3]]
[0;36m(APIServer pid=214609)[0;0m INFO 09-25 05:27:41 [stats.py:837] +------------------+------------+
[0;36m(APIServer pid=214609)[0;0m INFO 09-25 05:27:41 [stats.py:837] | Field            |      Value |
[0;36m(APIServer pid=214609)[0;0m INFO 09-25 05:27:41 [stats.py:837] +------------------+------------+
[0;36m(APIServer pid=214609)[0;0m INFO 09-25 05:27:41 [stats.py:837] | e2e_total_ms     | 15,896.609 |
[0;36m(APIServer pid=214609)[0;0m INFO 09-25 05:27:41 [stats.py:837] | e2e_total_tokens |        734 |
[0;36m(APIServer pid=214609)[0;0m INFO 09-25 05:27:41 [stats.py:837] +------------------+------------+
[0;36m(APIServer pid=214609)[0;0m INFO 09-25 05:27:41 [stats.py:878] [OmniTiming] req=speech-aac52b7eb5339a0c-96663df3 total=15.90s preprocess=0.00s engine=15.90s stages=[0:15.86s,1:15.90s] transfers=[0->1=0.00ms]
[0;36m(APIServer pid=214609)[0;0m INFO 09-25 05:27:41 [stats.py:920] 
[0;36m(APIServer pid=214609)[0;0m INFO 09-25 05:27:41 [stats.py:920] [StageRequestStats [request_id=speech-aac52b7eb5339a0c-96663df3]]
[0;36m(APIServer pid=214609)[0;0m INFO 09-25 05:27:41 [stats.py:920] +---------------------------------+----------------+------------------+
[0;36m(APIServer pid=214609)[0;0m INFO 09-25 05:27:41 [stats.py:920] | Field                           |              0 |                1 |
[0;36m(APIServer pid=214609)[0;0m INFO 09-25 05:27:41 [stats.py:920] +---------------------------------+----------------+------------------+
[0;36m(APIServer pid=214609)[0;0m INFO 09-25 05:27:41 [stats.py:920] | audio_duration_s                |          0.000 |           29.840 |
[0;36m(APIServer pid=214609)[0;0m INFO 09-25 05:27:41 [stats.py:920] | audio_generated_frames          |              0 |          716,160 |
[0;36m(APIServer pid=214609)[0;0m INFO 09-25 05:27:41 [stats.py:920] | audio_sample_rate               |              0 |           24,000 |
[0;36m(APIServer pid=214609)[0;0m INFO 09-25 05:27:41 [stats.py:920] | batch_id                        |          2,493 |            2,574 |
[0;36m(APIServer pid=214609)[0;0m INFO 09-25 05:27:41 [stats.py:920] | batch_size                      |              1 |                1 |
[0;36m(APIServer pid=214609)[0;0m INFO 09-25 05:27:41 [stats.py:920] | inter_output_latencies_ms       |                |                  |
[0;36m(APIServer pid=214609)[0;0m INFO 09-25 05:27:41 [stats.py:920] | num_tokens_in                   |            360 |                0 |
[0;36m(APIServer pid=214609)[0;0m INFO 09-25 05:27:41 [stats.py:920] | num_tokens_out                  |            374 |                0 |
[0;36m(APIServer pid=214609)[0;0m INFO 09-25 05:27:41 [stats.py:920] | output_unit_count               |            374 |          716,160 |
[0;36m(APIServer pid=214609)[0;0m INFO 09-25 05:27:41 [stats.py:920] | output_unit_type                |         stream |            audio |
[0;36m(APIServer pid=214609)[0;0m INFO 09-25 05:27:41 [stats.py:920] | serving_time_to_first_output_ms |     15,856.988 |       15,896.316 |
[0;36m(APIServer pid=214609)[0;0m INFO 09-25 05:27:41 [stats.py:920] | stage_gen_time_ms               |     15,856.836 |       15,896.101 |
[0;36m(APIServer pid=214609)[0;0m INFO 09-25 05:27:41 [stats.py:920] | time_per_output_unit_ms         |          0.000 |            0.000 |
[0;36m(APIServer pid=214609)[0;0m INFO 09-25 05:27:41 [stats.py:920] | vllm_itl_ms                     |         42.179 |        1,043.136 |
[0;36m(APIServer pid=214609)[0;0m INFO 09-25 05:27:41 [stats.py:920] | vllm_itls_ms                    | 42.179 (n=373) | 1,043.136 (n=15) |
[0;36m(APIServer pid=214609)[0;0m INFO 09-25 05:27:41 [stats.py:920] | vllm_tpot_ms                    |         42.179 |            0.000 |
[0;36m(APIServer pid=214609)[0;0m INFO 09-25 05:27:41 [stats.py:920] | vllm_ttft_ms                    |        126.113 |          248.265 |
[0;36m(APIServer pid=214609)[0;0m INFO 09-25 05:27:41 [stats.py:920] +---------------------------------+----------------+------------------+
[0;36m(APIServer pid=214609)[0;0m INFO 09-25 05:27:41 [serving_speech.py:3646] [SpeechE2E] request_id=speech-aac52b7eb5339a0c stream=false status=ok total_ms=15906.23 response_bytes=1432364
[0;36m(APIServer pid=214609)[0;0m INFO:     127.0.0.1:35036 - "POST /v1/audio/speech HTTP/1.1" 200 OK
[0;36m(APIServer pid=214609)[0;0m INFO 09-25 05:27:41 [serving_speech.py:3070] TTS speech request speech-bd9691a9d6fcb356: model=Base
[0;36m(APIServer pid=214609)[0;0m INFO 09-25 05:27:41 [serving_speech.py:3100] Applied extra_params: {'temperature': 0.9, 'top_k': 50}
[0;36m(APIServer pid=214609)[0;0m INFO 09-25 05:27:42 [stats.py:811] 
[0;36m(APIServer pid=214609)[0;0m INFO 09-25 05:27:42 [stats.py:811] [Overall Summary]
[0;36m(APIServer pid=214609)[0;0m INFO 09-25 05:27:42 [stats.py:811] +-----------------------------+------------+
[0;36m(APIServer pid=214609)[0;0m INFO 09-25 05:27:42 [stats.py:811] | Field                       |      Value |
[0;36m(APIServer pid=214609)[0;0m INFO 09-25 05:27:42 [stats.py:811] +-----------------------------+------------+
[0;36m(APIServer pid=214609)[0;0m INFO 09-25 05:27:42 [stats.py:811] | e2e_requests                |          1 |
[0;36m(APIServer pid=214609)[0;0m INFO 09-25 05:27:42 [stats.py:811] | e2e_wall_time_ms            | 16,525.040 |
[0;36m(APIServer pid=214609)[0;0m INFO 09-25 05:27:42 [stats.py:811] | e2e_total_tokens            |        747 |
[0;36m(APIServer pid=214609)[0;0m INFO 09-25 05:27:42 [stats.py:811] | e2e_avg_time_per_request_ms | 16,525.040 |
[0;36m(APIServer pid=214609)[0;0m INFO 09-25 05:27:42 [stats.py:811] | e2e_avg_tokens_per_s        |     45.204 |
[0;36m(APIServer pid=214609)[0;0m INFO 09-25 05:27:42 [stats.py:811] | input_preprocess_time_ms    |      0.055 |
[0;36m(APIServer pid=214609)[0;0m INFO 09-25 05:27:42 [stats.py:811] | e2e_stage_0_wall_time_ms    | 16,393.817 |
[0;36m(APIServer pid=214609)[0;0m INFO 09-25 05:27:42 [stats.py:811] | e2e_stage_1_wall_time_ms    | 16,524.739 |
[0;36m(APIServer pid=214609)[0;0m INFO 09-25 05:27:42 [stats.py:811] +-----------------------------+------------+
[0;36m(APIServer pid=214609)[0;0m INFO 09-25 05:27:42 [stats.py:837] 
[0;36m(APIServer pid=214609)[0;0m INFO 09-25 05:27:42 [stats.py:837] [RequestE2EStats [request_id=speech-8bf03f72640fa7e2-8712bc3e]]
[0;36m(APIServer pid=214609)[0;0m INFO 09-25 05:27:42 [stats.py:837] +------------------+------------+
[0;36m(APIServer pid=214609)[0;0m INFO 09-25 05:27:42 [stats.py:837] | Field            |      Value |
[0;36m(APIServer pid=214609)[0;0m INFO 09-25 05:27:42 [stats.py:837] +------------------+------------+
[0;36m(APIServer pid=214609)[0;0m INFO 09-25 05:27:42 [stats.py:837] | e2e_total_ms     | 16,524.916 |
[0;36m(APIServer pid=214609)[0;0m INFO 09-25 05:27:42 [stats.py:837] | e2e_total_tokens |        747 |
[0;36m(APIServer pid=214609)[0;0m INFO 09-25 05:27:42 [stats.py:837] +------------------+------------+
[0;36m(APIServer pid=214609)[0;0m INFO 09-25 05:27:42 [stats.py:878] [OmniTiming] req=speech-8bf03f72640fa7e2-8712bc3e total=16.52s preprocess=0.00s engine=16.52s stages=[0:16.39s,1:16.52s] transfers=[0->1=0.00ms]
[0;36m(APIServer pid=214609)[0;0m INFO 09-25 05:27:42 [stats.py:920] 
[0;36m(APIServer pid=214609)[0;0m INFO 09-25 05:27:42 [stats.py:920] [StageRequestStats [request_id=speech-8bf03f72640fa7e2-8712bc3e]]
[0;36m(APIServer pid=214609)[0;0m INFO 09-25 05:27:42 [stats.py:920] +---------------------------------+----------------+------------------+
[0;36m(APIServer pid=214609)[0;0m INFO 09-25 05:27:42 [stats.py:920] | Field                           |              0 |                1 |
[0;36m(APIServer pid=214609)[0;0m INFO 09-25 05:27:42 [stats.py:920] +---------------------------------+----------------+------------------+
[0;36m(APIServer pid=214609)[0;0m INFO 09-25 05:27:42 [stats.py:920] | audio_duration_s                |          0.000 |           30.880 |
[0;36m(APIServer pid=214609)[0;0m INFO 09-25 05:27:42 [stats.py:920] | audio_generated_frames          |              0 |          741,120 |
[0;36m(APIServer pid=214609)[0;0m INFO 09-25 05:27:42 [stats.py:920] | audio_sample_rate               |              0 |           24,000 |
[0;36m(APIServer pid=214609)[0;0m INFO 09-25 05:27:42 [stats.py:920] | batch_id                        |          2,494 |            2,575 |
[0;36m(APIServer pid=214609)[0;0m INFO 09-25 05:27:42 [stats.py:920] | batch_size                      |              1 |                1 |
[0;36m(APIServer pid=214609)[0;0m INFO 09-25 05:27:42 [stats.py:920] | inter_output_latencies_ms       |                |                  |
[0;36m(APIServer pid=214609)[0;0m INFO 09-25 05:27:42 [stats.py:920] | num_tokens_in                   |            360 |                0 |
[0;36m(APIServer pid=214609)[0;0m INFO 09-25 05:27:42 [stats.py:920] | num_tokens_out                  |            387 |                0 |
[0;36m(APIServer pid=214609)[0;0m INFO 09-25 05:27:42 [stats.py:920] | output_unit_count               |            387 |          741,120 |
[0;36m(APIServer pid=214609)[0;0m INFO 09-25 05:27:42 [stats.py:920] | output_unit_type                |         stream |            audio |
[0;36m(APIServer pid=214609)[0;0m INFO 09-25 05:27:42 [stats.py:920] | serving_time_to_first_output_ms |     16,393.489 |       16,524.738 |
[0;36m(APIServer pid=214609)[0;0m INFO 09-25 05:27:42 [stats.py:920] | stage_gen_time_ms               |     16,393.339 |       16,524.525 |
[0;36m(APIServer pid=214609)[0;0m INFO 09-25 05:27:42 [stats.py:920] | time_per_output_unit_ms         |          0.000 |            0.000 |
[0;36m(APIServer pid=214609)[0;0m INFO 09-25 05:27:42 [stats.py:920] | vllm_itl_ms                     |         42.192 |        1,016.353 |
[0;36m(APIServer pid=214609)[0;0m INFO 09-25 05:27:42 [stats.py:920] | vllm_itls_ms                    | 42.192 (n=386) | 1,016.353 (n=16) |
[0;36m(APIServer pid=214609)[0;0m INFO 09-25 05:27:42 [stats.py:920] | vllm_tpot_ms                    |         42.192 |            0.000 |
[0;36m(APIServer pid=214609)[0;0m INFO 09-25 05:27:42 [stats.py:920] | vllm_ttft_ms                    |        108.443 |          261.519 |
[0;36m(APIServer pid=214609)[0;0m INFO 09-25 05:27:42 [stats.py:920] +---------------------------------+----------------+------------------+
[0;36m(APIServer pid=214609)[0;0m INFO 09-25 05:27:42 [serving_speech.py:3646] [SpeechE2E] request_id=speech-8bf03f72640fa7e2 stream=false status=ok total_ms=16534.40 response_bytes=1482284
[0;36m(APIServer pid=214609)[0;0m INFO:     127.0.0.1:35052 - "POST /v1/audio/speech HTTP/1.1" 200 OK
[0;36m(APIServer pid=214609)[0;0m INFO 09-25 05:27:42 [serving_speech.py:3070] TTS speech request speech-96733bb5fd021c51: model=Base
[0;36m(APIServer pid=214609)[0;0m INFO 09-25 05:27:42 [serving_speech.py:3100] Applied extra_params: {'temperature': 0.9, 'top_k': 50}
[0;36m(APIServer pid=214609)[0;0m INFO 09-25 05:27:42 [stats.py:811] 
[0;36m(APIServer pid=214609)[0;0m INFO 09-25 05:27:42 [stats.py:811] [Overall Summary]
[0;36m(APIServer pid=214609)[0;0m INFO 09-25 05:27:42 [stats.py:811] +-----------------------------+------------+
[0;36m(APIServer pid=214609)[0;0m INFO 09-25 05:27:42 [stats.py:811] | Field                       |      Value |
[0;36m(APIServer pid=214609)[0;0m INFO 09-25 05:27:42 [stats.py:811] +-----------------------------+------------+
[0;36m(APIServer pid=214609)[0;0m INFO 09-25 05:27:42 [stats.py:811] | e2e_requests                |          1 |
[0;36m(APIServer pid=214609)[0;0m INFO 09-25 05:27:42 [stats.py:811] | e2e_wall_time_ms            | 13,797.171 |
[0;36m(APIServer pid=214609)[0;0m INFO 09-25 05:27:42 [stats.py:811] | e2e_total_tokens            |        691 |
[0;36m(APIServer pid=214609)[0;0m INFO 09-25 05:27:42 [stats.py:811] | e2e_avg_time_per_request_ms | 13,797.171 |
[0;36m(APIServer pid=214609)[0;0m INFO 09-25 05:27:42 [stats.py:811] | e2e_avg_tokens_per_s        |     50.083 |
[0;36m(APIServer pid=214609)[0;0m INFO 09-25 05:27:42 [stats.py:811] | input_preprocess_time_ms    |      0.055 |
[0;36m(APIServer pid=214609)[0;0m INFO 09-25 05:27:42 [stats.py:811] | e2e_stage_0_wall_time_ms    | 13,759.464 |
[0;36m(APIServer pid=214609)[0;0m INFO 09-25 05:27:42 [stats.py:811] | e2e_stage_1_wall_time_ms    | 13,796.872 |
[0;36m(APIServer pid=214609)[0;0m INFO 09-25 05:27:42 [stats.py:811] +-----------------------------+------------+
[0;36m(APIServer pid=214609)[0;0m INFO 09-25 05:27:42 [stats.py:837] 
[0;36m(APIServer pid=214609)[0;0m INFO 09-25 05:27:42 [stats.py:837] [RequestE2EStats [request_id=speech-810b3b8fe40507be-a5d92676]]
[0;36m(APIServer pid=214609)[0;0m INFO 09-25 05:27:42 [stats.py:837] +------------------+------------+
[0;36m(APIServer pid=214609)[0;0m INFO 09-25 05:27:42 [stats.py:837] | Field            |      Value |
[0;36m(APIServer pid=214609)[0;0m INFO 09-25 05:27:42 [stats.py:837] +------------------+------------+
[0;36m(APIServer pid=214609)[0;0m INFO 09-25 05:27:42 [stats.py:837] | e2e_total_ms     | 13,797.046 |
[0;36m(APIServer pid=214609)[0;0m INFO 09-25 05:27:42 [stats.py:837] | e2e_total_tokens |        691 |
[0;36m(APIServer pid=214609)[0;0m INFO 09-25 05:27:42 [stats.py:837] +------------------+------------+
[0;36m(APIServer pid=214609)[0;0m INFO 09-25 05:27:42 [stats.py:878] [OmniTiming] req=speech-810b3b8fe40507be-a5d92676 total=13.80s preprocess=0.00s engine=13.80s stages=[0:13.76s,1:13.80s] transfers=[0->1=0.00ms]
[0;36m(APIServer pid=214609)[0;0m INFO 09-25 05:27:42 [stats.py:920] 
[0;36m(APIServer pid=214609)[0;0m INFO 09-25 05:27:42 [stats.py:920] [StageRequestStats [request_id=speech-810b3b8fe40507be-a5d92676]]
[0;36m(APIServer pid=214609)[0;0m INFO 09-25 05:27:42 [stats.py:920] +---------------------------------+----------------+----------------+
[0;36m(APIServer pid=214609)[0;0m INFO 09-25 05:27:42 [stats.py:920] | Field                           |              0 |              1 |
[0;36m(APIServer pid=214609)[0;0m INFO 09-25 05:27:42 [stats.py:920] +---------------------------------+----------------+----------------+
[0;36m(APIServer pid=214609)[0;0m INFO 09-25 05:27:42 [stats.py:920] | audio_duration_s                |          0.000 |         26.400 |
[0;36m(APIServer pid=214609)[0;0m INFO 09-25 05:27:42 [stats.py:920] | audio_generated_frames          |              0 |        633,600 |
[0;36m(APIServer pid=214609)[0;0m INFO 09-25 05:27:42 [stats.py:920] | audio_sample_rate               |              0 |         24,000 |
[0;36m(APIServer pid=214609)[0;0m INFO 09-25 05:27:42 [stats.py:920] | batch_id                        |          2,495 |          2,576 |
[0;36m(APIServer pid=214609)[0;0m INFO 09-25 05:27:42 [stats.py:920] | batch_size                      |              1 |              1 |
[0;36m(APIServer pid=214609)[0;0m INFO 09-25 05:27:42 [stats.py:920] | inter_output_latencies_ms       |                |                |
[0;36m(APIServer pid=214609)[0;0m INFO 09-25 05:27:42 [stats.py:920] | num_tokens_in                   |            360 |              0 |
[0;36m(APIServer pid=214609)[0;0m INFO 09-25 05:27:42 [stats.py:920] | num_tokens_out                  |            331 |              0 |
[0;36m(APIServer pid=214609)[0;0m INFO 09-25 05:27:42 [stats.py:920] | output_unit_count               |            331 |        633,600 |
[0;36m(APIServer pid=214609)[0;0m INFO 09-25 05:27:42 [stats.py:920] | output_unit_type                |         stream |          audio |
[0;36m(APIServer pid=214609)[0;0m INFO 09-25 05:27:42 [stats.py:920] | serving_time_to_first_output_ms |     13,759.392 |     13,796.438 |
[0;36m(APIServer pid=214609)[0;0m INFO 09-25 05:27:42 [stats.py:920] | stage_gen_time_ms               |     13,759.239 |     13,796.262 |
[0;36m(APIServer pid=214609)[0;0m INFO 09-25 05:27:42 [stats.py:920] | time_per_output_unit_ms         |          0.000 |          0.000 |
[0;36m(APIServer pid=214609)[0;0m INFO 09-25 05:27:42 [stats.py:920] | vllm_itl_ms                     |         41.359 |        964.340 |
[0;36m(APIServer pid=214609)[0;0m INFO 09-25 05:27:42 [stats.py:920] | vllm_itls_ms                    | 41.359 (n=330) | 964.340 (n=14) |
[0;36m(APIServer pid=214609)[0;0m INFO 09-25 05:27:42 [stats.py:920] | vllm_tpot_ms                    |         41.359 |          0.000 |
[0;36m(APIServer pid=214609)[0;0m INFO 09-25 05:27:42 [stats.py:920] | vllm_ttft_ms                    |        109.264 |        296.046 |
[0;36m(APIServer pid=214609)[0;0m INFO 09-25 05:27:42 [stats.py:920] +---------------------------------+----------------+----------------+
[0;36m(APIServer pid=214609)[0;0m INFO 09-25 05:27:42 [serving_speech.py:3646] [SpeechE2E] request_id=speech-810b3b8fe40507be stream=false status=ok total_ms=13807.06 response_bytes=1267244
[0;36m(APIServer pid=214609)[0;0m INFO:     127.0.0.1:35162 - "POST /v1/audio/speech HTTP/1.1" 200 OK
[0;36m(APIServer pid=214609)[0;0m INFO 09-25 05:27:43 [serving_speech.py:3070] TTS speech request speech-b53fa14a5614e860: model=Base
[0;36m(APIServer pid=214609)[0;0m INFO 09-25 05:27:43 [serving_speech.py:3100] Applied extra_params: {'temperature': 0.9, 'top_k': 50}
[0;36m(APIServer pid=214609)[0;0m INFO 09-25 05:27:43 [stats.py:811] 
[0;36m(APIServer pid=214609)[0;0m INFO 09-25 05:27:43 [stats.py:811] [Overall Summary]
[0;36m(APIServer pid=214609)[0;0m INFO 09-25 05:27:43 [stats.py:811] +-----------------------------+------------+
[0;36m(APIServer pid=214609)[0;0m INFO 09-25 05:27:43 [stats.py:811] | Field                       |      Value |
[0;36m(APIServer pid=214609)[0;0m INFO 09-25 05:27:43 [stats.py:811] +-----------------------------+------------+
[0;36m(APIServer pid=214609)[0;0m INFO 09-25 05:27:43 [stats.py:811] | e2e_requests                |          1 |
[0;36m(APIServer pid=214609)[0;0m INFO 09-25 05:27:43 [stats.py:811] | e2e_wall_time_ms            | 18,455.086 |
[0;36m(APIServer pid=214609)[0;0m INFO 09-25 05:27:43 [stats.py:811] | e2e_total_tokens            |        793 |
[0;36m(APIServer pid=214609)[0;0m INFO 09-25 05:27:43 [stats.py:811] | e2e_avg_time_per_request_ms | 18,455.086 |
[0;36m(APIServer pid=214609)[0;0m INFO 09-25 05:27:43 [stats.py:811] | e2e_avg_tokens_per_s        |     42.969 |
[0;36m(APIServer pid=214609)[0;0m INFO 09-25 05:27:43 [stats.py:811] | input_preprocess_time_ms    |      0.083 |
[0;36m(APIServer pid=214609)[0;0m INFO 09-25 05:27:43 [stats.py:811] | e2e_stage_0_wall_time_ms    | 18,419.772 |
[0;36m(APIServer pid=214609)[0;0m INFO 09-25 05:27:43 [stats.py:811] | e2e_stage_1_wall_time_ms    | 18,454.666 |
[0;36m(APIServer pid=214609)[0;0m INFO 09-25 05:27:43 [stats.py:811] +-----------------------------+------------+
[0;36m(APIServer pid=214609)[0;0m INFO 09-25 05:27:43 [stats.py:837] 
[0;36m(APIServer pid=214609)[0;0m INFO 09-25 05:27:43 [stats.py:837] [RequestE2EStats [request_id=speech-a363cec95fb3d695-be280f38]]
[0;36m(APIServer pid=214609)[0;0m INFO 09-25 05:27:43 [stats.py:837] +------------------+------------+
[0;36m(APIServer pid=214609)[0;0m INFO 09-25 05:27:43 [stats.py:837] | Field            |      Value |
[0;36m(APIServer pid=214609)[0;0m INFO 09-25 05:27:43 [stats.py:837] +------------------+------------+
[0;36m(APIServer pid=214609)[0;0m INFO 09-25 05:27:43 [stats.py:837] | e2e_total_ms     | 18,454.804 |
[0;36m(APIServer pid=214609)[0;0m INFO 09-25 05:27:43 [stats.py:837] | e2e_total_tokens |        793 |
[0;36m(APIServer pid=214609)[0;0m INFO 09-25 05:27:43 [stats.py:837] +------------------+------------+
[0;36m(APIServer pid=214609)[0;0m INFO 09-25 05:27:43 [stats.py:878] [OmniTiming] req=speech-a363cec95fb3d695-be280f38 total=18.45s preprocess=0.00s engine=18.45s stages=[0:18.42s,1:18.45s] transfers=[0->1=0.00ms]
[0;36m(APIServer pid=214609)[0;0m INFO 09-25 05:27:43 [stats.py:920] 
[0;36m(APIServer pid=214609)[0;0m INFO 09-25 05:27:43 [stats.py:920] [StageRequestStats [request_id=speech-a363cec95fb3d695-be280f38]]
[0;36m(APIServer pid=214609)[0;0m INFO 09-25 05:27:43 [stats.py:920] +---------------------------------+----------------+------------------+
[0;36m(APIServer pid=214609)[0;0m INFO 09-25 05:27:43 [stats.py:920] | Field                           |              0 |                1 |
[0;36m(APIServer pid=214609)[0;0m INFO 09-25 05:27:43 [stats.py:920] +---------------------------------+----------------+------------------+
[0;36m(APIServer pid=214609)[0;0m INFO 09-25 05:27:43 [stats.py:920] | audio_duration_s                |          0.000 |           34.560 |
[0;36m(APIServer pid=214609)[0;0m INFO 09-25 05:27:43 [stats.py:920] | audio_generated_frames          |              0 |          829,440 |
[0;36m(APIServer pid=214609)[0;0m INFO 09-25 05:27:43 [stats.py:920] | audio_sample_rate               |              0 |           24,000 |
[0;36m(APIServer pid=214609)[0;0m INFO 09-25 05:27:43 [stats.py:920] | batch_id                        |          2,496 |            2,577 |
[0;36m(APIServer pid=214609)[0;0m INFO 09-25 05:27:43 [stats.py:920] | batch_size                      |              1 |                1 |
[0;36m(APIServer pid=214609)[0;0m INFO 09-25 05:27:43 [stats.py:920] | inter_output_latencies_ms       |                |                  |
[0;36m(APIServer pid=214609)[0;0m INFO 09-25 05:27:43 [stats.py:920] | num_tokens_in                   |            360 |                0 |
[0;36m(APIServer pid=214609)[0;0m INFO 09-25 05:27:43 [stats.py:920] | num_tokens_out                  |            433 |                0 |
[0;36m(APIServer pid=214609)[0;0m INFO 09-25 05:27:43 [stats.py:920] | output_unit_count               |            433 |          829,440 |
[0;36m(APIServer pid=214609)[0;0m INFO 09-25 05:27:43 [stats.py:920] | output_unit_type                |         stream |            audio |
[0;36m(APIServer pid=214609)[0;0m INFO 09-25 05:27:43 [stats.py:920] | serving_time_to_first_output_ms |     18,419.270 |       18,454.802 |
[0;36m(APIServer pid=214609)[0;0m INFO 09-25 05:27:43 [stats.py:920] | stage_gen_time_ms               |     18,419.009 |       18,454.496 |
[0;36m(APIServer pid=214609)[0;0m INFO 09-25 05:27:43 [stats.py:920] | time_per_output_unit_ms         |          0.000 |            0.000 |
[0;36m(APIServer pid=214609)[0;0m INFO 09-25 05:27:43 [stats.py:920] | vllm_itl_ms                     |         42.428 |        1,015.092 |
[0;36m(APIServer pid=214609)[0;0m INFO 09-25 05:27:43 [stats.py:920] | vllm_itls_ms                    | 42.428 (n=432) | 1,015.092 (n=18) |
[0;36m(APIServer pid=214609)[0;0m INFO 09-25 05:27:43 [stats.py:920] | vllm_tpot_ms                    |         42.428 |            0.000 |
[0;36m(APIServer pid=214609)[0;0m INFO 09-25 05:27:43 [stats.py:920] | vllm_ttft_ms                    |         89.405 |          182.752 |
[0;36m(APIServer pid=214609)[0;0m INFO 09-25 05:27:43 [stats.py:920] +---------------------------------+----------------+------------------+
[0;36m(APIServer pid=214609)[0;0m INFO 09-25 05:27:43 [serving_speech.py:3646] [SpeechE2E] request_id=speech-a363cec95fb3d695 stream=false status=ok total_ms=18469.40 response_bytes=1658924
[0;36m(APIServer pid=214609)[0;0m INFO:     127.0.0.1:35140 - "POST /v1/audio/speech HTTP/1.1" 200 OK
[0;36m(APIServer pid=214609)[0;0m INFO 09-25 05:27:43 [serving_speech.py:3070] TTS speech request speech-a91f083eec75c1c5: model=Base
[0;36m(APIServer pid=214609)[0;0m INFO 09-25 05:27:43 [serving_speech.py:3100] Applied extra_params: {'temperature': 0.9, 'top_k': 50}
[0;36m(APIServer pid=214609)[0;0m INFO 09-25 05:27:43 [stats.py:811] 
[0;36m(APIServer pid=214609)[0;0m INFO 09-25 05:27:43 [stats.py:811] [Overall Summary]
[0;36m(APIServer pid=214609)[0;0m INFO 09-25 05:27:43 [stats.py:811] +-----------------------------+------------+
[0;36m(APIServer pid=214609)[0;0m INFO 09-25 05:27:43 [stats.py:811] | Field                       |      Value |
[0;36m(APIServer pid=214609)[0;0m INFO 09-25 05:27:43 [stats.py:811] +-----------------------------+------------+
[0;36m(APIServer pid=214609)[0;0m INFO 09-25 05:27:43 [stats.py:811] | e2e_requests                |          1 |
[0;36m(APIServer pid=214609)[0;0m INFO 09-25 05:27:43 [stats.py:811] | e2e_wall_time_ms            | 16,856.792 |
[0;36m(APIServer pid=214609)[0;0m INFO 09-25 05:27:43 [stats.py:811] | e2e_total_tokens            |        758 |
[0;36m(APIServer pid=214609)[0;0m INFO 09-25 05:27:43 [stats.py:811] | e2e_avg_time_per_request_ms | 16,856.792 |
[0;36m(APIServer pid=214609)[0;0m INFO 09-25 05:27:43 [stats.py:811] | e2e_avg_tokens_per_s        |     44.967 |
[0;36m(APIServer pid=214609)[0;0m INFO 09-25 05:27:43 [stats.py:811] | input_preprocess_time_ms    |      0.055 |
[0;36m(APIServer pid=214609)[0;0m INFO 09-25 05:27:43 [stats.py:811] | e2e_stage_0_wall_time_ms    | 16,815.032 |
[0;36m(APIServer pid=214609)[0;0m INFO 09-25 05:27:43 [stats.py:811] | e2e_stage_1_wall_time_ms    | 16,855.023 |
[0;36m(APIServer pid=214609)[0;0m INFO 09-25 05:27:43 [stats.py:811] +-----------------------------+------------+
[0;36m(APIServer pid=214609)[0;0m INFO 09-25 05:27:43 [stats.py:837] 
[0;36m(APIServer pid=214609)[0;0m INFO 09-25 05:27:43 [stats.py:837] [RequestE2EStats [request_id=speech-8149bfd0c5185ac0-90ed4591]]
[0;36m(APIServer pid=214609)[0;0m INFO 09-25 05:27:43 [stats.py:837] +------------------+------------+
[0;36m(APIServer pid=214609)[0;0m INFO 09-25 05:27:43 [stats.py:837] | Field            |      Value |
[0;36m(APIServer pid=214609)[0;0m INFO 09-25 05:27:43 [stats.py:837] +------------------+------------+
[0;36m(APIServer pid=214609)[0;0m INFO 09-25 05:27:43 [stats.py:837] | e2e_total_ms     | 16,856.666 |
[0;36m(APIServer pid=214609)[0;0m INFO 09-25 05:27:43 [stats.py:837] | e2e_total_tokens |        758 |
[0;36m(APIServer pid=214609)[0;0m INFO 09-25 05:27:43 [stats.py:837] +------------------+------------+
[0;36m(APIServer pid=214609)[0;0m INFO 09-25 05:27:43 [stats.py:878] [OmniTiming] req=speech-8149bfd0c5185ac0-90ed4591 total=16.86s preprocess=0.00s engine=16.86s stages=[0:16.81s,1:16.85s] transfers=[0->1=0.00ms]
[0;36m(APIServer pid=214609)[0;0m INFO 09-25 05:27:43 [stats.py:920] 
[0;36m(APIServer pid=214609)[0;0m INFO 09-25 05:27:43 [stats.py:920] [StageRequestStats [request_id=speech-8149bfd0c5185ac0-90ed4591]]
[0;36m(APIServer pid=214609)[0;0m INFO 09-25 05:27:43 [stats.py:920] +---------------------------------+----------------+------------------+
[0;36m(APIServer pid=214609)[0;0m INFO 09-25 05:27:43 [stats.py:920] | Field                           |              0 |                1 |
[0;36m(APIServer pid=214609)[0;0m INFO 09-25 05:27:43 [stats.py:920] +---------------------------------+----------------+------------------+
[0;36m(APIServer pid=214609)[0;0m INFO 09-25 05:27:43 [stats.py:920] | audio_duration_s                |          0.000 |           31.760 |
[0;36m(APIServer pid=214609)[0;0m INFO 09-25 05:27:43 [stats.py:920] | audio_generated_frames          |              0 |          762,240 |
[0;36m(APIServer pid=214609)[0;0m INFO 09-25 05:27:43 [stats.py:920] | audio_sample_rate               |              0 |           24,000 |
[0;36m(APIServer pid=214609)[0;0m INFO 09-25 05:27:43 [stats.py:920] | batch_id                        |          2,497 |            2,578 |
[0;36m(APIServer pid=214609)[0;0m INFO 09-25 05:27:43 [stats.py:920] | batch_size                      |              1 |                1 |
[0;36m(APIServer pid=214609)[0;0m INFO 09-25 05:27:43 [stats.py:920] | inter_output_latencies_ms       |                |                  |
[0;36m(APIServer pid=214609)[0;0m INFO 09-25 05:27:43 [stats.py:920] | num_tokens_in                   |            360 |                0 |
[0;36m(APIServer pid=214609)[0;0m INFO 09-25 05:27:43 [stats.py:920] | num_tokens_out                  |            398 |                0 |
[0;36m(APIServer pid=214609)[0;0m INFO 09-25 05:27:43 [stats.py:920] | output_unit_count               |            398 |          762,240 |
[0;36m(APIServer pid=214609)[0;0m INFO 09-25 05:27:43 [stats.py:920] | output_unit_type                |         stream |            audio |
[0;36m(APIServer pid=214609)[0;0m INFO 09-25 05:27:43 [stats.py:920] | serving_time_to_first_output_ms |     16,814.388 |       16,855.821 |
[0;36m(APIServer pid=214609)[0;0m INFO 09-25 05:27:43 [stats.py:920] | stage_gen_time_ms               |     16,814.207 |       16,854.134 |
[0;36m(APIServer pid=214609)[0;0m INFO 09-25 05:27:43 [stats.py:920] | time_per_output_unit_ms         |          0.000 |            0.000 |
[0;36m(APIServer pid=214609)[0;0m INFO 09-25 05:27:43 [stats.py:920] | vllm_itl_ms                     |         42.036 |        1,028.212 |
[0;36m(APIServer pid=214609)[0;0m INFO 09-25 05:27:43 [stats.py:920] | vllm_itls_ms                    | 42.036 (n=397) | 1,028.212 (n=16) |
[0;36m(APIServer pid=214609)[0;0m INFO 09-25 05:27:43 [stats.py:920] | vllm_tpot_ms                    |         42.036 |            0.000 |
[0;36m(APIServer pid=214609)[0;0m INFO 09-25 05:27:43 [stats.py:920] | vllm_ttft_ms                    |        127.002 |          403.754 |
[0;36m(APIServer pid=214609)[0;0m INFO 09-25 05:27:43 [stats.py:920] +---------------------------------+----------------+------------------+
[0;36m(APIServer pid=214609)[0;0m INFO 09-25 05:27:43 [serving_speech.py:3646] [SpeechE2E] request_id=speech-8149bfd0c5185ac0 stream=false status=ok total_ms=16868.59 response_bytes=1524524
[0;36m(APIServer pid=214609)[0;0m INFO:     127.0.0.1:35070 - "POST /v1/audio/speech HTTP/1.1" 200 OK
[0;36m(APIServer pid=214609)[0;0m INFO 09-25 05:27:43 [serving_speech.py:3070] TTS speech request speech-98abeaf6db120778: model=Base
[0;36m(APIServer pid=214609)[0;0m INFO 09-25 05:27:43 [serving_speech.py:3100] Applied extra_params: {'temperature': 0.9, 'top_k': 50}
[0;36m(APIServer pid=214609)[0;0m INFO 09-25 05:27:44 [stats.py:811] 
[0;36m(APIServer pid=214609)[0;0m INFO 09-25 05:27:44 [stats.py:811] [Overall Summary]
[0;36m(APIServer pid=214609)[0;0m INFO 09-25 05:27:44 [stats.py:811] +-----------------------------+------------+
[0;36m(APIServer pid=214609)[0;0m INFO 09-25 05:27:44 [stats.py:811] | Field                       |      Value |
[0;36m(APIServer pid=214609)[0;0m INFO 09-25 05:27:44 [stats.py:811] +-----------------------------+------------+
[0;36m(APIServer pid=214609)[0;0m INFO 09-25 05:27:44 [stats.py:811] | e2e_requests                |          1 |
[0;36m(APIServer pid=214609)[0;0m INFO 09-25 05:27:44 [stats.py:811] | e2e_wall_time_ms            | 17,841.762 |
[0;36m(APIServer pid=214609)[0;0m INFO 09-25 05:27:44 [stats.py:811] | e2e_total_tokens            |        774 |
[0;36m(APIServer pid=214609)[0;0m INFO 09-25 05:27:44 [stats.py:811] | e2e_avg_time_per_request_ms | 17,841.762 |
[0;36m(APIServer pid=214609)[0;0m INFO 09-25 05:27:44 [stats.py:811] | e2e_avg_tokens_per_s        |     43.381 |
[0;36m(APIServer pid=214609)[0;0m INFO 09-25 05:27:44 [stats.py:811] | input_preprocess_time_ms    |      0.054 |
[0;36m(APIServer pid=214609)[0;0m INFO 09-25 05:27:44 [stats.py:811] | e2e_stage_0_wall_time_ms    | 17,686.573 |
[0;36m(APIServer pid=214609)[0;0m INFO 09-25 05:27:44 [stats.py:811] | e2e_stage_1_wall_time_ms    | 17,841.471 |
[0;36m(APIServer pid=214609)[0;0m INFO 09-25 05:27:44 [stats.py:811] +-----------------------------+------------+
[0;36m(APIServer pid=214609)[0;0m INFO 09-25 05:27:44 [stats.py:837] 
[0;36m(APIServer pid=214609)[0;0m INFO 09-25 05:27:44 [stats.py:837] [RequestE2EStats [request_id=speech-9fff8adb3665bfac-96cc7107]]
[0;36m(APIServer pid=214609)[0;0m INFO 09-25 05:27:44 [stats.py:837] +------------------+------------+
[0;36m(APIServer pid=214609)[0;0m INFO 09-25 05:27:44 [stats.py:837] | Field            |      Value |
[0;36m(APIServer pid=214609)[0;0m INFO 09-25 05:27:44 [stats.py:837] +------------------+------------+
[0;36m(APIServer pid=214609)[0;0m INFO 09-25 05:27:44 [stats.py:837] | e2e_total_ms     | 17,841.642 |
[0;36m(APIServer pid=214609)[0;0m INFO 09-25 05:27:44 [stats.py:837] | e2e_total_tokens |        774 |
[0;36m(APIServer pid=214609)[0;0m INFO 09-25 05:27:44 [stats.py:837] +------------------+------------+
[0;36m(APIServer pid=214609)[0;0m INFO 09-25 05:27:44 [stats.py:878] [OmniTiming] req=speech-9fff8adb3665bfac-96cc7107 total=17.84s preprocess=0.00s engine=17.84s stages=[0:17.69s,1:17.84s] transfers=[0->1=0.00ms]
[0;36m(APIServer pid=214609)[0;0m INFO 09-25 05:27:44 [stats.py:920] 
[0;36m(APIServer pid=214609)[0;0m INFO 09-25 05:27:44 [stats.py:920] [StageRequestStats [request_id=speech-9fff8adb3665bfac-96cc7107]]
[0;36m(APIServer pid=214609)[0;0m INFO 09-25 05:27:44 [stats.py:920] +---------------------------------+----------------+------------------+
[0;36m(APIServer pid=214609)[0;0m INFO 09-25 05:27:44 [stats.py:920] | Field                           |              0 |                1 |
[0;36m(APIServer pid=214609)[0;0m INFO 09-25 05:27:44 [stats.py:920] +---------------------------------+----------------+------------------+
[0;36m(APIServer pid=214609)[0;0m INFO 09-25 05:27:44 [stats.py:920] | audio_duration_s                |          0.000 |           33.040 |
[0;36m(APIServer pid=214609)[0;0m INFO 09-25 05:27:44 [stats.py:920] | audio_generated_frames          |              0 |          792,960 |
[0;36m(APIServer pid=214609)[0;0m INFO 09-25 05:27:44 [stats.py:920] | audio_sample_rate               |              0 |           24,000 |
[0;36m(APIServer pid=214609)[0;0m INFO 09-25 05:27:44 [stats.py:920] | batch_id                        |          2,498 |            2,579 |
[0;36m(APIServer pid=214609)[0;0m INFO 09-25 05:27:44 [stats.py:920] | batch_size                      |              1 |                1 |
[0;36m(APIServer pid=214609)[0;0m INFO 09-25 05:27:44 [stats.py:920] | inter_output_latencies_ms       |                |                  |
[0;36m(APIServer pid=214609)[0;0m INFO 09-25 05:27:44 [stats.py:920] | num_tokens_in                   |            360 |                0 |
[0;36m(APIServer pid=214609)[0;0m INFO 09-25 05:27:44 [stats.py:920] | num_tokens_out                  |            414 |                0 |
[0;36m(APIServer pid=214609)[0;0m INFO 09-25 05:27:44 [stats.py:920] | output_unit_count               |            414 |          792,960 |
[0;36m(APIServer pid=214609)[0;0m INFO 09-25 05:27:44 [stats.py:920] | output_unit_type                |         stream |            audio |
[0;36m(APIServer pid=214609)[0;0m INFO 09-25 05:27:44 [stats.py:920] | serving_time_to_first_output_ms |     17,686.230 |       17,841.475 |
[0;36m(APIServer pid=214609)[0;0m INFO 09-25 05:27:44 [stats.py:920] | stage_gen_time_ms               |     17,686.086 |       17,841.303 |
[0;36m(APIServer pid=214609)[0;0m INFO 09-25 05:27:44 [stats.py:920] | time_per_output_unit_ms         |          0.000 |            0.000 |
[0;36m(APIServer pid=214609)[0;0m INFO 09-25 05:27:44 [stats.py:920] | vllm_itl_ms                     |         42.540 |        1,032.161 |
[0;36m(APIServer pid=214609)[0;0m INFO 09-25 05:27:44 [stats.py:920] | vllm_itls_ms                    | 42.540 (n=413) | 1,032.161 (n=17) |
[0;36m(APIServer pid=214609)[0;0m INFO 09-25 05:27:44 [stats.py:920] | vllm_tpot_ms                    |         42.540 |            0.000 |
[0;36m(APIServer pid=214609)[0;0m INFO 09-25 05:27:44 [stats.py:920] | vllm_ttft_ms                    |        115.831 |          295.899 |
[0;36m(APIServer pid=214609)[0;0m INFO 09-25 05:27:44 [stats.py:920] +---------------------------------+----------------+------------------+
[0;36m(APIServer pid=214609)[0;0m INFO 09-25 05:27:44 [serving_speech.py:3646] [SpeechE2E] request_id=speech-9fff8adb3665bfac stream=false status=ok total_ms=17851.69 response_bytes=1585964
[0;36m(APIServer pid=214609)[0;0m INFO:     127.0.0.1:35012 - "POST /v1/audio/speech HTTP/1.1" 200 OK
[0;36m(APIServer pid=214609)[0;0m INFO 09-25 05:27:44 [serving_speech.py:3070] TTS speech request speech-b06c4b4e9de3c931: model=Base
[0;36m(APIServer pid=214609)[0;0m INFO 09-25 05:27:44 [serving_speech.py:3100] Applied extra_params: {'temperature': 0.9, 'top_k': 50}
[0;36m(APIServer pid=214609)[0;0m INFO 09-25 05:27:44 [stats.py:811] 
[0;36m(APIServer pid=214609)[0;0m INFO 09-25 05:27:44 [stats.py:811] [Overall Summary]
[0;36m(APIServer pid=214609)[0;0m INFO 09-25 05:27:44 [stats.py:811] +-----------------------------+------------+
[0;36m(APIServer pid=214609)[0;0m INFO 09-25 05:27:44 [stats.py:811] | Field                       |      Value |
[0;36m(APIServer pid=214609)[0;0m INFO 09-25 05:27:44 [stats.py:811] +-----------------------------+------------+
[0;36m(APIServer pid=214609)[0;0m INFO 09-25 05:27:44 [stats.py:811] | e2e_requests                |          1 |
[0;36m(APIServer pid=214609)[0;0m INFO 09-25 05:27:44 [stats.py:811] | e2e_wall_time_ms            | 16,680.855 |
[0;36m(APIServer pid=214609)[0;0m INFO 09-25 05:27:44 [stats.py:811] | e2e_total_tokens            |        754 |
[0;36m(APIServer pid=214609)[0;0m INFO 09-25 05:27:44 [stats.py:811] | e2e_avg_time_per_request_ms | 16,680.855 |
[0;36m(APIServer pid=214609)[0;0m INFO 09-25 05:27:44 [stats.py:811] | e2e_avg_tokens_per_s        |     45.202 |
[0;36m(APIServer pid=214609)[0;0m INFO 09-25 05:27:44 [stats.py:811] | input_preprocess_time_ms    |      0.056 |
[0;36m(APIServer pid=214609)[0;0m INFO 09-25 05:27:44 [stats.py:811] | e2e_stage_0_wall_time_ms    | 16,544.986 |
[0;36m(APIServer pid=214609)[0;0m INFO 09-25 05:27:44 [stats.py:811] | e2e_stage_1_wall_time_ms    | 16,680.538 |
[0;36m(APIServer pid=214609)[0;0m INFO 09-25 05:27:44 [stats.py:811] +-----------------------------+------------+
[0;36m(APIServer pid=214609)[0;0m INFO 09-25 05:27:44 [stats.py:837] 
[0;36m(APIServer pid=214609)[0;0m INFO 09-25 05:27:44 [stats.py:837] [RequestE2EStats [request_id=speech-8b499c37942bacd0-be1427ca]]
[0;36m(APIServer pid=214609)[0;0m INFO 09-25 05:27:44 [stats.py:837] +------------------+------------+
[0;36m(APIServer pid=214609)[0;0m INFO 09-25 05:27:44 [stats.py:837] | Field            |      Value |
[0;36m(APIServer pid=214609)[0;0m INFO 09-25 05:27:44 [stats.py:837] +------------------+------------+
[0;36m(APIServer pid=214609)[0;0m INFO 09-25 05:27:44 [stats.py:837] | e2e_total_ms     | 16,680.728 |
[0;36m(APIServer pid=214609)[0;0m INFO 09-25 05:27:44 [stats.py:837] | e2e_total_tokens |        754 |
[0;36m(APIServer pid=214609)[0;0m INFO 09-25 05:27:44 [stats.py:837] +------------------+------------+
[0;36m(APIServer pid=214609)[0;0m INFO 09-25 05:27:44 [stats.py:878] [OmniTiming] req=speech-8b499c37942bacd0-be1427ca total=16.68s preprocess=0.00s engine=16.68s stages=[0:16.54s,1:16.68s] transfers=[0->1=0.00ms]
[0;36m(APIServer pid=214609)[0;0m INFO 09-25 05:27:44 [stats.py:920] 
[0;36m(APIServer pid=214609)[0;0m INFO 09-25 05:27:44 [stats.py:920] [StageRequestStats [request_id=speech-8b499c37942bacd0-be1427ca]]
[0;36m(APIServer pid=214609)[0;0m INFO 09-25 05:27:44 [stats.py:920] +---------------------------------+----------------+------------------+
[0;36m(APIServer pid=214609)[0;0m INFO 09-25 05:27:44 [stats.py:920] | Field                           |              0 |                1 |
[0;36m(APIServer pid=214609)[0;0m INFO 09-25 05:27:44 [stats.py:920] +---------------------------------+----------------+------------------+
[0;36m(APIServer pid=214609)[0;0m INFO 09-25 05:27:44 [stats.py:920] | audio_duration_s                |          0.000 |           31.440 |
[0;36m(APIServer pid=214609)[0;0m INFO 09-25 05:27:44 [stats.py:920] | audio_generated_frames          |              0 |          754,560 |
[0;36m(APIServer pid=214609)[0;0m INFO 09-25 05:27:44 [stats.py:920] | audio_sample_rate               |              0 |           24,000 |
[0;36m(APIServer pid=214609)[0;0m INFO 09-25 05:27:44 [stats.py:920] | batch_id                        |          2,499 |            2,580 |
[0;36m(APIServer pid=214609)[0;0m INFO 09-25 05:27:44 [stats.py:920] | batch_size                      |              1 |                1 |
[0;36m(APIServer pid=214609)[0;0m INFO 09-25 05:27:44 [stats.py:920] | inter_output_latencies_ms       |                |                  |
[0;36m(APIServer pid=214609)[0;0m INFO 09-25 05:27:44 [stats.py:920] | num_tokens_in                   |            360 |                0 |
[0;36m(APIServer pid=214609)[0;0m INFO 09-25 05:27:44 [stats.py:920] | num_tokens_out                  |            394 |                0 |
[0;36m(APIServer pid=214609)[0;0m INFO 09-25 05:27:44 [stats.py:920] | output_unit_count               |            394 |          754,560 |
[0;36m(APIServer pid=214609)[0;0m INFO 09-25 05:27:44 [stats.py:920] | output_unit_type                |         stream |            audio |
[0;36m(APIServer pid=214609)[0;0m INFO 09-25 05:27:44 [stats.py:920] | serving_time_to_first_output_ms |     16,544.911 |       16,680.318 |
[0;36m(APIServer pid=214609)[0;0m INFO 09-25 05:27:44 [stats.py:920] | stage_gen_time_ms               |     16,544.748 |       16,680.073 |
[0;36m(APIServer pid=214609)[0;0m INFO 09-25 05:27:44 [stats.py:920] | time_per_output_unit_ms         |          0.000 |            0.000 |
[0;36m(APIServer pid=214609)[0;0m INFO 09-25 05:27:44 [stats.py:920] | vllm_itl_ms                     |         41.740 |        1,023.998 |
[0;36m(APIServer pid=214609)[0;0m INFO 09-25 05:27:44 [stats.py:920] | vllm_itls_ms                    | 41.740 (n=393) | 1,023.998 (n=16) |
[0;36m(APIServer pid=214609)[0;0m INFO 09-25 05:27:44 [stats.py:920] | vllm_tpot_ms                    |         41.740 |            0.000 |
[0;36m(APIServer pid=214609)[0;0m INFO 09-25 05:27:44 [stats.py:920] | vllm_ttft_ms                    |        139.865 |          293.983 |
[0;36m(APIServer pid=214609)[0;0m INFO 09-25 05:27:44 [stats.py:920] +---------------------------------+----------------+------------------+
[0;36m(APIServer pid=214609)[0;0m INFO 09-25 05:27:44 [serving_speech.py:3646] [SpeechE2E] request_id=speech-8b499c37942bacd0 stream=false status=ok total_ms=16690.14 response_bytes=1509164
[0;36m(APIServer pid=214609)[0;0m INFO:     127.0.0.1:35156 - "POST /v1/audio/speech HTTP/1.1" 200 OK
[0;36m(APIServer pid=214609)[0;0m INFO 09-25 05:27:44 [serving_speech.py:3070] TTS speech request speech-bcdc22d75b22be07: model=Base
[0;36m(APIServer pid=214609)[0;0m INFO 09-25 05:27:44 [serving_speech.py:3100] Applied extra_params: {'temperature': 0.9, 'top_k': 50}
[0;36m(APIServer pid=214609)[0;0m INFO 09-25 05:27:44 [stats.py:811] 
[0;36m(APIServer pid=214609)[0;0m INFO 09-25 05:27:44 [stats.py:811] [Overall Summary]
[0;36m(APIServer pid=214609)[0;0m INFO 09-25 05:27:44 [stats.py:811] +-----------------------------+------------+
[0;36m(APIServer pid=214609)[0;0m INFO 09-25 05:27:44 [stats.py:811] | Field                       |      Value |
[0;36m(APIServer pid=214609)[0;0m INFO 09-25 05:27:44 [stats.py:811] +-----------------------------+------------+
[0;36m(APIServer pid=214609)[0;0m INFO 09-25 05:27:44 [stats.py:811] | e2e_requests                |          1 |
[0;36m(APIServer pid=214609)[0;0m INFO 09-25 05:27:44 [stats.py:811] | e2e_wall_time_ms            | 17,526.519 |
[0;36m(APIServer pid=214609)[0;0m INFO 09-25 05:27:44 [stats.py:811] | e2e_total_tokens            |        773 |
[0;36m(APIServer pid=214609)[0;0m INFO 09-25 05:27:44 [stats.py:811] | e2e_avg_time_per_request_ms | 17,526.519 |
[0;36m(APIServer pid=214609)[0;0m INFO 09-25 05:27:44 [stats.py:811] | e2e_avg_tokens_per_s        |     44.105 |
[0;36m(APIServer pid=214609)[0;0m INFO 09-25 05:27:44 [stats.py:811] | input_preprocess_time_ms    |      0.056 |
[0;36m(APIServer pid=214609)[0;0m INFO 09-25 05:27:44 [stats.py:811] | e2e_stage_0_wall_time_ms    | 17,490.049 |
[0;36m(APIServer pid=214609)[0;0m INFO 09-25 05:27:44 [stats.py:811] | e2e_stage_1_wall_time_ms    | 17,526.154 |
[0;36m(APIServer pid=214609)[0;0m INFO 09-25 05:27:44 [stats.py:811] +-----------------------------+------------+
[0;36m(APIServer pid=214609)[0;0m INFO 09-25 05:27:44 [stats.py:837] 
[0;36m(APIServer pid=214609)[0;0m INFO 09-25 05:27:44 [stats.py:837] [RequestE2EStats [request_id=speech-bf3d635ee710dc70-983d3174]]
[0;36m(APIServer pid=214609)[0;0m INFO 09-25 05:27:44 [stats.py:837] +------------------+------------+
[0;36m(APIServer pid=214609)[0;0m INFO 09-25 05:27:44 [stats.py:837] | Field            |      Value |
[0;36m(APIServer pid=214609)[0;0m INFO 09-25 05:27:44 [stats.py:837] +------------------+------------+
[0;36m(APIServer pid=214609)[0;0m INFO 09-25 05:27:44 [stats.py:837] | e2e_total_ms     | 17,526.382 |
[0;36m(APIServer pid=214609)[0;0m INFO 09-25 05:27:44 [stats.py:837] | e2e_total_tokens |        773 |
[0;36m(APIServer pid=214609)[0;0m INFO 09-25 05:27:44 [stats.py:837] +------------------+------------+
[0;36m(APIServer pid=214609)[0;0m INFO 09-25 05:27:44 [stats.py:878] [OmniTiming] req=speech-bf3d635ee710dc70-983d3174 total=17.53s preprocess=0.00s engine=17.53s stages=[0:17.49s,1:17.53s] transfers=[0->1=0.00ms]
[0;36m(APIServer pid=214609)[0;0m INFO 09-25 05:27:44 [stats.py:920] 
[0;36m(APIServer pid=214609)[0;0m INFO 09-25 05:27:44 [stats.py:920] [StageRequestStats [request_id=speech-bf3d635ee710dc70-983d3174]]
[0;36m(APIServer pid=214609)[0;0m INFO 09-25 05:27:44 [stats.py:920] +---------------------------------+----------------+------------------+
[0;36m(APIServer pid=214609)[0;0m INFO 09-25 05:27:44 [stats.py:920] | Field                           |              0 |                1 |
[0;36m(APIServer pid=214609)[0;0m INFO 09-25 05:27:44 [stats.py:920] +---------------------------------+----------------+------------------+
[0;36m(APIServer pid=214609)[0;0m INFO 09-25 05:27:44 [stats.py:920] | audio_duration_s                |          0.000 |           32.960 |
[0;36m(APIServer pid=214609)[0;0m INFO 09-25 05:27:44 [stats.py:920] | audio_generated_frames          |              0 |          791,040 |
[0;36m(APIServer pid=214609)[0;0m INFO 09-25 05:27:44 [stats.py:920] | audio_sample_rate               |              0 |           24,000 |
[0;36m(APIServer pid=214609)[0;0m INFO 09-25 05:27:44 [stats.py:920] | batch_id                        |          2,500 |            2,581 |
[0;36m(APIServer pid=214609)[0;0m INFO 09-25 05:27:44 [stats.py:920] | batch_size                      |              1 |                1 |
[0;36m(APIServer pid=214609)[0;0m INFO 09-25 05:27:44 [stats.py:920] | inter_output_latencies_ms       |                |                  |
[0;36m(APIServer pid=214609)[0;0m INFO 09-25 05:27:44 [stats.py:920] | num_tokens_in                   |            360 |                0 |
[0;36m(APIServer pid=214609)[0;0m INFO 09-25 05:27:44 [stats.py:920] | num_tokens_out                  |            413 |                0 |
[0;36m(APIServer pid=214609)[0;0m INFO 09-25 05:27:44 [stats.py:920] | output_unit_count               |            413 |          791,040 |
[0;36m(APIServer pid=214609)[0;0m INFO 09-25 05:27:44 [stats.py:920] | output_unit_type                |         stream |            audio |
[0;36m(APIServer pid=214609)[0;0m INFO 09-25 05:27:44 [stats.py:920] | serving_time_to_first_output_ms |     17,489.977 |       17,525.897 |
[0;36m(APIServer pid=214609)[0;0m INFO 09-25 05:27:44 [stats.py:920] | stage_gen_time_ms               |     17,489.807 |       17,525.621 |
[0;36m(APIServer pid=214609)[0;0m INFO 09-25 05:27:44 [stats.py:920] | time_per_output_unit_ms         |          0.000 |            0.000 |
[0;36m(APIServer pid=214609)[0;0m INFO 09-25 05:27:44 [stats.py:920] | vllm_itl_ms                     |         42.129 |        1,010.357 |
[0;36m(APIServer pid=214609)[0;0m INFO 09-25 05:27:44 [stats.py:920] | vllm_itls_ms                    | 42.129 (n=412) | 1,010.357 (n=17) |
[0;36m(APIServer pid=214609)[0;0m INFO 09-25 05:27:44 [stats.py:920] | vllm_tpot_ms                    |         42.129 |            0.000 |
[0;36m(APIServer pid=214609)[0;0m INFO 09-25 05:27:44 [stats.py:920] | vllm_ttft_ms                    |        131.742 |          350.265 |
[0;36m(APIServer pid=214609)[0;0m INFO 09-25 05:27:44 [stats.py:920] +---------------------------------+----------------+------------------+
[0;36m(APIServer pid=214609)[0;0m INFO 09-25 05:27:44 [serving_speech.py:3646] [SpeechE2E] request_id=speech-bf3d635ee710dc70 stream=false status=ok total_ms=17538.91 response_bytes=1582124
[0;36m(APIServer pid=214609)[0;0m INFO:     127.0.0.1:35080 - "POST /v1/audio/speech HTTP/1.1" 200 OK
[0;36m(APIServer pid=214609)[0;0m INFO 09-25 05:27:44 [serving_speech.py:3070] TTS speech request speech-b6d8d0349f075c34: model=Base
[0;36m(APIServer pid=214609)[0;0m INFO 09-25 05:27:44 [serving_speech.py:3100] Applied extra_params: {'temperature': 0.9, 'top_k': 50}
[0;36m(APIServer pid=214609)[0;0m INFO 09-25 05:27:45 [stats.py:811] 
[0;36m(APIServer pid=214609)[0;0m INFO 09-25 05:27:45 [stats.py:811] [Overall Summary]
[0;36m(APIServer pid=214609)[0;0m INFO 09-25 05:27:45 [stats.py:811] +-----------------------------+------------+
[0;36m(APIServer pid=214609)[0;0m INFO 09-25 05:27:45 [stats.py:811] | Field                       |      Value |
[0;36m(APIServer pid=214609)[0;0m INFO 09-25 05:27:45 [stats.py:811] +-----------------------------+------------+
[0;36m(APIServer pid=214609)[0;0m INFO 09-25 05:27:45 [stats.py:811] | e2e_requests                |          1 |
[0;36m(APIServer pid=214609)[0;0m INFO 09-25 05:27:45 [stats.py:811] | e2e_wall_time_ms            | 18,336.453 |
[0;36m(APIServer pid=214609)[0;0m INFO 09-25 05:27:45 [stats.py:811] | e2e_total_tokens            |        788 |
[0;36m(APIServer pid=214609)[0;0m INFO 09-25 05:27:45 [stats.py:811] | e2e_avg_time_per_request_ms | 18,336.453 |
[0;36m(APIServer pid=214609)[0;0m INFO 09-25 05:27:45 [stats.py:811] | e2e_avg_tokens_per_s        |     42.975 |
[0;36m(APIServer pid=214609)[0;0m INFO 09-25 05:27:45 [stats.py:811] | input_preprocess_time_ms    |      0.042 |
[0;36m(APIServer pid=214609)[0;0m INFO 09-25 05:27:45 [stats.py:811] | e2e_stage_0_wall_time_ms    | 18,179.628 |
[0;36m(APIServer pid=214609)[0;0m INFO 09-25 05:27:45 [stats.py:811] | e2e_stage_1_wall_time_ms    | 18,336.250 |
[0;36m(APIServer pid=214609)[0;0m INFO 09-25 05:27:45 [stats.py:811] +-----------------------------+------------+
[0;36m(APIServer pid=214609)[0;0m INFO 09-25 05:27:45 [stats.py:837] 
[0;36m(APIServer pid=214609)[0;0m INFO 09-25 05:27:45 [stats.py:837] [RequestE2EStats [request_id=speech-9089f84a06198985-bb976518]]
[0;36m(APIServer pid=214609)[0;0m INFO 09-25 05:27:45 [stats.py:837] +------------------+------------+
[0;36m(APIServer pid=214609)[0;0m INFO 09-25 05:27:45 [stats.py:837] | Field            |      Value |
[0;36m(APIServer pid=214609)[0;0m INFO 09-25 05:27:45 [stats.py:837] +------------------+------------+
[0;36m(APIServer pid=214609)[0;0m INFO 09-25 05:27:45 [stats.py:837] | e2e_total_ms     | 18,336.355 |
[0;36m(APIServer pid=214609)[0;0m INFO 09-25 05:27:45 [stats.py:837] | e2e_total_tokens |        788 |
[0;36m(APIServer pid=214609)[0;0m INFO 09-25 05:27:45 [stats.py:837] +------------------+------------+
[0;36m(APIServer pid=214609)[0;0m INFO 09-25 05:27:45 [stats.py:878] [OmniTiming] req=speech-9089f84a06198985-bb976518 total=18.34s preprocess=0.00s engine=18.34s stages=[0:18.18s,1:18.34s] transfers=[0->1=0.00ms]
[0;36m(APIServer pid=214609)[0;0m INFO 09-25 05:27:45 [stats.py:920] 
[0;36m(APIServer pid=214609)[0;0m INFO 09-25 05:27:45 [stats.py:920] [StageRequestStats [request_id=speech-9089f84a06198985-bb976518]]
[0;36m(APIServer pid=214609)[0;0m INFO 09-25 05:27:45 [stats.py:920] +---------------------------------+----------------+----------------+
[0;36m(APIServer pid=214609)[0;0m INFO 09-25 05:27:45 [stats.py:920] | Field                           |              0 |              1 |
[0;36m(APIServer pid=214609)[0;0m INFO 09-25 05:27:45 [stats.py:920] +---------------------------------+----------------+----------------+
[0;36m(APIServer pid=214609)[0;0m INFO 09-25 05:27:45 [stats.py:920] | audio_duration_s                |          0.000 |         34.160 |
[0;36m(APIServer pid=214609)[0;0m INFO 09-25 05:27:45 [stats.py:920] | audio_generated_frames          |              0 |        819,840 |
[0;36m(APIServer pid=214609)[0;0m INFO 09-25 05:27:45 [stats.py:920] | audio_sample_rate               |              0 |         24,000 |
[0;36m(APIServer pid=214609)[0;0m INFO 09-25 05:27:45 [stats.py:920] | batch_id                        |          2,501 |          2,582 |
[0;36m(APIServer pid=214609)[0;0m INFO 09-25 05:27:45 [stats.py:920] | batch_size                      |              1 |              1 |
[0;36m(APIServer pid=214609)[0;0m INFO 09-25 05:27:45 [stats.py:920] | inter_output_latencies_ms       |                |                |
[0;36m(APIServer pid=214609)[0;0m INFO 09-25 05:27:45 [stats.py:920] | num_tokens_in                   |            360 |              0 |
[0;36m(APIServer pid=214609)[0;0m INFO 09-25 05:27:45 [stats.py:920] | num_tokens_out                  |            428 |              0 |
[0;36m(APIServer pid=214609)[0;0m INFO 09-25 05:27:45 [stats.py:920] | output_unit_count               |            428 |        819,840 |
[0;36m(APIServer pid=214609)[0;0m INFO 09-25 05:27:45 [stats.py:920] | output_unit_type                |         stream |          audio |
[0;36m(APIServer pid=214609)[0;0m INFO 09-25 05:27:45 [stats.py:920] | serving_time_to_first_output_ms |     18,179.581 |     18,335.277 |
[0;36m(APIServer pid=214609)[0;0m INFO 09-25 05:27:45 [stats.py:920] | stage_gen_time_ms               |     18,179.485 |     18,335.194 |
[0;36m(APIServer pid=214609)[0;0m INFO 09-25 05:27:45 [stats.py:920] | time_per_output_unit_ms         |          0.000 |          0.000 |
[0;36m(APIServer pid=214609)[0;0m INFO 09-25 05:27:45 [stats.py:920] | vllm_itl_ms                     |         42.281 |        996.337 |
[0;36m(APIServer pid=214609)[0;0m INFO 09-25 05:27:45 [stats.py:920] | vllm_itls_ms                    | 42.281 (n=427) | 996.337 (n=18) |
[0;36m(APIServer pid=214609)[0;0m INFO 09-25 05:27:45 [stats.py:920] | vllm_tpot_ms                    |         42.281 |          0.000 |
[0;36m(APIServer pid=214609)[0;0m INFO 09-25 05:27:45 [stats.py:920] | vllm_ttft_ms                    |        124.392 |        402.722 |
[0;36m(APIServer pid=214609)[0;0m INFO 09-25 05:27:45 [stats.py:920] +---------------------------------+----------------+----------------+
[0;36m(APIServer pid=214609)[0;0m INFO 09-25 05:27:45 [serving_speech.py:3646] [SpeechE2E] request_id=speech-9089f84a06198985 stream=false status=ok total_ms=18347.95 response_bytes=1639724
[0;36m(APIServer pid=214609)[0;0m INFO:     127.0.0.1:35030 - "POST /v1/audio/speech HTTP/1.1" 200 OK
[0;36m(APIServer pid=214609)[0;0m INFO 09-25 05:27:45 [serving_speech.py:3070] TTS speech request speech-9c8d53609c275ccd: model=Base
[0;36m(APIServer pid=214609)[0;0m INFO 09-25 05:27:45 [serving_speech.py:3100] Applied extra_params: {'temperature': 0.9, 'top_k': 50}
[0;36m(APIServer pid=214609)[0;0m INFO 09-25 05:27:45 [stats.py:811] 
[0;36m(APIServer pid=214609)[0;0m INFO 09-25 05:27:45 [stats.py:811] [Overall Summary]
[0;36m(APIServer pid=214609)[0;0m INFO 09-25 05:27:45 [stats.py:811] +-----------------------------+------------+
[0;36m(APIServer pid=214609)[0;0m INFO 09-25 05:27:45 [stats.py:811] | Field                       |      Value |
[0;36m(APIServer pid=214609)[0;0m INFO 09-25 05:27:45 [stats.py:811] +-----------------------------+------------+
[0;36m(APIServer pid=214609)[0;0m INFO 09-25 05:27:45 [stats.py:811] | e2e_requests                |          1 |
[0;36m(APIServer pid=214609)[0;0m INFO 09-25 05:27:45 [stats.py:811] | e2e_wall_time_ms            | 19,462.550 |
[0;36m(APIServer pid=214609)[0;0m INFO 09-25 05:27:45 [stats.py:811] | e2e_total_tokens            |        811 |
[0;36m(APIServer pid=214609)[0;0m INFO 09-25 05:27:45 [stats.py:811] | e2e_avg_time_per_request_ms | 19,462.550 |
[0;36m(APIServer pid=214609)[0;0m INFO 09-25 05:27:45 [stats.py:811] | e2e_avg_tokens_per_s        |     41.670 |
[0;36m(APIServer pid=214609)[0;0m INFO 09-25 05:27:45 [stats.py:811] | input_preprocess_time_ms    |      0.057 |
[0;36m(APIServer pid=214609)[0;0m INFO 09-25 05:27:45 [stats.py:811] | e2e_stage_0_wall_time_ms    | 19,393.882 |
[0;36m(APIServer pid=214609)[0;0m INFO 09-25 05:27:45 [stats.py:811] | e2e_stage_1_wall_time_ms    | 19,462.261 |
[0;36m(APIServer pid=214609)[0;0m INFO 09-25 05:27:45 [stats.py:811] +-----------------------------+------------+
[0;36m(APIServer pid=214609)[0;0m INFO 09-25 05:27:45 [stats.py:837] 
[0;36m(APIServer pid=214609)[0;0m INFO 09-25 05:27:45 [stats.py:837] [RequestE2EStats [request_id=speech-b9314140ceb905b7-a46840d9]]
[0;36m(APIServer pid=214609)[0;0m INFO 09-25 05:27:45 [stats.py:837] +------------------+------------+
[0;36m(APIServer pid=214609)[0;0m INFO 09-25 05:27:45 [stats.py:837] | Field            |      Value |
[0;36m(APIServer pid=214609)[0;0m INFO 09-25 05:27:45 [stats.py:837] +------------------+------------+
[0;36m(APIServer pid=214609)[0;0m INFO 09-25 05:27:45 [stats.py:837] | e2e_total_ms     | 19,462.426 |
[0;36m(APIServer pid=214609)[0;0m INFO 09-25 05:27:45 [stats.py:837] | e2e_total_tokens |        811 |
[0;36m(APIServer pid=214609)[0;0m INFO 09-25 05:27:45 [stats.py:837] +------------------+------------+
[0;36m(APIServer pid=214609)[0;0m INFO 09-25 05:27:45 [stats.py:878] [OmniTiming] req=speech-b9314140ceb905b7-a46840d9 total=19.46s preprocess=0.00s engine=19.46s stages=[0:19.39s,1:19.46s] transfers=[0->1=0.00ms]
[0;36m(APIServer pid=214609)[0;0m INFO 09-25 05:27:45 [stats.py:920] 
[0;36m(APIServer pid=214609)[0;0m INFO 09-25 05:27:45 [stats.py:920] [StageRequestStats [request_id=speech-b9314140ceb905b7-a46840d9]]
[0;36m(APIServer pid=214609)[0;0m INFO 09-25 05:27:45 [stats.py:920] +---------------------------------+----------------+------------------+
[0;36m(APIServer pid=214609)[0;0m INFO 09-25 05:27:45 [stats.py:920] | Field                           |              0 |                1 |
[0;36m(APIServer pid=214609)[0;0m INFO 09-25 05:27:45 [stats.py:920] +---------------------------------+----------------+------------------+
[0;36m(APIServer pid=214609)[0;0m INFO 09-25 05:27:45 [stats.py:920] | audio_duration_s                |          0.000 |           36.000 |
[0;36m(APIServer pid=214609)[0;0m INFO 09-25 05:27:45 [stats.py:920] | audio_generated_frames          |              0 |          864,000 |
[0;36m(APIServer pid=214609)[0;0m INFO 09-25 05:27:45 [stats.py:920] | audio_sample_rate               |              0 |           24,000 |
[0;36m(APIServer pid=214609)[0;0m INFO 09-25 05:27:45 [stats.py:920] | batch_id                        |          2,502 |            2,583 |
[0;36m(APIServer pid=214609)[0;0m INFO 09-25 05:27:45 [stats.py:920] | batch_size                      |              1 |                1 |
[0;36m(APIServer pid=214609)[0;0m INFO 09-25 05:27:45 [stats.py:920] | inter_output_latencies_ms       |                |                  |
[0;36m(APIServer pid=214609)[0;0m INFO 09-25 05:27:45 [stats.py:920] | num_tokens_in                   |            360 |                0 |
[0;36m(APIServer pid=214609)[0;0m INFO 09-25 05:27:45 [stats.py:920] | num_tokens_out                  |            451 |                0 |
[0;36m(APIServer pid=214609)[0;0m INFO 09-25 05:27:45 [stats.py:920] | output_unit_count               |            451 |          864,000 |
[0;36m(APIServer pid=214609)[0;0m INFO 09-25 05:27:45 [stats.py:920] | output_unit_type                |         stream |            audio |
[0;36m(APIServer pid=214609)[0;0m INFO 09-25 05:27:45 [stats.py:920] | serving_time_to_first_output_ms |     19,393.877 |       19,461.921 |
[0;36m(APIServer pid=214609)[0;0m INFO 09-25 05:27:45 [stats.py:920] | stage_gen_time_ms               |     19,393.725 |       19,461.742 |
[0;36m(APIServer pid=214609)[0;0m INFO 09-25 05:27:45 [stats.py:920] | time_per_output_unit_ms         |          0.000 |            0.000 |
[0;36m(APIServer pid=214609)[0;0m INFO 09-25 05:27:45 [stats.py:920] | vllm_itl_ms                     |         42.588 |        1,055.733 |
[0;36m(APIServer pid=214609)[0;0m INFO 09-25 05:27:45 [stats.py:920] | vllm_itls_ms                    | 42.588 (n=450) | 1,055.733 (n=18) |
[0;36m(APIServer pid=214609)[0;0m INFO 09-25 05:27:45 [stats.py:920] | vllm_tpot_ms                    |         42.588 |            0.000 |
[0;36m(APIServer pid=214609)[0;0m INFO 09-25 05:27:45 [stats.py:920] | vllm_ttft_ms                    |        231.732 |          455.914 |
[0;36m(APIServer pid=214609)[0;0m INFO 09-25 05:27:45 [stats.py:920] +---------------------------------+----------------+------------------+
[0;36m(APIServer pid=214609)[0;0m INFO 09-25 05:27:45 [serving_speech.py:3646] [SpeechE2E] request_id=speech-b9314140ceb905b7 stream=false status=ok total_ms=19473.38 response_bytes=1728044
[0;36m(APIServer pid=214609)[0;0m INFO:     127.0.0.1:35126 - "POST /v1/audio/speech HTTP/1.1" 200 OK
[0;36m(APIServer pid=214609)[0;0m INFO 09-25 05:27:45 [serving_speech.py:3070] TTS speech request speech-94f2079d6089ac46: model=Base
[0;36m(APIServer pid=214609)[0;0m INFO 09-25 05:27:45 [serving_speech.py:3100] Applied extra_params: {'temperature': 0.9, 'top_k': 50}
[0;36m(APIServer pid=214609)[0;0m INFO 09-25 05:27:46 [stats.py:811] 
[0;36m(APIServer pid=214609)[0;0m INFO 09-25 05:27:46 [stats.py:811] [Overall Summary]
[0;36m(APIServer pid=214609)[0;0m INFO 09-25 05:27:46 [stats.py:811] +-----------------------------+------------+
[0;36m(APIServer pid=214609)[0;0m INFO 09-25 05:27:46 [stats.py:811] | Field                       |      Value |
[0;36m(APIServer pid=214609)[0;0m INFO 09-25 05:27:46 [stats.py:811] +-----------------------------+------------+
[0;36m(APIServer pid=214609)[0;0m INFO 09-25 05:27:46 [stats.py:811] | e2e_requests                |          1 |
[0;36m(APIServer pid=214609)[0;0m INFO 09-25 05:27:46 [stats.py:811] | e2e_wall_time_ms            | 19,018.691 |
[0;36m(APIServer pid=214609)[0;0m INFO 09-25 05:27:46 [stats.py:811] | e2e_total_tokens            |        807 |
[0;36m(APIServer pid=214609)[0;0m INFO 09-25 05:27:46 [stats.py:811] | e2e_avg_time_per_request_ms | 19,018.691 |
[0;36m(APIServer pid=214609)[0;0m INFO 09-25 05:27:46 [stats.py:811] | e2e_avg_tokens_per_s        |     42.432 |
[0;36m(APIServer pid=214609)[0;0m INFO 09-25 05:27:46 [stats.py:811] | input_preprocess_time_ms    |      0.041 |
[0;36m(APIServer pid=214609)[0;0m INFO 09-25 05:27:46 [stats.py:811] | e2e_stage_0_wall_time_ms    | 18,978.613 |
[0;36m(APIServer pid=214609)[0;0m INFO 09-25 05:27:46 [stats.py:811] | e2e_stage_1_wall_time_ms    | 19,018.469 |
[0;36m(APIServer pid=214609)[0;0m INFO 09-25 05:27:46 [stats.py:811] +-----------------------------+------------+
[0;36m(APIServer pid=214609)[0;0m INFO 09-25 05:27:46 [stats.py:837] 
[0;36m(APIServer pid=214609)[0;0m INFO 09-25 05:27:46 [stats.py:837] [RequestE2EStats [request_id=speech-9d9955bef9f95885-9bab737b]]
[0;36m(APIServer pid=214609)[0;0m INFO 09-25 05:27:46 [stats.py:837] +------------------+------------+
[0;36m(APIServer pid=214609)[0;0m INFO 09-25 05:27:46 [stats.py:837] | Field            |      Value |
[0;36m(APIServer pid=214609)[0;0m INFO 09-25 05:27:46 [stats.py:837] +------------------+------------+
[0;36m(APIServer pid=214609)[0;0m INFO 09-25 05:27:46 [stats.py:837] | e2e_total_ms     | 19,018.595 |
[0;36m(APIServer pid=214609)[0;0m INFO 09-25 05:27:46 [stats.py:837] | e2e_total_tokens |        807 |
[0;36m(APIServer pid=214609)[0;0m INFO 09-25 05:27:46 [stats.py:837] +------------------+------------+
[0;36m(APIServer pid=214609)[0;0m INFO 09-25 05:27:46 [stats.py:878] [OmniTiming] req=speech-9d9955bef9f95885-9bab737b total=19.02s preprocess=0.00s engine=19.02s stages=[0:18.98s,1:19.02s] transfers=[0->1=0.00ms]
[0;36m(APIServer pid=214609)[0;0m INFO 09-25 05:27:46 [stats.py:920] 
[0;36m(APIServer pid=214609)[0;0m INFO 09-25 05:27:46 [stats.py:920] [StageRequestStats [request_id=speech-9d9955bef9f95885-9bab737b]]
[0;36m(APIServer pid=214609)[0;0m INFO 09-25 05:27:46 [stats.py:920] +---------------------------------+----------------+------------------+
[0;36m(APIServer pid=214609)[0;0m INFO 09-25 05:27:46 [stats.py:920] | Field                           |              0 |                1 |
[0;36m(APIServer pid=214609)[0;0m INFO 09-25 05:27:46 [stats.py:920] +---------------------------------+----------------+------------------+
[0;36m(APIServer pid=214609)[0;0m INFO 09-25 05:27:46 [stats.py:920] | audio_duration_s                |          0.000 |           35.680 |
[0;36m(APIServer pid=214609)[0;0m INFO 09-25 05:27:46 [stats.py:920] | audio_generated_frames          |              0 |          856,320 |
[0;36m(APIServer pid=214609)[0;0m INFO 09-25 05:27:46 [stats.py:920] | audio_sample_rate               |              0 |           24,000 |
[0;36m(APIServer pid=214609)[0;0m INFO 09-25 05:27:46 [stats.py:920] | batch_id                        |          2,503 |            2,584 |
[0;36m(APIServer pid=214609)[0;0m INFO 09-25 05:27:46 [stats.py:920] | batch_size                      |              1 |                1 |
[0;36m(APIServer pid=214609)[0;0m INFO 09-25 05:27:46 [stats.py:920] | inter_output_latencies_ms       |                |                  |
[0;36m(APIServer pid=214609)[0;0m INFO 09-25 05:27:46 [stats.py:920] | num_tokens_in                   |            360 |                0 |
[0;36m(APIServer pid=214609)[0;0m INFO 09-25 05:27:46 [stats.py:920] | num_tokens_out                  |            447 |                0 |
[0;36m(APIServer pid=214609)[0;0m INFO 09-25 05:27:46 [stats.py:920] | output_unit_count               |            447 |          856,320 |
[0;36m(APIServer pid=214609)[0;0m INFO 09-25 05:27:46 [stats.py:920] | output_unit_type                |         stream |            audio |
[0;36m(APIServer pid=214609)[0;0m INFO 09-25 05:27:46 [stats.py:920] | serving_time_to_first_output_ms |     18,978.580 |       19,017.852 |
[0;36m(APIServer pid=214609)[0;0m INFO 09-25 05:27:46 [stats.py:920] | stage_gen_time_ms               |     18,978.453 |       19,017.729 |
[0;36m(APIServer pid=214609)[0;0m INFO 09-25 05:27:46 [stats.py:920] | time_per_output_unit_ms         |          0.000 |            0.000 |
[0;36m(APIServer pid=214609)[0;0m INFO 09-25 05:27:46 [stats.py:920] | vllm_itl_ms                     |         42.262 |        1,037.350 |
[0;36m(APIServer pid=214609)[0;0m INFO 09-25 05:27:46 [stats.py:920] | vllm_itls_ms                    | 42.262 (n=446) | 1,037.350 (n=18) |
[0;36m(APIServer pid=214609)[0;0m INFO 09-25 05:27:46 [stats.py:920] | vllm_tpot_ms                    |         42.262 |            0.000 |
[0;36m(APIServer pid=214609)[0;0m INFO 09-25 05:27:46 [stats.py:920] | vllm_ttft_ms                    |        128.479 |          347.159 |
[0;36m(APIServer pid=214609)[0;0m INFO 09-25 05:27:46 [stats.py:920] +---------------------------------+----------------+------------------+
[0;36m(APIServer pid=214609)[0;0m INFO 09-25 05:27:46 [serving_speech.py:3646] [SpeechE2E] request_id=speech-9d9955bef9f95885 stream=false status=ok total_ms=19031.51 response_bytes=1712684
[0;36m(APIServer pid=214609)[0;0m INFO:     127.0.0.1:35066 - "POST /v1/audio/speech HTTP/1.1" 200 OK
[0;36m(APIServer pid=214609)[0;0m INFO 09-25 05:27:47 [stats.py:811] 
[0;36m(APIServer pid=214609)[0;0m INFO 09-25 05:27:47 [stats.py:811] [Overall Summary]
[0;36m(APIServer pid=214609)[0;0m INFO 09-25 05:27:47 [stats.py:811] +-----------------------------+------------+
[0;36m(APIServer pid=214609)[0;0m INFO 09-25 05:27:47 [stats.py:811] | Field                       |      Value |
[0;36m(APIServer pid=214609)[0;0m INFO 09-25 05:27:47 [stats.py:811] +-----------------------------+------------+
[0;36m(APIServer pid=214609)[0;0m INFO 09-25 05:27:47 [stats.py:811] | e2e_requests                |          1 |
[0;36m(APIServer pid=214609)[0;0m INFO 09-25 05:27:47 [stats.py:811] | e2e_wall_time_ms            | 21,163.482 |
[0;36m(APIServer pid=214609)[0;0m INFO 09-25 05:27:47 [stats.py:811] | e2e_total_tokens            |        854 |
[0;36m(APIServer pid=214609)[0;0m INFO 09-25 05:27:47 [stats.py:811] | e2e_avg_time_per_request_ms | 21,163.482 |
[0;36m(APIServer pid=214609)[0;0m INFO 09-25 05:27:47 [stats.py:811] | e2e_avg_tokens_per_s        |     40.353 |
[0;36m(APIServer pid=214609)[0;0m INFO 09-25 05:27:47 [stats.py:811] | input_preprocess_time_ms    |      0.057 |
[0;36m(APIServer pid=214609)[0;0m INFO 09-25 05:27:47 [stats.py:811] | e2e_stage_0_wall_time_ms    | 21,121.082 |
[0;36m(APIServer pid=214609)[0;0m INFO 09-25 05:27:47 [stats.py:811] | e2e_stage_1_wall_time_ms    | 21,163.174 |
[0;36m(APIServer pid=214609)[0;0m INFO 09-25 05:27:47 [stats.py:811] +-----------------------------+------------+
[0;36m(APIServer pid=214609)[0;0m INFO 09-25 05:27:47 [stats.py:837] 
[0;36m(APIServer pid=214609)[0;0m INFO 09-25 05:27:47 [stats.py:837] [RequestE2EStats [request_id=speech-a1a483279a9eee78-a722c315]]
[0;36m(APIServer pid=214609)[0;0m INFO 09-25 05:27:47 [stats.py:837] +------------------+------------+
[0;36m(APIServer pid=214609)[0;0m INFO 09-25 05:27:47 [stats.py:837] | Field            |      Value |
[0;36m(APIServer pid=214609)[0;0m INFO 09-25 05:27:47 [stats.py:837] +------------------+------------+
[0;36m(APIServer pid=214609)[0;0m INFO 09-25 05:27:47 [stats.py:837] | e2e_total_ms     | 21,163.356 |
[0;36m(APIServer pid=214609)[0;0m INFO 09-25 05:27:47 [stats.py:837] | e2e_total_tokens |        854 |
[0;36m(APIServer pid=214609)[0;0m INFO 09-25 05:27:47 [stats.py:837] +------------------+------------+
[0;36m(APIServer pid=214609)[0;0m INFO 09-25 05:27:47 [stats.py:878] [OmniTiming] req=speech-a1a483279a9eee78-a722c315 total=21.16s preprocess=0.00s engine=21.16s stages=[0:21.12s,1:21.16s] transfers=[0->1=0.00ms]
[0;36m(APIServer pid=214609)[0;0m INFO 09-25 05:27:47 [stats.py:920] 
[0;36m(APIServer pid=214609)[0;0m INFO 09-25 05:27:47 [stats.py:920] [StageRequestStats [request_id=speech-a1a483279a9eee78-a722c315]]
[0;36m(APIServer pid=214609)[0;0m INFO 09-25 05:27:47 [stats.py:920] +---------------------------------+----------------+------------------+
[0;36m(APIServer pid=214609)[0;0m INFO 09-25 05:27:47 [stats.py:920] | Field                           |              0 |                1 |
[0;36m(APIServer pid=214609)[0;0m INFO 09-25 05:27:47 [stats.py:920] +---------------------------------+----------------+------------------+
[0;36m(APIServer pid=214609)[0;0m INFO 09-25 05:27:47 [stats.py:920] | audio_duration_s                |          0.000 |           39.440 |
[0;36m(APIServer pid=214609)[0;0m INFO 09-25 05:27:47 [stats.py:920] | audio_generated_frames          |              0 |          946,560 |
[0;36m(APIServer pid=214609)[0;0m INFO 09-25 05:27:47 [stats.py:920] | audio_sample_rate               |              0 |           24,000 |
[0;36m(APIServer pid=214609)[0;0m INFO 09-25 05:27:47 [stats.py:920] | batch_id                        |          2,504 |            2,585 |
[0;36m(APIServer pid=214609)[0;0m INFO 09-25 05:27:47 [stats.py:920] | batch_size                      |              1 |                1 |
[0;36m(APIServer pid=214609)[0;0m INFO 09-25 05:27:47 [stats.py:920] | inter_output_latencies_ms       |                |                  |
[0;36m(APIServer pid=214609)[0;0m INFO 09-25 05:27:47 [stats.py:920] | num_tokens_in                   |            360 |                0 |
[0;36m(APIServer pid=214609)[0;0m INFO 09-25 05:27:47 [stats.py:920] | num_tokens_out                  |            494 |                0 |
[0;36m(APIServer pid=214609)[0;0m INFO 09-25 05:27:47 [stats.py:920] | output_unit_count               |            494 |          946,560 |
[0;36m(APIServer pid=214609)[0;0m INFO 09-25 05:27:47 [stats.py:920] | output_unit_type                |         stream |            audio |
[0;36m(APIServer pid=214609)[0;0m INFO 09-25 05:27:47 [stats.py:920] | serving_time_to_first_output_ms |     21,121.016 |       21,162.897 |
[0;36m(APIServer pid=214609)[0;0m INFO 09-25 05:27:47 [stats.py:920] | stage_gen_time_ms               |     21,120.896 |       21,162.701 |
[0;36m(APIServer pid=214609)[0;0m INFO 09-25 05:27:47 [stats.py:920] | time_per_output_unit_ms         |          0.000 |            0.000 |
[0;36m(APIServer pid=214609)[0;0m INFO 09-25 05:27:47 [stats.py:920] | vllm_itl_ms                     |         42.479 |        1,039.910 |
[0;36m(APIServer pid=214609)[0;0m INFO 09-25 05:27:47 [stats.py:920] | vllm_itls_ms                    | 42.479 (n=493) | 1,039.910 (n=20) |
[0;36m(APIServer pid=214609)[0;0m INFO 09-25 05:27:47 [stats.py:920] | vllm_tpot_ms                    |         42.479 |            0.000 |
[0;36m(APIServer pid=214609)[0;0m INFO 09-25 05:27:47 [stats.py:920] | vllm_ttft_ms                    |        178.820 |          363.030 |
[0;36m(APIServer pid=214609)[0;0m INFO 09-25 05:27:47 [stats.py:920] +---------------------------------+----------------+------------------+
[0;36m(APIServer pid=214609)[0;0m INFO 09-25 05:27:47 [serving_speech.py:3646] [SpeechE2E] request_id=speech-a1a483279a9eee78 stream=false status=ok total_ms=21175.78 response_bytes=1893164
[0;36m(APIServer pid=214609)[0;0m INFO:     127.0.0.1:35094 - "POST /v1/audio/speech HTTP/1.1" 200 OK
[0;36m(APIServer pid=214609)[0;0m INFO 09-25 05:27:52 [stats.py:811] 
[0;36m(APIServer pid=214609)[0;0m INFO 09-25 05:27:52 [stats.py:811] [Overall Summary]
[0;36m(APIServer pid=214609)[0;0m INFO 09-25 05:27:52 [stats.py:811] +-----------------------------+------------+
[0;36m(APIServer pid=214609)[0;0m INFO 09-25 05:27:52 [stats.py:811] | Field                       |      Value |
[0;36m(APIServer pid=214609)[0;0m INFO 09-25 05:27:52 [stats.py:811] +-----------------------------+------------+
[0;36m(APIServer pid=214609)[0;0m INFO 09-25 05:27:52 [stats.py:811] | e2e_requests                |          1 |
[0;36m(APIServer pid=214609)[0;0m INFO 09-25 05:27:52 [stats.py:811] | e2e_wall_time_ms            | 27,998.467 |
[0;36m(APIServer pid=214609)[0;0m INFO 09-25 05:27:52 [stats.py:811] | e2e_total_tokens            |      1,022 |
[0;36m(APIServer pid=214609)[0;0m INFO 09-25 05:27:52 [stats.py:811] | e2e_avg_time_per_request_ms | 27,998.467 |
[0;36m(APIServer pid=214609)[0;0m INFO 09-25 05:27:52 [stats.py:811] | e2e_avg_tokens_per_s        |     36.502 |
[0;36m(APIServer pid=214609)[0;0m INFO 09-25 05:27:52 [stats.py:811] | input_preprocess_time_ms    |      0.060 |
[0;36m(APIServer pid=214609)[0;0m INFO 09-25 05:27:52 [stats.py:811] | e2e_stage_0_wall_time_ms    | 27,959.661 |
[0;36m(APIServer pid=214609)[0;0m INFO 09-25 05:27:52 [stats.py:811] | e2e_stage_1_wall_time_ms    | 27,998.135 |
[0;36m(APIServer pid=214609)[0;0m INFO 09-25 05:27:52 [stats.py:811] +-----------------------------+------------+
[0;36m(APIServer pid=214609)[0;0m INFO 09-25 05:27:52 [stats.py:837] 
[0;36m(APIServer pid=214609)[0;0m INFO 09-25 05:27:52 [stats.py:837] [RequestE2EStats [request_id=speech-bade6bbf9f09306e-bf40d961]]
[0;36m(APIServer pid=214609)[0;0m INFO 09-25 05:27:52 [stats.py:837] +------------------+------------+
[0;36m(APIServer pid=214609)[0;0m INFO 09-25 05:27:52 [stats.py:837] | Field            |      Value |
[0;36m(APIServer pid=214609)[0;0m INFO 09-25 05:27:52 [stats.py:837] +------------------+------------+
[0;36m(APIServer pid=214609)[0;0m INFO 09-25 05:27:52 [stats.py:837] | e2e_total_ms     | 27,998.335 |
[0;36m(APIServer pid=214609)[0;0m INFO 09-25 05:27:52 [stats.py:837] | e2e_total_tokens |      1,022 |
[0;36m(APIServer pid=214609)[0;0m INFO 09-25 05:27:52 [stats.py:837] +------------------+------------+
[0;36m(APIServer pid=214609)[0;0m INFO 09-25 05:27:52 [stats.py:878] [OmniTiming] req=speech-bade6bbf9f09306e-bf40d961 total=28.00s preprocess=0.00s engine=28.00s stages=[0:27.96s,1:28.00s] transfers=[0->1=0.00ms]
[0;36m(APIServer pid=214609)[0;0m INFO 09-25 05:27:52 [stats.py:920] 
[0;36m(APIServer pid=214609)[0;0m INFO 09-25 05:27:52 [stats.py:920] [StageRequestStats [request_id=speech-bade6bbf9f09306e-bf40d961]]
[0;36m(APIServer pid=214609)[0;0m INFO 09-25 05:27:52 [stats.py:920] +---------------------------------+----------------+------------------+
[0;36m(APIServer pid=214609)[0;0m INFO 09-25 05:27:52 [stats.py:920] | Field                           |              0 |                1 |
[0;36m(APIServer pid=214609)[0;0m INFO 09-25 05:27:52 [stats.py:920] +---------------------------------+----------------+------------------+
[0;36m(APIServer pid=214609)[0;0m INFO 09-25 05:27:52 [stats.py:920] | audio_duration_s                |          0.000 |           52.880 |
[0;36m(APIServer pid=214609)[0;0m INFO 09-25 05:27:52 [stats.py:920] | audio_generated_frames          |              0 |        1,269,120 |
[0;36m(APIServer pid=214609)[0;0m INFO 09-25 05:27:52 [stats.py:920] | audio_sample_rate               |              0 |           24,000 |
[0;36m(APIServer pid=214609)[0;0m INFO 09-25 05:27:52 [stats.py:920] | batch_id                        |          2,505 |            2,586 |
[0;36m(APIServer pid=214609)[0;0m INFO 09-25 05:27:52 [stats.py:920] | batch_size                      |              1 |                1 |
[0;36m(APIServer pid=214609)[0;0m INFO 09-25 05:27:52 [stats.py:920] | inter_output_latencies_ms       |                |                  |
[0;36m(APIServer pid=214609)[0;0m INFO 09-25 05:27:52 [stats.py:920] | num_tokens_in                   |            360 |                0 |
[0;36m(APIServer pid=214609)[0;0m INFO 09-25 05:27:52 [stats.py:920] | num_tokens_out                  |            662 |                0 |
[0;36m(APIServer pid=214609)[0;0m INFO 09-25 05:27:52 [stats.py:920] | output_unit_count               |            662 |        1,269,120 |
[0;36m(APIServer pid=214609)[0;0m INFO 09-25 05:27:52 [stats.py:920] | output_unit_type                |         stream |            audio |
[0;36m(APIServer pid=214609)[0;0m INFO 09-25 05:27:52 [stats.py:920] | serving_time_to_first_output_ms |     27,959.004 |       27,998.018 |
[0;36m(APIServer pid=214609)[0;0m INFO 09-25 05:27:52 [stats.py:920] | stage_gen_time_ms               |     27,958.821 |       27,997.797 |
[0;36m(APIServer pid=214609)[0;0m INFO 09-25 05:27:52 [stats.py:920] | time_per_output_unit_ms         |          0.000 |            0.000 |
[0;36m(APIServer pid=214609)[0;0m INFO 09-25 05:27:52 [stats.py:920] | vllm_itl_ms                     |         42.158 |        1,030.017 |
[0;36m(APIServer pid=214609)[0;0m INFO 09-25 05:27:52 [stats.py:920] | vllm_itls_ms                    | 42.158 (n=661) | 1,030.017 (n=27) |
[0;36m(APIServer pid=214609)[0;0m INFO 09-25 05:27:52 [stats.py:920] | vllm_tpot_ms                    |         42.158 |            0.000 |
[0;36m(APIServer pid=214609)[0;0m INFO 09-25 05:27:52 [stats.py:920] | vllm_ttft_ms                    |         94.580 |          188.334 |
[0;36m(APIServer pid=214609)[0;0m INFO 09-25 05:27:52 [stats.py:920] +---------------------------------+----------------+------------------+
[0;36m(APIServer pid=214609)[0;0m INFO 09-25 05:27:52 [serving_speech.py:3646] [SpeechE2E] request_id=speech-bade6bbf9f09306e stream=false status=ok total_ms=28010.39 response_bytes=2538284
[0;36m(APIServer pid=214609)[0;0m INFO:     127.0.0.1:35022 - "POST /v1/audio/speech HTTP/1.1" 200 OK
[0;36m(APIServer pid=214609)[0;0m INFO 09-25 05:27:57 [stats.py:811] 
[0;36m(APIServer pid=214609)[0;0m INFO 09-25 05:27:57 [stats.py:811] [Overall Summary]
[0;36m(APIServer pid=214609)[0;0m INFO 09-25 05:27:57 [stats.py:811] +-----------------------------+------------+
[0;36m(APIServer pid=214609)[0;0m INFO 09-25 05:27:57 [stats.py:811] | Field                       |      Value |
[0;36m(APIServer pid=214609)[0;0m INFO 09-25 05:27:57 [stats.py:811] +-----------------------------+------------+
[0;36m(APIServer pid=214609)[0;0m INFO 09-25 05:27:57 [stats.py:811] | e2e_requests                |          1 |
[0;36m(APIServer pid=214609)[0;0m INFO 09-25 05:27:57 [stats.py:811] | e2e_wall_time_ms            | 48,760.313 |
[0;36m(APIServer pid=214609)[0;0m INFO 09-25 05:27:57 [stats.py:811] | e2e_total_tokens            |      1,527 |
[0;36m(APIServer pid=214609)[0;0m INFO 09-25 05:27:57 [stats.py:811] | e2e_avg_time_per_request_ms | 48,760.313 |
[0;36m(APIServer pid=214609)[0;0m INFO 09-25 05:27:57 [stats.py:811] | e2e_avg_tokens_per_s        |     31.316 |
[0;36m(APIServer pid=214609)[0;0m INFO 09-25 05:27:57 [stats.py:811] | input_preprocess_time_ms    |      0.031 |
[0;36m(APIServer pid=214609)[0;0m INFO 09-25 05:27:57 [stats.py:811] | e2e_stage_0_wall_time_ms    | 48,718.626 |
[0;36m(APIServer pid=214609)[0;0m INFO 09-25 05:27:57 [stats.py:811] | e2e_stage_1_wall_time_ms    | 48,758.758 |
[0;36m(APIServer pid=214609)[0;0m INFO 09-25 05:27:57 [stats.py:811] +-----------------------------+------------+
[0;36m(APIServer pid=214609)[0;0m INFO 09-25 05:27:57 [stats.py:837] 
[0;36m(APIServer pid=214609)[0;0m INFO 09-25 05:27:57 [stats.py:837] [RequestE2EStats [request_id=speech-9a21ca6a44982336-8f83175a]]
[0;36m(APIServer pid=214609)[0;0m INFO 09-25 05:27:57 [stats.py:837] +------------------+------------+
[0;36m(APIServer pid=214609)[0;0m INFO 09-25 05:27:57 [stats.py:837] | Field            |      Value |
[0;36m(APIServer pid=214609)[0;0m INFO 09-25 05:27:57 [stats.py:837] +------------------+------------+
[0;36m(APIServer pid=214609)[0;0m INFO 09-25 05:27:57 [stats.py:837] | e2e_total_ms     | 48,760.232 |
[0;36m(APIServer pid=214609)[0;0m INFO 09-25 05:27:57 [stats.py:837] | e2e_total_tokens |      1,527 |
[0;36m(APIServer pid=214609)[0;0m INFO 09-25 05:27:57 [stats.py:837] +------------------+------------+
[0;36m(APIServer pid=214609)[0;0m INFO 09-25 05:27:57 [stats.py:878] [OmniTiming] req=speech-9a21ca6a44982336-8f83175a total=48.76s preprocess=0.00s engine=48.76s stages=[0:48.72s,1:48.76s] transfers=[0->1=0.00ms]
[0;36m(APIServer pid=214609)[0;0m INFO 09-25 05:27:57 [stats.py:920] 
[0;36m(APIServer pid=214609)[0;0m INFO 09-25 05:27:57 [stats.py:920] [StageRequestStats [request_id=speech-9a21ca6a44982336-8f83175a]]
[0;36m(APIServer pid=214609)[0;0m INFO 09-25 05:27:57 [stats.py:920] +---------------------------------+-----------------+------------------+
[0;36m(APIServer pid=214609)[0;0m INFO 09-25 05:27:57 [stats.py:920] | Field                           |               0 |                1 |
[0;36m(APIServer pid=214609)[0;0m INFO 09-25 05:27:57 [stats.py:920] +---------------------------------+-----------------+------------------+
[0;36m(APIServer pid=214609)[0;0m INFO 09-25 05:27:57 [stats.py:920] | audio_duration_s                |           0.000 |           93.280 |
[0;36m(APIServer pid=214609)[0;0m INFO 09-25 05:27:57 [stats.py:920] | audio_generated_frames          |               0 |        2,238,720 |
[0;36m(APIServer pid=214609)[0;0m INFO 09-25 05:27:57 [stats.py:920] | audio_sample_rate               |               0 |           24,000 |
[0;36m(APIServer pid=214609)[0;0m INFO 09-25 05:27:57 [stats.py:920] | batch_id                        |           2,506 |            2,587 |
[0;36m(APIServer pid=214609)[0;0m INFO 09-25 05:27:57 [stats.py:920] | batch_size                      |               1 |                1 |
[0;36m(APIServer pid=214609)[0;0m INFO 09-25 05:27:57 [stats.py:920] | inter_output_latencies_ms       |                 |                  |
[0;36m(APIServer pid=214609)[0;0m INFO 09-25 05:27:57 [stats.py:920] | num_tokens_in                   |             360 |                0 |
[0;36m(APIServer pid=214609)[0;0m INFO 09-25 05:27:57 [stats.py:920] | num_tokens_out                  |           1,167 |                0 |
[0;36m(APIServer pid=214609)[0;0m INFO 09-25 05:27:57 [stats.py:920] | output_unit_count               |           1,167 |        2,238,720 |
[0;36m(APIServer pid=214609)[0;0m INFO 09-25 05:27:57 [stats.py:920] | output_unit_type                |          stream |            audio |
[0;36m(APIServer pid=214609)[0;0m INFO 09-25 05:27:57 [stats.py:920] | serving_time_to_first_output_ms |      48,718.579 |       48,759.290 |
[0;36m(APIServer pid=214609)[0;0m INFO 09-25 05:27:57 [stats.py:920] | stage_gen_time_ms               |      48,717.115 |       48,757.825 |
[0;36m(APIServer pid=214609)[0;0m INFO 09-25 05:27:57 [stats.py:920] | time_per_output_unit_ms         |           0.000 |            0.000 |
[0;36m(APIServer pid=214609)[0;0m INFO 09-25 05:27:57 [stats.py:920] | vllm_itl_ms                     |          41.465 |        1,012.021 |
[0;36m(APIServer pid=214609)[0;0m INFO 09-25 05:27:57 [stats.py:920] | vllm_itls_ms                    | 41.465 (n=1166) | 1,012.021 (n=47) |
[0;36m(APIServer pid=214609)[0;0m INFO 09-25 05:27:57 [stats.py:920] | vllm_tpot_ms                    |          41.465 |            0.000 |
[0;36m(APIServer pid=214609)[0;0m INFO 09-25 05:27:57 [stats.py:920] | vllm_ttft_ms                    |         371.959 |        1,191.227 |
[0;36m(APIServer pid=214609)[0;0m INFO 09-25 05:27:57 [stats.py:920] +---------------------------------+-----------------+------------------+
[0;36m(APIServer pid=214609)[0;0m ERROR 09-25 05:27:57 [serving_speech.py:3699] [SpeechE2E] request_id=speech-9a21ca6a44982336 stream=False status=invalid_generation total_ms=48795.36 error=Qwen3-TTS Base did not emit codec EOS before its token budget (1167/1167 codec tokens); the generated audio is incomplete.
[0;36m(APIServer pid=214609)[0;0m INFO:     127.0.0.1:35088 - "POST /v1/audio/speech HTTP/1.1" 500 Internal Server Error
[0;36m(APIServer pid=214609)[0;0m INFO 09-25 05:27:58 [stats.py:811] 
[0;36m(APIServer pid=214609)[0;0m INFO 09-25 05:27:58 [stats.py:811] [Overall Summary]
[0;36m(APIServer pid=214609)[0;0m INFO 09-25 05:27:58 [stats.py:811] +-----------------------------+------------+
[0;36m(APIServer pid=214609)[0;0m INFO 09-25 05:27:58 [stats.py:811] | Field                       |      Value |
[0;36m(APIServer pid=214609)[0;0m INFO 09-25 05:27:58 [stats.py:811] +-----------------------------+------------+
[0;36m(APIServer pid=214609)[0;0m INFO 09-25 05:27:58 [stats.py:811] | e2e_requests                |          1 |
[0;36m(APIServer pid=214609)[0;0m INFO 09-25 05:27:58 [stats.py:811] | e2e_wall_time_ms            | 17,290.452 |
[0;36m(APIServer pid=214609)[0;0m INFO 09-25 05:27:58 [stats.py:811] | e2e_total_tokens            |        780 |
[0;36m(APIServer pid=214609)[0;0m INFO 09-25 05:27:58 [stats.py:811] | e2e_avg_time_per_request_ms | 17,290.452 |
[0;36m(APIServer pid=214609)[0;0m INFO 09-25 05:27:58 [stats.py:811] | e2e_avg_tokens_per_s        |     45.112 |
[0;36m(APIServer pid=214609)[0;0m INFO 09-25 05:27:58 [stats.py:811] | input_preprocess_time_ms    |      0.056 |
[0;36m(APIServer pid=214609)[0;0m INFO 09-25 05:27:58 [stats.py:811] | e2e_stage_0_wall_time_ms    | 17,223.330 |
[0;36m(APIServer pid=214609)[0;0m INFO 09-25 05:27:58 [stats.py:811] | e2e_stage_1_wall_time_ms    | 17,290.111 |
[0;36m(APIServer pid=214609)[0;0m INFO 09-25 05:27:58 [stats.py:811] +-----------------------------+------------+
[0;36m(APIServer pid=214609)[0;0m INFO 09-25 05:27:58 [stats.py:837] 
[0;36m(APIServer pid=214609)[0;0m INFO 09-25 05:27:58 [stats.py:837] [RequestE2EStats [request_id=speech-89b403fdf5fd0cc3-89c128a0]]
[0;36m(APIServer pid=214609)[0;0m INFO 09-25 05:27:58 [stats.py:837] +------------------+------------+
[0;36m(APIServer pid=214609)[0;0m INFO 09-25 05:27:58 [stats.py:837] | Field            |      Value |
[0;36m(APIServer pid=214609)[0;0m INFO 09-25 05:27:58 [stats.py:837] +------------------+------------+
[0;36m(APIServer pid=214609)[0;0m INFO 09-25 05:27:58 [stats.py:837] | e2e_total_ms     | 17,290.321 |
[0;36m(APIServer pid=214609)[0;0m INFO 09-25 05:27:58 [stats.py:837] | e2e_total_tokens |        780 |
[0;36m(APIServer pid=214609)[0;0m INFO 09-25 05:27:58 [stats.py:837] +------------------+------------+
[0;36m(APIServer pid=214609)[0;0m INFO 09-25 05:27:58 [stats.py:878] [OmniTiming] req=speech-89b403fdf5fd0cc3-89c128a0 total=17.29s preprocess=0.00s engine=17.29s stages=[0:17.22s,1:17.29s] transfers=[0->1=0.00ms]
[0;36m(APIServer pid=214609)[0;0m INFO 09-25 05:27:58 [stats.py:920] 
[0;36m(APIServer pid=214609)[0;0m INFO 09-25 05:27:58 [stats.py:920] [StageRequestStats [request_id=speech-89b403fdf5fd0cc3-89c128a0]]
[0;36m(APIServer pid=214609)[0;0m INFO 09-25 05:27:58 [stats.py:920] +---------------------------------+----------------+------------------+
[0;36m(APIServer pid=214609)[0;0m INFO 09-25 05:27:58 [stats.py:920] | Field                           |              0 |                1 |
[0;36m(APIServer pid=214609)[0;0m INFO 09-25 05:27:58 [stats.py:920] +---------------------------------+----------------+------------------+
[0;36m(APIServer pid=214609)[0;0m INFO 09-25 05:27:58 [stats.py:920] | audio_duration_s                |          0.000 |           33.520 |
[0;36m(APIServer pid=214609)[0;0m INFO 09-25 05:27:58 [stats.py:920] | audio_generated_frames          |              0 |          804,480 |
[0;36m(APIServer pid=214609)[0;0m INFO 09-25 05:27:58 [stats.py:920] | audio_sample_rate               |              0 |           24,000 |
[0;36m(APIServer pid=214609)[0;0m INFO 09-25 05:27:58 [stats.py:920] | batch_id                        |          2,507 |            2,588 |
[0;36m(APIServer pid=214609)[0;0m INFO 09-25 05:27:58 [stats.py:920] | batch_size                      |              1 |                1 |
[0;36m(APIServer pid=214609)[0;0m INFO 09-25 05:27:58 [stats.py:920] | inter_output_latencies_ms       |                |                  |
[0;36m(APIServer pid=214609)[0;0m INFO 09-25 05:27:58 [stats.py:920] | num_tokens_in                   |            360 |                0 |
[0;36m(APIServer pid=214609)[0;0m INFO 09-25 05:27:58 [stats.py:920] | num_tokens_out                  |            420 |                0 |
[0;36m(APIServer pid=214609)[0;0m INFO 09-25 05:27:58 [stats.py:920] | output_unit_count               |            420 |          804,480 |
[0;36m(APIServer pid=214609)[0;0m INFO 09-25 05:27:58 [stats.py:920] | output_unit_type                |         stream |            audio |
[0;36m(APIServer pid=214609)[0;0m INFO 09-25 05:27:58 [stats.py:920] | serving_time_to_first_output_ms |     17,223.169 |       17,290.016 |
[0;36m(APIServer pid=214609)[0;0m INFO 09-25 05:27:58 [stats.py:920] | stage_gen_time_ms               |     17,222.979 |       17,289.762 |
[0;36m(APIServer pid=214609)[0;0m INFO 09-25 05:27:58 [stats.py:920] | time_per_output_unit_ms         |          0.000 |            0.000 |
[0;36m(APIServer pid=214609)[0;0m INFO 09-25 05:27:58 [stats.py:920] | vllm_itl_ms                     |         40.868 |        1,002.057 |
[0;36m(APIServer pid=214609)[0;0m INFO 09-25 05:27:58 [stats.py:920] | vllm_itls_ms                    | 40.868 (n=419) | 1,002.057 (n=17) |
[0;36m(APIServer pid=214609)[0;0m INFO 09-25 05:27:58 [stats.py:920] | vllm_tpot_ms                    |         40.868 |            0.000 |
[0;36m(APIServer pid=214609)[0;0m INFO 09-25 05:27:58 [stats.py:920] | vllm_ttft_ms                    |         98.462 |          253.987 |
[0;36m(APIServer pid=214609)[0;0m INFO 09-25 05:27:58 [stats.py:920] +---------------------------------+----------------+------------------+
[0;36m(APIServer pid=214609)[0;0m INFO 09-25 05:27:58 [serving_speech.py:3646] [SpeechE2E] request_id=speech-89b403fdf5fd0cc3 stream=false status=ok total_ms=17302.34 response_bytes=1609004
[0;36m(APIServer pid=214609)[0;0m INFO:     127.0.0.1:35028 - "POST /v1/audio/speech HTTP/1.1" 200 OK
[0;36m(APIServer pid=214609)[0;0m INFO 09-25 05:27:58 [stats.py:811] 
[0;36m(APIServer pid=214609)[0;0m INFO 09-25 05:27:58 [stats.py:811] [Overall Summary]
[0;36m(APIServer pid=214609)[0;0m INFO 09-25 05:27:58 [stats.py:811] +-----------------------------+------------+
[0;36m(APIServer pid=214609)[0;0m INFO 09-25 05:27:58 [stats.py:811] | Field                       |      Value |
[0;36m(APIServer pid=214609)[0;0m INFO 09-25 05:27:58 [stats.py:811] +-----------------------------+------------+
[0;36m(APIServer pid=214609)[0;0m INFO 09-25 05:27:58 [stats.py:811] | e2e_requests                |          1 |
[0;36m(APIServer pid=214609)[0;0m INFO 09-25 05:27:58 [stats.py:811] | e2e_wall_time_ms            | 17,202.618 |
[0;36m(APIServer pid=214609)[0;0m INFO 09-25 05:27:58 [stats.py:811] | e2e_total_tokens            |        780 |
[0;36m(APIServer pid=214609)[0;0m INFO 09-25 05:27:58 [stats.py:811] | e2e_avg_time_per_request_ms | 17,202.618 |
[0;36m(APIServer pid=214609)[0;0m INFO 09-25 05:27:58 [stats.py:811] | e2e_avg_tokens_per_s        |     45.342 |
[0;36m(APIServer pid=214609)[0;0m INFO 09-25 05:27:58 [stats.py:811] | input_preprocess_time_ms    |      0.055 |
[0;36m(APIServer pid=214609)[0;0m INFO 09-25 05:27:58 [stats.py:811] | e2e_stage_0_wall_time_ms    | 17,162.449 |
[0;36m(APIServer pid=214609)[0;0m INFO 09-25 05:27:58 [stats.py:811] | e2e_stage_1_wall_time_ms    | 17,202.324 |
[0;36m(APIServer pid=214609)[0;0m INFO 09-25 05:27:58 [stats.py:811] +-----------------------------+------------+
[0;36m(APIServer pid=214609)[0;0m INFO 09-25 05:27:58 [stats.py:837] 
[0;36m(APIServer pid=214609)[0;0m INFO 09-25 05:27:58 [stats.py:837] [RequestE2EStats [request_id=speech-a62fa3cd1ad7a547-881d3c87]]
[0;36m(APIServer pid=214609)[0;0m INFO 09-25 05:27:58 [stats.py:837] +------------------+------------+
[0;36m(APIServer pid=214609)[0;0m INFO 09-25 05:27:58 [stats.py:837] | Field            |      Value |
[0;36m(APIServer pid=214609)[0;0m INFO 09-25 05:27:58 [stats.py:837] +------------------+------------+
[0;36m(APIServer pid=214609)[0;0m INFO 09-25 05:27:58 [stats.py:837] | e2e_total_ms     | 17,202.493 |
[0;36m(APIServer pid=214609)[0;0m INFO 09-25 05:27:58 [stats.py:837] | e2e_total_tokens |        780 |
[0;36m(APIServer pid=214609)[0;0m INFO 09-25 05:27:58 [stats.py:837] +------------------+------------+
[0;36m(APIServer pid=214609)[0;0m INFO 09-25 05:27:58 [stats.py:878] [OmniTiming] req=speech-a62fa3cd1ad7a547-881d3c87 total=17.20s preprocess=0.00s engine=17.20s stages=[0:17.16s,1:17.20s] transfers=[0->1=0.00ms]
[0;36m(APIServer pid=214609)[0;0m INFO 09-25 05:27:58 [stats.py:920] 
[0;36m(APIServer pid=214609)[0;0m INFO 09-25 05:27:58 [stats.py:920] [StageRequestStats [request_id=speech-a62fa3cd1ad7a547-881d3c87]]
[0;36m(APIServer pid=214609)[0;0m INFO 09-25 05:27:58 [stats.py:920] +---------------------------------+----------------+----------------+
[0;36m(APIServer pid=214609)[0;0m INFO 09-25 05:27:58 [stats.py:920] | Field                           |              0 |              1 |
[0;36m(APIServer pid=214609)[0;0m INFO 09-25 05:27:58 [stats.py:920] +---------------------------------+----------------+----------------+
[0;36m(APIServer pid=214609)[0;0m INFO 09-25 05:27:58 [stats.py:920] | audio_duration_s                |          0.000 |         33.520 |
[0;36m(APIServer pid=214609)[0;0m INFO 09-25 05:27:58 [stats.py:920] | audio_generated_frames          |              0 |        804,480 |
[0;36m(APIServer pid=214609)[0;0m INFO 09-25 05:27:58 [stats.py:920] | audio_sample_rate               |              0 |         24,000 |
[0;36m(APIServer pid=214609)[0;0m INFO 09-25 05:27:58 [stats.py:920] | batch_id                        |          2,508 |          2,589 |
[0;36m(APIServer pid=214609)[0;0m INFO 09-25 05:27:58 [stats.py:920] | batch_size                      |              1 |              1 |
[0;36m(APIServer pid=214609)[0;0m INFO 09-25 05:27:58 [stats.py:920] | inter_output_latencies_ms       |                |                |
[0;36m(APIServer pid=214609)[0;0m INFO 09-25 05:27:58 [stats.py:920] | num_tokens_in                   |            360 |              0 |
[0;36m(APIServer pid=214609)[0;0m INFO 09-25 05:27:58 [stats.py:920] | num_tokens_out                  |            420 |              0 |
[0;36m(APIServer pid=214609)[0;0m INFO 09-25 05:27:58 [stats.py:920] | output_unit_count               |            420 |        804,480 |
[0;36m(APIServer pid=214609)[0;0m INFO 09-25 05:27:58 [stats.py:920] | output_unit_type                |         stream |          audio |
[0;36m(APIServer pid=214609)[0;0m INFO 09-25 05:27:58 [stats.py:920] | serving_time_to_first_output_ms |     17,162.062 |     17,201.870 |
[0;36m(APIServer pid=214609)[0;0m INFO 09-25 05:27:58 [stats.py:920] | stage_gen_time_ms               |     17,161.947 |     17,201.706 |
[0;36m(APIServer pid=214609)[0;0m INFO 09-25 05:27:58 [stats.py:920] | time_per_output_unit_ms         |          0.000 |          0.000 |
[0;36m(APIServer pid=214609)[0;0m INFO 09-25 05:27:58 [stats.py:920] | vllm_itl_ms                     |         40.734 |        993.581 |
[0;36m(APIServer pid=214609)[0;0m INFO 09-25 05:27:58 [stats.py:920] | vllm_itls_ms                    | 40.734 (n=419) | 993.581 (n=17) |
[0;36m(APIServer pid=214609)[0;0m INFO 09-25 05:27:58 [stats.py:920] | vllm_tpot_ms                    |         40.734 |          0.000 |
[0;36m(APIServer pid=214609)[0;0m INFO 09-25 05:27:58 [stats.py:920] | vllm_ttft_ms                    |         94.696 |        310.842 |
[0;36m(APIServer pid=214609)[0;0m INFO 09-25 05:27:58 [stats.py:920] +---------------------------------+----------------+----------------+
[0;36m(APIServer pid=214609)[0;0m INFO 09-25 05:27:58 [serving_speech.py:3646] [SpeechE2E] request_id=speech-a62fa3cd1ad7a547 stream=false status=ok total_ms=17212.55 response_bytes=1609004
[0;36m(APIServer pid=214609)[0;0m INFO:     127.0.0.1:35110 - "POST /v1/audio/speech HTTP/1.1" 200 OK
[0;36m(APIServer pid=214609)[0;0m INFO 09-25 05:27:58 [stats.py:811] 
[0;36m(APIServer pid=214609)[0;0m INFO 09-25 05:27:58 [stats.py:811] [Overall Summary]
[0;36m(APIServer pid=214609)[0;0m INFO 09-25 05:27:58 [stats.py:811] +-----------------------------+------------+
[0;36m(APIServer pid=214609)[0;0m INFO 09-25 05:27:58 [stats.py:811] | Field                       |      Value |
[0;36m(APIServer pid=214609)[0;0m INFO 09-25 05:27:58 [stats.py:811] +-----------------------------+------------+
[0;36m(APIServer pid=214609)[0;0m INFO 09-25 05:27:58 [stats.py:811] | e2e_requests                |          1 |
[0;36m(APIServer pid=214609)[0;0m INFO 09-25 05:27:58 [stats.py:811] | e2e_wall_time_ms            | 17,018.111 |
[0;36m(APIServer pid=214609)[0;0m INFO 09-25 05:27:58 [stats.py:811] | e2e_total_tokens            |        778 |
[0;36m(APIServer pid=214609)[0;0m INFO 09-25 05:27:58 [stats.py:811] | e2e_avg_time_per_request_ms | 17,018.111 |
[0;36m(APIServer pid=214609)[0;0m INFO 09-25 05:27:58 [stats.py:811] | e2e_avg_tokens_per_s        |     45.716 |
[0;36m(APIServer pid=214609)[0;0m INFO 09-25 05:27:58 [stats.py:811] | input_preprocess_time_ms    |      0.055 |
[0;36m(APIServer pid=214609)[0;0m INFO 09-25 05:27:58 [stats.py:811] | e2e_stage_0_wall_time_ms    | 16,981.854 |
[0;36m(APIServer pid=214609)[0;0m INFO 09-25 05:27:58 [stats.py:811] | e2e_stage_1_wall_time_ms    | 17,017.553 |
[0;36m(APIServer pid=214609)[0;0m INFO 09-25 05:27:58 [stats.py:811] +-----------------------------+------------+
[0;36m(APIServer pid=214609)[0;0m INFO 09-25 05:27:58 [stats.py:837] 
[0;36m(APIServer pid=214609)[0;0m INFO 09-25 05:27:58 [stats.py:837] [RequestE2EStats [request_id=speech-bd9691a9d6fcb356-8bcc1b7e]]
[0;36m(APIServer pid=214609)[0;0m INFO 09-25 05:27:58 [stats.py:837] +------------------+------------+
[0;36m(APIServer pid=214609)[0;0m INFO 09-25 05:27:58 [stats.py:837] | Field            |      Value |
[0;36m(APIServer pid=214609)[0;0m INFO 09-25 05:27:58 [stats.py:837] +------------------+------------+
[0;36m(APIServer pid=214609)[0;0m INFO 09-25 05:27:58 [stats.py:837] | e2e_total_ms     | 17,017.984 |
[0;36m(APIServer pid=214609)[0;0m INFO 09-25 05:27:58 [stats.py:837] | e2e_total_tokens |        778 |
[0;36m(APIServer pid=214609)[0;0m INFO 09-25 05:27:58 [stats.py:837] +------------------+------------+
[0;36m(APIServer pid=214609)[0;0m INFO 09-25 05:27:58 [stats.py:878] [OmniTiming] req=speech-bd9691a9d6fcb356-8bcc1b7e total=17.02s preprocess=0.00s engine=17.02s stages=[0:16.98s,1:17.02s] transfers=[0->1=0.00ms]
[0;36m(APIServer pid=214609)[0;0m INFO 09-25 05:27:58 [stats.py:920] 
[0;36m(APIServer pid=214609)[0;0m INFO 09-25 05:27:58 [stats.py:920] [StageRequestStats [request_id=speech-bd9691a9d6fcb356-8bcc1b7e]]
[0;36m(APIServer pid=214609)[0;0m INFO 09-25 05:27:58 [stats.py:920] +---------------------------------+----------------+----------------+
[0;36m(APIServer pid=214609)[0;0m INFO 09-25 05:27:58 [stats.py:920] | Field                           |              0 |              1 |
[0;36m(APIServer pid=214609)[0;0m INFO 09-25 05:27:58 [stats.py:920] +---------------------------------+----------------+----------------+
[0;36m(APIServer pid=214609)[0;0m INFO 09-25 05:27:58 [stats.py:920] | audio_duration_s                |          0.000 |         33.360 |
[0;36m(APIServer pid=214609)[0;0m INFO 09-25 05:27:58 [stats.py:920] | audio_generated_frames          |              0 |        800,640 |
[0;36m(APIServer pid=214609)[0;0m INFO 09-25 05:27:58 [stats.py:920] | audio_sample_rate               |              0 |         24,000 |
[0;36m(APIServer pid=214609)[0;0m INFO 09-25 05:27:58 [stats.py:920] | batch_id                        |          2,509 |          2,590 |
[0;36m(APIServer pid=214609)[0;0m INFO 09-25 05:27:58 [stats.py:920] | batch_size                      |              1 |              1 |
[0;36m(APIServer pid=214609)[0;0m INFO 09-25 05:27:58 [stats.py:920] | inter_output_latencies_ms       |                |                |
[0;36m(APIServer pid=214609)[0;0m INFO 09-25 05:27:58 [stats.py:920] | num_tokens_in                   |            360 |              0 |
[0;36m(APIServer pid=214609)[0;0m INFO 09-25 05:27:58 [stats.py:920] | num_tokens_out                  |            418 |              0 |
[0;36m(APIServer pid=214609)[0;0m INFO 09-25 05:27:58 [stats.py:920] | output_unit_count               |            418 |        800,640 |
[0;36m(APIServer pid=214609)[0;0m INFO 09-25 05:27:58 [stats.py:920] | output_unit_type                |         stream |          audio |
[0;36m(APIServer pid=214609)[0;0m INFO 09-25 05:27:58 [stats.py:920] | serving_time_to_first_output_ms |     16,981.848 |     17,017.753 |
[0;36m(APIServer pid=214609)[0;0m INFO 09-25 05:27:58 [stats.py:920] | stage_gen_time_ms               |     16,981.430 |     17,017.292 |
[0;36m(APIServer pid=214609)[0;0m INFO 09-25 05:27:58 [stats.py:920] | time_per_output_unit_ms         |          0.000 |          0.000 |
[0;36m(APIServer pid=214609)[0;0m INFO 09-25 05:27:58 [stats.py:920] | vllm_itl_ms                     |         40.486 |        982.517 |
[0;36m(APIServer pid=214609)[0;0m INFO 09-25 05:27:58 [stats.py:920] | vllm_itls_ms                    | 40.486 (n=417) | 982.517 (n=17) |
[0;36m(APIServer pid=214609)[0;0m INFO 09-25 05:27:58 [stats.py:920] | vllm_tpot_ms                    |         40.486 |          0.000 |
[0;36m(APIServer pid=214609)[0;0m INFO 09-25 05:27:58 [stats.py:920] | vllm_ttft_ms                    |         98.254 |        315.960 |
[0;36m(APIServer pid=214609)[0;0m INFO 09-25 05:27:58 [stats.py:920] +---------------------------------+----------------+----------------+
[0;36m(APIServer pid=214609)[0;0m INFO 09-25 05:27:58 [serving_speech.py:3646] [SpeechE2E] request_id=speech-bd9691a9d6fcb356 stream=false status=ok total_ms=17027.64 response_bytes=1601324
[0;36m(APIServer pid=214609)[0;0m INFO:     127.0.0.1:35036 - "POST /v1/audio/speech HTTP/1.1" 200 OK
[0;36m(APIServer pid=214609)[0;0m INFO 09-25 05:27:58 [stats.py:811] 
[0;36m(APIServer pid=214609)[0;0m INFO 09-25 05:27:58 [stats.py:811] [Overall Summary]
[0;36m(APIServer pid=214609)[0;0m INFO 09-25 05:27:58 [stats.py:811] +-----------------------------+------------+
[0;36m(APIServer pid=214609)[0;0m INFO 09-25 05:27:58 [stats.py:811] | Field                       |      Value |
[0;36m(APIServer pid=214609)[0;0m INFO 09-25 05:27:58 [stats.py:811] +-----------------------------+------------+
[0;36m(APIServer pid=214609)[0;0m INFO 09-25 05:27:58 [stats.py:811] | e2e_requests                |          1 |
[0;36m(APIServer pid=214609)[0;0m INFO 09-25 05:27:58 [stats.py:811] | e2e_wall_time_ms            | 15,932.268 |
[0;36m(APIServer pid=214609)[0;0m INFO 09-25 05:27:58 [stats.py:811] | e2e_total_tokens            |        752 |
[0;36m(APIServer pid=214609)[0;0m INFO 09-25 05:27:58 [stats.py:811] | e2e_avg_time_per_request_ms | 15,932.268 |
[0;36m(APIServer pid=214609)[0;0m INFO 09-25 05:27:58 [stats.py:811] | e2e_avg_tokens_per_s        |     47.200 |
[0;36m(APIServer pid=214609)[0;0m INFO 09-25 05:27:58 [stats.py:811] | input_preprocess_time_ms    |      0.056 |
[0;36m(APIServer pid=214609)[0;0m INFO 09-25 05:27:58 [stats.py:811] | e2e_stage_0_wall_time_ms    | 15,833.944 |
[0;36m(APIServer pid=214609)[0;0m INFO 09-25 05:27:58 [stats.py:811] | e2e_stage_1_wall_time_ms    | 15,931.972 |
[0;36m(APIServer pid=214609)[0;0m INFO 09-25 05:27:58 [stats.py:811] +-----------------------------+------------+
[0;36m(APIServer pid=214609)[0;0m INFO 09-25 05:27:58 [stats.py:837] 
[0;36m(APIServer pid=214609)[0;0m INFO 09-25 05:27:58 [stats.py:837] [RequestE2EStats [request_id=speech-a91f083eec75c1c5-a400829f]]
[0;36m(APIServer pid=214609)[0;0m INFO 09-25 05:27:58 [stats.py:837] +------------------+------------+
[0;36m(APIServer pid=214609)[0;0m INFO 09-25 05:27:58 [stats.py:837] | Field            |      Value |
[0;36m(APIServer pid=214609)[0;0m INFO 09-25 05:27:58 [stats.py:837] +------------------+------------+
[0;36m(APIServer pid=214609)[0;0m INFO 09-25 05:27:58 [stats.py:837] | e2e_total_ms     | 15,932.144 |
[0;36m(APIServer pid=214609)[0;0m INFO 09-25 05:27:58 [stats.py:837] | e2e_total_tokens |        752 |
[0;36m(APIServer pid=214609)[0;0m INFO 09-25 05:27:58 [stats.py:837] +------------------+------------+
[0;36m(APIServer pid=214609)[0;0m INFO 09-25 05:27:58 [stats.py:878] [OmniTiming] req=speech-a91f083eec75c1c5-a400829f total=15.93s preprocess=0.00s engine=15.93s stages=[0:15.83s,1:15.93s] transfers=[0->1=0.00ms]
[0;36m(APIServer pid=214609)[0;0m INFO 09-25 05:27:58 [stats.py:920] 
[0;36m(APIServer pid=214609)[0;0m INFO 09-25 05:27:58 [stats.py:920] [StageRequestStats [request_id=speech-a91f083eec75c1c5-a400829f]]
[0;36m(APIServer pid=214609)[0;0m INFO 09-25 05:27:58 [stats.py:920] +---------------------------------+----------------+----------------+
[0;36m(APIServer pid=214609)[0;0m INFO 09-25 05:27:58 [stats.py:920] | Field                           |              0 |              1 |
[0;36m(APIServer pid=214609)[0;0m INFO 09-25 05:27:58 [stats.py:920] +---------------------------------+----------------+----------------+
[0;36m(APIServer pid=214609)[0;0m INFO 09-25 05:27:58 [stats.py:920] | audio_duration_s                |          0.000 |         31.280 |
[0;36m(APIServer pid=214609)[0;0m INFO 09-25 05:27:58 [stats.py:920] | audio_generated_frames          |              0 |        750,720 |
[0;36m(APIServer pid=214609)[0;0m INFO 09-25 05:27:58 [stats.py:920] | audio_sample_rate               |              0 |         24,000 |
[0;36m(APIServer pid=214609)[0;0m INFO 09-25 05:27:58 [stats.py:920] | batch_id                        |          2,510 |          2,591 |
[0;36m(APIServer pid=214609)[0;0m INFO 09-25 05:27:58 [stats.py:920] | batch_size                      |              1 |              1 |
[0;36m(APIServer pid=214609)[0;0m INFO 09-25 05:27:58 [stats.py:920] | inter_output_latencies_ms       |                |                |
[0;36m(APIServer pid=214609)[0;0m INFO 09-25 05:27:58 [stats.py:920] | num_tokens_in                   |            360 |              0 |
[0;36m(APIServer pid=214609)[0;0m INFO 09-25 05:27:58 [stats.py:920] | num_tokens_out                  |            392 |              0 |
[0;36m(APIServer pid=214609)[0;0m INFO 09-25 05:27:58 [stats.py:920] | output_unit_count               |            392 |        750,720 |
[0;36m(APIServer pid=214609)[0;0m INFO 09-25 05:27:58 [stats.py:920] | output_unit_type                |         stream |          audio |
[0;36m(APIServer pid=214609)[0;0m INFO 09-25 05:27:58 [stats.py:920] | serving_time_to_first_output_ms |     15,832.772 |     15,931.751 |
[0;36m(APIServer pid=214609)[0;0m INFO 09-25 05:27:58 [stats.py:920] | stage_gen_time_ms               |     15,832.738 |     15,931.531 |
[0;36m(APIServer pid=214609)[0;0m INFO 09-25 05:27:58 [stats.py:920] | time_per_output_unit_ms         |          0.000 |          0.000 |
[0;36m(APIServer pid=214609)[0;0m INFO 09-25 05:27:58 [stats.py:920] | vllm_itl_ms                     |         40.157 |        971.753 |
[0;36m(APIServer pid=214609)[0;0m INFO 09-25 05:27:58 [stats.py:920] | vllm_itls_ms                    | 40.157 (n=391) | 971.753 (n=16) |
[0;36m(APIServer pid=214609)[0;0m INFO 09-25 05:27:58 [stats.py:920] | vllm_tpot_ms                    |         40.157 |          0.000 |
[0;36m(APIServer pid=214609)[0;0m INFO 09-25 05:27:58 [stats.py:920] | vllm_ttft_ms                    |        129.430 |        380.383 |
[0;36m(APIServer pid=214609)[0;0m INFO 09-25 05:27:58 [stats.py:920] +---------------------------------+----------------+----------------+
[0;36m(APIServer pid=214609)[0;0m INFO 09-25 05:27:58 [serving_speech.py:3646] [SpeechE2E] request_id=speech-a91f083eec75c1c5 stream=false status=ok total_ms=15941.90 response_bytes=1501484
[0;36m(APIServer pid=214609)[0;0m INFO:     127.0.0.1:35140 - "POST /v1/audio/speech HTTP/1.1" 200 OK
[0;36m(APIServer pid=214609)[0;0m INFO 09-25 05:27:59 [stats.py:811] 
[0;36m(APIServer pid=214609)[0;0m INFO 09-25 05:27:59 [stats.py:811] [Overall Summary]
[0;36m(APIServer pid=214609)[0;0m INFO 09-25 05:27:59 [stats.py:811] +-----------------------------+------------+
[0;36m(APIServer pid=214609)[0;0m INFO 09-25 05:27:59 [stats.py:811] | Field                       |      Value |
[0;36m(APIServer pid=214609)[0;0m INFO 09-25 05:27:59 [stats.py:811] +-----------------------------+------------+
[0;36m(APIServer pid=214609)[0;0m INFO 09-25 05:27:59 [stats.py:811] | e2e_requests                |          1 |
[0;36m(APIServer pid=214609)[0;0m INFO 09-25 05:27:59 [stats.py:811] | e2e_wall_time_ms            | 14,353.614 |
[0;36m(APIServer pid=214609)[0;0m INFO 09-25 05:27:59 [stats.py:811] | e2e_total_tokens            |        724 |
[0;36m(APIServer pid=214609)[0;0m INFO 09-25 05:27:59 [stats.py:811] | e2e_avg_time_per_request_ms | 14,353.614 |
[0;36m(APIServer pid=214609)[0;0m INFO 09-25 05:27:59 [stats.py:811] | e2e_avg_tokens_per_s        |     50.440 |
[0;36m(APIServer pid=214609)[0;0m INFO 09-25 05:27:59 [stats.py:811] | input_preprocess_time_ms    |      0.055 |
[0;36m(APIServer pid=214609)[0;0m INFO 09-25 05:27:59 [stats.py:811] | e2e_stage_0_wall_time_ms    | 14,313.980 |
[0;36m(APIServer pid=214609)[0;0m INFO 09-25 05:27:59 [stats.py:811] | e2e_stage_1_wall_time_ms    | 14,353.323 |
[0;36m(APIServer pid=214609)[0;0m INFO 09-25 05:27:59 [stats.py:811] +-----------------------------+------------+
[0;36m(APIServer pid=214609)[0;0m INFO 09-25 05:27:59 [stats.py:837] 
[0;36m(APIServer pid=214609)[0;0m INFO 09-25 05:27:59 [stats.py:837] [RequestE2EStats [request_id=speech-b6d8d0349f075c34-af0063df]]
[0;36m(APIServer pid=214609)[0;0m INFO 09-25 05:27:59 [stats.py:837] +------------------+------------+
[0;36m(APIServer pid=214609)[0;0m INFO 09-25 05:27:59 [stats.py:837] | Field            |      Value |
[0;36m(APIServer pid=214609)[0;0m INFO 09-25 05:27:59 [stats.py:837] +------------------+------------+
[0;36m(APIServer pid=214609)[0;0m INFO 09-25 05:27:59 [stats.py:837] | e2e_total_ms     | 14,353.491 |
[0;36m(APIServer pid=214609)[0;0m INFO 09-25 05:27:59 [stats.py:837] | e2e_total_tokens |        724 |
[0;36m(APIServer pid=214609)[0;0m INFO 09-25 05:27:59 [stats.py:837] +------------------+------------+
[0;36m(APIServer pid=214609)[0;0m INFO 09-25 05:27:59 [stats.py:878] [OmniTiming] req=speech-b6d8d0349f075c34-af0063df total=14.35s preprocess=0.00s engine=14.35s stages=[0:14.31s,1:14.35s] transfers=[0->1=0.00ms]
[0;36m(APIServer pid=214609)[0;0m INFO 09-25 05:27:59 [stats.py:920] 
[0;36m(APIServer pid=214609)[0;0m INFO 09-25 05:27:59 [stats.py:920] [StageRequestStats [request_id=speech-b6d8d0349f075c34-af0063df]]
[0;36m(APIServer pid=214609)[0;0m INFO 09-25 05:27:59 [stats.py:920] +---------------------------------+----------------+----------------+
[0;36m(APIServer pid=214609)[0;0m INFO 09-25 05:27:59 [stats.py:920] | Field                           |              0 |              1 |
[0;36m(APIServer pid=214609)[0;0m INFO 09-25 05:27:59 [stats.py:920] +---------------------------------+----------------+----------------+
[0;36m(APIServer pid=214609)[0;0m INFO 09-25 05:27:59 [stats.py:920] | audio_duration_s                |          0.000 |         29.040 |
[0;36m(APIServer pid=214609)[0;0m INFO 09-25 05:27:59 [stats.py:920] | audio_generated_frames          |              0 |        696,960 |
[0;36m(APIServer pid=214609)[0;0m INFO 09-25 05:27:59 [stats.py:920] | audio_sample_rate               |              0 |         24,000 |
[0;36m(APIServer pid=214609)[0;0m INFO 09-25 05:27:59 [stats.py:920] | batch_id                        |          2,511 |          2,592 |
[0;36m(APIServer pid=214609)[0;0m INFO 09-25 05:27:59 [stats.py:920] | batch_size                      |              1 |              1 |
[0;36m(APIServer pid=214609)[0;0m INFO 09-25 05:27:59 [stats.py:920] | inter_output_latencies_ms       |                |                |
[0;36m(APIServer pid=214609)[0;0m INFO 09-25 05:27:59 [stats.py:920] | num_tokens_in                   |            360 |              0 |
[0;36m(APIServer pid=214609)[0;0m INFO 09-25 05:27:59 [stats.py:920] | num_tokens_out                  |            364 |              0 |
[0;36m(APIServer pid=214609)[0;0m INFO 09-25 05:27:59 [stats.py:920] | output_unit_count               |            364 |        696,960 |
[0;36m(APIServer pid=214609)[0;0m INFO 09-25 05:27:59 [stats.py:920] | output_unit_type                |         stream |          audio |
[0;36m(APIServer pid=214609)[0;0m INFO 09-25 05:27:59 [stats.py:920] | serving_time_to_first_output_ms |     14,313.433 |     14,352.564 |
[0;36m(APIServer pid=214609)[0;0m INFO 09-25 05:27:59 [stats.py:920] | stage_gen_time_ms               |     14,313.275 |     14,352.368 |
[0;36m(APIServer pid=214609)[0;0m INFO 09-25 05:27:59 [stats.py:920] | time_per_output_unit_ms         |          0.000 |          0.000 |
[0;36m(APIServer pid=214609)[0;0m INFO 09-25 05:27:59 [stats.py:920] | vllm_itl_ms                     |         39.164 |        936.501 |
[0;36m(APIServer pid=214609)[0;0m INFO 09-25 05:27:59 [stats.py:920] | vllm_itls_ms                    | 39.164 (n=363) | 936.501 (n=15) |
[0;36m(APIServer pid=214609)[0;0m INFO 09-25 05:27:59 [stats.py:920] | vllm_tpot_ms                    |         39.164 |          0.000 |
[0;36m(APIServer pid=214609)[0;0m INFO 09-25 05:27:59 [stats.py:920] | vllm_ttft_ms                    |         97.715 |        303.908 |
[0;36m(APIServer pid=214609)[0;0m INFO 09-25 05:27:59 [stats.py:920] +---------------------------------+----------------+----------------+
[0;36m(APIServer pid=214609)[0;0m INFO 09-25 05:27:59 [serving_speech.py:3646] [SpeechE2E] request_id=speech-b6d8d0349f075c34 stream=false status=ok total_ms=14362.92 response_bytes=1393964
[0;36m(APIServer pid=214609)[0;0m INFO:     127.0.0.1:35080 - "POST /v1/audio/speech HTTP/1.1" 200 OK
[0;36m(APIServer pid=214609)[0;0m INFO 09-25 05:27:59 [stats.py:811] 
[0;36m(APIServer pid=214609)[0;0m INFO 09-25 05:27:59 [stats.py:811] [Overall Summary]
[0;36m(APIServer pid=214609)[0;0m INFO 09-25 05:27:59 [stats.py:811] +-----------------------------+------------+
[0;36m(APIServer pid=214609)[0;0m INFO 09-25 05:27:59 [stats.py:811] | Field                       |      Value |
[0;36m(APIServer pid=214609)[0;0m INFO 09-25 05:27:59 [stats.py:811] +-----------------------------+------------+
[0;36m(APIServer pid=214609)[0;0m INFO 09-25 05:27:59 [stats.py:811] | e2e_requests                |          1 |
[0;36m(APIServer pid=214609)[0;0m INFO 09-25 05:27:59 [stats.py:811] | e2e_wall_time_ms            | 16,727.476 |
[0;36m(APIServer pid=214609)[0;0m INFO 09-25 05:27:59 [stats.py:811] | e2e_total_tokens            |        779 |
[0;36m(APIServer pid=214609)[0;0m INFO 09-25 05:27:59 [stats.py:811] | e2e_avg_time_per_request_ms | 16,727.476 |
[0;36m(APIServer pid=214609)[0;0m INFO 09-25 05:27:59 [stats.py:811] | e2e_avg_tokens_per_s        |     46.570 |
[0;36m(APIServer pid=214609)[0;0m INFO 09-25 05:27:59 [stats.py:811] | input_preprocess_time_ms    |      0.092 |
[0;36m(APIServer pid=214609)[0;0m INFO 09-25 05:27:59 [stats.py:811] | e2e_stage_0_wall_time_ms    | 16,687.638 |
[0;36m(APIServer pid=214609)[0;0m INFO 09-25 05:27:59 [stats.py:811] | e2e_stage_1_wall_time_ms    | 16,727.098 |
[0;36m(APIServer pid=214609)[0;0m INFO 09-25 05:27:59 [stats.py:811] +-----------------------------+------------+
[0;36m(APIServer pid=214609)[0;0m INFO 09-25 05:27:59 [stats.py:837] 
[0;36m(APIServer pid=214609)[0;0m INFO 09-25 05:27:59 [stats.py:837] [RequestE2EStats [request_id=speech-b53fa14a5614e860-bb2c181e]]
[0;36m(APIServer pid=214609)[0;0m INFO 09-25 05:27:59 [stats.py:837] +------------------+------------+
[0;36m(APIServer pid=214609)[0;0m INFO 09-25 05:27:59 [stats.py:837] | Field            |      Value |
[0;36m(APIServer pid=214609)[0;0m INFO 09-25 05:27:59 [stats.py:837] +------------------+------------+
[0;36m(APIServer pid=214609)[0;0m INFO 09-25 05:27:59 [stats.py:837] | e2e_total_ms     | 16,727.245 |
[0;36m(APIServer pid=214609)[0;0m INFO 09-25 05:27:59 [stats.py:837] | e2e_total_tokens |        779 |
[0;36m(APIServer pid=214609)[0;0m INFO 09-25 05:27:59 [stats.py:837] +------------------+------------+
[0;36m(APIServer pid=214609)[0;0m INFO 09-25 05:27:59 [stats.py:878] [OmniTiming] req=speech-b53fa14a5614e860-bb2c181e total=16.73s preprocess=0.00s engine=16.73s stages=[0:16.69s,1:16.73s] transfers=[0->1=0.00ms]
[0;36m(APIServer pid=214609)[0;0m INFO 09-25 05:27:59 [stats.py:920] 
[0;36m(APIServer pid=214609)[0;0m INFO 09-25 05:27:59 [stats.py:920] [StageRequestStats [request_id=speech-b53fa14a5614e860-bb2c181e]]
[0;36m(APIServer pid=214609)[0;0m INFO 09-25 05:27:59 [stats.py:920] +---------------------------------+----------------+----------------+
[0;36m(APIServer pid=214609)[0;0m INFO 09-25 05:27:59 [stats.py:920] | Field                           |              0 |              1 |
[0;36m(APIServer pid=214609)[0;0m INFO 09-25 05:27:59 [stats.py:920] +---------------------------------+----------------+----------------+
[0;36m(APIServer pid=214609)[0;0m INFO 09-25 05:27:59 [stats.py:920] | audio_duration_s                |          0.000 |         33.440 |
[0;36m(APIServer pid=214609)[0;0m INFO 09-25 05:27:59 [stats.py:920] | audio_generated_frames          |              0 |        802,560 |
[0;36m(APIServer pid=214609)[0;0m INFO 09-25 05:27:59 [stats.py:920] | audio_sample_rate               |              0 |         24,000 |
[0;36m(APIServer pid=214609)[0;0m INFO 09-25 05:27:59 [stats.py:920] | batch_id                        |          2,512 |          2,593 |
[0;36m(APIServer pid=214609)[0;0m INFO 09-25 05:27:59 [stats.py:920] | batch_size                      |              1 |              1 |
[0;36m(APIServer pid=214609)[0;0m INFO 09-25 05:27:59 [stats.py:920] | inter_output_latencies_ms       |                |                |
[0;36m(APIServer pid=214609)[0;0m INFO 09-25 05:27:59 [stats.py:920] | num_tokens_in                   |            360 |              0 |
[0;36m(APIServer pid=214609)[0;0m INFO 09-25 05:27:59 [stats.py:920] | num_tokens_out                  |            419 |              0 |
[0;36m(APIServer pid=214609)[0;0m INFO 09-25 05:27:59 [stats.py:920] | output_unit_count               |            419 |        802,560 |
[0;36m(APIServer pid=214609)[0;0m INFO 09-25 05:27:59 [stats.py:920] | output_unit_type                |         stream |          audio |
[0;36m(APIServer pid=214609)[0;0m INFO 09-25 05:27:59 [stats.py:920] | serving_time_to_first_output_ms |     16,687.152 |     16,726.599 |
[0;36m(APIServer pid=214609)[0;0m INFO 09-25 05:27:59 [stats.py:920] | stage_gen_time_ms               |     16,686.911 |     16,726.319 |
[0;36m(APIServer pid=214609)[0;0m INFO 09-25 05:27:59 [stats.py:920] | time_per_output_unit_ms         |          0.000 |          0.000 |
[0;36m(APIServer pid=214609)[0;0m INFO 09-25 05:27:59 [stats.py:920] | vllm_itl_ms                     |         39.656 |        960.907 |
[0;36m(APIServer pid=214609)[0;0m INFO 09-25 05:27:59 [stats.py:920] | vllm_itls_ms                    | 39.656 (n=418) | 960.907 (n=17) |
[0;36m(APIServer pid=214609)[0;0m INFO 09-25 05:27:59 [stats.py:920] | vllm_tpot_ms                    |         39.656 |          0.000 |
[0;36m(APIServer pid=214609)[0;0m INFO 09-25 05:27:59 [stats.py:920] | vllm_ttft_ms                    |        113.221 |        392.736 |
[0;36m(APIServer pid=214609)[0;0m INFO 09-25 05:27:59 [stats.py:920] +---------------------------------+----------------+----------------+
[0;36m(APIServer pid=214609)[0;0m INFO 09-25 05:27:59 [serving_speech.py:3646] [SpeechE2E] request_id=speech-b53fa14a5614e860 stream=false status=ok total_ms=16740.05 response_bytes=1605164
[0;36m(APIServer pid=214609)[0;0m INFO:     127.0.0.1:35162 - "POST /v1/audio/speech HTTP/1.1" 200 OK
[0;36m(APIServer pid=214609)[0;0m INFO 09-25 05:28:00 [stats.py:811] 
[0;36m(APIServer pid=214609)[0;0m INFO 09-25 05:28:00 [stats.py:811] [Overall Summary]
[0;36m(APIServer pid=214609)[0;0m INFO 09-25 05:28:00 [stats.py:811] +-----------------------------+------------+
[0;36m(APIServer pid=214609)[0;0m INFO 09-25 05:28:00 [stats.py:811] | Field                       |      Value |
[0;36m(APIServer pid=214609)[0;0m INFO 09-25 05:28:00 [stats.py:811] +-----------------------------+------------+
[0;36m(APIServer pid=214609)[0;0m INFO 09-25 05:28:00 [stats.py:811] | e2e_requests                |          1 |
[0;36m(APIServer pid=214609)[0;0m INFO 09-25 05:28:00 [stats.py:811] | e2e_wall_time_ms            | 17,806.146 |
[0;36m(APIServer pid=214609)[0;0m INFO 09-25 05:28:00 [stats.py:811] | e2e_total_tokens            |        807 |
[0;36m(APIServer pid=214609)[0;0m INFO 09-25 05:28:00 [stats.py:811] | e2e_avg_time_per_request_ms | 17,806.146 |
[0;36m(APIServer pid=214609)[0;0m INFO 09-25 05:28:00 [stats.py:811] | e2e_avg_tokens_per_s        |     45.321 |
[0;36m(APIServer pid=214609)[0;0m INFO 09-25 05:28:00 [stats.py:811] | input_preprocess_time_ms    |      0.056 |
[0;36m(APIServer pid=214609)[0;0m INFO 09-25 05:28:00 [stats.py:811] | e2e_stage_0_wall_time_ms    | 17,766.035 |
[0;36m(APIServer pid=214609)[0;0m INFO 09-25 05:28:00 [stats.py:811] | e2e_stage_1_wall_time_ms    | 17,805.844 |
[0;36m(APIServer pid=214609)[0;0m INFO 09-25 05:28:00 [stats.py:811] +-----------------------------+------------+
[0;36m(APIServer pid=214609)[0;0m INFO 09-25 05:28:00 [stats.py:837] 
[0;36m(APIServer pid=214609)[0;0m INFO 09-25 05:28:00 [stats.py:837] [RequestE2EStats [request_id=speech-96733bb5fd021c51-9146af9d]]
[0;36m(APIServer pid=214609)[0;0m INFO 09-25 05:28:00 [stats.py:837] +------------------+------------+
[0;36m(APIServer pid=214609)[0;0m INFO 09-25 05:28:00 [stats.py:837] | Field            |      Value |
[0;36m(APIServer pid=214609)[0;0m INFO 09-25 05:28:00 [stats.py:837] +------------------+------------+
[0;36m(APIServer pid=214609)[0;0m INFO 09-25 05:28:00 [stats.py:837] | e2e_total_ms     | 17,806.019 |
[0;36m(APIServer pid=214609)[0;0m INFO 09-25 05:28:00 [stats.py:837] | e2e_total_tokens |        807 |
[0;36m(APIServer pid=214609)[0;0m INFO 09-25 05:28:00 [stats.py:837] +------------------+------------+
[0;36m(APIServer pid=214609)[0;0m INFO 09-25 05:28:00 [stats.py:878] [OmniTiming] req=speech-96733bb5fd021c51-9146af9d total=17.81s preprocess=0.00s engine=17.81s stages=[0:17.77s,1:17.81s] transfers=[0->1=0.00ms]
[0;36m(APIServer pid=214609)[0;0m INFO 09-25 05:28:00 [stats.py:920] 
[0;36m(APIServer pid=214609)[0;0m INFO 09-25 05:28:00 [stats.py:920] [StageRequestStats [request_id=speech-96733bb5fd021c51-9146af9d]]
[0;36m(APIServer pid=214609)[0;0m INFO 09-25 05:28:00 [stats.py:920] +---------------------------------+----------------+----------------+
[0;36m(APIServer pid=214609)[0;0m INFO 09-25 05:28:00 [stats.py:920] | Field                           |              0 |              1 |
[0;36m(APIServer pid=214609)[0;0m INFO 09-25 05:28:00 [stats.py:920] +---------------------------------+----------------+----------------+
[0;36m(APIServer pid=214609)[0;0m INFO 09-25 05:28:00 [stats.py:920] | audio_duration_s                |          0.000 |         35.680 |
[0;36m(APIServer pid=214609)[0;0m INFO 09-25 05:28:00 [stats.py:920] | audio_generated_frames          |              0 |        856,320 |
[0;36m(APIServer pid=214609)[0;0m INFO 09-25 05:28:00 [stats.py:920] | audio_sample_rate               |              0 |         24,000 |
[0;36m(APIServer pid=214609)[0;0m INFO 09-25 05:28:00 [stats.py:920] | batch_id                        |          2,513 |          2,594 |
[0;36m(APIServer pid=214609)[0;0m INFO 09-25 05:28:00 [stats.py:920] | batch_size                      |              1 |              1 |
[0;36m(APIServer pid=214609)[0;0m INFO 09-25 05:28:00 [stats.py:920] | inter_output_latencies_ms       |                |                |
[0;36m(APIServer pid=214609)[0;0m INFO 09-25 05:28:00 [stats.py:920] | num_tokens_in                   |            360 |              0 |
[0;36m(APIServer pid=214609)[0;0m INFO 09-25 05:28:00 [stats.py:920] | num_tokens_out                  |            447 |              0 |
[0;36m(APIServer pid=214609)[0;0m INFO 09-25 05:28:00 [stats.py:920] | output_unit_count               |            447 |        856,320 |
[0;36m(APIServer pid=214609)[0;0m INFO 09-25 05:28:00 [stats.py:920] | output_unit_type                |         stream |          audio |
[0;36m(APIServer pid=214609)[0;0m INFO 09-25 05:28:00 [stats.py:920] | serving_time_to_first_output_ms |     17,765.887 |     17,805.485 |
[0;36m(APIServer pid=214609)[0;0m INFO 09-25 05:28:00 [stats.py:920] | stage_gen_time_ms               |     17,765.726 |     17,805.295 |
[0;36m(APIServer pid=214609)[0;0m INFO 09-25 05:28:00 [stats.py:920] | time_per_output_unit_ms         |          0.000 |          0.000 |
[0;36m(APIServer pid=214609)[0;0m INFO 09-25 05:28:00 [stats.py:920] | vllm_itl_ms                     |         39.608 |        976.540 |
[0;36m(APIServer pid=214609)[0;0m INFO 09-25 05:28:00 [stats.py:920] | vllm_itls_ms                    | 39.608 (n=446) | 976.540 (n=18) |
[0;36m(APIServer pid=214609)[0;0m INFO 09-25 05:28:00 [stats.py:920] | vllm_tpot_ms                    |         39.608 |          0.000 |
[0;36m(APIServer pid=214609)[0;0m INFO 09-25 05:28:00 [stats.py:920] | vllm_ttft_ms                    |         99.938 |        225.815 |
[0;36m(APIServer pid=214609)[0;0m INFO 09-25 05:28:00 [stats.py:920] +---------------------------------+----------------+----------------+
[0;36m(APIServer pid=214609)[0;0m INFO 09-25 05:28:00 [serving_speech.py:3646] [SpeechE2E] request_id=speech-96733bb5fd021c51 stream=false status=ok total_ms=17819.37 response_bytes=1712684
[0;36m(APIServer pid=214609)[0;0m INFO:     127.0.0.1:35052 - "POST /v1/audio/speech HTTP/1.1" 200 OK
[0;36m(APIServer pid=214609)[0;0m INFO 09-25 05:28:00 [stats.py:811] 
[0;36m(APIServer pid=214609)[0;0m INFO 09-25 05:28:00 [stats.py:811] [Overall Summary]
[0;36m(APIServer pid=214609)[0;0m INFO 09-25 05:28:00 [stats.py:811] +-----------------------------+------------+
[0;36m(APIServer pid=214609)[0;0m INFO 09-25 05:28:00 [stats.py:811] | Field                       |      Value |
[0;36m(APIServer pid=214609)[0;0m INFO 09-25 05:28:00 [stats.py:811] +-----------------------------+------------+
[0;36m(APIServer pid=214609)[0;0m INFO 09-25 05:28:00 [stats.py:811] | e2e_requests                |          1 |
[0;36m(APIServer pid=214609)[0;0m INFO 09-25 05:28:00 [stats.py:811] | e2e_wall_time_ms            | 16,735.739 |
[0;36m(APIServer pid=214609)[0;0m INFO 09-25 05:28:00 [stats.py:811] | e2e_total_tokens            |        792 |
[0;36m(APIServer pid=214609)[0;0m INFO 09-25 05:28:00 [stats.py:811] | e2e_avg_time_per_request_ms | 16,735.739 |
[0;36m(APIServer pid=214609)[0;0m INFO 09-25 05:28:00 [stats.py:811] | e2e_avg_tokens_per_s        |     47.324 |
[0;36m(APIServer pid=214609)[0;0m INFO 09-25 05:28:00 [stats.py:811] | input_preprocess_time_ms    |      0.058 |
[0;36m(APIServer pid=214609)[0;0m INFO 09-25 05:28:00 [stats.py:811] | e2e_stage_0_wall_time_ms    | 16,699.052 |
[0;36m(APIServer pid=214609)[0;0m INFO 09-25 05:28:00 [stats.py:811] | e2e_stage_1_wall_time_ms    | 16,735.442 |
[0;36m(APIServer pid=214609)[0;0m INFO 09-25 05:28:00 [stats.py:811] +-----------------------------+------------+
[0;36m(APIServer pid=214609)[0;0m INFO 09-25 05:28:00 [stats.py:837] 
[0;36m(APIServer pid=214609)[0;0m INFO 09-25 05:28:00 [stats.py:837] [RequestE2EStats [request_id=speech-98abeaf6db120778-a31cdaa8]]
[0;36m(APIServer pid=214609)[0;0m INFO 09-25 05:28:00 [stats.py:837] +------------------+------------+
[0;36m(APIServer pid=214609)[0;0m INFO 09-25 05:28:00 [stats.py:837] | Field            |      Value |
[0;36m(APIServer pid=214609)[0;0m INFO 09-25 05:28:00 [stats.py:837] +------------------+------------+
[0;36m(APIServer pid=214609)[0;0m INFO 09-25 05:28:00 [stats.py:837] | e2e_total_ms     | 16,735.610 |
[0;36m(APIServer pid=214609)[0;0m INFO 09-25 05:28:00 [stats.py:837] | e2e_total_tokens |        792 |
[0;36m(APIServer pid=214609)[0;0m INFO 09-25 05:28:00 [stats.py:837] +------------------+------------+
[0;36m(APIServer pid=214609)[0;0m INFO 09-25 05:28:00 [stats.py:878] [OmniTiming] req=speech-98abeaf6db120778-a31cdaa8 total=16.74s preprocess=0.00s engine=16.74s stages=[0:16.70s,1:16.74s] transfers=[0->1=0.00ms]
[0;36m(APIServer pid=214609)[0;0m INFO 09-25 05:28:00 [stats.py:920] 
[0;36m(APIServer pid=214609)[0;0m INFO 09-25 05:28:00 [stats.py:920] [StageRequestStats [request_id=speech-98abeaf6db120778-a31cdaa8]]
[0;36m(APIServer pid=214609)[0;0m INFO 09-25 05:28:00 [stats.py:920] +---------------------------------+----------------+----------------+
[0;36m(APIServer pid=214609)[0;0m INFO 09-25 05:28:00 [stats.py:920] | Field                           |              0 |              1 |
[0;36m(APIServer pid=214609)[0;0m INFO 09-25 05:28:00 [stats.py:920] +---------------------------------+----------------+----------------+
[0;36m(APIServer pid=214609)[0;0m INFO 09-25 05:28:00 [stats.py:920] | audio_duration_s                |          0.000 |         34.480 |
[0;36m(APIServer pid=214609)[0;0m INFO 09-25 05:28:00 [stats.py:920] | audio_generated_frames          |              0 |        827,520 |
[0;36m(APIServer pid=214609)[0;0m INFO 09-25 05:28:00 [stats.py:920] | audio_sample_rate               |              0 |         24,000 |
[0;36m(APIServer pid=214609)[0;0m INFO 09-25 05:28:00 [stats.py:920] | batch_id                        |          2,514 |          2,595 |
[0;36m(APIServer pid=214609)[0;0m INFO 09-25 05:28:00 [stats.py:920] | batch_size                      |              1 |              1 |
[0;36m(APIServer pid=214609)[0;0m INFO 09-25 05:28:00 [stats.py:920] | inter_output_latencies_ms       |                |                |
[0;36m(APIServer pid=214609)[0;0m INFO 09-25 05:28:00 [stats.py:920] | num_tokens_in                   |            360 |              0 |
[0;36m(APIServer pid=214609)[0;0m INFO 09-25 05:28:00 [stats.py:920] | num_tokens_out                  |            432 |              0 |
[0;36m(APIServer pid=214609)[0;0m INFO 09-25 05:28:00 [stats.py:920] | output_unit_count               |            432 |        827,520 |
[0;36m(APIServer pid=214609)[0;0m INFO 09-25 05:28:00 [stats.py:920] | output_unit_type                |         stream |          audio |
[0;36m(APIServer pid=214609)[0;0m INFO 09-25 05:28:00 [stats.py:920] | serving_time_to_first_output_ms |     16,699.036 |     16,735.278 |
[0;36m(APIServer pid=214609)[0;0m INFO 09-25 05:28:00 [stats.py:920] | stage_gen_time_ms               |     16,698.878 |     16,735.085 |
[0;36m(APIServer pid=214609)[0;0m INFO 09-25 05:28:00 [stats.py:920] | time_per_output_unit_ms         |          0.000 |          0.000 |
[0;36m(APIServer pid=214609)[0;0m INFO 09-25 05:28:00 [stats.py:920] | vllm_itl_ms                     |         38.533 |        915.840 |
[0;36m(APIServer pid=214609)[0;0m INFO 09-25 05:28:00 [stats.py:920] | vllm_itls_ms                    | 38.533 (n=431) | 915.840 (n=18) |
[0;36m(APIServer pid=214609)[0;0m INFO 09-25 05:28:00 [stats.py:920] | vllm_tpot_ms                    |         38.533 |          0.000 |
[0;36m(APIServer pid=214609)[0;0m INFO 09-25 05:28:00 [stats.py:920] | vllm_ttft_ms                    |         93.457 |        249.789 |
[0;36m(APIServer pid=214609)[0;0m INFO 09-25 05:28:00 [stats.py:920] +---------------------------------+----------------+----------------+
[0;36m(APIServer pid=214609)[0;0m INFO 09-25 05:28:00 [serving_speech.py:3646] [SpeechE2E] request_id=speech-98abeaf6db120778 stream=false status=ok total_ms=16746.35 response_bytes=1655084
[0;36m(APIServer pid=214609)[0;0m INFO:     127.0.0.1:35070 - "POST /v1/audio/speech HTTP/1.1" 200 OK
[0;36m(APIServer pid=214609)[0;0m INFO 09-25 05:28:00 [stats.py:811] 
[0;36m(APIServer pid=214609)[0;0m INFO 09-25 05:28:00 [stats.py:811] [Overall Summary]
[0;36m(APIServer pid=214609)[0;0m INFO 09-25 05:28:00 [stats.py:811] +-----------------------------+------------+
[0;36m(APIServer pid=214609)[0;0m INFO 09-25 05:28:00 [stats.py:811] | Field                       |      Value |
[0;36m(APIServer pid=214609)[0;0m INFO 09-25 05:28:00 [stats.py:811] +-----------------------------+------------+
[0;36m(APIServer pid=214609)[0;0m INFO 09-25 05:28:00 [stats.py:811] | e2e_requests                |          1 |
[0;36m(APIServer pid=214609)[0;0m INFO 09-25 05:28:00 [stats.py:811] | e2e_wall_time_ms            | 15,325.247 |
[0;36m(APIServer pid=214609)[0;0m INFO 09-25 05:28:00 [stats.py:811] | e2e_total_tokens            |        761 |
[0;36m(APIServer pid=214609)[0;0m INFO 09-25 05:28:00 [stats.py:811] | e2e_avg_time_per_request_ms | 15,325.247 |
[0;36m(APIServer pid=214609)[0;0m INFO 09-25 05:28:00 [stats.py:811] | e2e_avg_tokens_per_s        |     49.657 |
[0;36m(APIServer pid=214609)[0;0m INFO 09-25 05:28:00 [stats.py:811] | input_preprocess_time_ms    |      0.054 |
[0;36m(APIServer pid=214609)[0;0m INFO 09-25 05:28:00 [stats.py:811] | e2e_stage_0_wall_time_ms    | 15,260.940 |
[0;36m(APIServer pid=214609)[0;0m INFO 09-25 05:28:00 [stats.py:811] | e2e_stage_1_wall_time_ms    | 15,324.951 |
[0;36m(APIServer pid=214609)[0;0m INFO 09-25 05:28:00 [stats.py:811] +-----------------------------+------------+
[0;36m(APIServer pid=214609)[0;0m INFO 09-25 05:28:00 [stats.py:837] 
[0;36m(APIServer pid=214609)[0;0m INFO 09-25 05:28:00 [stats.py:837] [RequestE2EStats [request_id=speech-9c8d53609c275ccd-ad874796]]
[0;36m(APIServer pid=214609)[0;0m INFO 09-25 05:28:00 [stats.py:837] +------------------+------------+
[0;36m(APIServer pid=214609)[0;0m INFO 09-25 05:28:00 [stats.py:837] | Field            |      Value |
[0;36m(APIServer pid=214609)[0;0m INFO 09-25 05:28:00 [stats.py:837] +------------------+------------+
[0;36m(APIServer pid=214609)[0;0m INFO 09-25 05:28:00 [stats.py:837] | e2e_total_ms     | 15,325.122 |
[0;36m(APIServer pid=214609)[0;0m INFO 09-25 05:28:00 [stats.py:837] | e2e_total_tokens |        761 |
[0;36m(APIServer pid=214609)[0;0m INFO 09-25 05:28:00 [stats.py:837] +------------------+------------+
[0;36m(APIServer pid=214609)[0;0m INFO 09-25 05:28:00 [stats.py:878] [OmniTiming] req=speech-9c8d53609c275ccd-ad874796 total=15.33s preprocess=0.00s engine=15.33s stages=[0:15.26s,1:15.32s] transfers=[0->1=0.00ms]
[0;36m(APIServer pid=214609)[0;0m INFO 09-25 05:28:00 [stats.py:920] 
[0;36m(APIServer pid=214609)[0;0m INFO 09-25 05:28:00 [stats.py:920] [StageRequestStats [request_id=speech-9c8d53609c275ccd-ad874796]]
[0;36m(APIServer pid=214609)[0;0m INFO 09-25 05:28:00 [stats.py:920] +---------------------------------+----------------+----------------+
[0;36m(APIServer pid=214609)[0;0m INFO 09-25 05:28:00 [stats.py:920] | Field                           |              0 |              1 |
[0;36m(APIServer pid=214609)[0;0m INFO 09-25 05:28:00 [stats.py:920] +---------------------------------+----------------+----------------+
[0;36m(APIServer pid=214609)[0;0m INFO 09-25 05:28:00 [stats.py:920] | audio_duration_s                |          0.000 |         32.000 |
[0;36m(APIServer pid=214609)[0;0m INFO 09-25 05:28:00 [stats.py:920] | audio_generated_frames          |              0 |        768,000 |
[0;36m(APIServer pid=214609)[0;0m INFO 09-25 05:28:00 [stats.py:920] | audio_sample_rate               |              0 |         24,000 |
[0;36m(APIServer pid=214609)[0;0m INFO 09-25 05:28:00 [stats.py:920] | batch_id                        |          2,515 |          2,596 |
[0;36m(APIServer pid=214609)[0;0m INFO 09-25 05:28:00 [stats.py:920] | batch_size                      |              1 |              1 |
[0;36m(APIServer pid=214609)[0;0m INFO 09-25 05:28:00 [stats.py:920] | inter_output_latencies_ms       |                |                |
[0;36m(APIServer pid=214609)[0;0m INFO 09-25 05:28:00 [stats.py:920] | num_tokens_in                   |            360 |              0 |
[0;36m(APIServer pid=214609)[0;0m INFO 09-25 05:28:00 [stats.py:920] | num_tokens_out                  |            401 |              0 |
[0;36m(APIServer pid=214609)[0;0m INFO 09-25 05:28:00 [stats.py:920] | output_unit_count               |            401 |        768,000 |
[0;36m(APIServer pid=214609)[0;0m INFO 09-25 05:28:00 [stats.py:920] | output_unit_type                |         stream |          audio |
[0;36m(APIServer pid=214609)[0;0m INFO 09-25 05:28:00 [stats.py:920] | serving_time_to_first_output_ms |     15,258.617 |     15,324.840 |
[0;36m(APIServer pid=214609)[0;0m INFO 09-25 05:28:00 [stats.py:920] | stage_gen_time_ms               |     15,258.448 |     15,324.637 |
[0;36m(APIServer pid=214609)[0;0m INFO 09-25 05:28:00 [stats.py:920] | time_per_output_unit_ms         |          0.000 |          0.000 |
[0;36m(APIServer pid=214609)[0;0m INFO 09-25 05:28:00 [stats.py:920] | vllm_itl_ms                     |         37.899 |        942.369 |
[0;36m(APIServer pid=214609)[0;0m INFO 09-25 05:28:00 [stats.py:920] | vllm_itls_ms                    | 37.899 (n=400) | 942.369 (n=16) |
[0;36m(APIServer pid=214609)[0;0m INFO 09-25 05:28:00 [stats.py:920] | vllm_tpot_ms                    |         37.899 |          0.000 |
[0;36m(APIServer pid=214609)[0;0m INFO 09-25 05:28:00 [stats.py:920] | vllm_ttft_ms                    |        101.305 |        244.499 |
[0;36m(APIServer pid=214609)[0;0m INFO 09-25 05:28:00 [stats.py:920] +---------------------------------+----------------+----------------+
[0;36m(APIServer pid=214609)[0;0m INFO 09-25 05:28:00 [serving_speech.py:3646] [SpeechE2E] request_id=speech-9c8d53609c275ccd stream=false status=ok total_ms=15334.38 response_bytes=1536044
[0;36m(APIServer pid=214609)[0;0m INFO:     127.0.0.1:35030 - "POST /v1/audio/speech HTTP/1.1" 200 OK
[0;36m(APIServer pid=214609)[0;0m INFO 09-25 05:28:00 [stats.py:811] 
[0;36m(APIServer pid=214609)[0;0m INFO 09-25 05:28:00 [stats.py:811] [Overall Summary]
[0;36m(APIServer pid=214609)[0;0m INFO 09-25 05:28:00 [stats.py:811] +-----------------------------+------------+
[0;36m(APIServer pid=214609)[0;0m INFO 09-25 05:28:00 [stats.py:811] | Field                       |      Value |
[0;36m(APIServer pid=214609)[0;0m INFO 09-25 05:28:00 [stats.py:811] +-----------------------------+------------+
[0;36m(APIServer pid=214609)[0;0m INFO 09-25 05:28:00 [stats.py:811] | e2e_requests                |          1 |
[0;36m(APIServer pid=214609)[0;0m INFO 09-25 05:28:00 [stats.py:811] | e2e_wall_time_ms            | 16,586.955 |
[0;36m(APIServer pid=214609)[0;0m INFO 09-25 05:28:00 [stats.py:811] | e2e_total_tokens            |        790 |
[0;36m(APIServer pid=214609)[0;0m INFO 09-25 05:28:00 [stats.py:811] | e2e_avg_time_per_request_ms | 16,586.955 |
[0;36m(APIServer pid=214609)[0;0m INFO 09-25 05:28:00 [stats.py:811] | e2e_avg_tokens_per_s        |     47.628 |
[0;36m(APIServer pid=214609)[0;0m INFO 09-25 05:28:00 [stats.py:811] | input_preprocess_time_ms    |      0.054 |
[0;36m(APIServer pid=214609)[0;0m INFO 09-25 05:28:00 [stats.py:811] | e2e_stage_0_wall_time_ms    | 16,554.408 |
[0;36m(APIServer pid=214609)[0;0m INFO 09-25 05:28:00 [stats.py:811] | e2e_stage_1_wall_time_ms    | 16,586.659 |
[0;36m(APIServer pid=214609)[0;0m INFO 09-25 05:28:00 [stats.py:811] +-----------------------------+------------+
[0;36m(APIServer pid=214609)[0;0m INFO 09-25 05:28:00 [stats.py:837] 
[0;36m(APIServer pid=214609)[0;0m INFO 09-25 05:28:00 [stats.py:837] [RequestE2EStats [request_id=speech-b06c4b4e9de3c931-b5807358]]
[0;36m(APIServer pid=214609)[0;0m INFO 09-25 05:28:00 [stats.py:837] +------------------+------------+
[0;36m(APIServer pid=214609)[0;0m INFO 09-25 05:28:00 [stats.py:837] | Field            |      Value |
[0;36m(APIServer pid=214609)[0;0m INFO 09-25 05:28:00 [stats.py:837] +------------------+------------+
[0;36m(APIServer pid=214609)[0;0m INFO 09-25 05:28:00 [stats.py:837] | e2e_total_ms     | 16,586.831 |
[0;36m(APIServer pid=214609)[0;0m INFO 09-25 05:28:00 [stats.py:837] | e2e_total_tokens |        790 |
[0;36m(APIServer pid=214609)[0;0m INFO 09-25 05:28:00 [stats.py:837] +------------------+------------+
[0;36m(APIServer pid=214609)[0;0m INFO 09-25 05:28:00 [stats.py:878] [OmniTiming] req=speech-b06c4b4e9de3c931-b5807358 total=16.59s preprocess=0.00s engine=16.59s stages=[0:16.55s,1:16.59s] transfers=[0->1=0.00ms]
[0;36m(APIServer pid=214609)[0;0m INFO 09-25 05:28:00 [stats.py:920] 
[0;36m(APIServer pid=214609)[0;0m INFO 09-25 05:28:00 [stats.py:920] [StageRequestStats [request_id=speech-b06c4b4e9de3c931-b5807358]]
[0;36m(APIServer pid=214609)[0;0m INFO 09-25 05:28:00 [stats.py:920] +---------------------------------+----------------+----------------+
[0;36m(APIServer pid=214609)[0;0m INFO 09-25 05:28:00 [stats.py:920] | Field                           |              0 |              1 |
[0;36m(APIServer pid=214609)[0;0m INFO 09-25 05:28:00 [stats.py:920] +---------------------------------+----------------+----------------+
[0;36m(APIServer pid=214609)[0;0m INFO 09-25 05:28:00 [stats.py:920] | audio_duration_s                |          0.000 |         34.320 |
[0;36m(APIServer pid=214609)[0;0m INFO 09-25 05:28:00 [stats.py:920] | audio_generated_frames          |              0 |        823,680 |
[0;36m(APIServer pid=214609)[0;0m INFO 09-25 05:28:00 [stats.py:920] | audio_sample_rate               |              0 |         24,000 |
[0;36m(APIServer pid=214609)[0;0m INFO 09-25 05:28:00 [stats.py:920] | batch_id                        |          2,516 |          2,597 |
[0;36m(APIServer pid=214609)[0;0m INFO 09-25 05:28:00 [stats.py:920] | batch_size                      |              1 |              1 |
[0;36m(APIServer pid=214609)[0;0m INFO 09-25 05:28:00 [stats.py:920] | inter_output_latencies_ms       |                |                |
[0;36m(APIServer pid=214609)[0;0m INFO 09-25 05:28:00 [stats.py:920] | num_tokens_in                   |            360 |              0 |
[0;36m(APIServer pid=214609)[0;0m INFO 09-25 05:28:00 [stats.py:920] | num_tokens_out                  |            430 |              0 |
[0;36m(APIServer pid=214609)[0;0m INFO 09-25 05:28:00 [stats.py:920] | output_unit_count               |            430 |        823,680 |
[0;36m(APIServer pid=214609)[0;0m INFO 09-25 05:28:00 [stats.py:920] | output_unit_type                |         stream |          audio |
[0;36m(APIServer pid=214609)[0;0m INFO 09-25 05:28:00 [stats.py:920] | serving_time_to_first_output_ms |     16,553.980 |     16,586.628 |
[0;36m(APIServer pid=214609)[0;0m INFO 09-25 05:28:00 [stats.py:920] | stage_gen_time_ms               |     16,553.820 |     16,586.404 |
[0;36m(APIServer pid=214609)[0;0m INFO 09-25 05:28:00 [stats.py:920] | time_per_output_unit_ms         |          0.000 |          0.000 |
[0;36m(APIServer pid=214609)[0;0m INFO 09-25 05:28:00 [stats.py:920] | vllm_itl_ms                     |         38.354 |        910.775 |
[0;36m(APIServer pid=214609)[0;0m INFO 09-25 05:28:00 [stats.py:920] | vllm_itls_ms                    | 38.354 (n=429) | 910.775 (n=18) |
[0;36m(APIServer pid=214609)[0;0m INFO 09-25 05:28:00 [stats.py:920] | vllm_tpot_ms                    |         38.354 |          0.000 |
[0;36m(APIServer pid=214609)[0;0m INFO 09-25 05:28:00 [stats.py:920] | vllm_ttft_ms                    |        102.016 |        193.682 |
[0;36m(APIServer pid=214609)[0;0m INFO 09-25 05:28:00 [stats.py:920] +---------------------------------+----------------+----------------+
[0;36m(APIServer pid=214609)[0;0m INFO 09-25 05:28:00 [serving_speech.py:3646] [SpeechE2E] request_id=speech-b06c4b4e9de3c931 stream=false status=ok total_ms=16595.63 response_bytes=1647404
[0;36m(APIServer pid=214609)[0;0m INFO:     127.0.0.1:35012 - "POST /v1/audio/speech HTTP/1.1" 200 OK
[0;36m(APIServer pid=214609)[0;0m INFO 09-25 05:28:00 [stats.py:811] 
[0;36m(APIServer pid=214609)[0;0m INFO 09-25 05:28:00 [stats.py:811] [Overall Summary]
[0;36m(APIServer pid=214609)[0;0m INFO 09-25 05:28:00 [stats.py:811] +-----------------------------+------------+
[0;36m(APIServer pid=214609)[0;0m INFO 09-25 05:28:00 [stats.py:811] | Field                       |      Value |
[0;36m(APIServer pid=214609)[0;0m INFO 09-25 05:28:00 [stats.py:811] +-----------------------------+------------+
[0;36m(APIServer pid=214609)[0;0m INFO 09-25 05:28:00 [stats.py:811] | e2e_requests                |          1 |
[0;36m(APIServer pid=214609)[0;0m INFO 09-25 05:28:00 [stats.py:811] | e2e_wall_time_ms            | 16,392.497 |
[0;36m(APIServer pid=214609)[0;0m INFO 09-25 05:28:00 [stats.py:811] | e2e_total_tokens            |        797 |
[0;36m(APIServer pid=214609)[0;0m INFO 09-25 05:28:00 [stats.py:811] | e2e_avg_time_per_request_ms | 16,392.497 |
[0;36m(APIServer pid=214609)[0;0m INFO 09-25 05:28:00 [stats.py:811] | e2e_avg_tokens_per_s        |     48.620 |
[0;36m(APIServer pid=214609)[0;0m INFO 09-25 05:28:00 [stats.py:811] | input_preprocess_time_ms    |      0.057 |
[0;36m(APIServer pid=214609)[0;0m INFO 09-25 05:28:00 [stats.py:811] | e2e_stage_0_wall_time_ms    | 16,360.967 |
[0;36m(APIServer pid=214609)[0;0m INFO 09-25 05:28:00 [stats.py:811] | e2e_stage_1_wall_time_ms    | 16,392.167 |
[0;36m(APIServer pid=214609)[0;0m INFO 09-25 05:28:00 [stats.py:811] +-----------------------------+------------+
[0;36m(APIServer pid=214609)[0;0m INFO 09-25 05:28:00 [stats.py:837] 
[0;36m(APIServer pid=214609)[0;0m INFO 09-25 05:28:00 [stats.py:837] [RequestE2EStats [request_id=speech-bcdc22d75b22be07-920e7000]]
[0;36m(APIServer pid=214609)[0;0m INFO 09-25 05:28:00 [stats.py:837] +------------------+------------+
[0;36m(APIServer pid=214609)[0;0m INFO 09-25 05:28:00 [stats.py:837] | Field            |      Value |
[0;36m(APIServer pid=214609)[0;0m INFO 09-25 05:28:00 [stats.py:837] +------------------+------------+
[0;36m(APIServer pid=214609)[0;0m INFO 09-25 05:28:00 [stats.py:837] | e2e_total_ms     | 16,392.370 |
[0;36m(APIServer pid=214609)[0;0m INFO 09-25 05:28:00 [stats.py:837] | e2e_total_tokens |        797 |
[0;36m(APIServer pid=214609)[0;0m INFO 09-25 05:28:00 [stats.py:837] +------------------+------------+
[0;36m(APIServer pid=214609)[0;0m INFO 09-25 05:28:00 [stats.py:878] [OmniTiming] req=speech-bcdc22d75b22be07-920e7000 total=16.39s preprocess=0.00s engine=16.39s stages=[0:16.36s,1:16.39s] transfers=[0->1=0.00ms]
[0;36m(APIServer pid=214609)[0;0m INFO 09-25 05:28:00 [stats.py:920] 
[0;36m(APIServer pid=214609)[0;0m INFO 09-25 05:28:00 [stats.py:920] [StageRequestStats [request_id=speech-bcdc22d75b22be07-920e7000]]
[0;36m(APIServer pid=214609)[0;0m INFO 09-25 05:28:00 [stats.py:920] +---------------------------------+----------------+----------------+
[0;36m(APIServer pid=214609)[0;0m INFO 09-25 05:28:00 [stats.py:920] | Field                           |              0 |              1 |
[0;36m(APIServer pid=214609)[0;0m INFO 09-25 05:28:00 [stats.py:920] +---------------------------------+----------------+----------------+
[0;36m(APIServer pid=214609)[0;0m INFO 09-25 05:28:00 [stats.py:920] | audio_duration_s                |          0.000 |         34.880 |
[0;36m(APIServer pid=214609)[0;0m INFO 09-25 05:28:00 [stats.py:920] | audio_generated_frames          |              0 |        837,120 |
[0;36m(APIServer pid=214609)[0;0m INFO 09-25 05:28:00 [stats.py:920] | audio_sample_rate               |              0 |         24,000 |
[0;36m(APIServer pid=214609)[0;0m INFO 09-25 05:28:00 [stats.py:920] | batch_id                        |          2,517 |          2,598 |
[0;36m(APIServer pid=214609)[0;0m INFO 09-25 05:28:00 [stats.py:920] | batch_size                      |              1 |              1 |
[0;36m(APIServer pid=214609)[0;0m INFO 09-25 05:28:00 [stats.py:920] | inter_output_latencies_ms       |                |                |
[0;36m(APIServer pid=214609)[0;0m INFO 09-25 05:28:00 [stats.py:920] | num_tokens_in                   |            360 |              0 |
[0;36m(APIServer pid=214609)[0;0m INFO 09-25 05:28:00 [stats.py:920] | num_tokens_out                  |            437 |              0 |
[0;36m(APIServer pid=214609)[0;0m INFO 09-25 05:28:00 [stats.py:920] | output_unit_count               |            437 |        837,120 |
[0;36m(APIServer pid=214609)[0;0m INFO 09-25 05:28:00 [stats.py:920] | output_unit_type                |         stream |          audio |
[0;36m(APIServer pid=214609)[0;0m INFO 09-25 05:28:00 [stats.py:920] | serving_time_to_first_output_ms |     16,360.355 |     16,391.309 |
[0;36m(APIServer pid=214609)[0;0m INFO 09-25 05:28:00 [stats.py:920] | stage_gen_time_ms               |     16,360.166 |     16,391.098 |
[0;36m(APIServer pid=214609)[0;0m INFO 09-25 05:28:00 [stats.py:920] | time_per_output_unit_ms         |          0.000 |          0.000 |
[0;36m(APIServer pid=214609)[0;0m INFO 09-25 05:28:00 [stats.py:920] | vllm_itl_ms                     |         37.321 |        896.670 |
[0;36m(APIServer pid=214609)[0;0m INFO 09-25 05:28:00 [stats.py:920] | vllm_itls_ms                    | 37.321 (n=436) | 896.670 (n=18) |
[0;36m(APIServer pid=214609)[0;0m INFO 09-25 05:28:00 [stats.py:920] | vllm_tpot_ms                    |         37.321 |          0.000 |
[0;36m(APIServer pid=214609)[0;0m INFO 09-25 05:28:00 [stats.py:920] | vllm_ttft_ms                    |         88.613 |        251.421 |
[0;36m(APIServer pid=214609)[0;0m INFO 09-25 05:28:00 [stats.py:920] +---------------------------------+----------------+----------------+
[0;36m(APIServer pid=214609)[0;0m INFO 09-25 05:28:00 [serving_speech.py:3646] [SpeechE2E] request_id=speech-bcdc22d75b22be07 stream=false status=ok total_ms=16402.24 response_bytes=1674284
[0;36m(APIServer pid=214609)[0;0m INFO:     127.0.0.1:35156 - "POST /v1/audio/speech HTTP/1.1" 200 OK
[0;36m(APIServer pid=214609)[0;0m INFO 09-25 05:28:01 [stats.py:811] 
[0;36m(APIServer pid=214609)[0;0m INFO 09-25 05:28:01 [stats.py:811] [Overall Summary]
[0;36m(APIServer pid=214609)[0;0m INFO 09-25 05:28:01 [stats.py:811] +-----------------------------+------------+
[0;36m(APIServer pid=214609)[0;0m INFO 09-25 05:28:01 [stats.py:811] | Field                       |      Value |
[0;36m(APIServer pid=214609)[0;0m INFO 09-25 05:28:01 [stats.py:811] +-----------------------------+------------+
[0;36m(APIServer pid=214609)[0;0m INFO 09-25 05:28:01 [stats.py:811] | e2e_requests                |          1 |
[0;36m(APIServer pid=214609)[0;0m INFO 09-25 05:28:01 [stats.py:811] | e2e_wall_time_ms            | 15,152.151 |
[0;36m(APIServer pid=214609)[0;0m INFO 09-25 05:28:01 [stats.py:811] | e2e_total_tokens            |        779 |
[0;36m(APIServer pid=214609)[0;0m INFO 09-25 05:28:01 [stats.py:811] | e2e_avg_time_per_request_ms | 15,152.151 |
[0;36m(APIServer pid=214609)[0;0m INFO 09-25 05:28:01 [stats.py:811] | e2e_avg_tokens_per_s        |     51.412 |
[0;36m(APIServer pid=214609)[0;0m INFO 09-25 05:28:01 [stats.py:811] | input_preprocess_time_ms    |      0.055 |
[0;36m(APIServer pid=214609)[0;0m INFO 09-25 05:28:01 [stats.py:811] | e2e_stage_0_wall_time_ms    | 15,124.442 |
[0;36m(APIServer pid=214609)[0;0m INFO 09-25 05:28:01 [stats.py:811] | e2e_stage_1_wall_time_ms    | 15,151.831 |
[0;36m(APIServer pid=214609)[0;0m INFO 09-25 05:28:01 [stats.py:811] +-----------------------------+------------+
[0;36m(APIServer pid=214609)[0;0m INFO 09-25 05:28:01 [stats.py:837] 
[0;36m(APIServer pid=214609)[0;0m INFO 09-25 05:28:01 [stats.py:837] [RequestE2EStats [request_id=speech-94f2079d6089ac46-90975885]]
[0;36m(APIServer pid=214609)[0;0m INFO 09-25 05:28:01 [stats.py:837] +------------------+------------+
[0;36m(APIServer pid=214609)[0;0m INFO 09-25 05:28:01 [stats.py:837] | Field            |      Value |
[0;36m(APIServer pid=214609)[0;0m INFO 09-25 05:28:01 [stats.py:837] +------------------+------------+
[0;36m(APIServer pid=214609)[0;0m INFO 09-25 05:28:01 [stats.py:837] | e2e_total_ms     | 15,152.016 |
[0;36m(APIServer pid=214609)[0;0m INFO 09-25 05:28:01 [stats.py:837] | e2e_total_tokens |        779 |
[0;36m(APIServer pid=214609)[0;0m INFO 09-25 05:28:01 [stats.py:837] +------------------+------------+
[0;36m(APIServer pid=214609)[0;0m INFO 09-25 05:28:01 [stats.py:878] [OmniTiming] req=speech-94f2079d6089ac46-90975885 total=15.15s preprocess=0.00s engine=15.15s stages=[0:15.12s,1:15.15s] transfers=[0->1=0.00ms]
[0;36m(APIServer pid=214609)[0;0m INFO 09-25 05:28:01 [stats.py:920] 
[0;36m(APIServer pid=214609)[0;0m INFO 09-25 05:28:01 [stats.py:920] [StageRequestStats [request_id=speech-94f2079d6089ac46-90975885]]
[0;36m(APIServer pid=214609)[0;0m INFO 09-25 05:28:01 [stats.py:920] +---------------------------------+----------------+----------------+
[0;36m(APIServer pid=214609)[0;0m INFO 09-25 05:28:01 [stats.py:920] | Field                           |              0 |              1 |
[0;36m(APIServer pid=214609)[0;0m INFO 09-25 05:28:01 [stats.py:920] +---------------------------------+----------------+----------------+
[0;36m(APIServer pid=214609)[0;0m INFO 09-25 05:28:01 [stats.py:920] | audio_duration_s                |          0.000 |         33.440 |
[0;36m(APIServer pid=214609)[0;0m INFO 09-25 05:28:01 [stats.py:920] | audio_generated_frames          |              0 |        802,560 |
[0;36m(APIServer pid=214609)[0;0m INFO 09-25 05:28:01 [stats.py:920] | audio_sample_rate               |              0 |         24,000 |
[0;36m(APIServer pid=214609)[0;0m INFO 09-25 05:28:01 [stats.py:920] | batch_id                        |          2,518 |          2,599 |
[0;36m(APIServer pid=214609)[0;0m INFO 09-25 05:28:01 [stats.py:920] | batch_size                      |              1 |              1 |
[0;36m(APIServer pid=214609)[0;0m INFO 09-25 05:28:01 [stats.py:920] | inter_output_latencies_ms       |                |                |
[0;36m(APIServer pid=214609)[0;0m INFO 09-25 05:28:01 [stats.py:920] | num_tokens_in                   |            360 |              0 |
[0;36m(APIServer pid=214609)[0;0m INFO 09-25 05:28:01 [stats.py:920] | num_tokens_out                  |            419 |              0 |
[0;36m(APIServer pid=214609)[0;0m INFO 09-25 05:28:01 [stats.py:920] | output_unit_count               |            419 |        802,560 |
[0;36m(APIServer pid=214609)[0;0m INFO 09-25 05:28:01 [stats.py:920] | output_unit_type                |         stream |          audio |
[0;36m(APIServer pid=214609)[0;0m INFO 09-25 05:28:01 [stats.py:920] | serving_time_to_first_output_ms |     15,124.323 |     15,150.971 |
[0;36m(APIServer pid=214609)[0;0m INFO 09-25 05:28:01 [stats.py:920] | stage_gen_time_ms               |     15,124.200 |     15,150.784 |
[0;36m(APIServer pid=214609)[0;0m INFO 09-25 05:28:01 [stats.py:920] | time_per_output_unit_ms         |          0.000 |          0.000 |
[0;36m(APIServer pid=214609)[0;0m INFO 09-25 05:28:01 [stats.py:920] | vllm_itl_ms                     |         35.944 |        880.054 |
[0;36m(APIServer pid=214609)[0;0m INFO 09-25 05:28:01 [stats.py:920] | vllm_itls_ms                    | 35.944 (n=418) | 880.054 (n=17) |
[0;36m(APIServer pid=214609)[0;0m INFO 09-25 05:28:01 [stats.py:920] | vllm_tpot_ms                    |         35.944 |          0.000 |
[0;36m(APIServer pid=214609)[0;0m INFO 09-25 05:28:01 [stats.py:920] | vllm_ttft_ms                    |         99.798 |        187.843 |
[0;36m(APIServer pid=214609)[0;0m INFO 09-25 05:28:01 [stats.py:920] +---------------------------------+----------------+----------------+
[0;36m(APIServer pid=214609)[0;0m INFO 09-25 05:28:01 [serving_speech.py:3646] [SpeechE2E] request_id=speech-94f2079d6089ac46 stream=false status=ok total_ms=15164.59 response_bytes=1605164
[0;36m(APIServer pid=214609)[0;0m INFO:     127.0.0.1:35126 - "POST /v1/audio/speech HTTP/1.1" 200 OK
[0;36m(APIServer pid=214609)[0;0m INFO 09-25 05:28:01 [serving_speech.py:3070] TTS speech request speech-aaad32e79b3b637c: model=Base
[0;36m(APIServer pid=214609)[0;0m INFO 09-25 05:28:01 [serving_speech.py:3100] Applied extra_params: {'temperature': 0.9, 'top_k': 50}
[0;36m(APIServer pid=214609)[0;0m INFO 09-25 05:28:02 [stats.py:811] 
[0;36m(APIServer pid=214609)[0;0m INFO 09-25 05:28:02 [stats.py:811] [Overall Summary]
[0;36m(APIServer pid=214609)[0;0m INFO 09-25 05:28:02 [stats.py:811] +-----------------------------+---------+
[0;36m(APIServer pid=214609)[0;0m INFO 09-25 05:28:02 [stats.py:811] | Field                       |   Value |
[0;36m(APIServer pid=214609)[0;0m INFO 09-25 05:28:02 [stats.py:811] +-----------------------------+---------+
[0;36m(APIServer pid=214609)[0;0m INFO 09-25 05:28:02 [stats.py:811] | e2e_requests                |       1 |
[0;36m(APIServer pid=214609)[0;0m INFO 09-25 05:28:02 [stats.py:811] | e2e_wall_time_ms            | 729.422 |
[0;36m(APIServer pid=214609)[0;0m INFO 09-25 05:28:02 [stats.py:811] | e2e_total_tokens            |     408 |
[0;36m(APIServer pid=214609)[0;0m INFO 09-25 05:28:02 [stats.py:811] | e2e_avg_time_per_request_ms | 729.422 |
[0;36m(APIServer pid=214609)[0;0m INFO 09-25 05:28:02 [stats.py:811] | e2e_avg_tokens_per_s        | 559.347 |
[0;36m(APIServer pid=214609)[0;0m INFO 09-25 05:28:02 [stats.py:811] | input_preprocess_time_ms    |   0.068 |
[0;36m(APIServer pid=214609)[0;0m INFO 09-25 05:28:02 [stats.py:811] | e2e_stage_0_wall_time_ms    | 701.675 |
[0;36m(APIServer pid=214609)[0;0m INFO 09-25 05:28:02 [stats.py:811] | e2e_stage_1_wall_time_ms    | 729.099 |
[0;36m(APIServer pid=214609)[0;0m INFO 09-25 05:28:02 [stats.py:811] +-----------------------------+---------+
[0;36m(APIServer pid=214609)[0;0m INFO 09-25 05:28:02 [stats.py:837] 
[0;36m(APIServer pid=214609)[0;0m INFO 09-25 05:28:02 [stats.py:837] [RequestE2EStats [request_id=speech-aaad32e79b3b637c-ac093330]]
[0;36m(APIServer pid=214609)[0;0m INFO 09-25 05:28:02 [stats.py:837] +------------------+---------+
[0;36m(APIServer pid=214609)[0;0m INFO 09-25 05:28:02 [stats.py:837] | Field            |   Value |
[0;36m(APIServer pid=214609)[0;0m INFO 09-25 05:28:02 [stats.py:837] +------------------+---------+
[0;36m(APIServer pid=214609)[0;0m INFO 09-25 05:28:02 [stats.py:837] | e2e_total_ms     | 729.246 |
[0;36m(APIServer pid=214609)[0;0m INFO 09-25 05:28:02 [stats.py:837] | e2e_total_tokens |     408 |
[0;36m(APIServer pid=214609)[0;0m INFO 09-25 05:28:02 [stats.py:837] +------------------+---------+
[0;36m(APIServer pid=214609)[0;0m INFO 09-25 05:28:02 [stats.py:878] [OmniTiming] req=speech-aaad32e79b3b637c-ac093330 total=0.73s preprocess=0.00s engine=0.73s stages=[0:0.70s,1:0.73s] transfers=[0->1=0.00ms]
[0;36m(APIServer pid=214609)[0;0m INFO 09-25 05:28:02 [stats.py:920] 
[0;36m(APIServer pid=214609)[0;0m INFO 09-25 05:28:02 [stats.py:920] [StageRequestStats [request_id=speech-aaad32e79b3b637c-ac093330]]
[0;36m(APIServer pid=214609)[0;0m INFO 09-25 05:28:02 [stats.py:920] +---------------------------------+---------------+---------------+
[0;36m(APIServer pid=214609)[0;0m INFO 09-25 05:28:02 [stats.py:920] | Field                           |             0 |             1 |
[0;36m(APIServer pid=214609)[0;0m INFO 09-25 05:28:02 [stats.py:920] +---------------------------------+---------------+---------------+
[0;36m(APIServer pid=214609)[0;0m INFO 09-25 05:28:02 [stats.py:920] | audio_duration_s                |         0.000 |         3.760 |
[0;36m(APIServer pid=214609)[0;0m INFO 09-25 05:28:02 [stats.py:920] | audio_generated_frames          |             0 |        90,240 |
[0;36m(APIServer pid=214609)[0;0m INFO 09-25 05:28:02 [stats.py:920] | audio_sample_rate               |             0 |        24,000 |
[0;36m(APIServer pid=214609)[0;0m INFO 09-25 05:28:02 [stats.py:920] | batch_id                        |         2,519 |         2,600 |
[0;36m(APIServer pid=214609)[0;0m INFO 09-25 05:28:02 [stats.py:920] | batch_size                      |             1 |             1 |
[0;36m(APIServer pid=214609)[0;0m INFO 09-25 05:28:02 [stats.py:920] | inter_output_latencies_ms       |               |               |
[0;36m(APIServer pid=214609)[0;0m INFO 09-25 05:28:02 [stats.py:920] | num_tokens_in                   |           360 |             0 |
[0;36m(APIServer pid=214609)[0;0m INFO 09-25 05:28:02 [stats.py:920] | num_tokens_out                  |            48 |             0 |
[0;36m(APIServer pid=214609)[0;0m INFO 09-25 05:28:02 [stats.py:920] | output_unit_count               |            48 |        90,240 |
[0;36m(APIServer pid=214609)[0;0m INFO 09-25 05:28:02 [stats.py:920] | output_unit_type                |        stream |         audio |
[0;36m(APIServer pid=214609)[0;0m INFO 09-25 05:28:02 [stats.py:920] | serving_time_to_first_output_ms |       701.496 |       728.331 |
[0;36m(APIServer pid=214609)[0;0m INFO 09-25 05:28:02 [stats.py:920] | stage_gen_time_ms               |       701.393 |       728.091 |
[0;36m(APIServer pid=214609)[0;0m INFO 09-25 05:28:02 [stats.py:920] | time_per_output_unit_ms         |         0.003 |         0.000 |
[0;36m(APIServer pid=214609)[0;0m INFO 09-25 05:28:02 [stats.py:920] | vllm_itl_ms                     |        14.344 |       311.244 |
[0;36m(APIServer pid=214609)[0;0m INFO 09-25 05:28:02 [stats.py:920] | vllm_itls_ms                    | 14.344 (n=47) | 311.244 (n=2) |
[0;36m(APIServer pid=214609)[0;0m INFO 09-25 05:28:02 [stats.py:920] | vllm_tpot_ms                    |        14.344 |         0.000 |
[0;36m(APIServer pid=214609)[0;0m INFO 09-25 05:28:02 [stats.py:920] | vllm_ttft_ms                    |        28.168 |       104.002 |
[0;36m(APIServer pid=214609)[0;0m INFO 09-25 05:28:02 [stats.py:920] +---------------------------------+---------------+---------------+
[0;36m(APIServer pid=214609)[0;0m INFO 09-25 05:28:02 [serving_speech.py:3646] [SpeechE2E] request_id=speech-aaad32e79b3b637c stream=false status=ok total_ms=738.33 response_bytes=180524
[0;36m(APIServer pid=214609)[0;0m INFO:     127.0.0.1:34894 - "POST /v1/audio/speech HTTP/1.1" 200 OK
[0;36m(APIServer pid=214609)[0;0m INFO 09-25 05:28:02 [serving_speech.py:3070] TTS speech request speech-ab7482c2c9b2813c: model=Base
[0;36m(APIServer pid=214609)[0;0m INFO 09-25 05:28:02 [serving_speech.py:3100] Applied extra_params: {'temperature': 0.9, 'top_k': 50}
[0;36m(APIServer pid=214609)[0;0m INFO 09-25 05:28:03 [stats.py:811] 
[0;36m(APIServer pid=214609)[0;0m INFO 09-25 05:28:03 [stats.py:811] [Overall Summary]
[0;36m(APIServer pid=214609)[0;0m INFO 09-25 05:28:03 [stats.py:811] +-----------------------------+---------+
[0;36m(APIServer pid=214609)[0;0m INFO 09-25 05:28:03 [stats.py:811] | Field                       |   Value |
[0;36m(APIServer pid=214609)[0;0m INFO 09-25 05:28:03 [stats.py:811] +-----------------------------+---------+
[0;36m(APIServer pid=214609)[0;0m INFO 09-25 05:28:03 [stats.py:811] | e2e_requests                |       1 |
[0;36m(APIServer pid=214609)[0;0m INFO 09-25 05:28:03 [stats.py:811] | e2e_wall_time_ms            | 787.662 |
[0;36m(APIServer pid=214609)[0;0m INFO 09-25 05:28:03 [stats.py:811] | e2e_total_tokens            |     412 |
[0;36m(APIServer pid=214609)[0;0m INFO 09-25 05:28:03 [stats.py:811] | e2e_avg_time_per_request_ms | 787.662 |
[0;36m(APIServer pid=214609)[0;0m INFO 09-25 05:28:03 [stats.py:811] | e2e_avg_tokens_per_s        | 523.067 |
[0;36m(APIServer pid=214609)[0;0m INFO 09-25 05:28:03 [stats.py:811] | input_preprocess_time_ms    |   0.064 |
[0;36m(APIServer pid=214609)[0;0m INFO 09-25 05:28:03 [stats.py:811] | e2e_stage_0_wall_time_ms    | 761.360 |
[0;36m(APIServer pid=214609)[0;0m INFO 09-25 05:28:03 [stats.py:811] | e2e_stage_1_wall_time_ms    | 787.364 |
[0;36m(APIServer pid=214609)[0;0m INFO 09-25 05:28:03 [stats.py:811] +-----------------------------+---------+
[0;36m(APIServer pid=214609)[0;0m INFO 09-25 05:28:03 [stats.py:837] 
[0;36m(APIServer pid=214609)[0;0m INFO 09-25 05:28:03 [stats.py:837] [RequestE2EStats [request_id=speech-ab7482c2c9b2813c-a9ae3044]]
[0;36m(APIServer pid=214609)[0;0m INFO 09-25 05:28:03 [stats.py:837] +------------------+---------+
[0;36m(APIServer pid=214609)[0;0m INFO 09-25 05:28:03 [stats.py:837] | Field            |   Value |
[0;36m(APIServer pid=214609)[0;0m INFO 09-25 05:28:03 [stats.py:837] +------------------+---------+
[0;36m(APIServer pid=214609)[0;0m INFO 09-25 05:28:03 [stats.py:837] | e2e_total_ms     | 787.499 |
[0;36m(APIServer pid=214609)[0;0m INFO 09-25 05:28:03 [stats.py:837] | e2e_total_tokens |     412 |
[0;36m(APIServer pid=214609)[0;0m INFO 09-25 05:28:03 [stats.py:837] +------------------+---------+
[0;36m(APIServer pid=214609)[0;0m INFO 09-25 05:28:03 [stats.py:878] [OmniTiming] req=speech-ab7482c2c9b2813c-a9ae3044 total=0.79s preprocess=0.00s engine=0.79s stages=[0:0.76s,1:0.79s] transfers=[0->1=0.00ms]
[0;36m(APIServer pid=214609)[0;0m INFO 09-25 05:28:03 [stats.py:920] 
[0;36m(APIServer pid=214609)[0;0m INFO 09-25 05:28:03 [stats.py:920] [StageRequestStats [request_id=speech-ab7482c2c9b2813c-a9ae3044]]
[0;36m(APIServer pid=214609)[0;0m INFO 09-25 05:28:03 [stats.py:920] +---------------------------------+---------------+---------------+
[0;36m(APIServer pid=214609)[0;0m INFO 09-25 05:28:03 [stats.py:920] | Field                           |             0 |             1 |
[0;36m(APIServer pid=214609)[0;0m INFO 09-25 05:28:03 [stats.py:920] +---------------------------------+---------------+---------------+
[0;36m(APIServer pid=214609)[0;0m INFO 09-25 05:28:03 [stats.py:920] | audio_duration_s                |         0.000 |         4.080 |
[0;36m(APIServer pid=214609)[0;0m INFO 09-25 05:28:03 [stats.py:920] | audio_generated_frames          |             0 |        97,920 |
[0;36m(APIServer pid=214609)[0;0m INFO 09-25 05:28:03 [stats.py:920] | audio_sample_rate               |             0 |        24,000 |
[0;36m(APIServer pid=214609)[0;0m INFO 09-25 05:28:03 [stats.py:920] | batch_id                        |         2,520 |         2,601 |
[0;36m(APIServer pid=214609)[0;0m INFO 09-25 05:28:03 [stats.py:920] | batch_size                      |             1 |             1 |
[0;36m(APIServer pid=214609)[0;0m INFO 09-25 05:28:03 [stats.py:920] | inter_output_latencies_ms       |               |               |
[0;36m(APIServer pid=214609)[0;0m INFO 09-25 05:28:03 [stats.py:920] | num_tokens_in                   |           360 |             0 |
[0;36m(APIServer pid=214609)[0;0m INFO 09-25 05:28:03 [stats.py:920] | num_tokens_out                  |            52 |             0 |
[0;36m(APIServer pid=214609)[0;0m INFO 09-25 05:28:03 [stats.py:920] | output_unit_count               |            52 |        97,920 |
[0;36m(APIServer pid=214609)[0;0m INFO 09-25 05:28:03 [stats.py:920] | output_unit_type                |        stream |         audio |
[0;36m(APIServer pid=214609)[0;0m INFO 09-25 05:28:03 [stats.py:920] | serving_time_to_first_output_ms |       761.182 |       787.264 |
[0;36m(APIServer pid=214609)[0;0m INFO 09-25 05:28:03 [stats.py:920] | stage_gen_time_ms               |       761.102 |       787.060 |
[0;36m(APIServer pid=214609)[0;0m INFO 09-25 05:28:03 [stats.py:920] | time_per_output_unit_ms         |         0.003 |         0.000 |
[0;36m(APIServer pid=214609)[0;0m INFO 09-25 05:28:03 [stats.py:920] | vllm_itl_ms                     |        14.348 |       340.355 |
[0;36m(APIServer pid=214609)[0;0m INFO 09-25 05:28:03 [stats.py:920] | vllm_itls_ms                    | 14.348 (n=51) | 340.355 (n=2) |
[0;36m(APIServer pid=214609)[0;0m INFO 09-25 05:28:03 [stats.py:920] | vllm_tpot_ms                    |        14.348 |         0.000 |
[0;36m(APIServer pid=214609)[0;0m INFO 09-25 05:28:03 [stats.py:920] | vllm_ttft_ms                    |        27.985 |       103.651 |
[0;36m(APIServer pid=214609)[0;0m INFO 09-25 05:28:03 [stats.py:920] +---------------------------------+---------------+---------------+
[0;36m(APIServer pid=214609)[0;0m INFO 09-25 05:28:03 [serving_speech.py:3646] [SpeechE2E] request_id=speech-ab7482c2c9b2813c stream=false status=ok total_ms=797.04 response_bytes=195884
[0;36m(APIServer pid=214609)[0;0m INFO:     127.0.0.1:34894 - "POST /v1/audio/speech HTTP/1.1" 200 OK
[0;36m(APIServer pid=214609)[0;0m INFO 09-25 05:28:03 [serving_speech.py:3070] TTS speech request speech-a9a6fecf03eb5c54: model=Base
[0;36m(APIServer pid=214609)[0;0m INFO 09-25 05:28:03 [serving_speech.py:3100] Applied extra_params: {'temperature': 0.9, 'top_k': 50}
[0;36m(APIServer pid=214609)[0;0m INFO 09-25 05:28:03 [serving_speech.py:3070] TTS speech request speech-ab31e7ae18538107: model=Base
[0;36m(APIServer pid=214609)[0;0m INFO 09-25 05:28:03 [serving_speech.py:3100] Applied extra_params: {'temperature': 0.9, 'top_k': 50}
[0;36m(APIServer pid=214609)[0;0m INFO 09-25 05:28:03 [serving_speech.py:3070] TTS speech request speech-a70e2ae9b2dbd911: model=Base
[0;36m(APIServer pid=214609)[0;0m INFO 09-25 05:28:03 [serving_speech.py:3100] Applied extra_params: {'temperature': 0.9, 'top_k': 50}
[0;36m(APIServer pid=214609)[0;0m INFO 09-25 05:28:03 [serving_speech.py:3070] TTS speech request speech-b268226d3040f60d: model=Base
[0;36m(APIServer pid=214609)[0;0m INFO 09-25 05:28:03 [serving_speech.py:3100] Applied extra_params: {'temperature': 0.9, 'top_k': 50}
[0;36m(APIServer pid=214609)[0;0m INFO 09-25 05:28:03 [serving_speech.py:3070] TTS speech request speech-9d3447bc2774704b: model=Base
[0;36m(APIServer pid=214609)[0;0m INFO 09-25 05:28:03 [serving_speech.py:3100] Applied extra_params: {'temperature': 0.9, 'top_k': 50}
[0;36m(APIServer pid=214609)[0;0m INFO 09-25 05:28:03 [serving_speech.py:3070] TTS speech request speech-996645aa6ec263df: model=Base
[0;36m(APIServer pid=214609)[0;0m INFO 09-25 05:28:03 [serving_speech.py:3100] Applied extra_params: {'temperature': 0.9, 'top_k': 50}
[0;36m(APIServer pid=214609)[0;0m INFO 09-25 05:28:03 [serving_speech.py:3070] TTS speech request speech-9c56115daffad2da: model=Base
[0;36m(APIServer pid=214609)[0;0m INFO 09-25 05:28:03 [serving_speech.py:3100] Applied extra_params: {'temperature': 0.9, 'top_k': 50}
[0;36m(APIServer pid=214609)[0;0m INFO 09-25 05:28:03 [serving_speech.py:3070] TTS speech request speech-86c94756e54e498e: model=Base
[0;36m(APIServer pid=214609)[0;0m INFO 09-25 05:28:03 [serving_speech.py:3100] Applied extra_params: {'temperature': 0.9, 'top_k': 50}
[0;36m(APIServer pid=214609)[0;0m INFO 09-25 05:28:03 [serving_speech.py:3070] TTS speech request speech-a269bb27202962a1: model=Base
[0;36m(APIServer pid=214609)[0;0m INFO 09-25 05:28:03 [serving_speech.py:3100] Applied extra_params: {'temperature': 0.9, 'top_k': 50}
[0;36m(APIServer pid=214609)[0;0m INFO 09-25 05:28:03 [serving_speech.py:3070] TTS speech request speech-a9f54ef276d51186: model=Base
[0;36m(APIServer pid=214609)[0;0m INFO 09-25 05:28:03 [serving_speech.py:3100] Applied extra_params: {'temperature': 0.9, 'top_k': 50}
[0;36m(APIServer pid=214609)[0;0m INFO 09-25 05:28:03 [serving_speech.py:3070] TTS speech request speech-b3d7800f24edecd2: model=Base
[0;36m(APIServer pid=214609)[0;0m INFO 09-25 05:28:03 [serving_speech.py:3100] Applied extra_params: {'temperature': 0.9, 'top_k': 50}
[0;36m(APIServer pid=214609)[0;0m INFO 09-25 05:28:03 [serving_speech.py:3070] TTS speech request speech-af266a5e119f3242: model=Base
[0;36m(APIServer pid=214609)[0;0m INFO 09-25 05:28:03 [serving_speech.py:3100] Applied extra_params: {'temperature': 0.9, 'top_k': 50}
[0;36m(APIServer pid=214609)[0;0m INFO 09-25 05:28:03 [serving_speech.py:3070] TTS speech request speech-93d52af86380fb77: model=Base
[0;36m(APIServer pid=214609)[0;0m INFO 09-25 05:28:03 [serving_speech.py:3100] Applied extra_params: {'temperature': 0.9, 'top_k': 50}
[0;36m(APIServer pid=214609)[0;0m INFO 09-25 05:28:03 [serving_speech.py:3070] TTS speech request speech-a48b8bd4e3baea14: model=Base
[0;36m(APIServer pid=214609)[0;0m INFO 09-25 05:28:03 [serving_speech.py:3100] Applied extra_params: {'temperature': 0.9, 'top_k': 50}
[0;36m(APIServer pid=214609)[0;0m INFO 09-25 05:28:03 [serving_speech.py:3070] TTS speech request speech-aabbbd345eb56e98: model=Base
[0;36m(APIServer pid=214609)[0;0m INFO 09-25 05:28:03 [serving_speech.py:3100] Applied extra_params: {'temperature': 0.9, 'top_k': 50}
[0;36m(APIServer pid=214609)[0;0m INFO 09-25 05:28:03 [serving_speech.py:3070] TTS speech request speech-be99a3255a404f6d: model=Base
[0;36m(APIServer pid=214609)[0;0m INFO 09-25 05:28:03 [serving_speech.py:3100] Applied extra_params: {'temperature': 0.9, 'top_k': 50}
[0;36m(APIServer pid=214609)[0;0m INFO 09-25 05:28:18 [stats.py:811] 
[0;36m(APIServer pid=214609)[0;0m INFO 09-25 05:28:18 [stats.py:811] [Overall Summary]
[0;36m(APIServer pid=214609)[0;0m INFO 09-25 05:28:18 [stats.py:811] +-----------------------------+------------+
[0;36m(APIServer pid=214609)[0;0m INFO 09-25 05:28:18 [stats.py:811] | Field                       |      Value |
[0;36m(APIServer pid=214609)[0;0m INFO 09-25 05:28:18 [stats.py:811] +-----------------------------+------------+
[0;36m(APIServer pid=214609)[0;0m INFO 09-25 05:28:18 [stats.py:811] | e2e_requests                |          1 |
[0;36m(APIServer pid=214609)[0;0m INFO 09-25 05:28:18 [stats.py:811] | e2e_wall_time_ms            | 15,059.559 |
[0;36m(APIServer pid=214609)[0;0m INFO 09-25 05:28:18 [stats.py:811] | e2e_total_tokens            |        718 |
[0;36m(APIServer pid=214609)[0;0m INFO 09-25 05:28:18 [stats.py:811] | e2e_avg_time_per_request_ms | 15,059.559 |
[0;36m(APIServer pid=214609)[0;0m INFO 09-25 05:28:18 [stats.py:811] | e2e_avg_tokens_per_s        |     47.677 |
[0;36m(APIServer pid=214609)[0;0m INFO 09-25 05:28:18 [stats.py:811] | input_preprocess_time_ms    |      0.031 |
[0;36m(APIServer pid=214609)[0;0m INFO 09-25 05:28:18 [stats.py:811] | e2e_stage_0_wall_time_ms    | 15,023.923 |
[0;36m(APIServer pid=214609)[0;0m INFO 09-25 05:28:18 [stats.py:811] | e2e_stage_1_wall_time_ms    | 15,057.953 |
[0;36m(APIServer pid=214609)[0;0m INFO 09-25 05:28:18 [stats.py:811] +-----------------------------+------------+
[0;36m(APIServer pid=214609)[0;0m INFO 09-25 05:28:18 [stats.py:837] 
[0;36m(APIServer pid=214609)[0;0m INFO 09-25 05:28:18 [stats.py:837] [RequestE2EStats [request_id=speech-b3d7800f24edecd2-b0c7d380]]
[0;36m(APIServer pid=214609)[0;0m INFO 09-25 05:28:18 [stats.py:837] +------------------+------------+
[0;36m(APIServer pid=214609)[0;0m INFO 09-25 05:28:18 [stats.py:837] | Field            |      Value |
[0;36m(APIServer pid=214609)[0;0m INFO 09-25 05:28:18 [stats.py:837] +------------------+------------+
[0;36m(APIServer pid=214609)[0;0m INFO 09-25 05:28:18 [stats.py:837] | e2e_total_ms     | 15,059.480 |
[0;36m(APIServer pid=214609)[0;0m INFO 09-25 05:28:18 [stats.py:837] | e2e_total_tokens |        718 |
[0;36m(APIServer pid=214609)[0;0m INFO 09-25 05:28:18 [stats.py:837] +------------------+------------+
[0;36m(APIServer pid=214609)[0;0m INFO 09-25 05:28:18 [stats.py:878] [OmniTiming] req=speech-b3d7800f24edecd2-b0c7d380 total=15.06s preprocess=0.00s engine=15.06s stages=[0:15.02s,1:15.06s] transfers=[0->1=0.00ms]
[0;36m(APIServer pid=214609)[0;0m INFO 09-25 05:28:18 [stats.py:920] 
[0;36m(APIServer pid=214609)[0;0m INFO 09-25 05:28:18 [stats.py:920] [StageRequestStats [request_id=speech-b3d7800f24edecd2-b0c7d380]]
[0;36m(APIServer pid=214609)[0;0m INFO 09-25 05:28:18 [stats.py:920] +---------------------------------+----------------+----------------+
[0;36m(APIServer pid=214609)[0;0m INFO 09-25 05:28:18 [stats.py:920] | Field                           |              0 |              1 |
[0;36m(APIServer pid=214609)[0;0m INFO 09-25 05:28:18 [stats.py:920] +---------------------------------+----------------+----------------+
[0;36m(APIServer pid=214609)[0;0m INFO 09-25 05:28:18 [stats.py:920] | audio_duration_s                |          0.000 |         28.560 |
[0;36m(APIServer pid=214609)[0;0m INFO 09-25 05:28:18 [stats.py:920] | audio_generated_frames          |              0 |        685,440 |
[0;36m(APIServer pid=214609)[0;0m INFO 09-25 05:28:18 [stats.py:920] | audio_sample_rate               |              0 |         24,000 |
[0;36m(APIServer pid=214609)[0;0m INFO 09-25 05:28:18 [stats.py:920] | batch_id                        |          2,521 |          2,602 |
[0;36m(APIServer pid=214609)[0;0m INFO 09-25 05:28:18 [stats.py:920] | batch_size                      |              1 |              1 |
[0;36m(APIServer pid=214609)[0;0m INFO 09-25 05:28:18 [stats.py:920] | inter_output_latencies_ms       |                |                |
[0;36m(APIServer pid=214609)[0;0m INFO 09-25 05:28:18 [stats.py:920] | num_tokens_in                   |            360 |              0 |
[0;36m(APIServer pid=214609)[0;0m INFO 09-25 05:28:18 [stats.py:920] | num_tokens_out                  |            358 |              0 |
[0;36m(APIServer pid=214609)[0;0m INFO 09-25 05:28:18 [stats.py:920] | output_unit_count               |            358 |        685,440 |
[0;36m(APIServer pid=214609)[0;0m INFO 09-25 05:28:18 [stats.py:920] | output_unit_type                |         stream |          audio |
[0;36m(APIServer pid=214609)[0;0m INFO 09-25 05:28:18 [stats.py:920] | serving_time_to_first_output_ms |     15,023.315 |     15,059.103 |
[0;36m(APIServer pid=214609)[0;0m INFO 09-25 05:28:18 [stats.py:920] | stage_gen_time_ms               |     15,021.848 |     15,057.593 |
[0;36m(APIServer pid=214609)[0;0m INFO 09-25 05:28:18 [stats.py:920] | time_per_output_unit_ms         |          0.000 |          0.000 |
[0;36m(APIServer pid=214609)[0;0m INFO 09-25 05:28:18 [stats.py:920] | vllm_itl_ms                     |         41.000 |        925.243 |
[0;36m(APIServer pid=214609)[0;0m INFO 09-25 05:28:18 [stats.py:920] | vllm_itls_ms                    | 41.000 (n=357) | 925.243 (n=15) |
[0;36m(APIServer pid=214609)[0;0m INFO 09-25 05:28:18 [stats.py:920] | vllm_tpot_ms                    |         41.000 |          0.000 |
[0;36m(APIServer pid=214609)[0;0m INFO 09-25 05:28:18 [stats.py:920] | vllm_ttft_ms                    |        386.639 |      1,178.491 |
[0;36m(APIServer pid=214609)[0;0m INFO 09-25 05:28:18 [stats.py:920] +---------------------------------+----------------+----------------+
[0;36m(APIServer pid=214609)[0;0m INFO 09-25 05:28:18 [serving_speech.py:3646] [SpeechE2E] request_id=speech-b3d7800f24edecd2 stream=false status=ok total_ms=15103.06 response_bytes=1370924
[0;36m(APIServer pid=214609)[0;0m INFO:     127.0.0.1:35016 - "POST /v1/audio/speech HTTP/1.1" 200 OK
[0;36m(APIServer pid=214609)[0;0m INFO 09-25 05:28:18 [serving_speech.py:3070] TTS speech request speech-8bc30728e706e50a: model=Base
[0;36m(APIServer pid=214609)[0;0m INFO 09-25 05:28:18 [serving_speech.py:3100] Applied extra_params: {'temperature': 0.9, 'top_k': 50}
[0;36m(APIServer pid=214609)[0;0m INFO 09-25 05:28:20 [stats.py:811] 
[0;36m(APIServer pid=214609)[0;0m INFO 09-25 05:28:20 [stats.py:811] [Overall Summary]
[0;36m(APIServer pid=214609)[0;0m INFO 09-25 05:28:20 [stats.py:811] +-----------------------------+------------+
[0;36m(APIServer pid=214609)[0;0m INFO 09-25 05:28:20 [stats.py:811] | Field                       |      Value |
[0;36m(APIServer pid=214609)[0;0m INFO 09-25 05:28:20 [stats.py:811] +-----------------------------+------------+
[0;36m(APIServer pid=214609)[0;0m INFO 09-25 05:28:20 [stats.py:811] | e2e_requests                |          1 |
[0;36m(APIServer pid=214609)[0;0m INFO 09-25 05:28:20 [stats.py:811] | e2e_wall_time_ms            | 17,206.367 |
[0;36m(APIServer pid=214609)[0;0m INFO 09-25 05:28:20 [stats.py:811] | e2e_total_tokens            |        767 |
[0;36m(APIServer pid=214609)[0;0m INFO 09-25 05:28:20 [stats.py:811] | e2e_avg_time_per_request_ms | 17,206.367 |
[0;36m(APIServer pid=214609)[0;0m INFO 09-25 05:28:20 [stats.py:811] | e2e_avg_tokens_per_s        |     44.577 |
[0;36m(APIServer pid=214609)[0;0m INFO 09-25 05:28:20 [stats.py:811] | input_preprocess_time_ms    |      0.057 |
[0;36m(APIServer pid=214609)[0;0m INFO 09-25 05:28:20 [stats.py:811] | e2e_stage_0_wall_time_ms    | 16,849.362 |
[0;36m(APIServer pid=214609)[0;0m INFO 09-25 05:28:20 [stats.py:811] | e2e_stage_1_wall_time_ms    | 17,205.966 |
[0;36m(APIServer pid=214609)[0;0m INFO 09-25 05:28:20 [stats.py:811] +-----------------------------+------------+
[0;36m(APIServer pid=214609)[0;0m INFO 09-25 05:28:20 [stats.py:837] 
[0;36m(APIServer pid=214609)[0;0m INFO 09-25 05:28:20 [stats.py:837] [RequestE2EStats [request_id=speech-a9a6fecf03eb5c54-880e9fed]]
[0;36m(APIServer pid=214609)[0;0m INFO 09-25 05:28:20 [stats.py:837] +------------------+------------+
[0;36m(APIServer pid=214609)[0;0m INFO 09-25 05:28:20 [stats.py:837] | Field            |      Value |
[0;36m(APIServer pid=214609)[0;0m INFO 09-25 05:28:20 [stats.py:837] +------------------+------------+
[0;36m(APIServer pid=214609)[0;0m INFO 09-25 05:28:20 [stats.py:837] | e2e_total_ms     | 17,206.240 |
[0;36m(APIServer pid=214609)[0;0m INFO 09-25 05:28:20 [stats.py:837] | e2e_total_tokens |        767 |
[0;36m(APIServer pid=214609)[0;0m INFO 09-25 05:28:20 [stats.py:837] +------------------+------------+
[0;36m(APIServer pid=214609)[0;0m INFO 09-25 05:28:20 [stats.py:878] [OmniTiming] req=speech-a9a6fecf03eb5c54-880e9fed total=17.21s preprocess=0.00s engine=17.21s stages=[0:16.85s,1:17.21s] transfers=[0->1=0.00ms]
[0;36m(APIServer pid=214609)[0;0m INFO 09-25 05:28:20 [stats.py:920] 
[0;36m(APIServer pid=214609)[0;0m INFO 09-25 05:28:20 [stats.py:920] [StageRequestStats [request_id=speech-a9a6fecf03eb5c54-880e9fed]]
[0;36m(APIServer pid=214609)[0;0m INFO 09-25 05:28:20 [stats.py:920] +---------------------------------+----------------+------------------+
[0;36m(APIServer pid=214609)[0;0m INFO 09-25 05:28:20 [stats.py:920] | Field                           |              0 |                1 |
[0;36m(APIServer pid=214609)[0;0m INFO 09-25 05:28:20 [stats.py:920] +---------------------------------+----------------+------------------+
[0;36m(APIServer pid=214609)[0;0m INFO 09-25 05:28:20 [stats.py:920] | audio_duration_s                |          0.000 |           32.480 |
[0;36m(APIServer pid=214609)[0;0m INFO 09-25 05:28:20 [stats.py:920] | audio_generated_frames          |              0 |          779,520 |
[0;36m(APIServer pid=214609)[0;0m INFO 09-25 05:28:20 [stats.py:920] | audio_sample_rate               |              0 |           24,000 |
[0;36m(APIServer pid=214609)[0;0m INFO 09-25 05:28:20 [stats.py:920] | batch_id                        |          2,522 |            2,603 |
[0;36m(APIServer pid=214609)[0;0m INFO 09-25 05:28:20 [stats.py:920] | batch_size                      |              1 |                1 |
[0;36m(APIServer pid=214609)[0;0m INFO 09-25 05:28:20 [stats.py:920] | inter_output_latencies_ms       |                |                  |
[0;36m(APIServer pid=214609)[0;0m INFO 09-25 05:28:20 [stats.py:920] | num_tokens_in                   |            360 |                0 |
[0;36m(APIServer pid=214609)[0;0m INFO 09-25 05:28:20 [stats.py:920] | num_tokens_out                  |            407 |                0 |
[0;36m(APIServer pid=214609)[0;0m INFO 09-25 05:28:20 [stats.py:920] | output_unit_count               |            407 |          779,520 |
[0;36m(APIServer pid=214609)[0;0m INFO 09-25 05:28:20 [stats.py:920] | output_unit_type                |         stream |            audio |
[0;36m(APIServer pid=214609)[0;0m INFO 09-25 05:28:20 [stats.py:920] | serving_time_to_first_output_ms |     16,848.809 |       17,205.992 |
[0;36m(APIServer pid=214609)[0;0m INFO 09-25 05:28:20 [stats.py:920] | stage_gen_time_ms               |     16,848.597 |       17,205.683 |
[0;36m(APIServer pid=214609)[0;0m INFO 09-25 05:28:20 [stats.py:920] | time_per_output_unit_ms         |          0.000 |            0.000 |
[0;36m(APIServer pid=214609)[0;0m INFO 09-25 05:28:20 [stats.py:920] | vllm_itl_ms                     |         41.426 |        1,005.184 |
[0;36m(APIServer pid=214609)[0;0m INFO 09-25 05:28:20 [stats.py:920] | vllm_itls_ms                    | 41.426 (n=406) | 1,005.184 (n=17) |
[0;36m(APIServer pid=214609)[0;0m INFO 09-25 05:28:20 [stats.py:920] | vllm_tpot_ms                    |         41.426 |            0.000 |
[0;36m(APIServer pid=214609)[0;0m INFO 09-25 05:28:20 [stats.py:920] | vllm_ttft_ms                    |         31.947 |          116.667 |
[0;36m(APIServer pid=214609)[0;0m INFO 09-25 05:28:20 [stats.py:920] +---------------------------------+----------------+------------------+
[0;36m(APIServer pid=214609)[0;0m INFO 09-25 05:28:20 [serving_speech.py:3646] [SpeechE2E] request_id=speech-a9a6fecf03eb5c54 stream=false status=ok total_ms=17218.15 response_bytes=1559084
[0;36m(APIServer pid=214609)[0;0m INFO:     127.0.0.1:34894 - "POST /v1/audio/speech HTTP/1.1" 200 OK
[0;36m(APIServer pid=214609)[0;0m INFO 09-25 05:28:20 [stats.py:811] 
[0;36m(APIServer pid=214609)[0;0m INFO 09-25 05:28:20 [stats.py:811] [Overall Summary]
[0;36m(APIServer pid=214609)[0;0m INFO 09-25 05:28:20 [stats.py:811] +-----------------------------+------------+
[0;36m(APIServer pid=214609)[0;0m INFO 09-25 05:28:20 [stats.py:811] | Field                       |      Value |
[0;36m(APIServer pid=214609)[0;0m INFO 09-25 05:28:20 [stats.py:811] +-----------------------------+------------+
[0;36m(APIServer pid=214609)[0;0m INFO 09-25 05:28:20 [stats.py:811] | e2e_requests                |          1 |
[0;36m(APIServer pid=214609)[0;0m INFO 09-25 05:28:20 [stats.py:811] | e2e_wall_time_ms            | 17,153.481 |
[0;36m(APIServer pid=214609)[0;0m INFO 09-25 05:28:20 [stats.py:811] | e2e_total_tokens            |        764 |
[0;36m(APIServer pid=214609)[0;0m INFO 09-25 05:28:20 [stats.py:811] | e2e_avg_time_per_request_ms | 17,153.481 |
[0;36m(APIServer pid=214609)[0;0m INFO 09-25 05:28:20 [stats.py:811] | e2e_avg_tokens_per_s        |     44.539 |
[0;36m(APIServer pid=214609)[0;0m INFO 09-25 05:28:20 [stats.py:811] | input_preprocess_time_ms    |      0.042 |
[0;36m(APIServer pid=214609)[0;0m INFO 09-25 05:28:20 [stats.py:811] | e2e_stage_0_wall_time_ms    | 16,857.463 |
[0;36m(APIServer pid=214609)[0;0m INFO 09-25 05:28:20 [stats.py:811] | e2e_stage_1_wall_time_ms    | 17,151.608 |
[0;36m(APIServer pid=214609)[0;0m INFO 09-25 05:28:20 [stats.py:811] +-----------------------------+------------+
[0;36m(APIServer pid=214609)[0;0m INFO 09-25 05:28:20 [stats.py:837] 
[0;36m(APIServer pid=214609)[0;0m INFO 09-25 05:28:20 [stats.py:837] [RequestE2EStats [request_id=speech-996645aa6ec263df-bd2ceccb]]
[0;36m(APIServer pid=214609)[0;0m INFO 09-25 05:28:20 [stats.py:837] +------------------+------------+
[0;36m(APIServer pid=214609)[0;0m INFO 09-25 05:28:20 [stats.py:837] | Field            |      Value |
[0;36m(APIServer pid=214609)[0;0m INFO 09-25 05:28:20 [stats.py:837] +------------------+------------+
[0;36m(APIServer pid=214609)[0;0m INFO 09-25 05:28:20 [stats.py:837] | e2e_total_ms     | 17,153.383 |
[0;36m(APIServer pid=214609)[0;0m INFO 09-25 05:28:20 [stats.py:837] | e2e_total_tokens |        764 |
[0;36m(APIServer pid=214609)[0;0m INFO 09-25 05:28:20 [stats.py:837] +------------------+------------+
[0;36m(APIServer pid=214609)[0;0m INFO 09-25 05:28:20 [stats.py:878] [OmniTiming] req=speech-996645aa6ec263df-bd2ceccb total=17.15s preprocess=0.00s engine=17.15s stages=[0:16.86s,1:17.15s] transfers=[0->1=0.00ms]
[0;36m(APIServer pid=214609)[0;0m INFO 09-25 05:28:20 [stats.py:920] 
[0;36m(APIServer pid=214609)[0;0m INFO 09-25 05:28:20 [stats.py:920] [StageRequestStats [request_id=speech-996645aa6ec263df-bd2ceccb]]
[0;36m(APIServer pid=214609)[0;0m INFO 09-25 05:28:20 [stats.py:920] +---------------------------------+----------------+----------------+
[0;36m(APIServer pid=214609)[0;0m INFO 09-25 05:28:20 [stats.py:920] | Field                           |              0 |              1 |
[0;36m(APIServer pid=214609)[0;0m INFO 09-25 05:28:20 [stats.py:920] +---------------------------------+----------------+----------------+
[0;36m(APIServer pid=214609)[0;0m INFO 09-25 05:28:20 [stats.py:920] | audio_duration_s                |          0.000 |         32.240 |
[0;36m(APIServer pid=214609)[0;0m INFO 09-25 05:28:20 [stats.py:920] | audio_generated_frames          |              0 |        773,760 |
[0;36m(APIServer pid=214609)[0;0m INFO 09-25 05:28:20 [stats.py:920] | audio_sample_rate               |              0 |         24,000 |
[0;36m(APIServer pid=214609)[0;0m INFO 09-25 05:28:20 [stats.py:920] | batch_id                        |          2,523 |          2,604 |
[0;36m(APIServer pid=214609)[0;0m INFO 09-25 05:28:20 [stats.py:920] | batch_size                      |              1 |              1 |
[0;36m(APIServer pid=214609)[0;0m INFO 09-25 05:28:20 [stats.py:920] | inter_output_latencies_ms       |                |                |
[0;36m(APIServer pid=214609)[0;0m INFO 09-25 05:28:20 [stats.py:920] | num_tokens_in                   |            360 |              0 |
[0;36m(APIServer pid=214609)[0;0m INFO 09-25 05:28:20 [stats.py:920] | num_tokens_out                  |            404 |              0 |
[0;36m(APIServer pid=214609)[0;0m INFO 09-25 05:28:20 [stats.py:920] | output_unit_count               |            404 |        773,760 |
[0;36m(APIServer pid=214609)[0;0m INFO 09-25 05:28:20 [stats.py:920] | output_unit_type                |         stream |          audio |
[0;36m(APIServer pid=214609)[0;0m INFO 09-25 05:28:20 [stats.py:920] | serving_time_to_first_output_ms |     16,856.975 |     17,149.301 |
[0;36m(APIServer pid=214609)[0;0m INFO 09-25 05:28:20 [stats.py:920] | stage_gen_time_ms               |     16,855.263 |     17,147.554 |
[0;36m(APIServer pid=214609)[0;0m INFO 09-25 05:28:20 [stats.py:920] | time_per_output_unit_ms         |          0.000 |          0.000 |
[0;36m(APIServer pid=214609)[0;0m INFO 09-25 05:28:20 [stats.py:920] | vllm_itl_ms                     |         40.843 |        938.552 |
[0;36m(APIServer pid=214609)[0;0m INFO 09-25 05:28:20 [stats.py:920] | vllm_itls_ms                    | 40.843 (n=403) | 938.552 (n=17) |
[0;36m(APIServer pid=214609)[0;0m INFO 09-25 05:28:20 [stats.py:920] | vllm_tpot_ms                    |         40.843 |          0.000 |
[0;36m(APIServer pid=214609)[0;0m INFO 09-25 05:28:20 [stats.py:920] | vllm_ttft_ms                    |        399.951 |      1,190.382 |
[0;36m(APIServer pid=214609)[0;0m INFO 09-25 05:28:20 [stats.py:920] +---------------------------------+----------------+----------------+
[0;36m(APIServer pid=214609)[0;0m INFO 09-25 05:28:20 [serving_speech.py:3646] [SpeechE2E] request_id=speech-996645aa6ec263df stream=false status=ok total_ms=17187.03 response_bytes=1547564
[0;36m(APIServer pid=214609)[0;0m INFO:     127.0.0.1:34960 - "POST /v1/audio/speech HTTP/1.1" 200 OK
[0;36m(APIServer pid=214609)[0;0m INFO 09-25 05:28:20 [serving_speech.py:3070] TTS speech request speech-b4b087882c4a4192: model=Base
[0;36m(APIServer pid=214609)[0;0m INFO 09-25 05:28:20 [serving_speech.py:3100] Applied extra_params: {'temperature': 0.9, 'top_k': 50}
[0;36m(APIServer pid=214609)[0;0m INFO 09-25 05:28:20 [serving_speech.py:3070] TTS speech request speech-bf78d52c0963635e: model=Base
[0;36m(APIServer pid=214609)[0;0m INFO 09-25 05:28:20 [serving_speech.py:3100] Applied extra_params: {'temperature': 0.9, 'top_k': 50}
[0;36m(APIServer pid=214609)[0;0m INFO 09-25 05:28:20 [stats.py:811] 
[0;36m(APIServer pid=214609)[0;0m INFO 09-25 05:28:20 [stats.py:811] [Overall Summary]
[0;36m(APIServer pid=214609)[0;0m INFO 09-25 05:28:20 [stats.py:811] +-----------------------------+------------+
[0;36m(APIServer pid=214609)[0;0m INFO 09-25 05:28:20 [stats.py:811] | Field                       |      Value |
[0;36m(APIServer pid=214609)[0;0m INFO 09-25 05:28:20 [stats.py:811] +-----------------------------+------------+
[0;36m(APIServer pid=214609)[0;0m INFO 09-25 05:28:20 [stats.py:811] | e2e_requests                |          1 |
[0;36m(APIServer pid=214609)[0;0m INFO 09-25 05:28:20 [stats.py:811] | e2e_wall_time_ms            | 17,211.220 |
[0;36m(APIServer pid=214609)[0;0m INFO 09-25 05:28:20 [stats.py:811] | e2e_total_tokens            |        769 |
[0;36m(APIServer pid=214609)[0;0m INFO 09-25 05:28:20 [stats.py:811] | e2e_avg_time_per_request_ms | 17,211.220 |
[0;36m(APIServer pid=214609)[0;0m INFO 09-25 05:28:20 [stats.py:811] | e2e_avg_tokens_per_s        |     44.680 |
[0;36m(APIServer pid=214609)[0;0m INFO 09-25 05:28:20 [stats.py:811] | input_preprocess_time_ms    |      0.029 |
[0;36m(APIServer pid=214609)[0;0m INFO 09-25 05:28:20 [stats.py:811] | e2e_stage_0_wall_time_ms    | 17,144.969 |
[0;36m(APIServer pid=214609)[0;0m INFO 09-25 05:28:20 [stats.py:811] | e2e_stage_1_wall_time_ms    | 17,211.055 |
[0;36m(APIServer pid=214609)[0;0m INFO 09-25 05:28:20 [stats.py:811] +-----------------------------+------------+
[0;36m(APIServer pid=214609)[0;0m INFO 09-25 05:28:20 [stats.py:837] 
[0;36m(APIServer pid=214609)[0;0m INFO 09-25 05:28:20 [stats.py:837] [RequestE2EStats [request_id=speech-be99a3255a404f6d-8bdbd12f]]
[0;36m(APIServer pid=214609)[0;0m INFO 09-25 05:28:20 [stats.py:837] +------------------+------------+
[0;36m(APIServer pid=214609)[0;0m INFO 09-25 05:28:20 [stats.py:837] | Field            |      Value |
[0;36m(APIServer pid=214609)[0;0m INFO 09-25 05:28:20 [stats.py:837] +------------------+------------+
[0;36m(APIServer pid=214609)[0;0m INFO 09-25 05:28:20 [stats.py:837] | e2e_total_ms     | 17,211.145 |
[0;36m(APIServer pid=214609)[0;0m INFO 09-25 05:28:20 [stats.py:837] | e2e_total_tokens |        769 |
[0;36m(APIServer pid=214609)[0;0m INFO 09-25 05:28:20 [stats.py:837] +------------------+------------+
[0;36m(APIServer pid=214609)[0;0m INFO 09-25 05:28:20 [stats.py:878] [OmniTiming] req=speech-be99a3255a404f6d-8bdbd12f total=17.21s preprocess=0.00s engine=17.21s stages=[0:17.14s,1:17.21s] transfers=[0->1=0.00ms]
[0;36m(APIServer pid=214609)[0;0m INFO 09-25 05:28:20 [stats.py:920] 
[0;36m(APIServer pid=214609)[0;0m INFO 09-25 05:28:20 [stats.py:920] [StageRequestStats [request_id=speech-be99a3255a404f6d-8bdbd12f]]
[0;36m(APIServer pid=214609)[0;0m INFO 09-25 05:28:20 [stats.py:920] +---------------------------------+----------------+----------------+
[0;36m(APIServer pid=214609)[0;0m INFO 09-25 05:28:20 [stats.py:920] | Field                           |              0 |              1 |
[0;36m(APIServer pid=214609)[0;0m INFO 09-25 05:28:20 [stats.py:920] +---------------------------------+----------------+----------------+
[0;36m(APIServer pid=214609)[0;0m INFO 09-25 05:28:20 [stats.py:920] | audio_duration_s                |          0.000 |         32.640 |
[0;36m(APIServer pid=214609)[0;0m INFO 09-25 05:28:20 [stats.py:920] | audio_generated_frames          |              0 |        783,360 |
[0;36m(APIServer pid=214609)[0;0m INFO 09-25 05:28:20 [stats.py:920] | audio_sample_rate               |              0 |         24,000 |
[0;36m(APIServer pid=214609)[0;0m INFO 09-25 05:28:20 [stats.py:920] | batch_id                        |          2,525 |          2,605 |
[0;36m(APIServer pid=214609)[0;0m INFO 09-25 05:28:20 [stats.py:920] | batch_size                      |              1 |              1 |
[0;36m(APIServer pid=214609)[0;0m INFO 09-25 05:28:20 [stats.py:920] | inter_output_latencies_ms       |                |                |
[0;36m(APIServer pid=214609)[0;0m INFO 09-25 05:28:20 [stats.py:920] | num_tokens_in                   |            360 |              0 |
[0;36m(APIServer pid=214609)[0;0m INFO 09-25 05:28:20 [stats.py:920] | num_tokens_out                  |            409 |              0 |
[0;36m(APIServer pid=214609)[0;0m INFO 09-25 05:28:20 [stats.py:920] | output_unit_count               |            409 |        783,360 |
[0;36m(APIServer pid=214609)[0;0m INFO 09-25 05:28:20 [stats.py:920] | output_unit_type                |         stream |          audio |
[0;36m(APIServer pid=214609)[0;0m INFO 09-25 05:28:20 [stats.py:920] | serving_time_to_first_output_ms |     17,144.753 |     17,210.870 |
[0;36m(APIServer pid=214609)[0;0m INFO 09-25 05:28:20 [stats.py:920] | stage_gen_time_ms               |     17,144.742 |     17,210.829 |
[0;36m(APIServer pid=214609)[0;0m INFO 09-25 05:28:20 [stats.py:920] | time_per_output_unit_ms         |          0.000 |          0.000 |
[0;36m(APIServer pid=214609)[0;0m INFO 09-25 05:28:20 [stats.py:920] | vllm_itl_ms                     |         41.111 |        943.751 |
[0;36m(APIServer pid=214609)[0;0m INFO 09-25 05:28:20 [stats.py:920] | vllm_itls_ms                    | 41.111 (n=408) | 943.751 (n=17) |
[0;36m(APIServer pid=214609)[0;0m INFO 09-25 05:28:20 [stats.py:920] | vllm_tpot_ms                    |         41.111 |          0.000 |
[0;36m(APIServer pid=214609)[0;0m INFO 09-25 05:28:20 [stats.py:920] | vllm_ttft_ms                    |        373.697 |      1,166.988 |
[0;36m(APIServer pid=214609)[0;0m INFO 09-25 05:28:20 [stats.py:920] +---------------------------------+----------------+----------------+
[0;36m(APIServer pid=214609)[0;0m INFO 09-25 05:28:20 [serving_speech.py:3646] [SpeechE2E] request_id=speech-be99a3255a404f6d stream=false status=ok total_ms=17249.10 response_bytes=1566764
[0;36m(APIServer pid=214609)[0;0m INFO 09-25 05:28:20 [stats.py:811] 
[0;36m(APIServer pid=214609)[0;0m INFO 09-25 05:28:20 [stats.py:811] [Overall Summary]
[0;36m(APIServer pid=214609)[0;0m INFO 09-25 05:28:20 [stats.py:811] +-----------------------------+------------+
[0;36m(APIServer pid=214609)[0;0m INFO 09-25 05:28:20 [stats.py:811] | Field                       |      Value |
[0;36m(APIServer pid=214609)[0;0m INFO 09-25 05:28:20 [stats.py:811] +-----------------------------+------------+
[0;36m(APIServer pid=214609)[0;0m INFO 09-25 05:28:20 [stats.py:811] | e2e_requests                |          1 |
[0;36m(APIServer pid=214609)[0;0m INFO 09-25 05:28:20 [stats.py:811] | e2e_wall_time_ms            | 17,226.617 |
[0;36m(APIServer pid=214609)[0;0m INFO 09-25 05:28:20 [stats.py:811] | e2e_total_tokens            |        769 |
[0;36m(APIServer pid=214609)[0;0m INFO 09-25 05:28:20 [stats.py:811] | e2e_avg_time_per_request_ms | 17,226.617 |
[0;36m(APIServer pid=214609)[0;0m INFO 09-25 05:28:20 [stats.py:811] | e2e_avg_tokens_per_s        |     44.640 |
[0;36m(APIServer pid=214609)[0;0m INFO 09-25 05:28:20 [stats.py:811] | input_preprocess_time_ms    |      0.031 |
[0;36m(APIServer pid=214609)[0;0m INFO 09-25 05:28:20 [stats.py:811] | e2e_stage_0_wall_time_ms    | 17,155.289 |
[0;36m(APIServer pid=214609)[0;0m INFO 09-25 05:28:20 [stats.py:811] | e2e_stage_1_wall_time_ms    | 17,224.961 |
[0;36m(APIServer pid=214609)[0;0m INFO 09-25 05:28:20 [stats.py:811] +-----------------------------+------------+
[0;36m(APIServer pid=214609)[0;0m INFO 09-25 05:28:20 [stats.py:837] 
[0;36m(APIServer pid=214609)[0;0m INFO 09-25 05:28:20 [stats.py:837] [RequestE2EStats [request_id=speech-af266a5e119f3242-a798f222]]
[0;36m(APIServer pid=214609)[0;0m INFO 09-25 05:28:20 [stats.py:837] +------------------+------------+
[0;36m(APIServer pid=214609)[0;0m INFO 09-25 05:28:20 [stats.py:837] | Field            |      Value |
[0;36m(APIServer pid=214609)[0;0m INFO 09-25 05:28:20 [stats.py:837] +------------------+------------+
[0;36m(APIServer pid=214609)[0;0m INFO 09-25 05:28:20 [stats.py:837] | e2e_total_ms     | 17,226.539 |
[0;36m(APIServer pid=214609)[0;0m INFO 09-25 05:28:20 [stats.py:837] | e2e_total_tokens |        769 |
[0;36m(APIServer pid=214609)[0;0m INFO 09-25 05:28:20 [stats.py:837] +------------------+------------+
[0;36m(APIServer pid=214609)[0;0m INFO 09-25 05:28:20 [stats.py:878] [OmniTiming] req=speech-af266a5e119f3242-a798f222 total=17.23s preprocess=0.00s engine=17.23s stages=[0:17.15s,1:17.22s] transfers=[0->1=0.00ms]
[0;36m(APIServer pid=214609)[0;0m INFO 09-25 05:28:20 [stats.py:920] 
[0;36m(APIServer pid=214609)[0;0m INFO 09-25 05:28:20 [stats.py:920] [StageRequestStats [request_id=speech-af266a5e119f3242-a798f222]]
[0;36m(APIServer pid=214609)[0;0m INFO 09-25 05:28:20 [stats.py:920] +---------------------------------+----------------+----------------+
[0;36m(APIServer pid=214609)[0;0m INFO 09-25 05:28:20 [stats.py:920] | Field                           |              0 |              1 |
[0;36m(APIServer pid=214609)[0;0m INFO 09-25 05:28:20 [stats.py:920] +---------------------------------+----------------+----------------+
[0;36m(APIServer pid=214609)[0;0m INFO 09-25 05:28:20 [stats.py:920] | audio_duration_s                |          0.000 |         32.640 |
[0;36m(APIServer pid=214609)[0;0m INFO 09-25 05:28:20 [stats.py:920] | audio_generated_frames          |              0 |        783,360 |
[0;36m(APIServer pid=214609)[0;0m INFO 09-25 05:28:20 [stats.py:920] | audio_sample_rate               |              0 |         24,000 |
[0;36m(APIServer pid=214609)[0;0m INFO 09-25 05:28:20 [stats.py:920] | batch_id                        |          2,524 |          2,606 |
[0;36m(APIServer pid=214609)[0;0m INFO 09-25 05:28:20 [stats.py:920] | batch_size                      |              1 |              1 |
[0;36m(APIServer pid=214609)[0;0m INFO 09-25 05:28:20 [stats.py:920] | inter_output_latencies_ms       |                |                |
[0;36m(APIServer pid=214609)[0;0m INFO 09-25 05:28:20 [stats.py:920] | num_tokens_in                   |            360 |              0 |
[0;36m(APIServer pid=214609)[0;0m INFO 09-25 05:28:20 [stats.py:920] | num_tokens_out                  |            409 |              0 |
[0;36m(APIServer pid=214609)[0;0m INFO 09-25 05:28:20 [stats.py:920] | output_unit_count               |            409 |        783,360 |
[0;36m(APIServer pid=214609)[0;0m INFO 09-25 05:28:20 [stats.py:920] | output_unit_type                |         stream |          audio |
[0;36m(APIServer pid=214609)[0;0m INFO 09-25 05:28:20 [stats.py:920] | serving_time_to_first_output_ms |     17,155.116 |     17,221.233 |
[0;36m(APIServer pid=214609)[0;0m INFO 09-25 05:28:20 [stats.py:920] | stage_gen_time_ms               |     17,153.576 |     17,219.775 |
[0;36m(APIServer pid=214609)[0;0m INFO 09-25 05:28:20 [stats.py:920] | time_per_output_unit_ms         |          0.000 |          0.000 |
[0;36m(APIServer pid=214609)[0;0m INFO 09-25 05:28:20 [stats.py:920] | vllm_itl_ms                     |         41.111 |        943.751 |
[0;36m(APIServer pid=214609)[0;0m INFO 09-25 05:28:20 [stats.py:920] | vllm_itls_ms                    | 41.111 (n=408) | 943.751 (n=17) |
[0;36m(APIServer pid=214609)[0;0m INFO 09-25 05:28:20 [stats.py:920] | vllm_tpot_ms                    |         41.111 |          0.000 |
[0;36m(APIServer pid=214609)[0;0m INFO 09-25 05:28:20 [stats.py:920] | vllm_ttft_ms                    |        384.059 |      1,175.861 |
[0;36m(APIServer pid=214609)[0;0m INFO 09-25 05:28:20 [stats.py:920] +---------------------------------+----------------+----------------+
[0;36m(APIServer pid=214609)[0;0m INFO 09-25 05:28:20 [serving_speech.py:3646] [SpeechE2E] request_id=speech-af266a5e119f3242 stream=false status=ok total_ms=17262.07 response_bytes=1566764
[0;36m(APIServer pid=214609)[0;0m INFO:     127.0.0.1:35052 - "POST /v1/audio/speech HTTP/1.1" 200 OK
[0;36m(APIServer pid=214609)[0;0m INFO:     127.0.0.1:35018 - "POST /v1/audio/speech HTTP/1.1" 200 OK
[0;36m(APIServer pid=214609)[0;0m INFO 09-25 05:28:20 [serving_speech.py:3070] TTS speech request speech-a2d33103e2f611ce: model=Base
[0;36m(APIServer pid=214609)[0;0m INFO 09-25 05:28:20 [serving_speech.py:3100] Applied extra_params: {'temperature': 0.9, 'top_k': 50}
[0;36m(APIServer pid=214609)[0;0m INFO 09-25 05:28:20 [serving_speech.py:3070] TTS speech request speech-9eaa923266cf4ea3: model=Base
[0;36m(APIServer pid=214609)[0;0m INFO 09-25 05:28:20 [serving_speech.py:3100] Applied extra_params: {'temperature': 0.9, 'top_k': 50}
[0;36m(APIServer pid=214609)[0;0m INFO 09-25 05:28:20 [stats.py:811] 
[0;36m(APIServer pid=214609)[0;0m INFO 09-25 05:28:20 [stats.py:811] [Overall Summary]
[0;36m(APIServer pid=214609)[0;0m INFO 09-25 05:28:20 [stats.py:811] +-----------------------------+------------+
[0;36m(APIServer pid=214609)[0;0m INFO 09-25 05:28:20 [stats.py:811] | Field                       |      Value |
[0;36m(APIServer pid=214609)[0;0m INFO 09-25 05:28:20 [stats.py:811] +-----------------------------+------------+
[0;36m(APIServer pid=214609)[0;0m INFO 09-25 05:28:20 [stats.py:811] | e2e_requests                |          1 |
[0;36m(APIServer pid=214609)[0;0m INFO 09-25 05:28:20 [stats.py:811] | e2e_wall_time_ms            | 17,414.600 |
[0;36m(APIServer pid=214609)[0;0m INFO 09-25 05:28:20 [stats.py:811] | e2e_total_tokens            |        774 |
[0;36m(APIServer pid=214609)[0;0m INFO 09-25 05:28:20 [stats.py:811] | e2e_avg_time_per_request_ms | 17,414.600 |
[0;36m(APIServer pid=214609)[0;0m INFO 09-25 05:28:20 [stats.py:811] | e2e_avg_tokens_per_s        |     44.445 |
[0;36m(APIServer pid=214609)[0;0m INFO 09-25 05:28:20 [stats.py:811] | input_preprocess_time_ms    |      0.050 |
[0;36m(APIServer pid=214609)[0;0m INFO 09-25 05:28:20 [stats.py:811] | e2e_stage_0_wall_time_ms    | 17,376.965 |
[0;36m(APIServer pid=214609)[0;0m INFO 09-25 05:28:20 [stats.py:811] | e2e_stage_1_wall_time_ms    | 17,414.077 |
[0;36m(APIServer pid=214609)[0;0m INFO 09-25 05:28:20 [stats.py:811] +-----------------------------+------------+
[0;36m(APIServer pid=214609)[0;0m INFO 09-25 05:28:20 [stats.py:837] 
[0;36m(APIServer pid=214609)[0;0m INFO 09-25 05:28:20 [stats.py:837] [RequestE2EStats [request_id=speech-ab31e7ae18538107-99bfbbbb]]
[0;36m(APIServer pid=214609)[0;0m INFO 09-25 05:28:20 [stats.py:837] +------------------+------------+
[0;36m(APIServer pid=214609)[0;0m INFO 09-25 05:28:20 [stats.py:837] | Field            |      Value |
[0;36m(APIServer pid=214609)[0;0m INFO 09-25 05:28:20 [stats.py:837] +------------------+------------+
[0;36m(APIServer pid=214609)[0;0m INFO 09-25 05:28:20 [stats.py:837] | e2e_total_ms     | 17,414.448 |
[0;36m(APIServer pid=214609)[0;0m INFO 09-25 05:28:20 [stats.py:837] | e2e_total_tokens |        774 |
[0;36m(APIServer pid=214609)[0;0m INFO 09-25 05:28:20 [stats.py:837] +------------------+------------+
[0;36m(APIServer pid=214609)[0;0m INFO 09-25 05:28:20 [stats.py:878] [OmniTiming] req=speech-ab31e7ae18538107-99bfbbbb total=17.41s preprocess=0.00s engine=17.41s stages=[0:17.38s,1:17.41s] transfers=[0->1=0.00ms]
[0;36m(APIServer pid=214609)[0;0m INFO 09-25 05:28:20 [stats.py:920] 
[0;36m(APIServer pid=214609)[0;0m INFO 09-25 05:28:20 [stats.py:920] [StageRequestStats [request_id=speech-ab31e7ae18538107-99bfbbbb]]
[0;36m(APIServer pid=214609)[0;0m INFO 09-25 05:28:20 [stats.py:920] +---------------------------------+----------------+------------------+
[0;36m(APIServer pid=214609)[0;0m INFO 09-25 05:28:20 [stats.py:920] | Field                           |              0 |                1 |
[0;36m(APIServer pid=214609)[0;0m INFO 09-25 05:28:20 [stats.py:920] +---------------------------------+----------------+------------------+
[0;36m(APIServer pid=214609)[0;0m INFO 09-25 05:28:20 [stats.py:920] | audio_duration_s                |          0.000 |           33.040 |
[0;36m(APIServer pid=214609)[0;0m INFO 09-25 05:28:20 [stats.py:920] | audio_generated_frames          |              0 |          792,960 |
[0;36m(APIServer pid=214609)[0;0m INFO 09-25 05:28:20 [stats.py:920] | audio_sample_rate               |              0 |           24,000 |
[0;36m(APIServer pid=214609)[0;0m INFO 09-25 05:28:20 [stats.py:920] | batch_id                        |          2,526 |            2,607 |
[0;36m(APIServer pid=214609)[0;0m INFO 09-25 05:28:20 [stats.py:920] | batch_size                      |              1 |                1 |
[0;36m(APIServer pid=214609)[0;0m INFO 09-25 05:28:20 [stats.py:920] | inter_output_latencies_ms       |                |                  |
[0;36m(APIServer pid=214609)[0;0m INFO 09-25 05:28:20 [stats.py:920] | num_tokens_in                   |            360 |                0 |
[0;36m(APIServer pid=214609)[0;0m INFO 09-25 05:28:20 [stats.py:920] | num_tokens_out                  |            414 |                0 |
[0;36m(APIServer pid=214609)[0;0m INFO 09-25 05:28:20 [stats.py:920] | output_unit_count               |            414 |          792,960 |
[0;36m(APIServer pid=214609)[0;0m INFO 09-25 05:28:20 [stats.py:920] | output_unit_type                |         stream |            audio |
[0;36m(APIServer pid=214609)[0;0m INFO 09-25 05:28:20 [stats.py:920] | serving_time_to_first_output_ms |     17,376.682 |       17,414.198 |
[0;36m(APIServer pid=214609)[0;0m INFO 09-25 05:28:20 [stats.py:920] | stage_gen_time_ms               |     17,376.318 |       17,413.771 |
[0;36m(APIServer pid=214609)[0;0m INFO 09-25 05:28:20 [stats.py:920] | time_per_output_unit_ms         |          0.000 |            0.000 |
[0;36m(APIServer pid=214609)[0;0m INFO 09-25 05:28:20 [stats.py:920] | vllm_itl_ms                     |         41.801 |        1,007.495 |
[0;36m(APIServer pid=214609)[0;0m INFO 09-25 05:28:20 [stats.py:920] | vllm_itls_ms                    | 41.801 (n=413) | 1,007.495 (n=17) |
[0;36m(APIServer pid=214609)[0;0m INFO 09-25 05:28:20 [stats.py:920] | vllm_tpot_ms                    |         41.801 |            0.000 |
[0;36m(APIServer pid=214609)[0;0m INFO 09-25 05:28:20 [stats.py:920] | vllm_ttft_ms                    |        111.493 |          284.471 |
[0;36m(APIServer pid=214609)[0;0m INFO 09-25 05:28:20 [stats.py:920] +---------------------------------+----------------+------------------+
[0;36m(APIServer pid=214609)[0;0m INFO 09-25 05:28:20 [serving_speech.py:3646] [SpeechE2E] request_id=speech-ab31e7ae18538107 stream=false status=ok total_ms=17434.11 response_bytes=1585964
[0;36m(APIServer pid=214609)[0;0m INFO:     127.0.0.1:34906 - "POST /v1/audio/speech HTTP/1.1" 200 OK
[0;36m(APIServer pid=214609)[0;0m INFO 09-25 05:28:20 [serving_speech.py:3070] TTS speech request speech-9c1997198b45d6af: model=Base
[0;36m(APIServer pid=214609)[0;0m INFO 09-25 05:28:20 [serving_speech.py:3100] Applied extra_params: {'temperature': 0.9, 'top_k': 50}
[0;36m(APIServer pid=214609)[0;0m INFO 09-25 05:28:21 [stats.py:811] 
[0;36m(APIServer pid=214609)[0;0m INFO 09-25 05:28:21 [stats.py:811] [Overall Summary]
[0;36m(APIServer pid=214609)[0;0m INFO 09-25 05:28:21 [stats.py:811] +-----------------------------+------------+
[0;36m(APIServer pid=214609)[0;0m INFO 09-25 05:28:21 [stats.py:811] | Field                       |      Value |
[0;36m(APIServer pid=214609)[0;0m INFO 09-25 05:28:21 [stats.py:811] +-----------------------------+------------+
[0;36m(APIServer pid=214609)[0;0m INFO 09-25 05:28:21 [stats.py:811] | e2e_requests                |          1 |
[0;36m(APIServer pid=214609)[0;0m INFO 09-25 05:28:21 [stats.py:811] | e2e_wall_time_ms            | 18,291.908 |
[0;36m(APIServer pid=214609)[0;0m INFO 09-25 05:28:21 [stats.py:811] | e2e_total_tokens            |        786 |
[0;36m(APIServer pid=214609)[0;0m INFO 09-25 05:28:21 [stats.py:811] | e2e_avg_time_per_request_ms | 18,291.908 |
[0;36m(APIServer pid=214609)[0;0m INFO 09-25 05:28:21 [stats.py:811] | e2e_avg_tokens_per_s        |     42.970 |
[0;36m(APIServer pid=214609)[0;0m INFO 09-25 05:28:21 [stats.py:811] | input_preprocess_time_ms    |      0.033 |
[0;36m(APIServer pid=214609)[0;0m INFO 09-25 05:28:21 [stats.py:811] | e2e_stage_0_wall_time_ms    | 18,009.291 |
[0;36m(APIServer pid=214609)[0;0m INFO 09-25 05:28:21 [stats.py:811] | e2e_stage_1_wall_time_ms    | 18,290.308 |
[0;36m(APIServer pid=214609)[0;0m INFO 09-25 05:28:21 [stats.py:811] +-----------------------------+------------+
[0;36m(APIServer pid=214609)[0;0m INFO 09-25 05:28:21 [stats.py:837] 
[0;36m(APIServer pid=214609)[0;0m INFO 09-25 05:28:21 [stats.py:837] [RequestE2EStats [request_id=speech-a269bb27202962a1-8365f55b]]
[0;36m(APIServer pid=214609)[0;0m INFO 09-25 05:28:21 [stats.py:837] +------------------+------------+
[0;36m(APIServer pid=214609)[0;0m INFO 09-25 05:28:21 [stats.py:837] | Field            |      Value |
[0;36m(APIServer pid=214609)[0;0m INFO 09-25 05:28:21 [stats.py:837] +------------------+------------+
[0;36m(APIServer pid=214609)[0;0m INFO 09-25 05:28:21 [stats.py:837] | e2e_total_ms     | 18,291.827 |
[0;36m(APIServer pid=214609)[0;0m INFO 09-25 05:28:21 [stats.py:837] | e2e_total_tokens |        786 |
[0;36m(APIServer pid=214609)[0;0m INFO 09-25 05:28:21 [stats.py:837] +------------------+------------+
[0;36m(APIServer pid=214609)[0;0m INFO 09-25 05:28:21 [stats.py:878] [OmniTiming] req=speech-a269bb27202962a1-8365f55b total=18.29s preprocess=0.00s engine=18.29s stages=[0:18.01s,1:18.29s] transfers=[0->1=0.00ms]
[0;36m(APIServer pid=214609)[0;0m INFO 09-25 05:28:21 [stats.py:920] 
[0;36m(APIServer pid=214609)[0;0m INFO 09-25 05:28:21 [stats.py:920] [StageRequestStats [request_id=speech-a269bb27202962a1-8365f55b]]
[0;36m(APIServer pid=214609)[0;0m INFO 09-25 05:28:21 [stats.py:920] +---------------------------------+----------------+------------------+
[0;36m(APIServer pid=214609)[0;0m INFO 09-25 05:28:21 [stats.py:920] | Field                           |              0 |                1 |
[0;36m(APIServer pid=214609)[0;0m INFO 09-25 05:28:21 [stats.py:920] +---------------------------------+----------------+------------------+
[0;36m(APIServer pid=214609)[0;0m INFO 09-25 05:28:21 [stats.py:920] | audio_duration_s                |          0.000 |           34.000 |
[0;36m(APIServer pid=214609)[0;0m INFO 09-25 05:28:21 [stats.py:920] | audio_generated_frames          |              0 |          816,000 |
[0;36m(APIServer pid=214609)[0;0m INFO 09-25 05:28:21 [stats.py:920] | audio_sample_rate               |              0 |           24,000 |
[0;36m(APIServer pid=214609)[0;0m INFO 09-25 05:28:21 [stats.py:920] | batch_id                        |          2,528 |            2,608 |
[0;36m(APIServer pid=214609)[0;0m INFO 09-25 05:28:21 [stats.py:920] | batch_size                      |              1 |                1 |
[0;36m(APIServer pid=214609)[0;0m INFO 09-25 05:28:21 [stats.py:920] | inter_output_latencies_ms       |                |                  |
[0;36m(APIServer pid=214609)[0;0m INFO 09-25 05:28:21 [stats.py:920] | num_tokens_in                   |            360 |                0 |
[0;36m(APIServer pid=214609)[0;0m INFO 09-25 05:28:21 [stats.py:920] | num_tokens_out                  |            426 |                0 |
[0;36m(APIServer pid=214609)[0;0m INFO 09-25 05:28:21 [stats.py:920] | output_unit_count               |            426 |          816,000 |
[0;36m(APIServer pid=214609)[0;0m INFO 09-25 05:28:21 [stats.py:920] | output_unit_type                |         stream |            audio |
[0;36m(APIServer pid=214609)[0;0m INFO 09-25 05:28:21 [stats.py:920] | serving_time_to_first_output_ms |     18,008.974 |       18,290.709 |
[0;36m(APIServer pid=214609)[0;0m INFO 09-25 05:28:21 [stats.py:920] | stage_gen_time_ms               |     18,007.612 |       18,289.270 |
[0;36m(APIServer pid=214609)[0;0m INFO 09-25 05:28:21 [stats.py:920] | time_per_output_unit_ms         |          0.000 |            0.000 |
[0;36m(APIServer pid=214609)[0;0m INFO 09-25 05:28:21 [stats.py:920] | vllm_itl_ms                     |         41.457 |        1,006.134 |
[0;36m(APIServer pid=214609)[0;0m INFO 09-25 05:28:21 [stats.py:920] | vllm_itls_ms                    | 41.457 (n=425) | 1,006.134 (n=17) |
[0;36m(APIServer pid=214609)[0;0m INFO 09-25 05:28:21 [stats.py:920] | vllm_tpot_ms                    |         41.457 |            0.000 |
[0;36m(APIServer pid=214609)[0;0m INFO 09-25 05:28:21 [stats.py:920] | vllm_ttft_ms                    |        391.971 |        1,183.823 |
[0;36m(APIServer pid=214609)[0;0m INFO 09-25 05:28:21 [stats.py:920] +---------------------------------+----------------+------------------+
[0;36m(APIServer pid=214609)[0;0m INFO 09-25 05:28:21 [serving_speech.py:3646] [SpeechE2E] request_id=speech-a269bb27202962a1 stream=false status=ok total_ms=18331.88 response_bytes=1632044
[0;36m(APIServer pid=214609)[0;0m INFO 09-25 05:28:21 [stats.py:811] 
[0;36m(APIServer pid=214609)[0;0m INFO 09-25 05:28:21 [stats.py:811] [Overall Summary]
[0;36m(APIServer pid=214609)[0;0m INFO 09-25 05:28:21 [stats.py:811] +-----------------------------+------------+
[0;36m(APIServer pid=214609)[0;0m INFO 09-25 05:28:21 [stats.py:811] | Field                       |      Value |
[0;36m(APIServer pid=214609)[0;0m INFO 09-25 05:28:21 [stats.py:811] +-----------------------------+------------+
[0;36m(APIServer pid=214609)[0;0m INFO 09-25 05:28:21 [stats.py:811] | e2e_requests                |          1 |
[0;36m(APIServer pid=214609)[0;0m INFO 09-25 05:28:21 [stats.py:811] | e2e_wall_time_ms            | 18,301.456 |
[0;36m(APIServer pid=214609)[0;0m INFO 09-25 05:28:21 [stats.py:811] | e2e_total_tokens            |        786 |
[0;36m(APIServer pid=214609)[0;0m INFO 09-25 05:28:21 [stats.py:811] | e2e_avg_time_per_request_ms | 18,301.456 |
[0;36m(APIServer pid=214609)[0;0m INFO 09-25 05:28:21 [stats.py:811] | e2e_avg_tokens_per_s        |     42.947 |
[0;36m(APIServer pid=214609)[0;0m INFO 09-25 05:28:21 [stats.py:811] | input_preprocess_time_ms    |      0.035 |
[0;36m(APIServer pid=214609)[0;0m INFO 09-25 05:28:21 [stats.py:811] | e2e_stage_0_wall_time_ms    | 18,011.838 |
[0;36m(APIServer pid=214609)[0;0m INFO 09-25 05:28:21 [stats.py:811] | e2e_stage_1_wall_time_ms    | 18,299.845 |
[0;36m(APIServer pid=214609)[0;0m INFO 09-25 05:28:21 [stats.py:811] +-----------------------------+------------+
[0;36m(APIServer pid=214609)[0;0m INFO 09-25 05:28:21 [stats.py:837] 
[0;36m(APIServer pid=214609)[0;0m INFO 09-25 05:28:21 [stats.py:837] [RequestE2EStats [request_id=speech-86c94756e54e498e-9d70f25d]]
[0;36m(APIServer pid=214609)[0;0m INFO 09-25 05:28:21 [stats.py:837] +------------------+------------+
[0;36m(APIServer pid=214609)[0;0m INFO 09-25 05:28:21 [stats.py:837] | Field            |      Value |
[0;36m(APIServer pid=214609)[0;0m INFO 09-25 05:28:21 [stats.py:837] +------------------+------------+
[0;36m(APIServer pid=214609)[0;0m INFO 09-25 05:28:21 [stats.py:837] | e2e_total_ms     | 18,301.372 |
[0;36m(APIServer pid=214609)[0;0m INFO 09-25 05:28:21 [stats.py:837] | e2e_total_tokens |        786 |
[0;36m(APIServer pid=214609)[0;0m INFO 09-25 05:28:21 [stats.py:837] +------------------+------------+
[0;36m(APIServer pid=214609)[0;0m INFO 09-25 05:28:21 [stats.py:878] [OmniTiming] req=speech-86c94756e54e498e-9d70f25d total=18.30s preprocess=0.00s engine=18.30s stages=[0:18.01s,1:18.29s] transfers=[0->1=0.00ms]
[0;36m(APIServer pid=214609)[0;0m INFO 09-25 05:28:21 [stats.py:920] 
[0;36m(APIServer pid=214609)[0;0m INFO 09-25 05:28:21 [stats.py:920] [StageRequestStats [request_id=speech-86c94756e54e498e-9d70f25d]]
[0;36m(APIServer pid=214609)[0;0m INFO 09-25 05:28:21 [stats.py:920] +---------------------------------+----------------+------------------+
[0;36m(APIServer pid=214609)[0;0m INFO 09-25 05:28:21 [stats.py:920] | Field                           |              0 |                1 |
[0;36m(APIServer pid=214609)[0;0m INFO 09-25 05:28:21 [stats.py:920] +---------------------------------+----------------+------------------+
[0;36m(APIServer pid=214609)[0;0m INFO 09-25 05:28:21 [stats.py:920] | audio_duration_s                |          0.000 |           34.000 |
[0;36m(APIServer pid=214609)[0;0m INFO 09-25 05:28:21 [stats.py:920] | audio_generated_frames          |              0 |          816,000 |
[0;36m(APIServer pid=214609)[0;0m INFO 09-25 05:28:21 [stats.py:920] | audio_sample_rate               |              0 |           24,000 |
[0;36m(APIServer pid=214609)[0;0m INFO 09-25 05:28:21 [stats.py:920] | batch_id                        |          2,527 |            2,609 |
[0;36m(APIServer pid=214609)[0;0m INFO 09-25 05:28:21 [stats.py:920] | batch_size                      |              1 |                1 |
[0;36m(APIServer pid=214609)[0;0m INFO 09-25 05:28:21 [stats.py:920] | inter_output_latencies_ms       |                |                  |
[0;36m(APIServer pid=214609)[0;0m INFO 09-25 05:28:21 [stats.py:920] | num_tokens_in                   |            360 |                0 |
[0;36m(APIServer pid=214609)[0;0m INFO 09-25 05:28:21 [stats.py:920] | num_tokens_out                  |            426 |                0 |
[0;36m(APIServer pid=214609)[0;0m INFO 09-25 05:28:21 [stats.py:920] | output_unit_count               |            426 |          816,000 |
[0;36m(APIServer pid=214609)[0;0m INFO 09-25 05:28:21 [stats.py:920] | output_unit_type                |         stream |            audio |
[0;36m(APIServer pid=214609)[0;0m INFO 09-25 05:28:21 [stats.py:920] | serving_time_to_first_output_ms |     18,011.560 |       18,293.295 |
[0;36m(APIServer pid=214609)[0;0m INFO 09-25 05:28:21 [stats.py:920] | stage_gen_time_ms               |     18,010.115 |       18,291.913 |
[0;36m(APIServer pid=214609)[0;0m INFO 09-25 05:28:21 [stats.py:920] | time_per_output_unit_ms         |          0.000 |            0.000 |
[0;36m(APIServer pid=214609)[0;0m INFO 09-25 05:28:21 [stats.py:920] | vllm_itl_ms                     |         41.457 |        1,006.150 |
[0;36m(APIServer pid=214609)[0;0m INFO 09-25 05:28:21 [stats.py:920] | vllm_itls_ms                    | 41.457 (n=425) | 1,006.150 (n=17) |
[0;36m(APIServer pid=214609)[0;0m INFO 09-25 05:28:21 [stats.py:920] | vllm_tpot_ms                    |         41.457 |            0.000 |
[0;36m(APIServer pid=214609)[0;0m INFO 09-25 05:28:21 [stats.py:920] | vllm_ttft_ms                    |        394.557 |        1,185.252 |
[0;36m(APIServer pid=214609)[0;0m INFO 09-25 05:28:21 [stats.py:920] +---------------------------------+----------------+------------------+
[0;36m(APIServer pid=214609)[0;0m INFO 09-25 05:28:21 [serving_speech.py:3646] [SpeechE2E] request_id=speech-86c94756e54e498e stream=false status=ok total_ms=18338.52 response_bytes=1632044
[0;36m(APIServer pid=214609)[0;0m INFO:     127.0.0.1:34988 - "POST /v1/audio/speech HTTP/1.1" 200 OK
[0;36m(APIServer pid=214609)[0;0m INFO:     127.0.0.1:34974 - "POST /v1/audio/speech HTTP/1.1" 200 OK
[0;36m(APIServer pid=214609)[0;0m INFO 09-25 05:28:21 [stats.py:811] 
[0;36m(APIServer pid=214609)[0;0m INFO 09-25 05:28:21 [stats.py:811] [Overall Summary]
[0;36m(APIServer pid=214609)[0;0m INFO 09-25 05:28:21 [stats.py:811] +-----------------------------+------------+
[0;36m(APIServer pid=214609)[0;0m INFO 09-25 05:28:21 [stats.py:811] | Field                       |      Value |
[0;36m(APIServer pid=214609)[0;0m INFO 09-25 05:28:21 [stats.py:811] +-----------------------------+------------+
[0;36m(APIServer pid=214609)[0;0m INFO 09-25 05:28:21 [stats.py:811] | e2e_requests                |          1 |
[0;36m(APIServer pid=214609)[0;0m INFO 09-25 05:28:21 [stats.py:811] | e2e_wall_time_ms            | 18,348.185 |
[0;36m(APIServer pid=214609)[0;0m INFO 09-25 05:28:21 [stats.py:811] | e2e_total_tokens            |        789 |
[0;36m(APIServer pid=214609)[0;0m INFO 09-25 05:28:21 [stats.py:811] | e2e_avg_time_per_request_ms | 18,348.185 |
[0;36m(APIServer pid=214609)[0;0m INFO 09-25 05:28:21 [stats.py:811] | e2e_avg_tokens_per_s        |     43.002 |
[0;36m(APIServer pid=214609)[0;0m INFO 09-25 05:28:21 [stats.py:811] | input_preprocess_time_ms    |      0.054 |
[0;36m(APIServer pid=214609)[0;0m INFO 09-25 05:28:21 [stats.py:811] | e2e_stage_0_wall_time_ms    | 18,219.174 |
[0;36m(APIServer pid=214609)[0;0m INFO 09-25 05:28:21 [stats.py:811] | e2e_stage_1_wall_time_ms    | 18,344.131 |
[0;36m(APIServer pid=214609)[0;0m INFO 09-25 05:28:21 [stats.py:811] +-----------------------------+------------+
[0;36m(APIServer pid=214609)[0;0m INFO 09-25 05:28:21 [stats.py:837] 
[0;36m(APIServer pid=214609)[0;0m INFO 09-25 05:28:21 [stats.py:837] [RequestE2EStats [request_id=speech-b268226d3040f60d-ac7c135e]]
[0;36m(APIServer pid=214609)[0;0m INFO 09-25 05:28:21 [stats.py:837] +------------------+------------+
[0;36m(APIServer pid=214609)[0;0m INFO 09-25 05:28:21 [stats.py:837] | Field            |      Value |
[0;36m(APIServer pid=214609)[0;0m INFO 09-25 05:28:21 [stats.py:837] +------------------+------------+
[0;36m(APIServer pid=214609)[0;0m INFO 09-25 05:28:21 [stats.py:837] | e2e_total_ms     | 18,348.058 |
[0;36m(APIServer pid=214609)[0;0m INFO 09-25 05:28:21 [stats.py:837] | e2e_total_tokens |        789 |
[0;36m(APIServer pid=214609)[0;0m INFO 09-25 05:28:21 [stats.py:837] +------------------+------------+
[0;36m(APIServer pid=214609)[0;0m INFO 09-25 05:28:21 [stats.py:878] [OmniTiming] req=speech-b268226d3040f60d-ac7c135e total=18.35s preprocess=0.00s engine=18.35s stages=[0:18.22s,1:18.34s] transfers=[0->1=0.00ms]
[0;36m(APIServer pid=214609)[0;0m INFO 09-25 05:28:21 [stats.py:920] 
[0;36m(APIServer pid=214609)[0;0m INFO 09-25 05:28:21 [stats.py:920] [StageRequestStats [request_id=speech-b268226d3040f60d-ac7c135e]]
[0;36m(APIServer pid=214609)[0;0m INFO 09-25 05:28:21 [stats.py:920] +---------------------------------+----------------+----------------+
[0;36m(APIServer pid=214609)[0;0m INFO 09-25 05:28:21 [stats.py:920] | Field                           |              0 |              1 |
[0;36m(APIServer pid=214609)[0;0m INFO 09-25 05:28:21 [stats.py:920] +---------------------------------+----------------+----------------+
[0;36m(APIServer pid=214609)[0;0m INFO 09-25 05:28:21 [stats.py:920] | audio_duration_s                |          0.000 |         34.240 |
[0;36m(APIServer pid=214609)[0;0m INFO 09-25 05:28:21 [stats.py:920] | audio_generated_frames          |              0 |        821,760 |
[0;36m(APIServer pid=214609)[0;0m INFO 09-25 05:28:21 [stats.py:920] | audio_sample_rate               |              0 |         24,000 |
[0;36m(APIServer pid=214609)[0;0m INFO 09-25 05:28:21 [stats.py:920] | batch_id                        |          2,529 |          2,610 |
[0;36m(APIServer pid=214609)[0;0m INFO 09-25 05:28:21 [stats.py:920] | batch_size                      |              1 |              1 |
[0;36m(APIServer pid=214609)[0;0m INFO 09-25 05:28:21 [stats.py:920] | inter_output_latencies_ms       |                |                |
[0;36m(APIServer pid=214609)[0;0m INFO 09-25 05:28:21 [stats.py:920] | num_tokens_in                   |            360 |              0 |
[0;36m(APIServer pid=214609)[0;0m INFO 09-25 05:28:21 [stats.py:920] | num_tokens_out                  |            429 |              0 |
[0;36m(APIServer pid=214609)[0;0m INFO 09-25 05:28:21 [stats.py:920] | output_unit_count               |            429 |        821,760 |
[0;36m(APIServer pid=214609)[0;0m INFO 09-25 05:28:21 [stats.py:920] | output_unit_type                |         stream |          audio |
[0;36m(APIServer pid=214609)[0;0m INFO 09-25 05:28:21 [stats.py:920] | serving_time_to_first_output_ms |     18,219.164 |     18,347.602 |
[0;36m(APIServer pid=214609)[0;0m INFO 09-25 05:28:21 [stats.py:920] | stage_gen_time_ms               |     18,215.540 |     18,343.661 |
[0;36m(APIServer pid=214609)[0;0m INFO 09-25 05:28:21 [stats.py:920] | time_per_output_unit_ms         |          0.000 |          0.000 |
[0;36m(APIServer pid=214609)[0;0m INFO 09-25 05:28:21 [stats.py:920] | vllm_itl_ms                     |         41.604 |        952.113 |
[0;36m(APIServer pid=214609)[0;0m INFO 09-25 05:28:21 [stats.py:920] | vllm_itls_ms                    | 41.604 (n=428) | 952.113 (n=18) |
[0;36m(APIServer pid=214609)[0;0m INFO 09-25 05:28:21 [stats.py:920] | vllm_tpot_ms                    |         41.604 |          0.000 |
[0;36m(APIServer pid=214609)[0;0m INFO 09-25 05:28:21 [stats.py:920] | vllm_ttft_ms                    |        414.019 |      1,202.257 |
[0;36m(APIServer pid=214609)[0;0m INFO 09-25 05:28:21 [stats.py:920] +---------------------------------+----------------+----------------+
[0;36m(APIServer pid=214609)[0;0m INFO 09-25 05:28:21 [serving_speech.py:3646] [SpeechE2E] request_id=speech-b268226d3040f60d stream=false status=ok total_ms=18391.34 response_bytes=1643564
[0;36m(APIServer pid=214609)[0;0m INFO 09-25 05:28:21 [serving_speech.py:3070] TTS speech request speech-93023407240a37d3: model=Base
[0;36m(APIServer pid=214609)[0;0m INFO 09-25 05:28:21 [serving_speech.py:3100] Applied extra_params: {'temperature': 0.9, 'top_k': 50}
[0;36m(APIServer pid=214609)[0;0m INFO 09-25 05:28:21 [serving_speech.py:3070] TTS speech request speech-a60fe32aa2885fc4: model=Base
[0;36m(APIServer pid=214609)[0;0m INFO 09-25 05:28:21 [serving_speech.py:3100] Applied extra_params: {'temperature': 0.9, 'top_k': 50}
[0;36m(APIServer pid=214609)[0;0m INFO:     127.0.0.1:34934 - "POST /v1/audio/speech HTTP/1.1" 200 OK
[0;36m(APIServer pid=214609)[0;0m INFO 09-25 05:28:21 [serving_speech.py:3070] TTS speech request speech-ad2b4e2f8e91b03b: model=Base
[0;36m(APIServer pid=214609)[0;0m INFO 09-25 05:28:21 [serving_speech.py:3100] Applied extra_params: {'temperature': 0.9, 'top_k': 50}
[0;36m(APIServer pid=214609)[0;0m INFO 09-25 05:28:22 [stats.py:811] 
[0;36m(APIServer pid=214609)[0;0m INFO 09-25 05:28:22 [stats.py:811] [Overall Summary]
[0;36m(APIServer pid=214609)[0;0m INFO 09-25 05:28:22 [stats.py:811] +-----------------------------+------------+
[0;36m(APIServer pid=214609)[0;0m INFO 09-25 05:28:22 [stats.py:811] | Field                       |      Value |
[0;36m(APIServer pid=214609)[0;0m INFO 09-25 05:28:22 [stats.py:811] +-----------------------------+------------+
[0;36m(APIServer pid=214609)[0;0m INFO 09-25 05:28:22 [stats.py:811] | e2e_requests                |          1 |
[0;36m(APIServer pid=214609)[0;0m INFO 09-25 05:28:22 [stats.py:811] | e2e_wall_time_ms            | 18,972.021 |
[0;36m(APIServer pid=214609)[0;0m INFO 09-25 05:28:22 [stats.py:811] | e2e_total_tokens            |        803 |
[0;36m(APIServer pid=214609)[0;0m INFO 09-25 05:28:22 [stats.py:811] | e2e_avg_time_per_request_ms | 18,972.021 |
[0;36m(APIServer pid=214609)[0;0m INFO 09-25 05:28:22 [stats.py:811] | e2e_avg_tokens_per_s        |     42.325 |
[0;36m(APIServer pid=214609)[0;0m INFO 09-25 05:28:22 [stats.py:811] | input_preprocess_time_ms    |      0.039 |
[0;36m(APIServer pid=214609)[0;0m INFO 09-25 05:28:22 [stats.py:811] | e2e_stage_0_wall_time_ms    | 18,935.112 |
[0;36m(APIServer pid=214609)[0;0m INFO 09-25 05:28:22 [stats.py:811] | e2e_stage_1_wall_time_ms    | 18,970.336 |
[0;36m(APIServer pid=214609)[0;0m INFO 09-25 05:28:22 [stats.py:811] +-----------------------------+------------+
[0;36m(APIServer pid=214609)[0;0m INFO 09-25 05:28:22 [stats.py:837] 
[0;36m(APIServer pid=214609)[0;0m INFO 09-25 05:28:22 [stats.py:837] [RequestE2EStats [request_id=speech-9c56115daffad2da-b60f4b45]]
[0;36m(APIServer pid=214609)[0;0m INFO 09-25 05:28:22 [stats.py:837] +------------------+------------+
[0;36m(APIServer pid=214609)[0;0m INFO 09-25 05:28:22 [stats.py:837] | Field            |      Value |
[0;36m(APIServer pid=214609)[0;0m INFO 09-25 05:28:22 [stats.py:837] +------------------+------------+
[0;36m(APIServer pid=214609)[0;0m INFO 09-25 05:28:22 [stats.py:837] | e2e_total_ms     | 18,971.932 |
[0;36m(APIServer pid=214609)[0;0m INFO 09-25 05:28:22 [stats.py:837] | e2e_total_tokens |        803 |
[0;36m(APIServer pid=214609)[0;0m INFO 09-25 05:28:22 [stats.py:837] +------------------+------------+
[0;36m(APIServer pid=214609)[0;0m INFO 09-25 05:28:22 [stats.py:878] [OmniTiming] req=speech-9c56115daffad2da-b60f4b45 total=18.97s preprocess=0.00s engine=18.97s stages=[0:18.93s,1:18.97s] transfers=[0->1=0.00ms]
[0;36m(APIServer pid=214609)[0;0m INFO 09-25 05:28:22 [stats.py:920] 
[0;36m(APIServer pid=214609)[0;0m INFO 09-25 05:28:22 [stats.py:920] [StageRequestStats [request_id=speech-9c56115daffad2da-b60f4b45]]
[0;36m(APIServer pid=214609)[0;0m INFO 09-25 05:28:22 [stats.py:920] +---------------------------------+----------------+----------------+
[0;36m(APIServer pid=214609)[0;0m INFO 09-25 05:28:22 [stats.py:920] | Field                           |              0 |              1 |
[0;36m(APIServer pid=214609)[0;0m INFO 09-25 05:28:22 [stats.py:920] +---------------------------------+----------------+----------------+
[0;36m(APIServer pid=214609)[0;0m INFO 09-25 05:28:22 [stats.py:920] | audio_duration_s                |          0.000 |         35.360 |
[0;36m(APIServer pid=214609)[0;0m INFO 09-25 05:28:22 [stats.py:920] | audio_generated_frames          |              0 |        848,640 |
[0;36m(APIServer pid=214609)[0;0m INFO 09-25 05:28:22 [stats.py:920] | audio_sample_rate               |              0 |         24,000 |
[0;36m(APIServer pid=214609)[0;0m INFO 09-25 05:28:22 [stats.py:920] | batch_id                        |          2,530 |          2,611 |
[0;36m(APIServer pid=214609)[0;0m INFO 09-25 05:28:22 [stats.py:920] | batch_size                      |              1 |              1 |
[0;36m(APIServer pid=214609)[0;0m INFO 09-25 05:28:22 [stats.py:920] | inter_output_latencies_ms       |                |                |
[0;36m(APIServer pid=214609)[0;0m INFO 09-25 05:28:22 [stats.py:920] | num_tokens_in                   |            360 |              0 |
[0;36m(APIServer pid=214609)[0;0m INFO 09-25 05:28:22 [stats.py:920] | num_tokens_out                  |            443 |              0 |
[0;36m(APIServer pid=214609)[0;0m INFO 09-25 05:28:22 [stats.py:920] | output_unit_count               |            443 |        848,640 |
[0;36m(APIServer pid=214609)[0;0m INFO 09-25 05:28:22 [stats.py:920] | output_unit_type                |         stream |          audio |
[0;36m(APIServer pid=214609)[0;0m INFO 09-25 05:28:22 [stats.py:920] | serving_time_to_first_output_ms |     18,934.985 |     18,970.978 |
[0;36m(APIServer pid=214609)[0;0m INFO 09-25 05:28:22 [stats.py:920] | stage_gen_time_ms               |     18,933.489 |     18,969.392 |
[0;36m(APIServer pid=214609)[0;0m INFO 09-25 05:28:22 [stats.py:920] | time_per_output_unit_ms         |          0.000 |          0.000 |
[0;36m(APIServer pid=214609)[0;0m INFO 09-25 05:28:22 [stats.py:920] | vllm_itl_ms                     |         41.943 |        987.840 |
[0;36m(APIServer pid=214609)[0;0m INFO 09-25 05:28:22 [stats.py:920] | vllm_itls_ms                    | 41.943 (n=442) | 987.840 (n=18) |
[0;36m(APIServer pid=214609)[0;0m INFO 09-25 05:28:22 [stats.py:920] | vllm_tpot_ms                    |         41.943 |          0.000 |
[0;36m(APIServer pid=214609)[0;0m INFO 09-25 05:28:22 [stats.py:920] | vllm_ttft_ms                    |        397.183 |      1,187.805 |
[0;36m(APIServer pid=214609)[0;0m INFO 09-25 05:28:22 [stats.py:920] +---------------------------------+----------------+----------------+
[0;36m(APIServer pid=214609)[0;0m INFO 09-25 05:28:22 [serving_speech.py:3646] [SpeechE2E] request_id=speech-9c56115daffad2da stream=false status=ok total_ms=19007.09 response_bytes=1697324
[0;36m(APIServer pid=214609)[0;0m INFO:     127.0.0.1:34970 - "POST /v1/audio/speech HTTP/1.1" 200 OK
[0;36m(APIServer pid=214609)[0;0m INFO 09-25 05:28:22 [serving_speech.py:3070] TTS speech request speech-9c6ffe0a42cc468b: model=Base
[0;36m(APIServer pid=214609)[0;0m INFO 09-25 05:28:22 [serving_speech.py:3100] Applied extra_params: {'temperature': 0.9, 'top_k': 50}
[0;36m(APIServer pid=214609)[0;0m INFO 09-25 05:28:22 [stats.py:811] 
[0;36m(APIServer pid=214609)[0;0m INFO 09-25 05:28:22 [stats.py:811] [Overall Summary]
[0;36m(APIServer pid=214609)[0;0m INFO 09-25 05:28:22 [stats.py:811] +-----------------------------+------------+
[0;36m(APIServer pid=214609)[0;0m INFO 09-25 05:28:22 [stats.py:811] | Field                       |      Value |
[0;36m(APIServer pid=214609)[0;0m INFO 09-25 05:28:22 [stats.py:811] +-----------------------------+------------+
[0;36m(APIServer pid=214609)[0;0m INFO 09-25 05:28:22 [stats.py:811] | e2e_requests                |          1 |
[0;36m(APIServer pid=214609)[0;0m INFO 09-25 05:28:22 [stats.py:811] | e2e_wall_time_ms            | 19,067.620 |
[0;36m(APIServer pid=214609)[0;0m INFO 09-25 05:28:22 [stats.py:811] | e2e_total_tokens            |        806 |
[0;36m(APIServer pid=214609)[0;0m INFO 09-25 05:28:22 [stats.py:811] | e2e_avg_time_per_request_ms | 19,067.620 |
[0;36m(APIServer pid=214609)[0;0m INFO 09-25 05:28:22 [stats.py:811] | e2e_avg_tokens_per_s        |     42.271 |
[0;36m(APIServer pid=214609)[0;0m INFO 09-25 05:28:22 [stats.py:811] | input_preprocess_time_ms    |      0.043 |
[0;36m(APIServer pid=214609)[0;0m INFO 09-25 05:28:22 [stats.py:811] | e2e_stage_0_wall_time_ms    | 19,027.740 |
[0;36m(APIServer pid=214609)[0;0m INFO 09-25 05:28:22 [stats.py:811] | e2e_stage_1_wall_time_ms    | 19,067.175 |
[0;36m(APIServer pid=214609)[0;0m INFO 09-25 05:28:22 [stats.py:811] +-----------------------------+------------+
[0;36m(APIServer pid=214609)[0;0m INFO 09-25 05:28:22 [stats.py:837] 
[0;36m(APIServer pid=214609)[0;0m INFO 09-25 05:28:22 [stats.py:837] [RequestE2EStats [request_id=speech-a70e2ae9b2dbd911-ac1d36dc]]
[0;36m(APIServer pid=214609)[0;0m INFO 09-25 05:28:22 [stats.py:837] +------------------+------------+
[0;36m(APIServer pid=214609)[0;0m INFO 09-25 05:28:22 [stats.py:837] | Field            |      Value |
[0;36m(APIServer pid=214609)[0;0m INFO 09-25 05:28:22 [stats.py:837] +------------------+------------+
[0;36m(APIServer pid=214609)[0;0m INFO 09-25 05:28:22 [stats.py:837] | e2e_total_ms     | 19,067.492 |
[0;36m(APIServer pid=214609)[0;0m INFO 09-25 05:28:22 [stats.py:837] | e2e_total_tokens |        806 |
[0;36m(APIServer pid=214609)[0;0m INFO 09-25 05:28:22 [stats.py:837] +------------------+------------+
[0;36m(APIServer pid=214609)[0;0m INFO 09-25 05:28:22 [stats.py:878] [OmniTiming] req=speech-a70e2ae9b2dbd911-ac1d36dc total=19.07s preprocess=0.00s engine=19.07s stages=[0:19.03s,1:19.07s] transfers=[0->1=0.00ms]
[0;36m(APIServer pid=214609)[0;0m INFO 09-25 05:28:22 [stats.py:920] 
[0;36m(APIServer pid=214609)[0;0m INFO 09-25 05:28:22 [stats.py:920] [StageRequestStats [request_id=speech-a70e2ae9b2dbd911-ac1d36dc]]
[0;36m(APIServer pid=214609)[0;0m INFO 09-25 05:28:22 [stats.py:920] +---------------------------------+----------------+------------------+
[0;36m(APIServer pid=214609)[0;0m INFO 09-25 05:28:22 [stats.py:920] | Field                           |              0 |                1 |
[0;36m(APIServer pid=214609)[0;0m INFO 09-25 05:28:22 [stats.py:920] +---------------------------------+----------------+------------------+
[0;36m(APIServer pid=214609)[0;0m INFO 09-25 05:28:22 [stats.py:920] | audio_duration_s                |          0.000 |           35.600 |
[0;36m(APIServer pid=214609)[0;0m INFO 09-25 05:28:22 [stats.py:920] | audio_generated_frames          |              0 |          854,400 |
[0;36m(APIServer pid=214609)[0;0m INFO 09-25 05:28:22 [stats.py:920] | audio_sample_rate               |              0 |           24,000 |
[0;36m(APIServer pid=214609)[0;0m INFO 09-25 05:28:22 [stats.py:920] | batch_id                        |          2,531 |            2,612 |
[0;36m(APIServer pid=214609)[0;0m INFO 09-25 05:28:22 [stats.py:920] | batch_size                      |              1 |                1 |
[0;36m(APIServer pid=214609)[0;0m INFO 09-25 05:28:22 [stats.py:920] | inter_output_latencies_ms       |                |                  |
[0;36m(APIServer pid=214609)[0;0m INFO 09-25 05:28:22 [stats.py:920] | num_tokens_in                   |            360 |                0 |
[0;36m(APIServer pid=214609)[0;0m INFO 09-25 05:28:22 [stats.py:920] | num_tokens_out                  |            446 |                0 |
[0;36m(APIServer pid=214609)[0;0m INFO 09-25 05:28:22 [stats.py:920] | output_unit_count               |            446 |          854,400 |
[0;36m(APIServer pid=214609)[0;0m INFO 09-25 05:28:22 [stats.py:920] | output_unit_type                |         stream |            audio |
[0;36m(APIServer pid=214609)[0;0m INFO 09-25 05:28:22 [stats.py:920] | serving_time_to_first_output_ms |     19,027.717 |       19,067.318 |
[0;36m(APIServer pid=214609)[0;0m INFO 09-25 05:28:22 [stats.py:920] | stage_gen_time_ms               |     19,027.410 |       19,066.983 |
[0;36m(APIServer pid=214609)[0;0m INFO 09-25 05:28:22 [stats.py:920] | time_per_output_unit_ms         |          0.000 |            0.000 |
[0;36m(APIServer pid=214609)[0;0m INFO 09-25 05:28:22 [stats.py:920] | vllm_itl_ms                     |         42.516 |        1,043.689 |
[0;36m(APIServer pid=214609)[0;0m INFO 09-25 05:28:22 [stats.py:920] | vllm_itls_ms                    | 42.516 (n=445) | 1,043.689 (n=18) |
[0;36m(APIServer pid=214609)[0;0m INFO 09-25 05:28:22 [stats.py:920] | vllm_tpot_ms                    |         42.516 |            0.000 |
[0;36m(APIServer pid=214609)[0;0m INFO 09-25 05:28:22 [stats.py:920] | vllm_ttft_ms                    |        107.748 |          280.814 |
[0;36m(APIServer pid=214609)[0;0m INFO 09-25 05:28:22 [stats.py:920] +---------------------------------+----------------+------------------+
[0;36m(APIServer pid=214609)[0;0m INFO 09-25 05:28:22 [serving_speech.py:3646] [SpeechE2E] request_id=speech-a70e2ae9b2dbd911 stream=false status=ok total_ms=19087.10 response_bytes=1708844
[0;36m(APIServer pid=214609)[0;0m INFO:     127.0.0.1:34918 - "POST /v1/audio/speech HTTP/1.1" 200 OK
[0;36m(APIServer pid=214609)[0;0m INFO 09-25 05:28:22 [serving_speech.py:3070] TTS speech request speech-ab094a928210fd7c: model=Base
[0;36m(APIServer pid=214609)[0;0m INFO 09-25 05:28:22 [serving_speech.py:3100] Applied extra_params: {'temperature': 0.9, 'top_k': 50}
[0;36m(APIServer pid=214609)[0;0m INFO 09-25 05:28:22 [stats.py:811] 
[0;36m(APIServer pid=214609)[0;0m INFO 09-25 05:28:22 [stats.py:811] [Overall Summary]
[0;36m(APIServer pid=214609)[0;0m INFO 09-25 05:28:22 [stats.py:811] +-----------------------------+------------+
[0;36m(APIServer pid=214609)[0;0m INFO 09-25 05:28:22 [stats.py:811] | Field                       |      Value |
[0;36m(APIServer pid=214609)[0;0m INFO 09-25 05:28:22 [stats.py:811] +-----------------------------+------------+
[0;36m(APIServer pid=214609)[0;0m INFO 09-25 05:28:22 [stats.py:811] | e2e_requests                |          1 |
[0;36m(APIServer pid=214609)[0;0m INFO 09-25 05:28:22 [stats.py:811] | e2e_wall_time_ms            | 19,159.474 |
[0;36m(APIServer pid=214609)[0;0m INFO 09-25 05:28:22 [stats.py:811] | e2e_total_tokens            |        807 |
[0;36m(APIServer pid=214609)[0;0m INFO 09-25 05:28:22 [stats.py:811] | e2e_avg_time_per_request_ms | 19,159.474 |
[0;36m(APIServer pid=214609)[0;0m INFO 09-25 05:28:22 [stats.py:811] | e2e_avg_tokens_per_s        |     42.120 |
[0;36m(APIServer pid=214609)[0;0m INFO 09-25 05:28:22 [stats.py:811] | input_preprocess_time_ms    |      0.048 |
[0;36m(APIServer pid=214609)[0;0m INFO 09-25 05:28:22 [stats.py:811] | e2e_stage_0_wall_time_ms    | 19,116.472 |
[0;36m(APIServer pid=214609)[0;0m INFO 09-25 05:28:22 [stats.py:811] | e2e_stage_1_wall_time_ms    | 19,157.551 |
[0;36m(APIServer pid=214609)[0;0m INFO 09-25 05:28:22 [stats.py:811] +-----------------------------+------------+
[0;36m(APIServer pid=214609)[0;0m INFO 09-25 05:28:22 [stats.py:837] 
[0;36m(APIServer pid=214609)[0;0m INFO 09-25 05:28:22 [stats.py:837] [RequestE2EStats [request_id=speech-9d3447bc2774704b-be3ef36a]]
[0;36m(APIServer pid=214609)[0;0m INFO 09-25 05:28:22 [stats.py:837] +------------------+------------+
[0;36m(APIServer pid=214609)[0;0m INFO 09-25 05:28:22 [stats.py:837] | Field            |      Value |
[0;36m(APIServer pid=214609)[0;0m INFO 09-25 05:28:22 [stats.py:837] +------------------+------------+
[0;36m(APIServer pid=214609)[0;0m INFO 09-25 05:28:22 [stats.py:837] | e2e_total_ms     | 19,159.269 |
[0;36m(APIServer pid=214609)[0;0m INFO 09-25 05:28:22 [stats.py:837] | e2e_total_tokens |        807 |
[0;36m(APIServer pid=214609)[0;0m INFO 09-25 05:28:22 [stats.py:837] +------------------+------------+
[0;36m(APIServer pid=214609)[0;0m INFO 09-25 05:28:22 [stats.py:878] [OmniTiming] req=speech-9d3447bc2774704b-be3ef36a total=19.16s preprocess=0.00s engine=19.16s stages=[0:19.11s,1:19.16s] transfers=[0->1=0.00ms]
[0;36m(APIServer pid=214609)[0;0m INFO 09-25 05:28:22 [stats.py:920] 
[0;36m(APIServer pid=214609)[0;0m INFO 09-25 05:28:22 [stats.py:920] [StageRequestStats [request_id=speech-9d3447bc2774704b-be3ef36a]]
[0;36m(APIServer pid=214609)[0;0m INFO 09-25 05:28:22 [stats.py:920] +---------------------------------+----------------+----------------+
[0;36m(APIServer pid=214609)[0;0m INFO 09-25 05:28:22 [stats.py:920] | Field                           |              0 |              1 |
[0;36m(APIServer pid=214609)[0;0m INFO 09-25 05:28:22 [stats.py:920] +---------------------------------+----------------+----------------+
[0;36m(APIServer pid=214609)[0;0m INFO 09-25 05:28:22 [stats.py:920] | audio_duration_s                |          0.000 |         35.680 |
[0;36m(APIServer pid=214609)[0;0m INFO 09-25 05:28:22 [stats.py:920] | audio_generated_frames          |              0 |        856,320 |
[0;36m(APIServer pid=214609)[0;0m INFO 09-25 05:28:22 [stats.py:920] | audio_sample_rate               |              0 |         24,000 |
[0;36m(APIServer pid=214609)[0;0m INFO 09-25 05:28:22 [stats.py:920] | batch_id                        |          2,532 |          2,613 |
[0;36m(APIServer pid=214609)[0;0m INFO 09-25 05:28:22 [stats.py:920] | batch_size                      |              1 |              1 |
[0;36m(APIServer pid=214609)[0;0m INFO 09-25 05:28:22 [stats.py:920] | inter_output_latencies_ms       |                |                |
[0;36m(APIServer pid=214609)[0;0m INFO 09-25 05:28:22 [stats.py:920] | num_tokens_in                   |            360 |              0 |
[0;36m(APIServer pid=214609)[0;0m INFO 09-25 05:28:22 [stats.py:920] | num_tokens_out                  |            447 |              0 |
[0;36m(APIServer pid=214609)[0;0m INFO 09-25 05:28:22 [stats.py:920] | output_unit_count               |            447 |        856,320 |
[0;36m(APIServer pid=214609)[0;0m INFO 09-25 05:28:22 [stats.py:920] | output_unit_type                |         stream |          audio |
[0;36m(APIServer pid=214609)[0;0m INFO 09-25 05:28:22 [stats.py:920] | serving_time_to_first_output_ms |     19,116.487 |     19,159.010 |
[0;36m(APIServer pid=214609)[0;0m INFO 09-25 05:28:22 [stats.py:920] | stage_gen_time_ms               |     19,114.840 |     19,157.184 |
[0;36m(APIServer pid=214609)[0;0m INFO 09-25 05:28:22 [stats.py:920] | time_per_output_unit_ms         |          0.000 |          0.000 |
[0;36m(APIServer pid=214609)[0;0m INFO 09-25 05:28:22 [stats.py:920] | vllm_itl_ms                     |         41.964 |        997.971 |
[0;36m(APIServer pid=214609)[0;0m INFO 09-25 05:28:22 [stats.py:920] | vllm_itls_ms                    | 41.964 (n=446) | 997.971 (n=18) |
[0;36m(APIServer pid=214609)[0;0m INFO 09-25 05:28:22 [stats.py:920] | vllm_tpot_ms                    |         41.964 |          0.000 |
[0;36m(APIServer pid=214609)[0;0m INFO 09-25 05:28:22 [stats.py:920] | vllm_ttft_ms                    |        402.776 |      1,193.151 |
[0;36m(APIServer pid=214609)[0;0m INFO 09-25 05:28:22 [stats.py:920] +---------------------------------+----------------+----------------+
[0;36m(APIServer pid=214609)[0;0m INFO 09-25 05:28:22 [serving_speech.py:3646] [SpeechE2E] request_id=speech-9d3447bc2774704b stream=false status=ok total_ms=19189.38 response_bytes=1712684
[0;36m(APIServer pid=214609)[0;0m INFO:     127.0.0.1:34944 - "POST /v1/audio/speech HTTP/1.1" 200 OK
[0;36m(APIServer pid=214609)[0;0m INFO 09-25 05:28:22 [serving_speech.py:3070] TTS speech request speech-b8e998763a8a5405: model=Base
[0;36m(APIServer pid=214609)[0;0m INFO 09-25 05:28:22 [serving_speech.py:3100] Applied extra_params: {'temperature': 0.9, 'top_k': 50}
[0;36m(APIServer pid=214609)[0;0m INFO 09-25 05:28:22 [stats.py:811] 
[0;36m(APIServer pid=214609)[0;0m INFO 09-25 05:28:22 [stats.py:811] [Overall Summary]
[0;36m(APIServer pid=214609)[0;0m INFO 09-25 05:28:22 [stats.py:811] +-----------------------------+------------+
[0;36m(APIServer pid=214609)[0;0m INFO 09-25 05:28:22 [stats.py:811] | Field                       |      Value |
[0;36m(APIServer pid=214609)[0;0m INFO 09-25 05:28:22 [stats.py:811] +-----------------------------+------------+
[0;36m(APIServer pid=214609)[0;0m INFO 09-25 05:28:22 [stats.py:811] | e2e_requests                |          1 |
[0;36m(APIServer pid=214609)[0;0m INFO 09-25 05:28:22 [stats.py:811] | e2e_wall_time_ms            | 19,633.742 |
[0;36m(APIServer pid=214609)[0;0m INFO 09-25 05:28:22 [stats.py:811] | e2e_total_tokens            |        817 |
[0;36m(APIServer pid=214609)[0;0m INFO 09-25 05:28:22 [stats.py:811] | e2e_avg_time_per_request_ms | 19,633.742 |
[0;36m(APIServer pid=214609)[0;0m INFO 09-25 05:28:22 [stats.py:811] | e2e_avg_tokens_per_s        |     41.612 |
[0;36m(APIServer pid=214609)[0;0m INFO 09-25 05:28:22 [stats.py:811] | input_preprocess_time_ms    |      0.031 |
[0;36m(APIServer pid=214609)[0;0m INFO 09-25 05:28:22 [stats.py:811] | e2e_stage_0_wall_time_ms    | 19,597.413 |
[0;36m(APIServer pid=214609)[0;0m INFO 09-25 05:28:22 [stats.py:811] | e2e_stage_1_wall_time_ms    | 19,632.105 |
[0;36m(APIServer pid=214609)[0;0m INFO 09-25 05:28:22 [stats.py:811] +-----------------------------+------------+
[0;36m(APIServer pid=214609)[0;0m INFO 09-25 05:28:22 [stats.py:837] 
[0;36m(APIServer pid=214609)[0;0m INFO 09-25 05:28:22 [stats.py:837] [RequestE2EStats [request_id=speech-aabbbd345eb56e98-9e2e02ef]]
[0;36m(APIServer pid=214609)[0;0m INFO 09-25 05:28:22 [stats.py:837] +------------------+------------+
[0;36m(APIServer pid=214609)[0;0m INFO 09-25 05:28:22 [stats.py:837] | Field            |      Value |
[0;36m(APIServer pid=214609)[0;0m INFO 09-25 05:28:22 [stats.py:837] +------------------+------------+
[0;36m(APIServer pid=214609)[0;0m INFO 09-25 05:28:22 [stats.py:837] | e2e_total_ms     | 19,633.665 |
[0;36m(APIServer pid=214609)[0;0m INFO 09-25 05:28:22 [stats.py:837] | e2e_total_tokens |        817 |
[0;36m(APIServer pid=214609)[0;0m INFO 09-25 05:28:22 [stats.py:837] +------------------+------------+
[0;36m(APIServer pid=214609)[0;0m INFO 09-25 05:28:22 [stats.py:878] [OmniTiming] req=speech-aabbbd345eb56e98-9e2e02ef total=19.63s preprocess=0.00s engine=19.63s stages=[0:19.60s,1:19.63s] transfers=[0->1=0.00ms]
[0;36m(APIServer pid=214609)[0;0m INFO 09-25 05:28:22 [stats.py:920] 
[0;36m(APIServer pid=214609)[0;0m INFO 09-25 05:28:22 [stats.py:920] [StageRequestStats [request_id=speech-aabbbd345eb56e98-9e2e02ef]]
[0;36m(APIServer pid=214609)[0;0m INFO 09-25 05:28:22 [stats.py:920] +---------------------------------+----------------+----------------+
[0;36m(APIServer pid=214609)[0;0m INFO 09-25 05:28:22 [stats.py:920] | Field                           |              0 |              1 |
[0;36m(APIServer pid=214609)[0;0m INFO 09-25 05:28:22 [stats.py:920] +---------------------------------+----------------+----------------+
[0;36m(APIServer pid=214609)[0;0m INFO 09-25 05:28:22 [stats.py:920] | audio_duration_s                |          0.000 |         36.480 |
[0;36m(APIServer pid=214609)[0;0m INFO 09-25 05:28:22 [stats.py:920] | audio_generated_frames          |              0 |        875,520 |
[0;36m(APIServer pid=214609)[0;0m INFO 09-25 05:28:22 [stats.py:920] | audio_sample_rate               |              0 |         24,000 |
[0;36m(APIServer pid=214609)[0;0m INFO 09-25 05:28:22 [stats.py:920] | batch_id                        |          2,533 |          2,614 |
[0;36m(APIServer pid=214609)[0;0m INFO 09-25 05:28:22 [stats.py:920] | batch_size                      |              1 |              1 |
[0;36m(APIServer pid=214609)[0;0m INFO 09-25 05:28:22 [stats.py:920] | inter_output_latencies_ms       |                |                |
[0;36m(APIServer pid=214609)[0;0m INFO 09-25 05:28:22 [stats.py:920] | num_tokens_in                   |            360 |              0 |
[0;36m(APIServer pid=214609)[0;0m INFO 09-25 05:28:22 [stats.py:920] | num_tokens_out                  |            457 |              0 |
[0;36m(APIServer pid=214609)[0;0m INFO 09-25 05:28:22 [stats.py:920] | output_unit_count               |            457 |        875,520 |
[0;36m(APIServer pid=214609)[0;0m INFO 09-25 05:28:22 [stats.py:920] | output_unit_type                |         stream |          audio |
[0;36m(APIServer pid=214609)[0;0m INFO 09-25 05:28:22 [stats.py:920] | serving_time_to_first_output_ms |     19,597.218 |     19,633.249 |
[0;36m(APIServer pid=214609)[0;0m INFO 09-25 05:28:22 [stats.py:920] | stage_gen_time_ms               |     19,595.675 |     19,631.709 |
[0;36m(APIServer pid=214609)[0;0m INFO 09-25 05:28:22 [stats.py:920] | time_per_output_unit_ms         |          0.000 |          0.000 |
[0;36m(APIServer pid=214609)[0;0m INFO 09-25 05:28:22 [stats.py:920] | vllm_itl_ms                     |         42.157 |        971.857 |
[0;36m(APIServer pid=214609)[0;0m INFO 09-25 05:28:22 [stats.py:920] | vllm_itls_ms                    | 42.157 (n=456) | 971.857 (n=19) |
[0;36m(APIServer pid=214609)[0;0m INFO 09-25 05:28:22 [stats.py:920] | vllm_tpot_ms                    |         42.157 |          0.000 |
[0;36m(APIServer pid=214609)[0;0m INFO 09-25 05:28:22 [stats.py:920] | vllm_ttft_ms                    |        376.256 |      1,168.074 |
[0;36m(APIServer pid=214609)[0;0m INFO 09-25 05:28:22 [stats.py:920] +---------------------------------+----------------+----------------+
[0;36m(APIServer pid=214609)[0;0m INFO 09-25 05:28:22 [serving_speech.py:3646] [SpeechE2E] request_id=speech-aabbbd345eb56e98 stream=false status=ok total_ms=19672.05 response_bytes=1751084
[0;36m(APIServer pid=214609)[0;0m INFO:     127.0.0.1:35046 - "POST /v1/audio/speech HTTP/1.1" 200 OK
[0;36m(APIServer pid=214609)[0;0m INFO 09-25 05:28:22 [serving_speech.py:3070] TTS speech request speech-ad5ae434e88bdba0: model=Base
[0;36m(APIServer pid=214609)[0;0m INFO 09-25 05:28:22 [serving_speech.py:3100] Applied extra_params: {'temperature': 0.9, 'top_k': 50}
[0;36m(APIServer pid=214609)[0;0m INFO 09-25 05:28:24 [stats.py:811] 
[0;36m(APIServer pid=214609)[0;0m INFO 09-25 05:28:24 [stats.py:811] [Overall Summary]
[0;36m(APIServer pid=214609)[0;0m INFO 09-25 05:28:24 [stats.py:811] +-----------------------------+------------+
[0;36m(APIServer pid=214609)[0;0m INFO 09-25 05:28:24 [stats.py:811] | Field                       |      Value |
[0;36m(APIServer pid=214609)[0;0m INFO 09-25 05:28:24 [stats.py:811] +-----------------------------+------------+
[0;36m(APIServer pid=214609)[0;0m INFO 09-25 05:28:24 [stats.py:811] | e2e_requests                |          1 |
[0;36m(APIServer pid=214609)[0;0m INFO 09-25 05:28:24 [stats.py:811] | e2e_wall_time_ms            | 21,006.810 |
[0;36m(APIServer pid=214609)[0;0m INFO 09-25 05:28:24 [stats.py:811] | e2e_total_tokens            |        847 |
[0;36m(APIServer pid=214609)[0;0m INFO 09-25 05:28:24 [stats.py:811] | e2e_avg_time_per_request_ms | 21,006.810 |
[0;36m(APIServer pid=214609)[0;0m INFO 09-25 05:28:24 [stats.py:811] | e2e_avg_tokens_per_s        |     40.320 |
[0;36m(APIServer pid=214609)[0;0m INFO 09-25 05:28:24 [stats.py:811] | input_preprocess_time_ms    |      0.029 |
[0;36m(APIServer pid=214609)[0;0m INFO 09-25 05:28:24 [stats.py:811] | e2e_stage_0_wall_time_ms    | 20,845.248 |
[0;36m(APIServer pid=214609)[0;0m INFO 09-25 05:28:24 [stats.py:811] | e2e_stage_1_wall_time_ms    | 21,005.136 |
[0;36m(APIServer pid=214609)[0;0m INFO 09-25 05:28:24 [stats.py:811] +-----------------------------+------------+
[0;36m(APIServer pid=214609)[0;0m INFO 09-25 05:28:24 [stats.py:837] 
[0;36m(APIServer pid=214609)[0;0m INFO 09-25 05:28:24 [stats.py:837] [RequestE2EStats [request_id=speech-a48b8bd4e3baea14-a1c0ed8b]]
[0;36m(APIServer pid=214609)[0;0m INFO 09-25 05:28:24 [stats.py:837] +------------------+------------+
[0;36m(APIServer pid=214609)[0;0m INFO 09-25 05:28:24 [stats.py:837] | Field            |      Value |
[0;36m(APIServer pid=214609)[0;0m INFO 09-25 05:28:24 [stats.py:837] +------------------+------------+
[0;36m(APIServer pid=214609)[0;0m INFO 09-25 05:28:24 [stats.py:837] | e2e_total_ms     | 21,006.735 |
[0;36m(APIServer pid=214609)[0;0m INFO 09-25 05:28:24 [stats.py:837] | e2e_total_tokens |        847 |
[0;36m(APIServer pid=214609)[0;0m INFO 09-25 05:28:24 [stats.py:837] +------------------+------------+
[0;36m(APIServer pid=214609)[0;0m INFO 09-25 05:28:24 [stats.py:878] [OmniTiming] req=speech-a48b8bd4e3baea14-a1c0ed8b total=21.01s preprocess=0.00s engine=21.01s stages=[0:20.84s,1:21.00s] transfers=[0->1=0.00ms]
[0;36m(APIServer pid=214609)[0;0m INFO 09-25 05:28:24 [stats.py:920] 
[0;36m(APIServer pid=214609)[0;0m INFO 09-25 05:28:24 [stats.py:920] [StageRequestStats [request_id=speech-a48b8bd4e3baea14-a1c0ed8b]]
[0;36m(APIServer pid=214609)[0;0m INFO 09-25 05:28:24 [stats.py:920] +---------------------------------+----------------+----------------+
[0;36m(APIServer pid=214609)[0;0m INFO 09-25 05:28:24 [stats.py:920] | Field                           |              0 |              1 |
[0;36m(APIServer pid=214609)[0;0m INFO 09-25 05:28:24 [stats.py:920] +---------------------------------+----------------+----------------+
[0;36m(APIServer pid=214609)[0;0m INFO 09-25 05:28:24 [stats.py:920] | audio_duration_s                |          0.000 |         38.880 |
[0;36m(APIServer pid=214609)[0;0m INFO 09-25 05:28:24 [stats.py:920] | audio_generated_frames          |              0 |        933,120 |
[0;36m(APIServer pid=214609)[0;0m INFO 09-25 05:28:24 [stats.py:920] | audio_sample_rate               |              0 |         24,000 |
[0;36m(APIServer pid=214609)[0;0m INFO 09-25 05:28:24 [stats.py:920] | batch_id                        |          2,534 |          2,615 |
[0;36m(APIServer pid=214609)[0;0m INFO 09-25 05:28:24 [stats.py:920] | batch_size                      |              1 |              1 |
[0;36m(APIServer pid=214609)[0;0m INFO 09-25 05:28:24 [stats.py:920] | inter_output_latencies_ms       |                |                |
[0;36m(APIServer pid=214609)[0;0m INFO 09-25 05:28:24 [stats.py:920] | num_tokens_in                   |            360 |              0 |
[0;36m(APIServer pid=214609)[0;0m INFO 09-25 05:28:24 [stats.py:920] | num_tokens_out                  |            487 |              0 |
[0;36m(APIServer pid=214609)[0;0m INFO 09-25 05:28:24 [stats.py:920] | output_unit_count               |            487 |        933,120 |
[0;36m(APIServer pid=214609)[0;0m INFO 09-25 05:28:24 [stats.py:920] | output_unit_type                |         stream |          audio |
[0;36m(APIServer pid=214609)[0;0m INFO 09-25 05:28:24 [stats.py:920] | serving_time_to_first_output_ms |     20,845.115 |     21,005.797 |
[0;36m(APIServer pid=214609)[0;0m INFO 09-25 05:28:24 [stats.py:920] | stage_gen_time_ms               |     20,843.574 |     21,004.210 |
[0;36m(APIServer pid=214609)[0;0m INFO 09-25 05:28:24 [stats.py:920] | time_per_output_unit_ms         |          0.000 |          0.000 |
[0;36m(APIServer pid=214609)[0;0m INFO 09-25 05:28:24 [stats.py:920] | vllm_itl_ms                     |         42.114 |        991.671 |
[0;36m(APIServer pid=214609)[0;0m INFO 09-25 05:28:24 [stats.py:920] | vllm_itls_ms                    | 42.114 (n=486) | 991.671 (n=20) |
[0;36m(APIServer pid=214609)[0;0m INFO 09-25 05:28:24 [stats.py:920] | vllm_tpot_ms                    |         42.114 |          0.000 |
[0;36m(APIServer pid=214609)[0;0m INFO 09-25 05:28:24 [stats.py:920] | vllm_ttft_ms                    |        378.881 |      1,170.663 |
[0;36m(APIServer pid=214609)[0;0m INFO 09-25 05:28:24 [stats.py:920] +---------------------------------+----------------+----------------+
[0;36m(APIServer pid=214609)[0;0m INFO 09-25 05:28:24 [serving_speech.py:3646] [SpeechE2E] request_id=speech-a48b8bd4e3baea14 stream=false status=ok total_ms=21046.70 response_bytes=1866284
[0;36m(APIServer pid=214609)[0;0m INFO:     127.0.0.1:35042 - "POST /v1/audio/speech HTTP/1.1" 200 OK
[0;36m(APIServer pid=214609)[0;0m INFO 09-25 05:28:24 [serving_speech.py:3070] TTS speech request speech-865c58d3cf678ff8: model=Base
[0;36m(APIServer pid=214609)[0;0m INFO 09-25 05:28:24 [serving_speech.py:3100] Applied extra_params: {'temperature': 0.9, 'top_k': 50}
[0;36m(APIServer pid=214609)[0;0m INFO 09-25 05:28:33 [stats.py:811] 
[0;36m(APIServer pid=214609)[0;0m INFO 09-25 05:28:33 [stats.py:811] [Overall Summary]
[0;36m(APIServer pid=214609)[0;0m INFO 09-25 05:28:33 [stats.py:811] +-----------------------------+------------+
[0;36m(APIServer pid=214609)[0;0m INFO 09-25 05:28:33 [stats.py:811] | Field                       |      Value |
[0;36m(APIServer pid=214609)[0;0m INFO 09-25 05:28:33 [stats.py:811] +-----------------------------+------------+
[0;36m(APIServer pid=214609)[0;0m INFO 09-25 05:28:33 [stats.py:811] | e2e_requests                |          1 |
[0;36m(APIServer pid=214609)[0;0m INFO 09-25 05:28:33 [stats.py:811] | e2e_wall_time_ms            | 14,825.724 |
[0;36m(APIServer pid=214609)[0;0m INFO 09-25 05:28:33 [stats.py:811] | e2e_total_tokens            |        708 |
[0;36m(APIServer pid=214609)[0;0m INFO 09-25 05:28:33 [stats.py:811] | e2e_avg_time_per_request_ms | 14,825.724 |
[0;36m(APIServer pid=214609)[0;0m INFO 09-25 05:28:33 [stats.py:811] | e2e_avg_tokens_per_s        |     47.755 |
[0;36m(APIServer pid=214609)[0;0m INFO 09-25 05:28:33 [stats.py:811] | input_preprocess_time_ms    |      0.073 |
[0;36m(APIServer pid=214609)[0;0m INFO 09-25 05:28:33 [stats.py:811] | e2e_stage_0_wall_time_ms    | 14,785.750 |
[0;36m(APIServer pid=214609)[0;0m INFO 09-25 05:28:33 [stats.py:811] | e2e_stage_1_wall_time_ms    | 14,825.412 |
[0;36m(APIServer pid=214609)[0;0m INFO 09-25 05:28:33 [stats.py:811] +-----------------------------+------------+
[0;36m(APIServer pid=214609)[0;0m INFO 09-25 05:28:33 [stats.py:837] 
[0;36m(APIServer pid=214609)[0;0m INFO 09-25 05:28:33 [stats.py:837] [RequestE2EStats [request_id=speech-8bc30728e706e50a-afbd1fb9]]
[0;36m(APIServer pid=214609)[0;0m INFO 09-25 05:28:33 [stats.py:837] +------------------+------------+
[0;36m(APIServer pid=214609)[0;0m INFO 09-25 05:28:33 [stats.py:837] | Field            |      Value |
[0;36m(APIServer pid=214609)[0;0m INFO 09-25 05:28:33 [stats.py:837] +------------------+------------+
[0;36m(APIServer pid=214609)[0;0m INFO 09-25 05:28:33 [stats.py:837] | e2e_total_ms     | 14,825.545 |
[0;36m(APIServer pid=214609)[0;0m INFO 09-25 05:28:33 [stats.py:837] | e2e_total_tokens |        708 |
[0;36m(APIServer pid=214609)[0;0m INFO 09-25 05:28:33 [stats.py:837] +------------------+------------+
[0;36m(APIServer pid=214609)[0;0m INFO 09-25 05:28:33 [stats.py:878] [OmniTiming] req=speech-8bc30728e706e50a-afbd1fb9 total=14.83s preprocess=0.00s engine=14.83s stages=[0:14.79s,1:14.82s] transfers=[0->1=0.00ms]
[0;36m(APIServer pid=214609)[0;0m INFO 09-25 05:28:33 [stats.py:920] 
[0;36m(APIServer pid=214609)[0;0m INFO 09-25 05:28:33 [stats.py:920] [StageRequestStats [request_id=speech-8bc30728e706e50a-afbd1fb9]]
[0;36m(APIServer pid=214609)[0;0m INFO 09-25 05:28:33 [stats.py:920] +---------------------------------+----------------+------------------+
[0;36m(APIServer pid=214609)[0;0m INFO 09-25 05:28:33 [stats.py:920] | Field                           |              0 |                1 |
[0;36m(APIServer pid=214609)[0;0m INFO 09-25 05:28:33 [stats.py:920] +---------------------------------+----------------+------------------+
[0;36m(APIServer pid=214609)[0;0m INFO 09-25 05:28:33 [stats.py:920] | audio_duration_s                |          0.000 |           27.760 |
[0;36m(APIServer pid=214609)[0;0m INFO 09-25 05:28:33 [stats.py:920] | audio_generated_frames          |              0 |          666,240 |
[0;36m(APIServer pid=214609)[0;0m INFO 09-25 05:28:33 [stats.py:920] | audio_sample_rate               |              0 |           24,000 |
[0;36m(APIServer pid=214609)[0;0m INFO 09-25 05:28:33 [stats.py:920] | batch_id                        |          2,535 |            2,616 |
[0;36m(APIServer pid=214609)[0;0m INFO 09-25 05:28:33 [stats.py:920] | batch_size                      |              1 |                1 |
[0;36m(APIServer pid=214609)[0;0m INFO 09-25 05:28:33 [stats.py:920] | inter_output_latencies_ms       |                |                  |
[0;36m(APIServer pid=214609)[0;0m INFO 09-25 05:28:33 [stats.py:920] | num_tokens_in                   |            360 |                0 |
[0;36m(APIServer pid=214609)[0;0m INFO 09-25 05:28:33 [stats.py:920] | num_tokens_out                  |            348 |                0 |
[0;36m(APIServer pid=214609)[0;0m INFO 09-25 05:28:33 [stats.py:920] | output_unit_count               |            348 |          666,240 |
[0;36m(APIServer pid=214609)[0;0m INFO 09-25 05:28:33 [stats.py:920] | output_unit_type                |         stream |            audio |
[0;36m(APIServer pid=214609)[0;0m INFO 09-25 05:28:33 [stats.py:920] | serving_time_to_first_output_ms |     14,785.799 |       14,824.991 |
[0;36m(APIServer pid=214609)[0;0m INFO 09-25 05:28:33 [stats.py:920] | stage_gen_time_ms               |     14,785.633 |       14,824.779 |
[0;36m(APIServer pid=214609)[0;0m INFO 09-25 05:28:33 [stats.py:920] | time_per_output_unit_ms         |          0.000 |            0.000 |
[0;36m(APIServer pid=214609)[0;0m INFO 09-25 05:28:33 [stats.py:920] | vllm_itl_ms                     |         42.332 |        1,045.315 |
[0;36m(APIServer pid=214609)[0;0m INFO 09-25 05:28:33 [stats.py:920] | vllm_itls_ms                    | 42.332 (n=347) | 1,045.315 (n=14) |
[0;36m(APIServer pid=214609)[0;0m INFO 09-25 05:28:33 [stats.py:920] | vllm_tpot_ms                    |         42.332 |            0.000 |
[0;36m(APIServer pid=214609)[0;0m INFO 09-25 05:28:33 [stats.py:920] | vllm_ttft_ms                    |         97.484 |          191.801 |
[0;36m(APIServer pid=214609)[0;0m INFO 09-25 05:28:33 [stats.py:920] +---------------------------------+----------------+------------------+
[0;36m(APIServer pid=214609)[0;0m INFO 09-25 05:28:33 [serving_speech.py:3646] [SpeechE2E] request_id=speech-8bc30728e706e50a stream=false status=ok total_ms=14835.14 response_bytes=1332524
[0;36m(APIServer pid=214609)[0;0m INFO:     127.0.0.1:35016 - "POST /v1/audio/speech HTTP/1.1" 200 OK
[0;36m(APIServer pid=214609)[0;0m INFO 09-25 05:28:33 [serving_speech.py:3070] TTS speech request speech-82e088454c9b2223: model=Base
[0;36m(APIServer pid=214609)[0;0m INFO 09-25 05:28:33 [serving_speech.py:3100] Applied extra_params: {'temperature': 0.9, 'top_k': 50}
[0;36m(APIServer pid=214609)[0;0m INFO 09-25 05:28:36 [stats.py:811] 
[0;36m(APIServer pid=214609)[0;0m INFO 09-25 05:28:36 [stats.py:811] [Overall Summary]
[0;36m(APIServer pid=214609)[0;0m INFO 09-25 05:28:36 [stats.py:811] +-----------------------------+------------+
[0;36m(APIServer pid=214609)[0;0m INFO 09-25 05:28:36 [stats.py:811] | Field                       |      Value |
[0;36m(APIServer pid=214609)[0;0m INFO 09-25 05:28:36 [stats.py:811] +-----------------------------+------------+
[0;36m(APIServer pid=214609)[0;0m INFO 09-25 05:28:36 [stats.py:811] | e2e_requests                |          1 |
[0;36m(APIServer pid=214609)[0;0m INFO 09-25 05:28:36 [stats.py:811] | e2e_wall_time_ms            | 16,232.480 |
[0;36m(APIServer pid=214609)[0;0m INFO 09-25 05:28:36 [stats.py:811] | e2e_total_tokens            |        740 |
[0;36m(APIServer pid=214609)[0;0m INFO 09-25 05:28:36 [stats.py:811] | e2e_avg_time_per_request_ms | 16,232.480 |
[0;36m(APIServer pid=214609)[0;0m INFO 09-25 05:28:36 [stats.py:811] | e2e_avg_tokens_per_s        |     45.588 |
[0;36m(APIServer pid=214609)[0;0m INFO 09-25 05:28:36 [stats.py:811] | input_preprocess_time_ms    |      0.049 |
[0;36m(APIServer pid=214609)[0;0m INFO 09-25 05:28:36 [stats.py:811] | e2e_stage_0_wall_time_ms    | 16,154.595 |
[0;36m(APIServer pid=214609)[0;0m INFO 09-25 05:28:36 [stats.py:811] | e2e_stage_1_wall_time_ms    | 16,232.232 |
[0;36m(APIServer pid=214609)[0;0m INFO 09-25 05:28:36 [stats.py:811] +-----------------------------+------------+
[0;36m(APIServer pid=214609)[0;0m INFO 09-25 05:28:36 [stats.py:837] 
[0;36m(APIServer pid=214609)[0;0m INFO 09-25 05:28:36 [stats.py:837] [RequestE2EStats [request_id=speech-bf78d52c0963635e-b3d9ef05]]
[0;36m(APIServer pid=214609)[0;0m INFO 09-25 05:28:36 [stats.py:837] +------------------+------------+
[0;36m(APIServer pid=214609)[0;0m INFO 09-25 05:28:36 [stats.py:837] | Field            |      Value |
[0;36m(APIServer pid=214609)[0;0m INFO 09-25 05:28:36 [stats.py:837] +------------------+------------+
[0;36m(APIServer pid=214609)[0;0m INFO 09-25 05:28:36 [stats.py:837] | e2e_total_ms     | 16,232.367 |
[0;36m(APIServer pid=214609)[0;0m INFO 09-25 05:28:36 [stats.py:837] | e2e_total_tokens |        740 |
[0;36m(APIServer pid=214609)[0;0m INFO 09-25 05:28:36 [stats.py:837] +------------------+------------+
[0;36m(APIServer pid=214609)[0;0m INFO 09-25 05:28:36 [stats.py:878] [OmniTiming] req=speech-bf78d52c0963635e-b3d9ef05 total=16.23s preprocess=0.00s engine=16.23s stages=[0:16.15s,1:16.23s] transfers=[0->1=0.00ms]
[0;36m(APIServer pid=214609)[0;0m INFO 09-25 05:28:36 [stats.py:920] 
[0;36m(APIServer pid=214609)[0;0m INFO 09-25 05:28:36 [stats.py:920] [StageRequestStats [request_id=speech-bf78d52c0963635e-b3d9ef05]]
[0;36m(APIServer pid=214609)[0;0m INFO 09-25 05:28:36 [stats.py:920] +---------------------------------+----------------+----------------+
[0;36m(APIServer pid=214609)[0;0m INFO 09-25 05:28:36 [stats.py:920] | Field                           |              0 |              1 |
[0;36m(APIServer pid=214609)[0;0m INFO 09-25 05:28:36 [stats.py:920] +---------------------------------+----------------+----------------+
[0;36m(APIServer pid=214609)[0;0m INFO 09-25 05:28:36 [stats.py:920] | audio_duration_s                |          0.000 |         30.320 |
[0;36m(APIServer pid=214609)[0;0m INFO 09-25 05:28:36 [stats.py:920] | audio_generated_frames          |              0 |        727,680 |
[0;36m(APIServer pid=214609)[0;0m INFO 09-25 05:28:36 [stats.py:920] | audio_sample_rate               |              0 |         24,000 |
[0;36m(APIServer pid=214609)[0;0m INFO 09-25 05:28:36 [stats.py:920] | batch_id                        |          2,536 |          2,617 |
[0;36m(APIServer pid=214609)[0;0m INFO 09-25 05:28:36 [stats.py:920] | batch_size                      |              1 |              1 |
[0;36m(APIServer pid=214609)[0;0m INFO 09-25 05:28:36 [stats.py:920] | inter_output_latencies_ms       |                |                |
[0;36m(APIServer pid=214609)[0;0m INFO 09-25 05:28:36 [stats.py:920] | num_tokens_in                   |            360 |              0 |
[0;36m(APIServer pid=214609)[0;0m INFO 09-25 05:28:36 [stats.py:920] | num_tokens_out                  |            380 |              0 |
[0;36m(APIServer pid=214609)[0;0m INFO 09-25 05:28:36 [stats.py:920] | output_unit_count               |            380 |        727,680 |
[0;36m(APIServer pid=214609)[0;0m INFO 09-25 05:28:36 [stats.py:920] | output_unit_type                |         stream |          audio |
[0;36m(APIServer pid=214609)[0;0m INFO 09-25 05:28:36 [stats.py:920] | serving_time_to_first_output_ms |     16,154.442 |     16,231.995 |
[0;36m(APIServer pid=214609)[0;0m INFO 09-25 05:28:36 [stats.py:920] | stage_gen_time_ms               |     16,154.394 |     16,231.830 |
[0;36m(APIServer pid=214609)[0;0m INFO 09-25 05:28:36 [stats.py:920] | time_per_output_unit_ms         |          0.000 |          0.000 |
[0;36m(APIServer pid=214609)[0;0m INFO 09-25 05:28:36 [stats.py:920] | vllm_itl_ms                     |         42.226 |        991.696 |
[0;36m(APIServer pid=214609)[0;0m INFO 09-25 05:28:36 [stats.py:920] | vllm_itls_ms                    | 42.226 (n=379) | 991.696 (n=16) |
[0;36m(APIServer pid=214609)[0;0m INFO 09-25 05:28:36 [stats.py:920] | vllm_tpot_ms                    |         42.226 |          0.000 |
[0;36m(APIServer pid=214609)[0;0m INFO 09-25 05:28:36 [stats.py:920] | vllm_ttft_ms                    |        152.982 |        364.045 |
[0;36m(APIServer pid=214609)[0;0m INFO 09-25 05:28:36 [stats.py:920] +---------------------------------+----------------+----------------+
[0;36m(APIServer pid=214609)[0;0m INFO 09-25 05:28:36 [serving_speech.py:3646] [SpeechE2E] request_id=speech-bf78d52c0963635e stream=false status=ok total_ms=16246.35 response_bytes=1455404
[0;36m(APIServer pid=214609)[0;0m INFO:     127.0.0.1:34960 - "POST /v1/audio/speech HTTP/1.1" 200 OK
[0;36m(APIServer pid=214609)[0;0m INFO 09-25 05:28:36 [serving_speech.py:3070] TTS speech request speech-b3f2813435cd8d7f: model=Base
[0;36m(APIServer pid=214609)[0;0m INFO 09-25 05:28:36 [serving_speech.py:3100] Applied extra_params: {'temperature': 0.9, 'top_k': 50}
[0;36m(APIServer pid=214609)[0;0m INFO 09-25 05:28:36 [stats.py:811] 
[0;36m(APIServer pid=214609)[0;0m INFO 09-25 05:28:36 [stats.py:811] [Overall Summary]
[0;36m(APIServer pid=214609)[0;0m INFO 09-25 05:28:36 [stats.py:811] +-----------------------------+------------+
[0;36m(APIServer pid=214609)[0;0m INFO 09-25 05:28:36 [stats.py:811] | Field                       |      Value |
[0;36m(APIServer pid=214609)[0;0m INFO 09-25 05:28:36 [stats.py:811] +-----------------------------+------------+
[0;36m(APIServer pid=214609)[0;0m INFO 09-25 05:28:36 [stats.py:811] | e2e_requests                |          1 |
[0;36m(APIServer pid=214609)[0;0m INFO 09-25 05:28:36 [stats.py:811] | e2e_wall_time_ms            | 16,173.625 |
[0;36m(APIServer pid=214609)[0;0m INFO 09-25 05:28:36 [stats.py:811] | e2e_total_tokens            |        738 |
[0;36m(APIServer pid=214609)[0;0m INFO 09-25 05:28:36 [stats.py:811] | e2e_avg_time_per_request_ms | 16,173.625 |
[0;36m(APIServer pid=214609)[0;0m INFO 09-25 05:28:36 [stats.py:811] | e2e_avg_tokens_per_s        |     45.630 |
[0;36m(APIServer pid=214609)[0;0m INFO 09-25 05:28:36 [stats.py:811] | input_preprocess_time_ms    |      0.042 |
[0;36m(APIServer pid=214609)[0;0m INFO 09-25 05:28:36 [stats.py:811] | e2e_stage_0_wall_time_ms    | 16,057.307 |
[0;36m(APIServer pid=214609)[0;0m INFO 09-25 05:28:36 [stats.py:811] | e2e_stage_1_wall_time_ms    | 16,173.411 |
[0;36m(APIServer pid=214609)[0;0m INFO 09-25 05:28:36 [stats.py:811] +-----------------------------+------------+
[0;36m(APIServer pid=214609)[0;0m INFO 09-25 05:28:36 [stats.py:837] 
[0;36m(APIServer pid=214609)[0;0m INFO 09-25 05:28:36 [stats.py:837] [RequestE2EStats [request_id=speech-9eaa923266cf4ea3-8229c8f3]]
[0;36m(APIServer pid=214609)[0;0m INFO 09-25 05:28:36 [stats.py:837] +------------------+------------+
[0;36m(APIServer pid=214609)[0;0m INFO 09-25 05:28:36 [stats.py:837] | Field            |      Value |
[0;36m(APIServer pid=214609)[0;0m INFO 09-25 05:28:36 [stats.py:837] +------------------+------------+
[0;36m(APIServer pid=214609)[0;0m INFO 09-25 05:28:36 [stats.py:837] | e2e_total_ms     | 16,173.527 |
[0;36m(APIServer pid=214609)[0;0m INFO 09-25 05:28:36 [stats.py:837] | e2e_total_tokens |        738 |
[0;36m(APIServer pid=214609)[0;0m INFO 09-25 05:28:36 [stats.py:837] +------------------+------------+
[0;36m(APIServer pid=214609)[0;0m INFO 09-25 05:28:36 [stats.py:878] [OmniTiming] req=speech-9eaa923266cf4ea3-8229c8f3 total=16.17s preprocess=0.00s engine=16.17s stages=[0:16.06s,1:16.17s] transfers=[0->1=0.00ms]
[0;36m(APIServer pid=214609)[0;0m INFO 09-25 05:28:36 [stats.py:920] 
[0;36m(APIServer pid=214609)[0;0m INFO 09-25 05:28:36 [stats.py:920] [StageRequestStats [request_id=speech-9eaa923266cf4ea3-8229c8f3]]
[0;36m(APIServer pid=214609)[0;0m INFO 09-25 05:28:36 [stats.py:920] +---------------------------------+----------------+----------------+
[0;36m(APIServer pid=214609)[0;0m INFO 09-25 05:28:36 [stats.py:920] | Field                           |              0 |              1 |
[0;36m(APIServer pid=214609)[0;0m INFO 09-25 05:28:36 [stats.py:920] +---------------------------------+----------------+----------------+
[0;36m(APIServer pid=214609)[0;0m INFO 09-25 05:28:36 [stats.py:920] | audio_duration_s                |          0.000 |         30.160 |
[0;36m(APIServer pid=214609)[0;0m INFO 09-25 05:28:36 [stats.py:920] | audio_generated_frames          |              0 |        723,840 |
[0;36m(APIServer pid=214609)[0;0m INFO 09-25 05:28:36 [stats.py:920] | audio_sample_rate               |              0 |         24,000 |
[0;36m(APIServer pid=214609)[0;0m INFO 09-25 05:28:36 [stats.py:920] | batch_id                        |          2,537 |          2,618 |
[0;36m(APIServer pid=214609)[0;0m INFO 09-25 05:28:36 [stats.py:920] | batch_size                      |              1 |              1 |
[0;36m(APIServer pid=214609)[0;0m INFO 09-25 05:28:36 [stats.py:920] | inter_output_latencies_ms       |                |                |
[0;36m(APIServer pid=214609)[0;0m INFO 09-25 05:28:36 [stats.py:920] | num_tokens_in                   |            360 |              0 |
[0;36m(APIServer pid=214609)[0;0m INFO 09-25 05:28:36 [stats.py:920] | num_tokens_out                  |            378 |              0 |
[0;36m(APIServer pid=214609)[0;0m INFO 09-25 05:28:36 [stats.py:920] | output_unit_count               |            378 |        723,840 |
[0;36m(APIServer pid=214609)[0;0m INFO 09-25 05:28:36 [stats.py:920] | output_unit_type                |         stream |          audio |
[0;36m(APIServer pid=214609)[0;0m INFO 09-25 05:28:36 [stats.py:920] | serving_time_to_first_output_ms |     16,057.117 |     16,173.199 |
[0;36m(APIServer pid=214609)[0;0m INFO 09-25 05:28:36 [stats.py:920] | stage_gen_time_ms               |     16,057.138 |     16,173.094 |
[0;36m(APIServer pid=214609)[0;0m INFO 09-25 05:28:36 [stats.py:920] | time_per_output_unit_ms         |          0.001 |          0.000 |
[0;36m(APIServer pid=214609)[0;0m INFO 09-25 05:28:36 [stats.py:920] | vllm_itl_ms                     |         41.986 |        985.304 |
[0;36m(APIServer pid=214609)[0;0m INFO 09-25 05:28:36 [stats.py:920] | vllm_itls_ms                    | 41.986 (n=377) | 985.304 (n=16) |
[0;36m(APIServer pid=214609)[0;0m INFO 09-25 05:28:36 [stats.py:920] | vllm_tpot_ms                    |         41.986 |          0.000 |
[0;36m(APIServer pid=214609)[0;0m INFO 09-25 05:28:36 [stats.py:920] | vllm_ttft_ms                    |        228.404 |        408.233 |
[0;36m(APIServer pid=214609)[0;0m INFO 09-25 05:28:36 [stats.py:920] +---------------------------------+----------------+----------------+
[0;36m(APIServer pid=214609)[0;0m INFO 09-25 05:28:36 [serving_speech.py:3646] [SpeechE2E] request_id=speech-9eaa923266cf4ea3 stream=false status=ok total_ms=16187.06 response_bytes=1447724
[0;36m(APIServer pid=214609)[0;0m INFO:     127.0.0.1:35018 - "POST /v1/audio/speech HTTP/1.1" 200 OK
[0;36m(APIServer pid=214609)[0;0m INFO 09-25 05:28:36 [serving_speech.py:3070] TTS speech request speech-a18ffc1a86b37739: model=Base
[0;36m(APIServer pid=214609)[0;0m INFO 09-25 05:28:36 [serving_speech.py:3100] Applied extra_params: {'temperature': 0.9, 'top_k': 50}
[0;36m(APIServer pid=214609)[0;0m INFO 09-25 05:28:38 [stats.py:811] 
[0;36m(APIServer pid=214609)[0;0m INFO 09-25 05:28:38 [stats.py:811] [Overall Summary]
[0;36m(APIServer pid=214609)[0;0m INFO 09-25 05:28:38 [stats.py:811] +-----------------------------+------------+
[0;36m(APIServer pid=214609)[0;0m INFO 09-25 05:28:38 [stats.py:811] | Field                       |      Value |
[0;36m(APIServer pid=214609)[0;0m INFO 09-25 05:28:38 [stats.py:811] +-----------------------------+------------+
[0;36m(APIServer pid=214609)[0;0m INFO 09-25 05:28:38 [stats.py:811] | e2e_requests                |          1 |
[0;36m(APIServer pid=214609)[0;0m INFO 09-25 05:28:38 [stats.py:811] | e2e_wall_time_ms            | 17,920.789 |
[0;36m(APIServer pid=214609)[0;0m INFO 09-25 05:28:38 [stats.py:811] | e2e_total_tokens            |        780 |
[0;36m(APIServer pid=214609)[0;0m INFO 09-25 05:28:38 [stats.py:811] | e2e_avg_time_per_request_ms | 17,920.789 |
[0;36m(APIServer pid=214609)[0;0m INFO 09-25 05:28:38 [stats.py:811] | e2e_avg_tokens_per_s        |     43.525 |
[0;36m(APIServer pid=214609)[0;0m INFO 09-25 05:28:38 [stats.py:811] | input_preprocess_time_ms    |      0.054 |
[0;36m(APIServer pid=214609)[0;0m INFO 09-25 05:28:38 [stats.py:811] | e2e_stage_0_wall_time_ms    | 17,790.330 |
[0;36m(APIServer pid=214609)[0;0m INFO 09-25 05:28:38 [stats.py:811] | e2e_stage_1_wall_time_ms    | 17,920.494 |
[0;36m(APIServer pid=214609)[0;0m INFO 09-25 05:28:38 [stats.py:811] +-----------------------------+------------+
[0;36m(APIServer pid=214609)[0;0m INFO 09-25 05:28:38 [stats.py:837] 
[0;36m(APIServer pid=214609)[0;0m INFO 09-25 05:28:38 [stats.py:837] [RequestE2EStats [request_id=speech-9c1997198b45d6af-b9aab37a]]
[0;36m(APIServer pid=214609)[0;0m INFO 09-25 05:28:38 [stats.py:837] +------------------+------------+
[0;36m(APIServer pid=214609)[0;0m INFO 09-25 05:28:38 [stats.py:837] | Field            |      Value |
[0;36m(APIServer pid=214609)[0;0m INFO 09-25 05:28:38 [stats.py:837] +------------------+------------+
[0;36m(APIServer pid=214609)[0;0m INFO 09-25 05:28:38 [stats.py:837] | e2e_total_ms     | 17,920.631 |
[0;36m(APIServer pid=214609)[0;0m INFO 09-25 05:28:38 [stats.py:837] | e2e_total_tokens |        780 |
[0;36m(APIServer pid=214609)[0;0m INFO 09-25 05:28:38 [stats.py:837] +------------------+------------+
[0;36m(APIServer pid=214609)[0;0m INFO 09-25 05:28:38 [stats.py:878] [OmniTiming] req=speech-9c1997198b45d6af-b9aab37a total=17.92s preprocess=0.00s engine=17.92s stages=[0:17.79s,1:17.92s] transfers=[0->1=0.00ms]
[0;36m(APIServer pid=214609)[0;0m INFO 09-25 05:28:38 [stats.py:920] 
[0;36m(APIServer pid=214609)[0;0m INFO 09-25 05:28:38 [stats.py:920] [StageRequestStats [request_id=speech-9c1997198b45d6af-b9aab37a]]
[0;36m(APIServer pid=214609)[0;0m INFO 09-25 05:28:38 [stats.py:920] +---------------------------------+----------------+------------------+
[0;36m(APIServer pid=214609)[0;0m INFO 09-25 05:28:38 [stats.py:920] | Field                           |              0 |                1 |
[0;36m(APIServer pid=214609)[0;0m INFO 09-25 05:28:38 [stats.py:920] +---------------------------------+----------------+------------------+
[0;36m(APIServer pid=214609)[0;0m INFO 09-25 05:28:38 [stats.py:920] | audio_duration_s                |          0.000 |           33.520 |
[0;36m(APIServer pid=214609)[0;0m INFO 09-25 05:28:38 [stats.py:920] | audio_generated_frames          |              0 |          804,480 |
[0;36m(APIServer pid=214609)[0;0m INFO 09-25 05:28:38 [stats.py:920] | audio_sample_rate               |              0 |           24,000 |
[0;36m(APIServer pid=214609)[0;0m INFO 09-25 05:28:38 [stats.py:920] | batch_id                        |          2,538 |            2,619 |
[0;36m(APIServer pid=214609)[0;0m INFO 09-25 05:28:38 [stats.py:920] | batch_size                      |              1 |                1 |
[0;36m(APIServer pid=214609)[0;0m INFO 09-25 05:28:38 [stats.py:920] | inter_output_latencies_ms       |                |                  |
[0;36m(APIServer pid=214609)[0;0m INFO 09-25 05:28:38 [stats.py:920] | num_tokens_in                   |            360 |                0 |
[0;36m(APIServer pid=214609)[0;0m INFO 09-25 05:28:38 [stats.py:920] | num_tokens_out                  |            420 |                0 |
[0;36m(APIServer pid=214609)[0;0m INFO 09-25 05:28:38 [stats.py:920] | output_unit_count               |            420 |          804,480 |
[0;36m(APIServer pid=214609)[0;0m INFO 09-25 05:28:38 [stats.py:920] | output_unit_type                |         stream |            audio |
[0;36m(APIServer pid=214609)[0;0m INFO 09-25 05:28:38 [stats.py:920] | serving_time_to_first_output_ms |     17,790.230 |       17,919.741 |
[0;36m(APIServer pid=214609)[0;0m INFO 09-25 05:28:38 [stats.py:920] | stage_gen_time_ms               |     17,790.083 |       17,919.535 |
[0;36m(APIServer pid=214609)[0;0m INFO 09-25 05:28:38 [stats.py:920] | time_per_output_unit_ms         |          0.000 |            0.000 |
[0;36m(APIServer pid=214609)[0;0m INFO 09-25 05:28:38 [stats.py:920] | vllm_itl_ms                     |         41.851 |        1,032.474 |
[0;36m(APIServer pid=214609)[0;0m INFO 09-25 05:28:38 [stats.py:920] | vllm_itls_ms                    | 41.851 (n=419) | 1,032.474 (n=17) |
[0;36m(APIServer pid=214609)[0;0m INFO 09-25 05:28:38 [stats.py:920] | vllm_tpot_ms                    |         41.851 |            0.000 |
[0;36m(APIServer pid=214609)[0;0m INFO 09-25 05:28:38 [stats.py:920] | vllm_ttft_ms                    |        255.474 |          366.053 |
[0;36m(APIServer pid=214609)[0;0m INFO 09-25 05:28:38 [stats.py:920] +---------------------------------+----------------+------------------+
[0;36m(APIServer pid=214609)[0;0m INFO 09-25 05:28:38 [serving_speech.py:3646] [SpeechE2E] request_id=speech-9c1997198b45d6af stream=false status=ok total_ms=17932.91 response_bytes=1609004
[0;36m(APIServer pid=214609)[0;0m INFO:     127.0.0.1:34906 - "POST /v1/audio/speech HTTP/1.1" 200 OK
[0;36m(APIServer pid=214609)[0;0m INFO 09-25 05:28:38 [serving_speech.py:3070] TTS speech request speech-a0a0f92f92266fed: model=Base
[0;36m(APIServer pid=214609)[0;0m INFO 09-25 05:28:38 [serving_speech.py:3100] Applied extra_params: {'temperature': 0.9, 'top_k': 50}
[0;36m(APIServer pid=214609)[0;0m INFO 09-25 05:28:38 [stats.py:811] 
[0;36m(APIServer pid=214609)[0;0m INFO 09-25 05:28:38 [stats.py:811] [Overall Summary]
[0;36m(APIServer pid=214609)[0;0m INFO 09-25 05:28:38 [stats.py:811] +-----------------------------+------------+
[0;36m(APIServer pid=214609)[0;0m INFO 09-25 05:28:38 [stats.py:811] | Field                       |      Value |
[0;36m(APIServer pid=214609)[0;0m INFO 09-25 05:28:38 [stats.py:811] +-----------------------------+------------+
[0;36m(APIServer pid=214609)[0;0m INFO 09-25 05:28:38 [stats.py:811] | e2e_requests                |          1 |
[0;36m(APIServer pid=214609)[0;0m INFO 09-25 05:28:38 [stats.py:811] | e2e_wall_time_ms            | 14,435.542 |
[0;36m(APIServer pid=214609)[0;0m INFO 09-25 05:28:38 [stats.py:811] | e2e_total_tokens            |        707 |
[0;36m(APIServer pid=214609)[0;0m INFO 09-25 05:28:38 [stats.py:811] | e2e_avg_time_per_request_ms | 14,435.542 |
[0;36m(APIServer pid=214609)[0;0m INFO 09-25 05:28:38 [stats.py:811] | e2e_avg_tokens_per_s        |     48.976 |
[0;36m(APIServer pid=214609)[0;0m INFO 09-25 05:28:38 [stats.py:811] | input_preprocess_time_ms    |      0.054 |
[0;36m(APIServer pid=214609)[0;0m INFO 09-25 05:28:38 [stats.py:811] | e2e_stage_0_wall_time_ms    | 14,364.239 |
[0;36m(APIServer pid=214609)[0;0m INFO 09-25 05:28:38 [stats.py:811] | e2e_stage_1_wall_time_ms    | 14,435.254 |
[0;36m(APIServer pid=214609)[0;0m INFO 09-25 05:28:38 [stats.py:811] +-----------------------------+------------+
[0;36m(APIServer pid=214609)[0;0m INFO 09-25 05:28:38 [stats.py:837] 
[0;36m(APIServer pid=214609)[0;0m INFO 09-25 05:28:38 [stats.py:837] [RequestE2EStats [request_id=speech-865c58d3cf678ff8-81173e5e]]
[0;36m(APIServer pid=214609)[0;0m INFO 09-25 05:28:38 [stats.py:837] +------------------+------------+
[0;36m(APIServer pid=214609)[0;0m INFO 09-25 05:28:38 [stats.py:837] | Field            |      Value |
[0;36m(APIServer pid=214609)[0;0m INFO 09-25 05:28:38 [stats.py:837] +------------------+------------+
[0;36m(APIServer pid=214609)[0;0m INFO 09-25 05:28:38 [stats.py:837] | e2e_total_ms     | 14,435.416 |
[0;36m(APIServer pid=214609)[0;0m INFO 09-25 05:28:38 [stats.py:837] | e2e_total_tokens |        707 |
[0;36m(APIServer pid=214609)[0;0m INFO 09-25 05:28:38 [stats.py:837] +------------------+------------+
[0;36m(APIServer pid=214609)[0;0m INFO 09-25 05:28:38 [stats.py:878] [OmniTiming] req=speech-865c58d3cf678ff8-81173e5e total=14.44s preprocess=0.00s engine=14.44s stages=[0:14.36s,1:14.44s] transfers=[0->1=0.00ms]
[0;36m(APIServer pid=214609)[0;0m INFO 09-25 05:28:38 [stats.py:920] 
[0;36m(APIServer pid=214609)[0;0m INFO 09-25 05:28:38 [stats.py:920] [StageRequestStats [request_id=speech-865c58d3cf678ff8-81173e5e]]
[0;36m(APIServer pid=214609)[0;0m INFO 09-25 05:28:38 [stats.py:920] +---------------------------------+----------------+------------------+
[0;36m(APIServer pid=214609)[0;0m INFO 09-25 05:28:38 [stats.py:920] | Field                           |              0 |                1 |
[0;36m(APIServer pid=214609)[0;0m INFO 09-25 05:28:38 [stats.py:920] +---------------------------------+----------------+------------------+
[0;36m(APIServer pid=214609)[0;0m INFO 09-25 05:28:38 [stats.py:920] | audio_duration_s                |          0.000 |           27.680 |
[0;36m(APIServer pid=214609)[0;0m INFO 09-25 05:28:38 [stats.py:920] | audio_generated_frames          |              0 |          664,320 |
[0;36m(APIServer pid=214609)[0;0m INFO 09-25 05:28:38 [stats.py:920] | audio_sample_rate               |              0 |           24,000 |
[0;36m(APIServer pid=214609)[0;0m INFO 09-25 05:28:38 [stats.py:920] | batch_id                        |          2,539 |            2,620 |
[0;36m(APIServer pid=214609)[0;0m INFO 09-25 05:28:38 [stats.py:920] | batch_size                      |              1 |                1 |
[0;36m(APIServer pid=214609)[0;0m INFO 09-25 05:28:38 [stats.py:920] | inter_output_latencies_ms       |                |                  |
[0;36m(APIServer pid=214609)[0;0m INFO 09-25 05:28:38 [stats.py:920] | num_tokens_in                   |            360 |                0 |
[0;36m(APIServer pid=214609)[0;0m INFO 09-25 05:28:38 [stats.py:920] | num_tokens_out                  |            347 |                0 |
[0;36m(APIServer pid=214609)[0;0m INFO 09-25 05:28:38 [stats.py:920] | output_unit_count               |            347 |          664,320 |
[0;36m(APIServer pid=214609)[0;0m INFO 09-25 05:28:38 [stats.py:920] | output_unit_type                |         stream |            audio |
[0;36m(APIServer pid=214609)[0;0m INFO 09-25 05:28:38 [stats.py:920] | serving_time_to_first_output_ms |     14,364.116 |       14,435.218 |
[0;36m(APIServer pid=214609)[0;0m INFO 09-25 05:28:38 [stats.py:920] | stage_gen_time_ms               |     14,363.981 |       14,435.033 |
[0;36m(APIServer pid=214609)[0;0m INFO 09-25 05:28:38 [stats.py:920] | time_per_output_unit_ms         |          0.000 |            0.000 |
[0;36m(APIServer pid=214609)[0;0m INFO 09-25 05:28:38 [stats.py:920] | vllm_itl_ms                     |         41.101 |        1,014.251 |
[0;36m(APIServer pid=214609)[0;0m INFO 09-25 05:28:38 [stats.py:920] | vllm_itls_ms                    | 41.101 (n=346) | 1,014.251 (n=14) |
[0;36m(APIServer pid=214609)[0;0m INFO 09-25 05:28:38 [stats.py:920] | vllm_tpot_ms                    |         41.101 |            0.000 |
[0;36m(APIServer pid=214609)[0;0m INFO 09-25 05:28:38 [stats.py:920] | vllm_ttft_ms                    |        140.925 |          233.377 |
[0;36m(APIServer pid=214609)[0;0m INFO 09-25 05:28:38 [stats.py:920] +---------------------------------+----------------+------------------+
[0;36m(APIServer pid=214609)[0;0m INFO 09-25 05:28:38 [serving_speech.py:3646] [SpeechE2E] request_id=speech-865c58d3cf678ff8 stream=false status=ok total_ms=14447.56 response_bytes=1328684
[0;36m(APIServer pid=214609)[0;0m INFO:     127.0.0.1:35042 - "POST /v1/audio/speech HTTP/1.1" 200 OK
[0;36m(APIServer pid=214609)[0;0m INFO 09-25 05:28:38 [serving_speech.py:3070] TTS speech request speech-a604db3857c86604: model=Base
[0;36m(APIServer pid=214609)[0;0m INFO 09-25 05:28:38 [serving_speech.py:3100] Applied extra_params: {'temperature': 0.9, 'top_k': 50}
[0;36m(APIServer pid=214609)[0;0m INFO 09-25 05:28:38 [stats.py:811] 
[0;36m(APIServer pid=214609)[0;0m INFO 09-25 05:28:38 [stats.py:811] [Overall Summary]
[0;36m(APIServer pid=214609)[0;0m INFO 09-25 05:28:38 [stats.py:811] +-----------------------------+------------+
[0;36m(APIServer pid=214609)[0;0m INFO 09-25 05:28:38 [stats.py:811] | Field                       |      Value |
[0;36m(APIServer pid=214609)[0;0m INFO 09-25 05:28:38 [stats.py:811] +-----------------------------+------------+
[0;36m(APIServer pid=214609)[0;0m INFO 09-25 05:28:38 [stats.py:811] | e2e_requests                |          1 |
[0;36m(APIServer pid=214609)[0;0m INFO 09-25 05:28:38 [stats.py:811] | e2e_wall_time_ms            | 16,441.492 |
[0;36m(APIServer pid=214609)[0;0m INFO 09-25 05:28:38 [stats.py:811] | e2e_total_tokens            |        751 |
[0;36m(APIServer pid=214609)[0;0m INFO 09-25 05:28:38 [stats.py:811] | e2e_avg_time_per_request_ms | 16,441.492 |
[0;36m(APIServer pid=214609)[0;0m INFO 09-25 05:28:38 [stats.py:811] | e2e_avg_tokens_per_s        |     45.677 |
[0;36m(APIServer pid=214609)[0;0m INFO 09-25 05:28:38 [stats.py:811] | input_preprocess_time_ms    |      0.053 |
[0;36m(APIServer pid=214609)[0;0m INFO 09-25 05:28:38 [stats.py:811] | e2e_stage_0_wall_time_ms    | 16,364.738 |
[0;36m(APIServer pid=214609)[0;0m INFO 09-25 05:28:38 [stats.py:811] | e2e_stage_1_wall_time_ms    | 16,440.997 |
[0;36m(APIServer pid=214609)[0;0m INFO 09-25 05:28:38 [stats.py:811] +-----------------------------+------------+
[0;36m(APIServer pid=214609)[0;0m INFO 09-25 05:28:38 [stats.py:837] 
[0;36m(APIServer pid=214609)[0;0m INFO 09-25 05:28:38 [stats.py:837] [RequestE2EStats [request_id=speech-b8e998763a8a5405-9184d300]]
[0;36m(APIServer pid=214609)[0;0m INFO 09-25 05:28:38 [stats.py:837] +------------------+------------+
[0;36m(APIServer pid=214609)[0;0m INFO 09-25 05:28:38 [stats.py:837] | Field            |      Value |
[0;36m(APIServer pid=214609)[0;0m INFO 09-25 05:28:38 [stats.py:837] +------------------+------------+
[0;36m(APIServer pid=214609)[0;0m INFO 09-25 05:28:38 [stats.py:837] | e2e_total_ms     | 16,441.148 |
[0;36m(APIServer pid=214609)[0;0m INFO 09-25 05:28:38 [stats.py:837] | e2e_total_tokens |        751 |
[0;36m(APIServer pid=214609)[0;0m INFO 09-25 05:28:38 [stats.py:837] +------------------+------------+
[0;36m(APIServer pid=214609)[0;0m INFO 09-25 05:28:38 [stats.py:878] [OmniTiming] req=speech-b8e998763a8a5405-9184d300 total=16.44s preprocess=0.00s engine=16.44s stages=[0:16.36s,1:16.44s] transfers=[0->1=0.00ms]
[0;36m(APIServer pid=214609)[0;0m INFO 09-25 05:28:38 [stats.py:920] 
[0;36m(APIServer pid=214609)[0;0m INFO 09-25 05:28:38 [stats.py:920] [StageRequestStats [request_id=speech-b8e998763a8a5405-9184d300]]
[0;36m(APIServer pid=214609)[0;0m INFO 09-25 05:28:38 [stats.py:920] +---------------------------------+----------------+------------------+
[0;36m(APIServer pid=214609)[0;0m INFO 09-25 05:28:38 [stats.py:920] | Field                           |              0 |                1 |
[0;36m(APIServer pid=214609)[0;0m INFO 09-25 05:28:38 [stats.py:920] +---------------------------------+----------------+------------------+
[0;36m(APIServer pid=214609)[0;0m INFO 09-25 05:28:38 [stats.py:920] | audio_duration_s                |          0.000 |           31.200 |
[0;36m(APIServer pid=214609)[0;0m INFO 09-25 05:28:38 [stats.py:920] | audio_generated_frames          |              0 |          748,800 |
[0;36m(APIServer pid=214609)[0;0m INFO 09-25 05:28:38 [stats.py:920] | audio_sample_rate               |              0 |           24,000 |
[0;36m(APIServer pid=214609)[0;0m INFO 09-25 05:28:38 [stats.py:920] | batch_id                        |          2,540 |            2,621 |
[0;36m(APIServer pid=214609)[0;0m INFO 09-25 05:28:38 [stats.py:920] | batch_size                      |              1 |                1 |
[0;36m(APIServer pid=214609)[0;0m INFO 09-25 05:28:38 [stats.py:920] | inter_output_latencies_ms       |                |                  |
[0;36m(APIServer pid=214609)[0;0m INFO 09-25 05:28:38 [stats.py:920] | num_tokens_in                   |            360 |                0 |
[0;36m(APIServer pid=214609)[0;0m INFO 09-25 05:28:38 [stats.py:920] | num_tokens_out                  |            391 |                0 |
[0;36m(APIServer pid=214609)[0;0m INFO 09-25 05:28:38 [stats.py:920] | output_unit_count               |            391 |          748,800 |
[0;36m(APIServer pid=214609)[0;0m INFO 09-25 05:28:38 [stats.py:920] | output_unit_type                |         stream |            audio |
[0;36m(APIServer pid=214609)[0;0m INFO 09-25 05:28:38 [stats.py:920] | serving_time_to_first_output_ms |     16,364.870 |       16,440.307 |
[0;36m(APIServer pid=214609)[0;0m INFO 09-25 05:28:38 [stats.py:920] | stage_gen_time_ms               |     16,364.524 |       16,439.947 |
[0;36m(APIServer pid=214609)[0;0m INFO 09-25 05:28:38 [stats.py:920] | time_per_output_unit_ms         |          0.000 |            0.000 |
[0;36m(APIServer pid=214609)[0;0m INFO 09-25 05:28:38 [stats.py:920] | vllm_itl_ms                     |         41.523 |        1,003.393 |
[0;36m(APIServer pid=214609)[0;0m INFO 09-25 05:28:38 [stats.py:920] | vllm_itls_ms                    | 41.523 (n=390) | 1,003.393 (n=16) |
[0;36m(APIServer pid=214609)[0;0m INFO 09-25 05:28:38 [stats.py:920] | vllm_tpot_ms                    |         41.523 |            0.000 |
[0;36m(APIServer pid=214609)[0;0m INFO 09-25 05:28:38 [stats.py:920] | vllm_ttft_ms                    |        170.955 |          383.800 |
[0;36m(APIServer pid=214609)[0;0m INFO 09-25 05:28:38 [stats.py:920] +---------------------------------+----------------+------------------+
[0;36m(APIServer pid=214609)[0;0m INFO 09-25 05:28:38 [serving_speech.py:3646] [SpeechE2E] request_id=speech-b8e998763a8a5405 stream=false status=ok total_ms=16451.41 response_bytes=1497644
[0;36m(APIServer pid=214609)[0;0m INFO:     127.0.0.1:34944 - "POST /v1/audio/speech HTTP/1.1" 200 OK
[0;36m(APIServer pid=214609)[0;0m INFO 09-25 05:28:38 [serving_speech.py:3070] TTS speech request speech-babbf32c7776e2b8: model=Base
[0;36m(APIServer pid=214609)[0;0m INFO 09-25 05:28:38 [serving_speech.py:3100] Applied extra_params: {'temperature': 0.9, 'top_k': 50}
[0;36m(APIServer pid=214609)[0;0m INFO 09-25 05:28:39 [stats.py:811] 
[0;36m(APIServer pid=214609)[0;0m INFO 09-25 05:28:39 [stats.py:811] [Overall Summary]
[0;36m(APIServer pid=214609)[0;0m INFO 09-25 05:28:39 [stats.py:811] +-----------------------------+------------+
[0;36m(APIServer pid=214609)[0;0m INFO 09-25 05:28:39 [stats.py:811] | Field                       |      Value |
[0;36m(APIServer pid=214609)[0;0m INFO 09-25 05:28:39 [stats.py:811] +-----------------------------+------------+
[0;36m(APIServer pid=214609)[0;0m INFO 09-25 05:28:39 [stats.py:811] | e2e_requests                |          1 |
[0;36m(APIServer pid=214609)[0;0m INFO 09-25 05:28:39 [stats.py:811] | e2e_wall_time_ms            | 16,966.397 |
[0;36m(APIServer pid=214609)[0;0m INFO 09-25 05:28:39 [stats.py:811] | e2e_total_tokens            |        760 |
[0;36m(APIServer pid=214609)[0;0m INFO 09-25 05:28:39 [stats.py:811] | e2e_avg_time_per_request_ms | 16,966.397 |
[0;36m(APIServer pid=214609)[0;0m INFO 09-25 05:28:39 [stats.py:811] | e2e_avg_tokens_per_s        |     44.794 |
[0;36m(APIServer pid=214609)[0;0m INFO 09-25 05:28:39 [stats.py:811] | input_preprocess_time_ms    |      0.057 |
[0;36m(APIServer pid=214609)[0;0m INFO 09-25 05:28:39 [stats.py:811] | e2e_stage_0_wall_time_ms    | 16,807.680 |
[0;36m(APIServer pid=214609)[0;0m INFO 09-25 05:28:39 [stats.py:811] | e2e_stage_1_wall_time_ms    | 16,966.088 |
[0;36m(APIServer pid=214609)[0;0m INFO 09-25 05:28:39 [stats.py:811] +-----------------------------+------------+
[0;36m(APIServer pid=214609)[0;0m INFO 09-25 05:28:39 [stats.py:837] 
[0;36m(APIServer pid=214609)[0;0m INFO 09-25 05:28:39 [stats.py:837] [RequestE2EStats [request_id=speech-9c6ffe0a42cc468b-85e44b38]]
[0;36m(APIServer pid=214609)[0;0m INFO 09-25 05:28:39 [stats.py:837] +------------------+------------+
[0;36m(APIServer pid=214609)[0;0m INFO 09-25 05:28:39 [stats.py:837] | Field            |      Value |
[0;36m(APIServer pid=214609)[0;0m INFO 09-25 05:28:39 [stats.py:837] +------------------+------------+
[0;36m(APIServer pid=214609)[0;0m INFO 09-25 05:28:39 [stats.py:837] | e2e_total_ms     | 16,966.221 |
[0;36m(APIServer pid=214609)[0;0m INFO 09-25 05:28:39 [stats.py:837] | e2e_total_tokens |        760 |
[0;36m(APIServer pid=214609)[0;0m INFO 09-25 05:28:39 [stats.py:837] +------------------+------------+
[0;36m(APIServer pid=214609)[0;0m INFO 09-25 05:28:39 [stats.py:878] [OmniTiming] req=speech-9c6ffe0a42cc468b-85e44b38 total=16.97s preprocess=0.00s engine=16.97s stages=[0:16.81s,1:16.97s] transfers=[0->1=0.00ms]
[0;36m(APIServer pid=214609)[0;0m INFO 09-25 05:28:39 [stats.py:920] 
[0;36m(APIServer pid=214609)[0;0m INFO 09-25 05:28:39 [stats.py:920] [StageRequestStats [request_id=speech-9c6ffe0a42cc468b-85e44b38]]
[0;36m(APIServer pid=214609)[0;0m INFO 09-25 05:28:39 [stats.py:920] +---------------------------------+----------------+------------------+
[0;36m(APIServer pid=214609)[0;0m INFO 09-25 05:28:39 [stats.py:920] | Field                           |              0 |                1 |
[0;36m(APIServer pid=214609)[0;0m INFO 09-25 05:28:39 [stats.py:920] +---------------------------------+----------------+------------------+
[0;36m(APIServer pid=214609)[0;0m INFO 09-25 05:28:39 [stats.py:920] | audio_duration_s                |          0.000 |           31.920 |
[0;36m(APIServer pid=214609)[0;0m INFO 09-25 05:28:39 [stats.py:920] | audio_generated_frames          |              0 |          766,080 |
[0;36m(APIServer pid=214609)[0;0m INFO 09-25 05:28:39 [stats.py:920] | audio_sample_rate               |              0 |           24,000 |
[0;36m(APIServer pid=214609)[0;0m INFO 09-25 05:28:39 [stats.py:920] | batch_id                        |          2,541 |            2,622 |
[0;36m(APIServer pid=214609)[0;0m INFO 09-25 05:28:39 [stats.py:920] | batch_size                      |              1 |                1 |
[0;36m(APIServer pid=214609)[0;0m INFO 09-25 05:28:39 [stats.py:920] | inter_output_latencies_ms       |                |                  |
[0;36m(APIServer pid=214609)[0;0m INFO 09-25 05:28:39 [stats.py:920] | num_tokens_in                   |            360 |                0 |
[0;36m(APIServer pid=214609)[0;0m INFO 09-25 05:28:39 [stats.py:920] | num_tokens_out                  |            400 |                0 |
[0;36m(APIServer pid=214609)[0;0m INFO 09-25 05:28:39 [stats.py:920] | output_unit_count               |            400 |          766,080 |
[0;36m(APIServer pid=214609)[0;0m INFO 09-25 05:28:39 [stats.py:920] | output_unit_type                |         stream |            audio |
[0;36m(APIServer pid=214609)[0;0m INFO 09-25 05:28:39 [stats.py:920] | serving_time_to_first_output_ms |     16,807.727 |       16,966.133 |
[0;36m(APIServer pid=214609)[0;0m INFO 09-25 05:28:39 [stats.py:920] | stage_gen_time_ms               |     16,807.563 |       16,965.916 |
[0;36m(APIServer pid=214609)[0;0m INFO 09-25 05:28:39 [stats.py:920] | time_per_output_unit_ms         |          0.000 |            0.000 |
[0;36m(APIServer pid=214609)[0;0m INFO 09-25 05:28:39 [stats.py:920] | vllm_itl_ms                     |         41.838 |        1,041.722 |
[0;36m(APIServer pid=214609)[0;0m INFO 09-25 05:28:39 [stats.py:920] | vllm_itls_ms                    | 41.838 (n=399) | 1,041.722 (n=16) |
[0;36m(APIServer pid=214609)[0;0m INFO 09-25 05:28:39 [stats.py:920] | vllm_tpot_ms                    |         41.838 |            0.000 |
[0;36m(APIServer pid=214609)[0;0m INFO 09-25 05:28:39 [stats.py:920] | vllm_ttft_ms                    |        114.413 |          295.855 |
[0;36m(APIServer pid=214609)[0;0m INFO 09-25 05:28:39 [stats.py:920] +---------------------------------+----------------+------------------+
[0;36m(APIServer pid=214609)[0;0m INFO 09-25 05:28:39 [serving_speech.py:3646] [SpeechE2E] request_id=speech-9c6ffe0a42cc468b stream=false status=ok total_ms=16976.38 response_bytes=1532204
[0;36m(APIServer pid=214609)[0;0m INFO:     127.0.0.1:34970 - "POST /v1/audio/speech HTTP/1.1" 200 OK
[0;36m(APIServer pid=214609)[0;0m INFO 09-25 05:28:39 [serving_speech.py:3070] TTS speech request speech-a71b6c2b5dbe116d: model=Base
[0;36m(APIServer pid=214609)[0;0m INFO 09-25 05:28:39 [serving_speech.py:3100] Applied extra_params: {'temperature': 0.9, 'top_k': 50}
[0;36m(APIServer pid=214609)[0;0m INFO 09-25 05:28:40 [stats.py:811] 
[0;36m(APIServer pid=214609)[0;0m INFO 09-25 05:28:40 [stats.py:811] [Overall Summary]
[0;36m(APIServer pid=214609)[0;0m INFO 09-25 05:28:40 [stats.py:811] +-----------------------------+------------+
[0;36m(APIServer pid=214609)[0;0m INFO 09-25 05:28:40 [stats.py:811] | Field                       |      Value |
[0;36m(APIServer pid=214609)[0;0m INFO 09-25 05:28:40 [stats.py:811] +-----------------------------+------------+
[0;36m(APIServer pid=214609)[0;0m INFO 09-25 05:28:40 [stats.py:811] | e2e_requests                |          1 |
[0;36m(APIServer pid=214609)[0;0m INFO 09-25 05:28:40 [stats.py:811] | e2e_wall_time_ms            | 17,697.458 |
[0;36m(APIServer pid=214609)[0;0m INFO 09-25 05:28:40 [stats.py:811] | e2e_total_tokens            |        782 |
[0;36m(APIServer pid=214609)[0;0m INFO 09-25 05:28:40 [stats.py:811] | e2e_avg_time_per_request_ms | 17,697.458 |
[0;36m(APIServer pid=214609)[0;0m INFO 09-25 05:28:40 [stats.py:811] | e2e_avg_tokens_per_s        |     44.187 |
[0;36m(APIServer pid=214609)[0;0m INFO 09-25 05:28:40 [stats.py:811] | input_preprocess_time_ms    |      0.054 |
[0;36m(APIServer pid=214609)[0;0m INFO 09-25 05:28:40 [stats.py:811] | e2e_stage_0_wall_time_ms    | 17,654.161 |
[0;36m(APIServer pid=214609)[0;0m INFO 09-25 05:28:40 [stats.py:811] | e2e_stage_1_wall_time_ms    | 17,697.100 |
[0;36m(APIServer pid=214609)[0;0m INFO 09-25 05:28:40 [stats.py:811] +-----------------------------+------------+
[0;36m(APIServer pid=214609)[0;0m INFO 09-25 05:28:40 [stats.py:837] 
[0;36m(APIServer pid=214609)[0;0m INFO 09-25 05:28:40 [stats.py:837] [RequestE2EStats [request_id=speech-ad5ae434e88bdba0-993c6c40]]
[0;36m(APIServer pid=214609)[0;0m INFO 09-25 05:28:40 [stats.py:837] +------------------+------------+
[0;36m(APIServer pid=214609)[0;0m INFO 09-25 05:28:40 [stats.py:837] | Field            |      Value |
[0;36m(APIServer pid=214609)[0;0m INFO 09-25 05:28:40 [stats.py:837] +------------------+------------+
[0;36m(APIServer pid=214609)[0;0m INFO 09-25 05:28:40 [stats.py:837] | e2e_total_ms     | 17,697.337 |
[0;36m(APIServer pid=214609)[0;0m INFO 09-25 05:28:40 [stats.py:837] | e2e_total_tokens |        782 |
[0;36m(APIServer pid=214609)[0;0m INFO 09-25 05:28:40 [stats.py:837] +------------------+------------+
[0;36m(APIServer pid=214609)[0;0m INFO 09-25 05:28:40 [stats.py:878] [OmniTiming] req=speech-ad5ae434e88bdba0-993c6c40 total=17.70s preprocess=0.00s engine=17.70s stages=[0:17.65s,1:17.70s] transfers=[0->1=0.00ms]
[0;36m(APIServer pid=214609)[0;0m INFO 09-25 05:28:40 [stats.py:920] 
[0;36m(APIServer pid=214609)[0;0m INFO 09-25 05:28:40 [stats.py:920] [StageRequestStats [request_id=speech-ad5ae434e88bdba0-993c6c40]]
[0;36m(APIServer pid=214609)[0;0m INFO 09-25 05:28:40 [stats.py:920] +---------------------------------+----------------+------------------+
[0;36m(APIServer pid=214609)[0;0m INFO 09-25 05:28:40 [stats.py:920] | Field                           |              0 |                1 |
[0;36m(APIServer pid=214609)[0;0m INFO 09-25 05:28:40 [stats.py:920] +---------------------------------+----------------+------------------+
[0;36m(APIServer pid=214609)[0;0m INFO 09-25 05:28:40 [stats.py:920] | audio_duration_s                |          0.000 |           33.680 |
[0;36m(APIServer pid=214609)[0;0m INFO 09-25 05:28:40 [stats.py:920] | audio_generated_frames          |              0 |          808,320 |
[0;36m(APIServer pid=214609)[0;0m INFO 09-25 05:28:40 [stats.py:920] | audio_sample_rate               |              0 |           24,000 |
[0;36m(APIServer pid=214609)[0;0m INFO 09-25 05:28:40 [stats.py:920] | batch_id                        |          2,542 |            2,623 |
[0;36m(APIServer pid=214609)[0;0m INFO 09-25 05:28:40 [stats.py:920] | batch_size                      |              1 |                1 |
[0;36m(APIServer pid=214609)[0;0m INFO 09-25 05:28:40 [stats.py:920] | inter_output_latencies_ms       |                |                  |
[0;36m(APIServer pid=214609)[0;0m INFO 09-25 05:28:40 [stats.py:920] | num_tokens_in                   |            360 |                0 |
[0;36m(APIServer pid=214609)[0;0m INFO 09-25 05:28:40 [stats.py:920] | num_tokens_out                  |            422 |                0 |
[0;36m(APIServer pid=214609)[0;0m INFO 09-25 05:28:40 [stats.py:920] | output_unit_count               |            422 |          808,320 |
[0;36m(APIServer pid=214609)[0;0m INFO 09-25 05:28:40 [stats.py:920] | output_unit_type                |         stream |            audio |
[0;36m(APIServer pid=214609)[0;0m INFO 09-25 05:28:40 [stats.py:920] | serving_time_to_first_output_ms |     17,654.144 |       17,696.567 |
[0;36m(APIServer pid=214609)[0;0m INFO 09-25 05:28:40 [stats.py:920] | stage_gen_time_ms               |     17,653.973 |       17,696.304 |
[0;36m(APIServer pid=214609)[0;0m INFO 09-25 05:28:40 [stats.py:920] | time_per_output_unit_ms         |          0.000 |            0.000 |
[0;36m(APIServer pid=214609)[0;0m INFO 09-25 05:28:40 [stats.py:920] | vllm_itl_ms                     |         41.639 |        1,021.455 |
[0;36m(APIServer pid=214609)[0;0m INFO 09-25 05:28:40 [stats.py:920] | vllm_itls_ms                    | 41.639 (n=421) | 1,021.455 (n=17) |
[0;36m(APIServer pid=214609)[0;0m INFO 09-25 05:28:40 [stats.py:920] | vllm_tpot_ms                    |         41.639 |            0.000 |
[0;36m(APIServer pid=214609)[0;0m INFO 09-25 05:28:40 [stats.py:920] | vllm_ttft_ms                    |        125.794 |          329.952 |
[0;36m(APIServer pid=214609)[0;0m INFO 09-25 05:28:40 [stats.py:920] +---------------------------------+----------------+------------------+
[0;36m(APIServer pid=214609)[0;0m INFO 09-25 05:28:40 [serving_speech.py:3646] [SpeechE2E] request_id=speech-ad5ae434e88bdba0 stream=false status=ok total_ms=17709.56 response_bytes=1616684
[0;36m(APIServer pid=214609)[0;0m INFO:     127.0.0.1:35046 - "POST /v1/audio/speech HTTP/1.1" 200 OK
[0;36m(APIServer pid=214609)[0;0m INFO 09-25 05:28:40 [serving_speech.py:3070] TTS speech request speech-83864e7e751e7090: model=Base
[0;36m(APIServer pid=214609)[0;0m INFO 09-25 05:28:40 [serving_speech.py:3100] Applied extra_params: {'temperature': 0.9, 'top_k': 50}
[0;36m(APIServer pid=214609)[0;0m INFO 09-25 05:28:41 [stats.py:811] 
[0;36m(APIServer pid=214609)[0;0m INFO 09-25 05:28:41 [stats.py:811] [Overall Summary]
[0;36m(APIServer pid=214609)[0;0m INFO 09-25 05:28:41 [stats.py:811] +-----------------------------+------------+
[0;36m(APIServer pid=214609)[0;0m INFO 09-25 05:28:41 [stats.py:811] | Field                       |      Value |
[0;36m(APIServer pid=214609)[0;0m INFO 09-25 05:28:41 [stats.py:811] +-----------------------------+------------+
[0;36m(APIServer pid=214609)[0;0m INFO 09-25 05:28:41 [stats.py:811] | e2e_requests                |          1 |
[0;36m(APIServer pid=214609)[0;0m INFO 09-25 05:28:41 [stats.py:811] | e2e_wall_time_ms            | 19,497.793 |
[0;36m(APIServer pid=214609)[0;0m INFO 09-25 05:28:41 [stats.py:811] | e2e_total_tokens            |        818 |
[0;36m(APIServer pid=214609)[0;0m INFO 09-25 05:28:41 [stats.py:811] | e2e_avg_time_per_request_ms | 19,497.793 |
[0;36m(APIServer pid=214609)[0;0m INFO 09-25 05:28:41 [stats.py:811] | e2e_avg_tokens_per_s        |     41.953 |
[0;36m(APIServer pid=214609)[0;0m INFO 09-25 05:28:41 [stats.py:811] | input_preprocess_time_ms    |      0.052 |
[0;36m(APIServer pid=214609)[0;0m INFO 09-25 05:28:41 [stats.py:811] | e2e_stage_0_wall_time_ms    | 19,429.869 |
[0;36m(APIServer pid=214609)[0;0m INFO 09-25 05:28:41 [stats.py:811] | e2e_stage_1_wall_time_ms    | 19,495.999 |
[0;36m(APIServer pid=214609)[0;0m INFO 09-25 05:28:41 [stats.py:811] +-----------------------------+------------+
[0;36m(APIServer pid=214609)[0;0m INFO 09-25 05:28:41 [stats.py:837] 
[0;36m(APIServer pid=214609)[0;0m INFO 09-25 05:28:41 [stats.py:837] [RequestE2EStats [request_id=speech-93023407240a37d3-82d66bf3]]
[0;36m(APIServer pid=214609)[0;0m INFO 09-25 05:28:41 [stats.py:837] +------------------+------------+
[0;36m(APIServer pid=214609)[0;0m INFO 09-25 05:28:41 [stats.py:837] | Field            |      Value |
[0;36m(APIServer pid=214609)[0;0m INFO 09-25 05:28:41 [stats.py:837] +------------------+------------+
[0;36m(APIServer pid=214609)[0;0m INFO 09-25 05:28:41 [stats.py:837] | e2e_total_ms     | 19,497.571 |
[0;36m(APIServer pid=214609)[0;0m INFO 09-25 05:28:41 [stats.py:837] | e2e_total_tokens |        818 |
[0;36m(APIServer pid=214609)[0;0m INFO 09-25 05:28:41 [stats.py:837] +------------------+------------+
[0;36m(APIServer pid=214609)[0;0m INFO 09-25 05:28:41 [stats.py:878] [OmniTiming] req=speech-93023407240a37d3-82d66bf3 total=19.50s preprocess=0.00s engine=19.50s stages=[0:19.43s,1:19.50s] transfers=[0->1=0.00ms]
[0;36m(APIServer pid=214609)[0;0m INFO 09-25 05:28:41 [stats.py:920] 
[0;36m(APIServer pid=214609)[0;0m INFO 09-25 05:28:41 [stats.py:920] [StageRequestStats [request_id=speech-93023407240a37d3-82d66bf3]]
[0;36m(APIServer pid=214609)[0;0m INFO 09-25 05:28:41 [stats.py:920] +---------------------------------+----------------+------------------+
[0;36m(APIServer pid=214609)[0;0m INFO 09-25 05:28:41 [stats.py:920] | Field                           |              0 |                1 |
[0;36m(APIServer pid=214609)[0;0m INFO 09-25 05:28:41 [stats.py:920] +---------------------------------+----------------+------------------+
[0;36m(APIServer pid=214609)[0;0m INFO 09-25 05:28:41 [stats.py:920] | audio_duration_s                |          0.000 |           36.560 |
[0;36m(APIServer pid=214609)[0;0m INFO 09-25 05:28:41 [stats.py:920] | audio_generated_frames          |              0 |          877,440 |
[0;36m(APIServer pid=214609)[0;0m INFO 09-25 05:28:41 [stats.py:920] | audio_sample_rate               |              0 |           24,000 |
[0;36m(APIServer pid=214609)[0;0m INFO 09-25 05:28:41 [stats.py:920] | batch_id                        |          2,543 |            2,624 |
[0;36m(APIServer pid=214609)[0;0m INFO 09-25 05:28:41 [stats.py:920] | batch_size                      |              1 |                1 |
[0;36m(APIServer pid=214609)[0;0m INFO 09-25 05:28:41 [stats.py:920] | inter_output_latencies_ms       |                |                  |
[0;36m(APIServer pid=214609)[0;0m INFO 09-25 05:28:41 [stats.py:920] | num_tokens_in                   |            360 |                0 |
[0;36m(APIServer pid=214609)[0;0m INFO 09-25 05:28:41 [stats.py:920] | num_tokens_out                  |            458 |                0 |
[0;36m(APIServer pid=214609)[0;0m INFO 09-25 05:28:41 [stats.py:920] | output_unit_count               |            458 |          877,440 |
[0;36m(APIServer pid=214609)[0;0m INFO 09-25 05:28:41 [stats.py:920] | output_unit_type                |         stream |            audio |
[0;36m(APIServer pid=214609)[0;0m INFO 09-25 05:28:41 [stats.py:920] | serving_time_to_first_output_ms |     19,429.704 |       19,497.148 |
[0;36m(APIServer pid=214609)[0;0m INFO 09-25 05:28:41 [stats.py:920] | stage_gen_time_ms               |     19,428.100 |       19,495.446 |
[0;36m(APIServer pid=214609)[0;0m INFO 09-25 05:28:41 [stats.py:920] | time_per_output_unit_ms         |          0.000 |            0.000 |
[0;36m(APIServer pid=214609)[0;0m INFO 09-25 05:28:41 [stats.py:920] | vllm_itl_ms                     |         42.262 |        1,008.062 |
[0;36m(APIServer pid=214609)[0;0m INFO 09-25 05:28:41 [stats.py:920] | vllm_itls_ms                    | 42.262 (n=457) | 1,008.062 (n=19) |
[0;36m(APIServer pid=214609)[0;0m INFO 09-25 05:28:41 [stats.py:920] | vllm_tpot_ms                    |         42.262 |            0.000 |
[0;36m(APIServer pid=214609)[0;0m INFO 09-25 05:28:41 [stats.py:920] | vllm_ttft_ms                    |        116.482 |          341.313 |
[0;36m(APIServer pid=214609)[0;0m INFO 09-25 05:28:41 [stats.py:920] +---------------------------------+----------------+------------------+
[0;36m(APIServer pid=214609)[0;0m INFO 09-25 05:28:41 [serving_speech.py:3646] [SpeechE2E] request_id=speech-93023407240a37d3 stream=false status=ok total_ms=19522.79 response_bytes=1754924
[0;36m(APIServer pid=214609)[0;0m INFO:     127.0.0.1:34988 - "POST /v1/audio/speech HTTP/1.1" 200 OK
[0;36m(APIServer pid=214609)[0;0m INFO 09-25 05:28:41 [serving_speech.py:3070] TTS speech request speech-b2a52a8c582105aa: model=Base
[0;36m(APIServer pid=214609)[0;0m INFO 09-25 05:28:41 [serving_speech.py:3100] Applied extra_params: {'temperature': 0.9, 'top_k': 50}
[0;36m(APIServer pid=214609)[0;0m INFO 09-25 05:28:41 [stats.py:811] 
[0;36m(APIServer pid=214609)[0;0m INFO 09-25 05:28:41 [stats.py:811] [Overall Summary]
[0;36m(APIServer pid=214609)[0;0m INFO 09-25 05:28:41 [stats.py:811] +-----------------------------+------------+
[0;36m(APIServer pid=214609)[0;0m INFO 09-25 05:28:41 [stats.py:811] | Field                       |      Value |
[0;36m(APIServer pid=214609)[0;0m INFO 09-25 05:28:41 [stats.py:811] +-----------------------------+------------+
[0;36m(APIServer pid=214609)[0;0m INFO 09-25 05:28:41 [stats.py:811] | e2e_requests                |          1 |
[0;36m(APIServer pid=214609)[0;0m INFO 09-25 05:28:41 [stats.py:811] | e2e_wall_time_ms            | 18,860.626 |
[0;36m(APIServer pid=214609)[0;0m INFO 09-25 05:28:41 [stats.py:811] | e2e_total_tokens            |        806 |
[0;36m(APIServer pid=214609)[0;0m INFO 09-25 05:28:41 [stats.py:811] | e2e_avg_time_per_request_ms | 18,860.626 |
[0;36m(APIServer pid=214609)[0;0m INFO 09-25 05:28:41 [stats.py:811] | e2e_avg_tokens_per_s        |     42.735 |
[0;36m(APIServer pid=214609)[0;0m INFO 09-25 05:28:41 [stats.py:811] | input_preprocess_time_ms    |      0.054 |
[0;36m(APIServer pid=214609)[0;0m INFO 09-25 05:28:41 [stats.py:811] | e2e_stage_0_wall_time_ms    | 18,822.036 |
[0;36m(APIServer pid=214609)[0;0m INFO 09-25 05:28:41 [stats.py:811] | e2e_stage_1_wall_time_ms    | 18,860.340 |
[0;36m(APIServer pid=214609)[0;0m INFO 09-25 05:28:41 [stats.py:811] +-----------------------------+------------+
[0;36m(APIServer pid=214609)[0;0m INFO 09-25 05:28:41 [stats.py:837] 
[0;36m(APIServer pid=214609)[0;0m INFO 09-25 05:28:41 [stats.py:837] [RequestE2EStats [request_id=speech-ab094a928210fd7c-b067b8f0]]
[0;36m(APIServer pid=214609)[0;0m INFO 09-25 05:28:41 [stats.py:837] +------------------+------------+
[0;36m(APIServer pid=214609)[0;0m INFO 09-25 05:28:41 [stats.py:837] | Field            |      Value |
[0;36m(APIServer pid=214609)[0;0m INFO 09-25 05:28:41 [stats.py:837] +------------------+------------+
[0;36m(APIServer pid=214609)[0;0m INFO 09-25 05:28:41 [stats.py:837] | e2e_total_ms     | 18,860.502 |
[0;36m(APIServer pid=214609)[0;0m INFO 09-25 05:28:41 [stats.py:837] | e2e_total_tokens |        806 |
[0;36m(APIServer pid=214609)[0;0m INFO 09-25 05:28:41 [stats.py:837] +------------------+------------+
[0;36m(APIServer pid=214609)[0;0m INFO 09-25 05:28:41 [stats.py:878] [OmniTiming] req=speech-ab094a928210fd7c-b067b8f0 total=18.86s preprocess=0.00s engine=18.86s stages=[0:18.82s,1:18.86s] transfers=[0->1=0.00ms]
[0;36m(APIServer pid=214609)[0;0m INFO 09-25 05:28:41 [stats.py:920] 
[0;36m(APIServer pid=214609)[0;0m INFO 09-25 05:28:41 [stats.py:920] [StageRequestStats [request_id=speech-ab094a928210fd7c-b067b8f0]]
[0;36m(APIServer pid=214609)[0;0m INFO 09-25 05:28:41 [stats.py:920] +---------------------------------+----------------+------------------+
[0;36m(APIServer pid=214609)[0;0m INFO 09-25 05:28:41 [stats.py:920] | Field                           |              0 |                1 |
[0;36m(APIServer pid=214609)[0;0m INFO 09-25 05:28:41 [stats.py:920] +---------------------------------+----------------+------------------+
[0;36m(APIServer pid=214609)[0;0m INFO 09-25 05:28:41 [stats.py:920] | audio_duration_s                |          0.000 |           35.600 |
[0;36m(APIServer pid=214609)[0;0m INFO 09-25 05:28:41 [stats.py:920] | audio_generated_frames          |              0 |          854,400 |
[0;36m(APIServer pid=214609)[0;0m INFO 09-25 05:28:41 [stats.py:920] | audio_sample_rate               |              0 |           24,000 |
[0;36m(APIServer pid=214609)[0;0m INFO 09-25 05:28:41 [stats.py:920] | batch_id                        |          2,544 |            2,625 |
[0;36m(APIServer pid=214609)[0;0m INFO 09-25 05:28:41 [stats.py:920] | batch_size                      |              1 |                1 |
[0;36m(APIServer pid=214609)[0;0m INFO 09-25 05:28:41 [stats.py:920] | inter_output_latencies_ms       |                |                  |
[0;36m(APIServer pid=214609)[0;0m INFO 09-25 05:28:41 [stats.py:920] | num_tokens_in                   |            360 |                0 |
[0;36m(APIServer pid=214609)[0;0m INFO 09-25 05:28:41 [stats.py:920] | num_tokens_out                  |            446 |                0 |
[0;36m(APIServer pid=214609)[0;0m INFO 09-25 05:28:41 [stats.py:920] | output_unit_count               |            446 |          854,400 |
[0;36m(APIServer pid=214609)[0;0m INFO 09-25 05:28:41 [stats.py:920] | output_unit_type                |         stream |            audio |
[0;36m(APIServer pid=214609)[0;0m INFO 09-25 05:28:41 [stats.py:920] | serving_time_to_first_output_ms |     18,821.583 |       18,860.202 |
[0;36m(APIServer pid=214609)[0;0m INFO 09-25 05:28:41 [stats.py:920] | stage_gen_time_ms               |     18,821.458 |       18,860.025 |
[0;36m(APIServer pid=214609)[0;0m INFO 09-25 05:28:41 [stats.py:920] | time_per_output_unit_ms         |          0.000 |            0.000 |
[0;36m(APIServer pid=214609)[0;0m INFO 09-25 05:28:41 [stats.py:920] | vllm_itl_ms                     |         42.013 |        1,034.143 |
[0;36m(APIServer pid=214609)[0;0m INFO 09-25 05:28:41 [stats.py:920] | vllm_itls_ms                    | 42.013 (n=445) | 1,034.143 (n=18) |
[0;36m(APIServer pid=214609)[0;0m INFO 09-25 05:28:41 [stats.py:920] | vllm_tpot_ms                    |         42.013 |            0.000 |
[0;36m(APIServer pid=214609)[0;0m INFO 09-25 05:28:41 [stats.py:920] | vllm_ttft_ms                    |        126.008 |          245.666 |
[0;36m(APIServer pid=214609)[0;0m INFO 09-25 05:28:41 [stats.py:920] +---------------------------------+----------------+------------------+
[0;36m(APIServer pid=214609)[0;0m INFO 09-25 05:28:41 [serving_speech.py:3646] [SpeechE2E] request_id=speech-ab094a928210fd7c stream=false status=ok total_ms=18870.26 response_bytes=1708844
[0;36m(APIServer pid=214609)[0;0m INFO:     127.0.0.1:34918 - "POST /v1/audio/speech HTTP/1.1" 200 OK
[0;36m(APIServer pid=214609)[0;0m INFO 09-25 05:28:41 [serving_speech.py:3070] TTS speech request speech-b2c655aa06c4af78: model=Base
[0;36m(APIServer pid=214609)[0;0m INFO 09-25 05:28:41 [serving_speech.py:3100] Applied extra_params: {'temperature': 0.9, 'top_k': 50}
[0;36m(APIServer pid=214609)[0;0m INFO 09-25 05:28:43 [stats.py:811] 
[0;36m(APIServer pid=214609)[0;0m INFO 09-25 05:28:43 [stats.py:811] [Overall Summary]
[0;36m(APIServer pid=214609)[0;0m INFO 09-25 05:28:43 [stats.py:811] +-----------------------------+------------+
[0;36m(APIServer pid=214609)[0;0m INFO 09-25 05:28:43 [stats.py:811] | Field                       |      Value |
[0;36m(APIServer pid=214609)[0;0m INFO 09-25 05:28:43 [stats.py:811] +-----------------------------+------------+
[0;36m(APIServer pid=214609)[0;0m INFO 09-25 05:28:43 [stats.py:811] | e2e_requests                |          1 |
[0;36m(APIServer pid=214609)[0;0m INFO 09-25 05:28:43 [stats.py:811] | e2e_wall_time_ms            | 21,508.776 |
[0;36m(APIServer pid=214609)[0;0m INFO 09-25 05:28:43 [stats.py:811] | e2e_total_tokens            |        865 |
[0;36m(APIServer pid=214609)[0;0m INFO 09-25 05:28:43 [stats.py:811] | e2e_avg_time_per_request_ms | 21,508.776 |
[0;36m(APIServer pid=214609)[0;0m INFO 09-25 05:28:43 [stats.py:811] | e2e_avg_tokens_per_s        |     40.216 |
[0;36m(APIServer pid=214609)[0;0m INFO 09-25 05:28:43 [stats.py:811] | input_preprocess_time_ms    |      0.074 |
[0;36m(APIServer pid=214609)[0;0m INFO 09-25 05:28:43 [stats.py:811] | e2e_stage_0_wall_time_ms    | 21,440.856 |
[0;36m(APIServer pid=214609)[0;0m INFO 09-25 05:28:43 [stats.py:811] | e2e_stage_1_wall_time_ms    | 21,508.353 |
[0;36m(APIServer pid=214609)[0;0m INFO 09-25 05:28:43 [stats.py:811] +-----------------------------+------------+
[0;36m(APIServer pid=214609)[0;0m INFO 09-25 05:28:43 [stats.py:837] 
[0;36m(APIServer pid=214609)[0;0m INFO 09-25 05:28:43 [stats.py:837] [RequestE2EStats [request_id=speech-ad2b4e2f8e91b03b-97e9e054]]
[0;36m(APIServer pid=214609)[0;0m INFO 09-25 05:28:43 [stats.py:837] +------------------+------------+
[0;36m(APIServer pid=214609)[0;0m INFO 09-25 05:28:43 [stats.py:837] | Field            |      Value |
[0;36m(APIServer pid=214609)[0;0m INFO 09-25 05:28:43 [stats.py:837] +------------------+------------+
[0;36m(APIServer pid=214609)[0;0m INFO 09-25 05:28:43 [stats.py:837] | e2e_total_ms     | 21,508.598 |
[0;36m(APIServer pid=214609)[0;0m INFO 09-25 05:28:43 [stats.py:837] | e2e_total_tokens |        865 |
[0;36m(APIServer pid=214609)[0;0m INFO 09-25 05:28:43 [stats.py:837] +------------------+------------+
[0;36m(APIServer pid=214609)[0;0m INFO 09-25 05:28:43 [stats.py:878] [OmniTiming] req=speech-ad2b4e2f8e91b03b-97e9e054 total=21.51s preprocess=0.00s engine=21.51s stages=[0:21.44s,1:21.51s] transfers=[0->1=0.00ms]
[0;36m(APIServer pid=214609)[0;0m INFO 09-25 05:28:43 [stats.py:920] 
[0;36m(APIServer pid=214609)[0;0m INFO 09-25 05:28:43 [stats.py:920] [StageRequestStats [request_id=speech-ad2b4e2f8e91b03b-97e9e054]]
[0;36m(APIServer pid=214609)[0;0m INFO 09-25 05:28:43 [stats.py:920] +---------------------------------+----------------+------------------+
[0;36m(APIServer pid=214609)[0;0m INFO 09-25 05:28:43 [stats.py:920] | Field                           |              0 |                1 |
[0;36m(APIServer pid=214609)[0;0m INFO 09-25 05:28:43 [stats.py:920] +---------------------------------+----------------+------------------+
[0;36m(APIServer pid=214609)[0;0m INFO 09-25 05:28:43 [stats.py:920] | audio_duration_s                |          0.000 |           40.320 |
[0;36m(APIServer pid=214609)[0;0m INFO 09-25 05:28:43 [stats.py:920] | audio_generated_frames          |              0 |          967,680 |
[0;36m(APIServer pid=214609)[0;0m INFO 09-25 05:28:43 [stats.py:920] | audio_sample_rate               |              0 |           24,000 |
[0;36m(APIServer pid=214609)[0;0m INFO 09-25 05:28:43 [stats.py:920] | batch_id                        |          2,545 |            2,626 |
[0;36m(APIServer pid=214609)[0;0m INFO 09-25 05:28:43 [stats.py:920] | batch_size                      |              1 |                1 |
[0;36m(APIServer pid=214609)[0;0m INFO 09-25 05:28:43 [stats.py:920] | inter_output_latencies_ms       |                |                  |
[0;36m(APIServer pid=214609)[0;0m INFO 09-25 05:28:43 [stats.py:920] | num_tokens_in                   |            360 |                0 |
[0;36m(APIServer pid=214609)[0;0m INFO 09-25 05:28:43 [stats.py:920] | num_tokens_out                  |            505 |                0 |
[0;36m(APIServer pid=214609)[0;0m INFO 09-25 05:28:43 [stats.py:920] | output_unit_count               |            505 |          967,680 |
[0;36m(APIServer pid=214609)[0;0m INFO 09-25 05:28:43 [stats.py:920] | output_unit_type                |         stream |            audio |
[0;36m(APIServer pid=214609)[0;0m INFO 09-25 05:28:43 [stats.py:920] | serving_time_to_first_output_ms |     21,440.906 |       21,508.129 |
[0;36m(APIServer pid=214609)[0;0m INFO 09-25 05:28:43 [stats.py:920] | stage_gen_time_ms               |     21,440.656 |       21,507.803 |
[0;36m(APIServer pid=214609)[0;0m INFO 09-25 05:28:43 [stats.py:920] | time_per_output_unit_ms         |          0.000 |            0.000 |
[0;36m(APIServer pid=214609)[0;0m INFO 09-25 05:28:43 [stats.py:920] | vllm_itl_ms                     |         42.274 |        1,009.021 |
[0;36m(APIServer pid=214609)[0;0m INFO 09-25 05:28:43 [stats.py:920] | vllm_itls_ms                    | 42.274 (n=504) | 1,009.021 (n=21) |
[0;36m(APIServer pid=214609)[0;0m INFO 09-25 05:28:43 [stats.py:920] | vllm_tpot_ms                    |         42.274 |            0.000 |
[0;36m(APIServer pid=214609)[0;0m INFO 09-25 05:28:43 [stats.py:920] | vllm_ttft_ms                    |        132.668 |          319.293 |
[0;36m(APIServer pid=214609)[0;0m INFO 09-25 05:28:43 [stats.py:920] +---------------------------------+----------------+------------------+
[0;36m(APIServer pid=214609)[0;0m INFO 09-25 05:28:43 [serving_speech.py:3646] [SpeechE2E] request_id=speech-ad2b4e2f8e91b03b stream=false status=ok total_ms=21521.82 response_bytes=1935404
[0;36m(APIServer pid=214609)[0;0m INFO:     127.0.0.1:34934 - "POST /v1/audio/speech HTTP/1.1" 200 OK
[0;36m(APIServer pid=214609)[0;0m INFO 09-25 05:28:43 [serving_speech.py:3070] TTS speech request speech-99a70ce65c248f8c: model=Base
[0;36m(APIServer pid=214609)[0;0m INFO 09-25 05:28:43 [serving_speech.py:3100] Applied extra_params: {'temperature': 0.9, 'top_k': 50}
[0;36m(APIServer pid=214609)[0;0m INFO 09-25 05:28:43 [stats.py:811] 
[0;36m(APIServer pid=214609)[0;0m INFO 09-25 05:28:43 [stats.py:811] [Overall Summary]
[0;36m(APIServer pid=214609)[0;0m INFO 09-25 05:28:43 [stats.py:811] +-----------------------------+------------+
[0;36m(APIServer pid=214609)[0;0m INFO 09-25 05:28:43 [stats.py:811] | Field                       |      Value |
[0;36m(APIServer pid=214609)[0;0m INFO 09-25 05:28:43 [stats.py:811] +-----------------------------+------------+
[0;36m(APIServer pid=214609)[0;0m INFO 09-25 05:28:43 [stats.py:811] | e2e_requests                |          1 |
[0;36m(APIServer pid=214609)[0;0m INFO 09-25 05:28:43 [stats.py:811] | e2e_wall_time_ms            | 22,982.024 |
[0;36m(APIServer pid=214609)[0;0m INFO 09-25 05:28:43 [stats.py:811] | e2e_total_tokens            |        893 |
[0;36m(APIServer pid=214609)[0;0m INFO 09-25 05:28:43 [stats.py:811] | e2e_avg_time_per_request_ms | 22,982.024 |
[0;36m(APIServer pid=214609)[0;0m INFO 09-25 05:28:43 [stats.py:811] | e2e_avg_tokens_per_s        |     38.856 |
[0;36m(APIServer pid=214609)[0;0m INFO 09-25 05:28:43 [stats.py:811] | input_preprocess_time_ms    |      0.054 |
[0;36m(APIServer pid=214609)[0;0m INFO 09-25 05:28:43 [stats.py:811] | e2e_stage_0_wall_time_ms    | 22,883.997 |
[0;36m(APIServer pid=214609)[0;0m INFO 09-25 05:28:43 [stats.py:811] | e2e_stage_1_wall_time_ms    | 22,980.289 |
[0;36m(APIServer pid=214609)[0;0m INFO 09-25 05:28:43 [stats.py:811] +-----------------------------+------------+
[0;36m(APIServer pid=214609)[0;0m INFO 09-25 05:28:43 [stats.py:837] 
[0;36m(APIServer pid=214609)[0;0m INFO 09-25 05:28:43 [stats.py:837] [RequestE2EStats [request_id=speech-a2d33103e2f611ce-9d7cef04]]
[0;36m(APIServer pid=214609)[0;0m INFO 09-25 05:28:43 [stats.py:837] +------------------+------------+
[0;36m(APIServer pid=214609)[0;0m INFO 09-25 05:28:43 [stats.py:837] | Field            |      Value |
[0;36m(APIServer pid=214609)[0;0m INFO 09-25 05:28:43 [stats.py:837] +------------------+------------+
[0;36m(APIServer pid=214609)[0;0m INFO 09-25 05:28:43 [stats.py:837] | e2e_total_ms     | 22,981.871 |
[0;36m(APIServer pid=214609)[0;0m INFO 09-25 05:28:43 [stats.py:837] | e2e_total_tokens |        893 |
[0;36m(APIServer pid=214609)[0;0m INFO 09-25 05:28:43 [stats.py:837] +------------------+------------+
[0;36m(APIServer pid=214609)[0;0m INFO 09-25 05:28:43 [stats.py:878] [OmniTiming] req=speech-a2d33103e2f611ce-9d7cef04 total=22.98s preprocess=0.00s engine=22.98s stages=[0:22.88s,1:22.98s] transfers=[0->1=0.00ms]
[0;36m(APIServer pid=214609)[0;0m INFO 09-25 05:28:43 [stats.py:920] 
[0;36m(APIServer pid=214609)[0;0m INFO 09-25 05:28:43 [stats.py:920] [StageRequestStats [request_id=speech-a2d33103e2f611ce-9d7cef04]]
[0;36m(APIServer pid=214609)[0;0m INFO 09-25 05:28:43 [stats.py:920] +---------------------------------+----------------+------------------+
[0;36m(APIServer pid=214609)[0;0m INFO 09-25 05:28:43 [stats.py:920] | Field                           |              0 |                1 |
[0;36m(APIServer pid=214609)[0;0m INFO 09-25 05:28:43 [stats.py:920] +---------------------------------+----------------+------------------+
[0;36m(APIServer pid=214609)[0;0m INFO 09-25 05:28:43 [stats.py:920] | audio_duration_s                |          0.000 |           42.560 |
[0;36m(APIServer pid=214609)[0;0m INFO 09-25 05:28:43 [stats.py:920] | audio_generated_frames          |              0 |        1,021,440 |
[0;36m(APIServer pid=214609)[0;0m INFO 09-25 05:28:43 [stats.py:920] | audio_sample_rate               |              0 |           24,000 |
[0;36m(APIServer pid=214609)[0;0m INFO 09-25 05:28:43 [stats.py:920] | batch_id                        |          2,546 |            2,627 |
[0;36m(APIServer pid=214609)[0;0m INFO 09-25 05:28:43 [stats.py:920] | batch_size                      |              1 |                1 |
[0;36m(APIServer pid=214609)[0;0m INFO 09-25 05:28:43 [stats.py:920] | inter_output_latencies_ms       |                |                  |
[0;36m(APIServer pid=214609)[0;0m INFO 09-25 05:28:43 [stats.py:920] | num_tokens_in                   |            360 |                0 |
[0;36m(APIServer pid=214609)[0;0m INFO 09-25 05:28:43 [stats.py:920] | num_tokens_out                  |            533 |                0 |
[0;36m(APIServer pid=214609)[0;0m INFO 09-25 05:28:43 [stats.py:920] | output_unit_count               |            533 |        1,021,440 |
[0;36m(APIServer pid=214609)[0;0m INFO 09-25 05:28:43 [stats.py:920] | output_unit_type                |         stream |            audio |
[0;36m(APIServer pid=214609)[0;0m INFO 09-25 05:28:43 [stats.py:920] | serving_time_to_first_output_ms |     22,883.898 |       22,981.675 |
[0;36m(APIServer pid=214609)[0;0m INFO 09-25 05:28:43 [stats.py:920] | stage_gen_time_ms               |     22,883.798 |       22,980.066 |
[0;36m(APIServer pid=214609)[0;0m INFO 09-25 05:28:43 [stats.py:920] | time_per_output_unit_ms         |          0.000 |            0.000 |
[0;36m(APIServer pid=214609)[0;0m INFO 09-25 05:28:43 [stats.py:920] | vllm_itl_ms                     |         42.578 |        1,025.873 |
[0;36m(APIServer pid=214609)[0;0m INFO 09-25 05:28:43 [stats.py:920] | vllm_itls_ms                    | 42.578 (n=532) | 1,025.873 (n=22) |
[0;36m(APIServer pid=214609)[0;0m INFO 09-25 05:28:43 [stats.py:920] | vllm_tpot_ms                    |         42.578 |            0.000 |
[0;36m(APIServer pid=214609)[0;0m INFO 09-25 05:28:43 [stats.py:920] | vllm_ttft_ms                    |        231.201 |          409.487 |
[0;36m(APIServer pid=214609)[0;0m INFO 09-25 05:28:43 [stats.py:920] +---------------------------------+----------------+------------------+
[0;36m(APIServer pid=214609)[0;0m INFO 09-25 05:28:43 [serving_speech.py:3646] [SpeechE2E] request_id=speech-a2d33103e2f611ce stream=false status=ok total_ms=22996.18 response_bytes=2042924
[0;36m(APIServer pid=214609)[0;0m INFO:     127.0.0.1:35052 - "POST /v1/audio/speech HTTP/1.1" 200 OK
[0;36m(APIServer pid=214609)[0;0m INFO 09-25 05:28:43 [serving_speech.py:3070] TTS speech request speech-ab803eea324d7aee: model=Base
[0;36m(APIServer pid=214609)[0;0m INFO 09-25 05:28:43 [serving_speech.py:3100] Applied extra_params: {'temperature': 0.9, 'top_k': 50}
[0;36m(APIServer pid=214609)[0;0m INFO 09-25 05:28:44 [stats.py:811] 
[0;36m(APIServer pid=214609)[0;0m INFO 09-25 05:28:44 [stats.py:811] [Overall Summary]
[0;36m(APIServer pid=214609)[0;0m INFO 09-25 05:28:44 [stats.py:811] +-----------------------------+------------+
[0;36m(APIServer pid=214609)[0;0m INFO 09-25 05:28:44 [stats.py:811] | Field                       |      Value |
[0;36m(APIServer pid=214609)[0;0m INFO 09-25 05:28:44 [stats.py:811] +-----------------------------+------------+
[0;36m(APIServer pid=214609)[0;0m INFO 09-25 05:28:44 [stats.py:811] | e2e_requests                |          1 |
[0;36m(APIServer pid=214609)[0;0m INFO 09-25 05:28:44 [stats.py:811] | e2e_wall_time_ms            | 22,874.190 |
[0;36m(APIServer pid=214609)[0;0m INFO 09-25 05:28:44 [stats.py:811] | e2e_total_tokens            |        896 |
[0;36m(APIServer pid=214609)[0;0m INFO 09-25 05:28:44 [stats.py:811] | e2e_avg_time_per_request_ms | 22,874.190 |
[0;36m(APIServer pid=214609)[0;0m INFO 09-25 05:28:44 [stats.py:811] | e2e_avg_tokens_per_s        |     39.171 |
[0;36m(APIServer pid=214609)[0;0m INFO 09-25 05:28:44 [stats.py:811] | input_preprocess_time_ms    |      0.032 |
[0;36m(APIServer pid=214609)[0;0m INFO 09-25 05:28:44 [stats.py:811] | e2e_stage_0_wall_time_ms    | 22,777.783 |
[0;36m(APIServer pid=214609)[0;0m INFO 09-25 05:28:44 [stats.py:811] | e2e_stage_1_wall_time_ms    | 22,873.920 |
[0;36m(APIServer pid=214609)[0;0m INFO 09-25 05:28:44 [stats.py:811] +-----------------------------+------------+
[0;36m(APIServer pid=214609)[0;0m INFO 09-25 05:28:44 [stats.py:837] 
[0;36m(APIServer pid=214609)[0;0m INFO 09-25 05:28:44 [stats.py:837] [RequestE2EStats [request_id=speech-a60fe32aa2885fc4-84bb91af]]
[0;36m(APIServer pid=214609)[0;0m INFO 09-25 05:28:44 [stats.py:837] +------------------+------------+
[0;36m(APIServer pid=214609)[0;0m INFO 09-25 05:28:44 [stats.py:837] | Field            |      Value |
[0;36m(APIServer pid=214609)[0;0m INFO 09-25 05:28:44 [stats.py:837] +------------------+------------+
[0;36m(APIServer pid=214609)[0;0m INFO 09-25 05:28:44 [stats.py:837] | e2e_total_ms     | 22,874.109 |
[0;36m(APIServer pid=214609)[0;0m INFO 09-25 05:28:44 [stats.py:837] | e2e_total_tokens |        896 |
[0;36m(APIServer pid=214609)[0;0m INFO 09-25 05:28:44 [stats.py:837] +------------------+------------+
[0;36m(APIServer pid=214609)[0;0m INFO 09-25 05:28:44 [stats.py:878] [OmniTiming] req=speech-a60fe32aa2885fc4-84bb91af total=22.87s preprocess=0.00s engine=22.87s stages=[0:22.78s,1:22.87s] transfers=[0->1=0.00ms]
[0;36m(APIServer pid=214609)[0;0m INFO 09-25 05:28:44 [stats.py:920] 
[0;36m(APIServer pid=214609)[0;0m INFO 09-25 05:28:44 [stats.py:920] [StageRequestStats [request_id=speech-a60fe32aa2885fc4-84bb91af]]
[0;36m(APIServer pid=214609)[0;0m INFO 09-25 05:28:44 [stats.py:920] +---------------------------------+----------------+------------------+
[0;36m(APIServer pid=214609)[0;0m INFO 09-25 05:28:44 [stats.py:920] | Field                           |              0 |                1 |
[0;36m(APIServer pid=214609)[0;0m INFO 09-25 05:28:44 [stats.py:920] +---------------------------------+----------------+------------------+
[0;36m(APIServer pid=214609)[0;0m INFO 09-25 05:28:44 [stats.py:920] | audio_duration_s                |          0.000 |           42.800 |
[0;36m(APIServer pid=214609)[0;0m INFO 09-25 05:28:44 [stats.py:920] | audio_generated_frames          |              0 |        1,027,200 |
[0;36m(APIServer pid=214609)[0;0m INFO 09-25 05:28:44 [stats.py:920] | audio_sample_rate               |              0 |           24,000 |
[0;36m(APIServer pid=214609)[0;0m INFO 09-25 05:28:44 [stats.py:920] | batch_id                        |          2,547 |            2,628 |
[0;36m(APIServer pid=214609)[0;0m INFO 09-25 05:28:44 [stats.py:920] | batch_size                      |              1 |                1 |
[0;36m(APIServer pid=214609)[0;0m INFO 09-25 05:28:44 [stats.py:920] | inter_output_latencies_ms       |                |                  |
[0;36m(APIServer pid=214609)[0;0m INFO 09-25 05:28:44 [stats.py:920] | num_tokens_in                   |            360 |                0 |
[0;36m(APIServer pid=214609)[0;0m INFO 09-25 05:28:44 [stats.py:920] | num_tokens_out                  |            536 |                0 |
[0;36m(APIServer pid=214609)[0;0m INFO 09-25 05:28:44 [stats.py:920] | output_unit_count               |            536 |        1,027,200 |
[0;36m(APIServer pid=214609)[0;0m INFO 09-25 05:28:44 [stats.py:920] | output_unit_type                |         stream |            audio |
[0;36m(APIServer pid=214609)[0;0m INFO 09-25 05:28:44 [stats.py:920] | serving_time_to_first_output_ms |     22,777.018 |       22,873.486 |
[0;36m(APIServer pid=214609)[0;0m INFO 09-25 05:28:44 [stats.py:920] | stage_gen_time_ms               |     22,776.860 |       22,873.307 |
[0;36m(APIServer pid=214609)[0;0m INFO 09-25 05:28:44 [stats.py:920] | time_per_output_unit_ms         |          0.000 |            0.000 |
[0;36m(APIServer pid=214609)[0;0m INFO 09-25 05:28:44 [stats.py:920] | vllm_itl_ms                     |         42.359 |        1,024.288 |
[0;36m(APIServer pid=214609)[0;0m INFO 09-25 05:28:44 [stats.py:920] | vllm_itls_ms                    | 42.359 (n=535) | 1,024.288 (n=22) |
[0;36m(APIServer pid=214609)[0;0m INFO 09-25 05:28:44 [stats.py:920] | vllm_tpot_ms                    |         42.359 |            0.000 |
[0;36m(APIServer pid=214609)[0;0m INFO 09-25 05:28:44 [stats.py:920] | vllm_ttft_ms                    |        113.688 |          340.049 |
[0;36m(APIServer pid=214609)[0;0m INFO 09-25 05:28:44 [stats.py:920] +---------------------------------+----------------+------------------+
[0;36m(APIServer pid=214609)[0;0m INFO 09-25 05:28:44 [serving_speech.py:3646] [SpeechE2E] request_id=speech-a60fe32aa2885fc4 stream=false status=ok total_ms=22899.06 response_bytes=2054444
[0;36m(APIServer pid=214609)[0;0m INFO:     127.0.0.1:34974 - "POST /v1/audio/speech HTTP/1.1" 200 OK
[0;36m(APIServer pid=214609)[0;0m INFO 09-25 05:28:44 [serving_speech.py:3070] TTS speech request speech-b2d2f06f2e63651d: model=Base
[0;36m(APIServer pid=214609)[0;0m INFO 09-25 05:28:44 [serving_speech.py:3100] Applied extra_params: {'temperature': 0.9, 'top_k': 50}
[0;36m(APIServer pid=214609)[0;0m INFO 09-25 05:28:49 [stats.py:811] 
[0;36m(APIServer pid=214609)[0;0m INFO 09-25 05:28:49 [stats.py:811] [Overall Summary]
[0;36m(APIServer pid=214609)[0;0m INFO 09-25 05:28:49 [stats.py:811] +-----------------------------+------------+
[0;36m(APIServer pid=214609)[0;0m INFO 09-25 05:28:49 [stats.py:811] | Field                       |      Value |
[0;36m(APIServer pid=214609)[0;0m INFO 09-25 05:28:49 [stats.py:811] +-----------------------------+------------+
[0;36m(APIServer pid=214609)[0;0m INFO 09-25 05:28:49 [stats.py:811] | e2e_requests                |          1 |
[0;36m(APIServer pid=214609)[0;0m INFO 09-25 05:28:49 [stats.py:811] | e2e_wall_time_ms            | 16,318.489 |
[0;36m(APIServer pid=214609)[0;0m INFO 09-25 05:28:49 [stats.py:811] | e2e_total_tokens            |        741 |
[0;36m(APIServer pid=214609)[0;0m INFO 09-25 05:28:49 [stats.py:811] | e2e_avg_time_per_request_ms | 16,318.489 |
[0;36m(APIServer pid=214609)[0;0m INFO 09-25 05:28:49 [stats.py:811] | e2e_avg_tokens_per_s        |     45.409 |
[0;36m(APIServer pid=214609)[0;0m INFO 09-25 05:28:49 [stats.py:811] | input_preprocess_time_ms    |      0.085 |
[0;36m(APIServer pid=214609)[0;0m INFO 09-25 05:28:49 [stats.py:811] | e2e_stage_0_wall_time_ms    | 16,282.458 |
[0;36m(APIServer pid=214609)[0;0m INFO 09-25 05:28:49 [stats.py:811] | e2e_stage_1_wall_time_ms    | 16,318.044 |
[0;36m(APIServer pid=214609)[0;0m INFO 09-25 05:28:49 [stats.py:811] +-----------------------------+------------+
[0;36m(APIServer pid=214609)[0;0m INFO 09-25 05:28:49 [stats.py:837] 
[0;36m(APIServer pid=214609)[0;0m INFO 09-25 05:28:49 [stats.py:837] [RequestE2EStats [request_id=speech-82e088454c9b2223-bf8d3896]]
[0;36m(APIServer pid=214609)[0;0m INFO 09-25 05:28:49 [stats.py:837] +------------------+------------+
[0;36m(APIServer pid=214609)[0;0m INFO 09-25 05:28:49 [stats.py:837] | Field            |      Value |
[0;36m(APIServer pid=214609)[0;0m INFO 09-25 05:28:49 [stats.py:837] +------------------+------------+
[0;36m(APIServer pid=214609)[0;0m INFO 09-25 05:28:49 [stats.py:837] | e2e_total_ms     | 16,318.298 |
[0;36m(APIServer pid=214609)[0;0m INFO 09-25 05:28:49 [stats.py:837] | e2e_total_tokens |        741 |
[0;36m(APIServer pid=214609)[0;0m INFO 09-25 05:28:49 [stats.py:837] +------------------+------------+
[0;36m(APIServer pid=214609)[0;0m INFO 09-25 05:28:49 [stats.py:878] [OmniTiming] req=speech-82e088454c9b2223-bf8d3896 total=16.32s preprocess=0.00s engine=16.32s stages=[0:16.28s,1:16.32s] transfers=[0->1=0.00ms]
[0;36m(APIServer pid=214609)[0;0m INFO 09-25 05:28:49 [stats.py:920] 
[0;36m(APIServer pid=214609)[0;0m INFO 09-25 05:28:49 [stats.py:920] [StageRequestStats [request_id=speech-82e088454c9b2223-bf8d3896]]
[0;36m(APIServer pid=214609)[0;0m INFO 09-25 05:28:49 [stats.py:920] +---------------------------------+----------------+------------------+
[0;36m(APIServer pid=214609)[0;0m INFO 09-25 05:28:49 [stats.py:920] | Field                           |              0 |                1 |
[0;36m(APIServer pid=214609)[0;0m INFO 09-25 05:28:49 [stats.py:920] +---------------------------------+----------------+------------------+
[0;36m(APIServer pid=214609)[0;0m INFO 09-25 05:28:49 [stats.py:920] | audio_duration_s                |          0.000 |           30.400 |
[0;36m(APIServer pid=214609)[0;0m INFO 09-25 05:28:49 [stats.py:920] | audio_generated_frames          |              0 |          729,600 |
[0;36m(APIServer pid=214609)[0;0m INFO 09-25 05:28:49 [stats.py:920] | audio_sample_rate               |              0 |           24,000 |
[0;36m(APIServer pid=214609)[0;0m INFO 09-25 05:28:49 [stats.py:920] | batch_id                        |          2,548 |            2,629 |
[0;36m(APIServer pid=214609)[0;0m INFO 09-25 05:28:49 [stats.py:920] | batch_size                      |              1 |                1 |
[0;36m(APIServer pid=214609)[0;0m INFO 09-25 05:28:49 [stats.py:920] | inter_output_latencies_ms       |                |                  |
[0;36m(APIServer pid=214609)[0;0m INFO 09-25 05:28:49 [stats.py:920] | num_tokens_in                   |            360 |                0 |
[0;36m(APIServer pid=214609)[0;0m INFO 09-25 05:28:49 [stats.py:920] | num_tokens_out                  |            381 |                0 |
[0;36m(APIServer pid=214609)[0;0m INFO 09-25 05:28:49 [stats.py:920] | output_unit_count               |            381 |          729,600 |
[0;36m(APIServer pid=214609)[0;0m INFO 09-25 05:28:49 [stats.py:920] | output_unit_type                |         stream |            audio |
[0;36m(APIServer pid=214609)[0;0m INFO 09-25 05:28:49 [stats.py:920] | serving_time_to_first_output_ms |     16,282.211 |       16,318.138 |
[0;36m(APIServer pid=214609)[0;0m INFO 09-25 05:28:49 [stats.py:920] | stage_gen_time_ms               |     16,281.953 |       16,317.787 |
[0;36m(APIServer pid=214609)[0;0m INFO 09-25 05:28:49 [stats.py:920] | time_per_output_unit_ms         |          0.000 |            0.000 |
[0;36m(APIServer pid=214609)[0;0m INFO 09-25 05:28:49 [stats.py:920] | vllm_itl_ms                     |         42.417 |        1,001.868 |
[0;36m(APIServer pid=214609)[0;0m INFO 09-25 05:28:49 [stats.py:920] | vllm_itls_ms                    | 42.417 (n=380) | 1,001.868 (n=16) |
[0;36m(APIServer pid=214609)[0;0m INFO 09-25 05:28:49 [stats.py:920] | vllm_tpot_ms                    |         42.417 |            0.000 |
[0;36m(APIServer pid=214609)[0;0m INFO 09-25 05:28:49 [stats.py:920] | vllm_ttft_ms                    |        162.761 |          285.638 |
[0;36m(APIServer pid=214609)[0;0m INFO 09-25 05:28:49 [stats.py:920] +---------------------------------+----------------+------------------+
[0;36m(APIServer pid=214609)[0;0m INFO 09-25 05:28:49 [serving_speech.py:3646] [SpeechE2E] request_id=speech-82e088454c9b2223 stream=false status=ok total_ms=16330.87 response_bytes=1459244
[0;36m(APIServer pid=214609)[0;0m INFO:     127.0.0.1:35016 - "POST /v1/audio/speech HTTP/1.1" 200 OK
[0;36m(APIServer pid=214609)[0;0m INFO 09-25 05:28:52 [stats.py:811] 
[0;36m(APIServer pid=214609)[0;0m INFO 09-25 05:28:52 [stats.py:811] [Overall Summary]
[0;36m(APIServer pid=214609)[0;0m INFO 09-25 05:28:52 [stats.py:811] +-----------------------------+------------+
[0;36m(APIServer pid=214609)[0;0m INFO 09-25 05:28:52 [stats.py:811] | Field                       |      Value |
[0;36m(APIServer pid=214609)[0;0m INFO 09-25 05:28:52 [stats.py:811] +-----------------------------+------------+
[0;36m(APIServer pid=214609)[0;0m INFO 09-25 05:28:52 [stats.py:811] | e2e_requests                |          1 |
[0;36m(APIServer pid=214609)[0;0m INFO 09-25 05:28:52 [stats.py:811] | e2e_wall_time_ms            | 15,738.793 |
[0;36m(APIServer pid=214609)[0;0m INFO 09-25 05:28:52 [stats.py:811] | e2e_total_tokens            |        731 |
[0;36m(APIServer pid=214609)[0;0m INFO 09-25 05:28:52 [stats.py:811] | e2e_avg_time_per_request_ms | 15,738.793 |
[0;36m(APIServer pid=214609)[0;0m INFO 09-25 05:28:52 [stats.py:811] | e2e_avg_tokens_per_s        |     46.446 |
[0;36m(APIServer pid=214609)[0;0m INFO 09-25 05:28:52 [stats.py:811] | input_preprocess_time_ms    |      0.054 |
[0;36m(APIServer pid=214609)[0;0m INFO 09-25 05:28:52 [stats.py:811] | e2e_stage_0_wall_time_ms    | 15,694.986 |
[0;36m(APIServer pid=214609)[0;0m INFO 09-25 05:28:52 [stats.py:811] | e2e_stage_1_wall_time_ms    | 15,738.510 |
[0;36m(APIServer pid=214609)[0;0m INFO 09-25 05:28:52 [stats.py:811] +-----------------------------+------------+
[0;36m(APIServer pid=214609)[0;0m INFO 09-25 05:28:52 [stats.py:837] 
[0;36m(APIServer pid=214609)[0;0m INFO 09-25 05:28:52 [stats.py:837] [RequestE2EStats [request_id=speech-b3f2813435cd8d7f-8f38aa98]]
[0;36m(APIServer pid=214609)[0;0m INFO 09-25 05:28:52 [stats.py:837] +------------------+------------+
[0;36m(APIServer pid=214609)[0;0m INFO 09-25 05:28:52 [stats.py:837] | Field            |      Value |
[0;36m(APIServer pid=214609)[0;0m INFO 09-25 05:28:52 [stats.py:837] +------------------+------------+
[0;36m(APIServer pid=214609)[0;0m INFO 09-25 05:28:52 [stats.py:837] | e2e_total_ms     | 15,738.670 |
[0;36m(APIServer pid=214609)[0;0m INFO 09-25 05:28:52 [stats.py:837] | e2e_total_tokens |        731 |
[0;36m(APIServer pid=214609)[0;0m INFO 09-25 05:28:52 [stats.py:837] +------------------+------------+
[0;36m(APIServer pid=214609)[0;0m INFO 09-25 05:28:52 [stats.py:878] [OmniTiming] req=speech-b3f2813435cd8d7f-8f38aa98 total=15.74s preprocess=0.00s engine=15.74s stages=[0:15.69s,1:15.74s] transfers=[0->1=0.00ms]
[0;36m(APIServer pid=214609)[0;0m INFO 09-25 05:28:52 [stats.py:920] 
[0;36m(APIServer pid=214609)[0;0m INFO 09-25 05:28:52 [stats.py:920] [StageRequestStats [request_id=speech-b3f2813435cd8d7f-8f38aa98]]
[0;36m(APIServer pid=214609)[0;0m INFO 09-25 05:28:52 [stats.py:920] +---------------------------------+----------------+------------------+
[0;36m(APIServer pid=214609)[0;0m INFO 09-25 05:28:52 [stats.py:920] | Field                           |              0 |                1 |
[0;36m(APIServer pid=214609)[0;0m INFO 09-25 05:28:52 [stats.py:920] +---------------------------------+----------------+------------------+
[0;36m(APIServer pid=214609)[0;0m INFO 09-25 05:28:52 [stats.py:920] | audio_duration_s                |          0.000 |           29.600 |
[0;36m(APIServer pid=214609)[0;0m INFO 09-25 05:28:52 [stats.py:920] | audio_generated_frames          |              0 |          710,400 |
[0;36m(APIServer pid=214609)[0;0m INFO 09-25 05:28:52 [stats.py:920] | audio_sample_rate               |              0 |           24,000 |
[0;36m(APIServer pid=214609)[0;0m INFO 09-25 05:28:52 [stats.py:920] | batch_id                        |          2,549 |            2,630 |
[0;36m(APIServer pid=214609)[0;0m INFO 09-25 05:28:52 [stats.py:920] | batch_size                      |              1 |                1 |
[0;36m(APIServer pid=214609)[0;0m INFO 09-25 05:28:52 [stats.py:920] | inter_output_latencies_ms       |                |                  |
[0;36m(APIServer pid=214609)[0;0m INFO 09-25 05:28:52 [stats.py:920] | num_tokens_in                   |            360 |                0 |
[0;36m(APIServer pid=214609)[0;0m INFO 09-25 05:28:52 [stats.py:920] | num_tokens_out                  |            371 |                0 |
[0;36m(APIServer pid=214609)[0;0m INFO 09-25 05:28:52 [stats.py:920] | output_unit_count               |            371 |          710,400 |
[0;36m(APIServer pid=214609)[0;0m INFO 09-25 05:28:52 [stats.py:920] | output_unit_type                |         stream |            audio |
[0;36m(APIServer pid=214609)[0;0m INFO 09-25 05:28:52 [stats.py:920] | serving_time_to_first_output_ms |     15,694.971 |       15,738.091 |
[0;36m(APIServer pid=214609)[0;0m INFO 09-25 05:28:52 [stats.py:920] | stage_gen_time_ms               |     15,694.839 |       15,737.957 |
[0;36m(APIServer pid=214609)[0;0m INFO 09-25 05:28:52 [stats.py:920] | time_per_output_unit_ms         |          0.000 |            0.000 |
[0;36m(APIServer pid=214609)[0;0m INFO 09-25 05:28:52 [stats.py:920] | vllm_itl_ms                     |         42.090 |        1,029.923 |
[0;36m(APIServer pid=214609)[0;0m INFO 09-25 05:28:52 [stats.py:920] | vllm_itls_ms                    | 42.090 (n=370) | 1,029.923 (n=15) |
[0;36m(APIServer pid=214609)[0;0m INFO 09-25 05:28:52 [stats.py:920] | vllm_tpot_ms                    |         42.090 |            0.000 |
[0;36m(APIServer pid=214609)[0;0m INFO 09-25 05:28:52 [stats.py:920] | vllm_ttft_ms                    |        120.406 |          285.950 |
[0;36m(APIServer pid=214609)[0;0m INFO 09-25 05:28:52 [stats.py:920] +---------------------------------+----------------+------------------+
[0;36m(APIServer pid=214609)[0;0m INFO 09-25 05:28:52 [serving_speech.py:3646] [SpeechE2E] request_id=speech-b3f2813435cd8d7f stream=false status=ok total_ms=15748.71 response_bytes=1420844
[0;36m(APIServer pid=214609)[0;0m INFO:     127.0.0.1:34960 - "POST /v1/audio/speech HTTP/1.1" 200 OK
[0;36m(APIServer pid=214609)[0;0m INFO 09-25 05:28:54 [stats.py:811] 
[0;36m(APIServer pid=214609)[0;0m INFO 09-25 05:28:54 [stats.py:811] [Overall Summary]
[0;36m(APIServer pid=214609)[0;0m INFO 09-25 05:28:54 [stats.py:811] +-----------------------------+------------+
[0;36m(APIServer pid=214609)[0;0m INFO 09-25 05:28:54 [stats.py:811] | Field                       |      Value |
[0;36m(APIServer pid=214609)[0;0m INFO 09-25 05:28:54 [stats.py:811] +-----------------------------+------------+
[0;36m(APIServer pid=214609)[0;0m INFO 09-25 05:28:54 [stats.py:811] | e2e_requests                |          1 |
[0;36m(APIServer pid=214609)[0;0m INFO 09-25 05:28:54 [stats.py:811] | e2e_wall_time_ms            | 17,794.237 |
[0;36m(APIServer pid=214609)[0;0m INFO 09-25 05:28:54 [stats.py:811] | e2e_total_tokens            |        783 |
[0;36m(APIServer pid=214609)[0;0m INFO 09-25 05:28:54 [stats.py:811] | e2e_avg_time_per_request_ms | 17,794.237 |
[0;36m(APIServer pid=214609)[0;0m INFO 09-25 05:28:54 [stats.py:811] | e2e_avg_tokens_per_s        |     44.003 |
[0;36m(APIServer pid=214609)[0;0m INFO 09-25 05:28:54 [stats.py:811] | input_preprocess_time_ms    |      0.053 |
[0;36m(APIServer pid=214609)[0;0m INFO 09-25 05:28:54 [stats.py:811] | e2e_stage_0_wall_time_ms    | 17,754.408 |
[0;36m(APIServer pid=214609)[0;0m INFO 09-25 05:28:54 [stats.py:811] | e2e_stage_1_wall_time_ms    | 17,793.953 |
[0;36m(APIServer pid=214609)[0;0m INFO 09-25 05:28:54 [stats.py:811] +-----------------------------+------------+
[0;36m(APIServer pid=214609)[0;0m INFO 09-25 05:28:54 [stats.py:837] 
[0;36m(APIServer pid=214609)[0;0m INFO 09-25 05:28:54 [stats.py:837] [RequestE2EStats [request_id=speech-a18ffc1a86b37739-9bfa2559]]
[0;36m(APIServer pid=214609)[0;0m INFO 09-25 05:28:54 [stats.py:837] +------------------+------------+
[0;36m(APIServer pid=214609)[0;0m INFO 09-25 05:28:54 [stats.py:837] | Field            |      Value |
[0;36m(APIServer pid=214609)[0;0m INFO 09-25 05:28:54 [stats.py:837] +------------------+------------+
[0;36m(APIServer pid=214609)[0;0m INFO 09-25 05:28:54 [stats.py:837] | e2e_total_ms     | 17,794.114 |
[0;36m(APIServer pid=214609)[0;0m INFO 09-25 05:28:54 [stats.py:837] | e2e_total_tokens |        783 |
[0;36m(APIServer pid=214609)[0;0m INFO 09-25 05:28:54 [stats.py:837] +------------------+------------+
[0;36m(APIServer pid=214609)[0;0m INFO 09-25 05:28:54 [stats.py:878] [OmniTiming] req=speech-a18ffc1a86b37739-9bfa2559 total=17.79s preprocess=0.00s engine=17.79s stages=[0:17.75s,1:17.79s] transfers=[0->1=0.00ms]
[0;36m(APIServer pid=214609)[0;0m INFO 09-25 05:28:54 [stats.py:920] 
[0;36m(APIServer pid=214609)[0;0m INFO 09-25 05:28:54 [stats.py:920] [StageRequestStats [request_id=speech-a18ffc1a86b37739-9bfa2559]]
[0;36m(APIServer pid=214609)[0;0m INFO 09-25 05:28:54 [stats.py:920] +---------------------------------+----------------+------------------+
[0;36m(APIServer pid=214609)[0;0m INFO 09-25 05:28:54 [stats.py:920] | Field                           |              0 |                1 |
[0;36m(APIServer pid=214609)[0;0m INFO 09-25 05:28:54 [stats.py:920] +---------------------------------+----------------+------------------+
[0;36m(APIServer pid=214609)[0;0m INFO 09-25 05:28:54 [stats.py:920] | audio_duration_s                |          0.000 |           33.760 |
[0;36m(APIServer pid=214609)[0;0m INFO 09-25 05:28:54 [stats.py:920] | audio_generated_frames          |              0 |          810,240 |
[0;36m(APIServer pid=214609)[0;0m INFO 09-25 05:28:54 [stats.py:920] | audio_sample_rate               |              0 |           24,000 |
[0;36m(APIServer pid=214609)[0;0m INFO 09-25 05:28:54 [stats.py:920] | batch_id                        |          2,550 |            2,631 |
[0;36m(APIServer pid=214609)[0;0m INFO 09-25 05:28:54 [stats.py:920] | batch_size                      |              1 |                1 |
[0;36m(APIServer pid=214609)[0;0m INFO 09-25 05:28:54 [stats.py:920] | inter_output_latencies_ms       |                |                  |
[0;36m(APIServer pid=214609)[0;0m INFO 09-25 05:28:54 [stats.py:920] | num_tokens_in                   |            360 |                0 |
[0;36m(APIServer pid=214609)[0;0m INFO 09-25 05:28:54 [stats.py:920] | num_tokens_out                  |            423 |                0 |
[0;36m(APIServer pid=214609)[0;0m INFO 09-25 05:28:54 [stats.py:920] | output_unit_count               |            423 |          810,240 |
[0;36m(APIServer pid=214609)[0;0m INFO 09-25 05:28:54 [stats.py:920] | output_unit_type                |         stream |            audio |
[0;36m(APIServer pid=214609)[0;0m INFO 09-25 05:28:54 [stats.py:920] | serving_time_to_first_output_ms |     17,754.404 |       17,793.956 |
[0;36m(APIServer pid=214609)[0;0m INFO 09-25 05:28:54 [stats.py:920] | stage_gen_time_ms               |     17,754.267 |       17,793.764 |
[0;36m(APIServer pid=214609)[0;0m INFO 09-25 05:28:54 [stats.py:920] | time_per_output_unit_ms         |          0.000 |            0.000 |
[0;36m(APIServer pid=214609)[0;0m INFO 09-25 05:28:54 [stats.py:920] | vllm_itl_ms                     |         41.769 |        1,031.980 |
[0;36m(APIServer pid=214609)[0;0m INFO 09-25 05:28:54 [stats.py:920] | vllm_itls_ms                    | 41.769 (n=422) | 1,031.980 (n=17) |
[0;36m(APIServer pid=214609)[0;0m INFO 09-25 05:28:54 [stats.py:920] | vllm_tpot_ms                    |         41.769 |            0.000 |
[0;36m(APIServer pid=214609)[0;0m INFO 09-25 05:28:54 [stats.py:920] | vllm_ttft_ms                    |        126.662 |          248.593 |
[0;36m(APIServer pid=214609)[0;0m INFO 09-25 05:28:54 [stats.py:920] +---------------------------------+----------------+------------------+
[0;36m(APIServer pid=214609)[0;0m INFO 09-25 05:28:54 [serving_speech.py:3646] [SpeechE2E] request_id=speech-a18ffc1a86b37739 stream=false status=ok total_ms=17806.14 response_bytes=1620524
[0;36m(APIServer pid=214609)[0;0m INFO:     127.0.0.1:35018 - "POST /v1/audio/speech HTTP/1.1" 200 OK
[0;36m(APIServer pid=214609)[0;0m INFO 09-25 05:28:55 [stats.py:811] 
[0;36m(APIServer pid=214609)[0;0m INFO 09-25 05:28:55 [stats.py:811] [Overall Summary]
[0;36m(APIServer pid=214609)[0;0m INFO 09-25 05:28:55 [stats.py:811] +-----------------------------+------------+
[0;36m(APIServer pid=214609)[0;0m INFO 09-25 05:28:55 [stats.py:811] | Field                       |      Value |
[0;36m(APIServer pid=214609)[0;0m INFO 09-25 05:28:55 [stats.py:811] +-----------------------------+------------+
[0;36m(APIServer pid=214609)[0;0m INFO 09-25 05:28:55 [stats.py:811] | e2e_requests                |          1 |
[0;36m(APIServer pid=214609)[0;0m INFO 09-25 05:28:55 [stats.py:811] | e2e_wall_time_ms            | 17,143.584 |
[0;36m(APIServer pid=214609)[0;0m INFO 09-25 05:28:55 [stats.py:811] | e2e_total_tokens            |        768 |
[0;36m(APIServer pid=214609)[0;0m INFO 09-25 05:28:55 [stats.py:811] | e2e_avg_time_per_request_ms | 17,143.584 |
[0;36m(APIServer pid=214609)[0;0m INFO 09-25 05:28:55 [stats.py:811] | e2e_avg_tokens_per_s        |     44.798 |
[0;36m(APIServer pid=214609)[0;0m INFO 09-25 05:28:55 [stats.py:811] | input_preprocess_time_ms    |      0.053 |
[0;36m(APIServer pid=214609)[0;0m INFO 09-25 05:28:55 [stats.py:811] | e2e_stage_0_wall_time_ms    | 17,037.269 |
[0;36m(APIServer pid=214609)[0;0m INFO 09-25 05:28:55 [stats.py:811] | e2e_stage_1_wall_time_ms    | 17,143.284 |
[0;36m(APIServer pid=214609)[0;0m INFO 09-25 05:28:55 [stats.py:811] +-----------------------------+------------+
[0;36m(APIServer pid=214609)[0;0m INFO 09-25 05:28:55 [stats.py:837] 
[0;36m(APIServer pid=214609)[0;0m INFO 09-25 05:28:55 [stats.py:837] [RequestE2EStats [request_id=speech-a0a0f92f92266fed-a1865222]]
[0;36m(APIServer pid=214609)[0;0m INFO 09-25 05:28:55 [stats.py:837] +------------------+------------+
[0;36m(APIServer pid=214609)[0;0m INFO 09-25 05:28:55 [stats.py:837] | Field            |      Value |
[0;36m(APIServer pid=214609)[0;0m INFO 09-25 05:28:55 [stats.py:837] +------------------+------------+
[0;36m(APIServer pid=214609)[0;0m INFO 09-25 05:28:55 [stats.py:837] | e2e_total_ms     | 17,143.456 |
[0;36m(APIServer pid=214609)[0;0m INFO 09-25 05:28:55 [stats.py:837] | e2e_total_tokens |        768 |
[0;36m(APIServer pid=214609)[0;0m INFO 09-25 05:28:55 [stats.py:837] +------------------+------------+
[0;36m(APIServer pid=214609)[0;0m INFO 09-25 05:28:55 [stats.py:878] [OmniTiming] req=speech-a0a0f92f92266fed-a1865222 total=17.14s preprocess=0.00s engine=17.14s stages=[0:17.04s,1:17.14s] transfers=[0->1=0.00ms]
[0;36m(APIServer pid=214609)[0;0m INFO 09-25 05:28:55 [stats.py:920] 
[0;36m(APIServer pid=214609)[0;0m INFO 09-25 05:28:55 [stats.py:920] [StageRequestStats [request_id=speech-a0a0f92f92266fed-a1865222]]
[0;36m(APIServer pid=214609)[0;0m INFO 09-25 05:28:55 [stats.py:920] +---------------------------------+----------------+----------------+
[0;36m(APIServer pid=214609)[0;0m INFO 09-25 05:28:55 [stats.py:920] | Field                           |              0 |              1 |
[0;36m(APIServer pid=214609)[0;0m INFO 09-25 05:28:55 [stats.py:920] +---------------------------------+----------------+----------------+
[0;36m(APIServer pid=214609)[0;0m INFO 09-25 05:28:55 [stats.py:920] | audio_duration_s                |          0.000 |         32.560 |
[0;36m(APIServer pid=214609)[0;0m INFO 09-25 05:28:55 [stats.py:920] | audio_generated_frames          |              0 |        781,440 |
[0;36m(APIServer pid=214609)[0;0m INFO 09-25 05:28:55 [stats.py:920] | audio_sample_rate               |              0 |         24,000 |
[0;36m(APIServer pid=214609)[0;0m INFO 09-25 05:28:55 [stats.py:920] | batch_id                        |          2,551 |          2,632 |
[0;36m(APIServer pid=214609)[0;0m INFO 09-25 05:28:55 [stats.py:920] | batch_size                      |              1 |              1 |
[0;36m(APIServer pid=214609)[0;0m INFO 09-25 05:28:55 [stats.py:920] | inter_output_latencies_ms       |                |                |
[0;36m(APIServer pid=214609)[0;0m INFO 09-25 05:28:55 [stats.py:920] | num_tokens_in                   |            360 |              0 |
[0;36m(APIServer pid=214609)[0;0m INFO 09-25 05:28:55 [stats.py:920] | num_tokens_out                  |            408 |              0 |
[0;36m(APIServer pid=214609)[0;0m INFO 09-25 05:28:55 [stats.py:920] | output_unit_count               |            408 |        781,440 |
[0;36m(APIServer pid=214609)[0;0m INFO 09-25 05:28:55 [stats.py:920] | output_unit_type                |         stream |          audio |
[0;36m(APIServer pid=214609)[0;0m INFO 09-25 05:28:55 [stats.py:920] | serving_time_to_first_output_ms |     17,037.262 |     17,142.785 |
[0;36m(APIServer pid=214609)[0;0m INFO 09-25 05:28:55 [stats.py:920] | stage_gen_time_ms               |     17,037.110 |     17,142.570 |
[0;36m(APIServer pid=214609)[0;0m INFO 09-25 05:28:55 [stats.py:920] | time_per_output_unit_ms         |          0.000 |          0.000 |
[0;36m(APIServer pid=214609)[0;0m INFO 09-25 05:28:55 [stats.py:920] | vllm_itl_ms                     |         41.496 |        992.240 |
[0;36m(APIServer pid=214609)[0;0m INFO 09-25 05:28:55 [stats.py:920] | vllm_itls_ms                    | 41.496 (n=407) | 992.240 (n=17) |
[0;36m(APIServer pid=214609)[0;0m INFO 09-25 05:28:55 [stats.py:920] | vllm_tpot_ms                    |         41.496 |          0.000 |
[0;36m(APIServer pid=214609)[0;0m INFO 09-25 05:28:55 [stats.py:920] | vllm_ttft_ms                    |        147.229 |        274.090 |
[0;36m(APIServer pid=214609)[0;0m INFO 09-25 05:28:55 [stats.py:920] +---------------------------------+----------------+----------------+
[0;36m(APIServer pid=214609)[0;0m INFO 09-25 05:28:55 [serving_speech.py:3646] [SpeechE2E] request_id=speech-a0a0f92f92266fed stream=false status=ok total_ms=17153.80 response_bytes=1562924
[0;36m(APIServer pid=214609)[0;0m INFO:     127.0.0.1:34906 - "POST /v1/audio/speech HTTP/1.1" 200 OK
[0;36m(APIServer pid=214609)[0;0m INFO 09-25 05:28:55 [stats.py:811] 
[0;36m(APIServer pid=214609)[0;0m INFO 09-25 05:28:55 [stats.py:811] [Overall Summary]
[0;36m(APIServer pid=214609)[0;0m INFO 09-25 05:28:55 [stats.py:811] +-----------------------------+------------+
[0;36m(APIServer pid=214609)[0;0m INFO 09-25 05:28:55 [stats.py:811] | Field                       |      Value |
[0;36m(APIServer pid=214609)[0;0m INFO 09-25 05:28:55 [stats.py:811] +-----------------------------+------------+
[0;36m(APIServer pid=214609)[0;0m INFO 09-25 05:28:55 [stats.py:811] | e2e_requests                |          1 |
[0;36m(APIServer pid=214609)[0;0m INFO 09-25 05:28:55 [stats.py:811] | e2e_wall_time_ms            | 14,824.487 |
[0;36m(APIServer pid=214609)[0;0m INFO 09-25 05:28:55 [stats.py:811] | e2e_total_tokens            |        718 |
[0;36m(APIServer pid=214609)[0;0m INFO 09-25 05:28:55 [stats.py:811] | e2e_avg_time_per_request_ms | 14,824.487 |
[0;36m(APIServer pid=214609)[0;0m INFO 09-25 05:28:55 [stats.py:811] | e2e_avg_tokens_per_s        |     48.433 |
[0;36m(APIServer pid=214609)[0;0m INFO 09-25 05:28:55 [stats.py:811] | input_preprocess_time_ms    |      0.053 |
[0;36m(APIServer pid=214609)[0;0m INFO 09-25 05:28:55 [stats.py:811] | e2e_stage_0_wall_time_ms    | 14,784.862 |
[0;36m(APIServer pid=214609)[0;0m INFO 09-25 05:28:55 [stats.py:811] | e2e_stage_1_wall_time_ms    | 14,824.058 |
[0;36m(APIServer pid=214609)[0;0m INFO 09-25 05:28:55 [stats.py:811] +-----------------------------+------------+
[0;36m(APIServer pid=214609)[0;0m INFO 09-25 05:28:55 [stats.py:837] 
[0;36m(APIServer pid=214609)[0;0m INFO 09-25 05:28:55 [stats.py:837] [RequestE2EStats [request_id=speech-b2c655aa06c4af78-8104704f]]
[0;36m(APIServer pid=214609)[0;0m INFO 09-25 05:28:55 [stats.py:837] +------------------+------------+
[0;36m(APIServer pid=214609)[0;0m INFO 09-25 05:28:55 [stats.py:837] | Field            |      Value |
[0;36m(APIServer pid=214609)[0;0m INFO 09-25 05:28:55 [stats.py:837] +------------------+------------+
[0;36m(APIServer pid=214609)[0;0m INFO 09-25 05:28:55 [stats.py:837] | e2e_total_ms     | 14,824.364 |
[0;36m(APIServer pid=214609)[0;0m INFO 09-25 05:28:55 [stats.py:837] | e2e_total_tokens |        718 |
[0;36m(APIServer pid=214609)[0;0m INFO 09-25 05:28:55 [stats.py:837] +------------------+------------+
[0;36m(APIServer pid=214609)[0;0m INFO 09-25 05:28:55 [stats.py:878] [OmniTiming] req=speech-b2c655aa06c4af78-8104704f total=14.82s preprocess=0.00s engine=14.82s stages=[0:14.78s,1:14.82s] transfers=[0->1=0.00ms]
[0;36m(APIServer pid=214609)[0;0m INFO 09-25 05:28:55 [stats.py:920] 
[0;36m(APIServer pid=214609)[0;0m INFO 09-25 05:28:55 [stats.py:920] [StageRequestStats [request_id=speech-b2c655aa06c4af78-8104704f]]
[0;36m(APIServer pid=214609)[0;0m INFO 09-25 05:28:55 [stats.py:920] +---------------------------------+----------------+----------------+
[0;36m(APIServer pid=214609)[0;0m INFO 09-25 05:28:55 [stats.py:920] | Field                           |              0 |              1 |
[0;36m(APIServer pid=214609)[0;0m INFO 09-25 05:28:55 [stats.py:920] +---------------------------------+----------------+----------------+
[0;36m(APIServer pid=214609)[0;0m INFO 09-25 05:28:55 [stats.py:920] | audio_duration_s                |          0.000 |         28.560 |
[0;36m(APIServer pid=214609)[0;0m INFO 09-25 05:28:55 [stats.py:920] | audio_generated_frames          |              0 |        685,440 |
[0;36m(APIServer pid=214609)[0;0m INFO 09-25 05:28:55 [stats.py:920] | audio_sample_rate               |              0 |         24,000 |
[0;36m(APIServer pid=214609)[0;0m INFO 09-25 05:28:55 [stats.py:920] | batch_id                        |          2,552 |          2,633 |
[0;36m(APIServer pid=214609)[0;0m INFO 09-25 05:28:55 [stats.py:920] | batch_size                      |              1 |              1 |
[0;36m(APIServer pid=214609)[0;0m INFO 09-25 05:28:55 [stats.py:920] | inter_output_latencies_ms       |                |                |
[0;36m(APIServer pid=214609)[0;0m INFO 09-25 05:28:55 [stats.py:920] | num_tokens_in                   |            360 |              0 |
[0;36m(APIServer pid=214609)[0;0m INFO 09-25 05:28:55 [stats.py:920] | num_tokens_out                  |            358 |              0 |
[0;36m(APIServer pid=214609)[0;0m INFO 09-25 05:28:55 [stats.py:920] | output_unit_count               |            358 |        685,440 |
[0;36m(APIServer pid=214609)[0;0m INFO 09-25 05:28:55 [stats.py:920] | output_unit_type                |         stream |          audio |
[0;36m(APIServer pid=214609)[0;0m INFO 09-25 05:28:55 [stats.py:920] | serving_time_to_first_output_ms |     14,784.453 |     14,823.466 |
[0;36m(APIServer pid=214609)[0;0m INFO 09-25 05:28:55 [stats.py:920] | stage_gen_time_ms               |     14,784.218 |     14,823.120 |
[0;36m(APIServer pid=214609)[0;0m INFO 09-25 05:28:55 [stats.py:920] | time_per_output_unit_ms         |          0.000 |          0.000 |
[0;36m(APIServer pid=214609)[0;0m INFO 09-25 05:28:55 [stats.py:920] | vllm_itl_ms                     |         40.973 |        967.055 |
[0;36m(APIServer pid=214609)[0;0m INFO 09-25 05:28:55 [stats.py:920] | vllm_itls_ms                    | 40.973 (n=357) | 967.055 (n=15) |
[0;36m(APIServer pid=214609)[0;0m INFO 09-25 05:28:55 [stats.py:920] | vllm_tpot_ms                    |         40.973 |          0.000 |
[0;36m(APIServer pid=214609)[0;0m INFO 09-25 05:28:55 [stats.py:920] | vllm_ttft_ms                    |        155.986 |        314.277 |
[0;36m(APIServer pid=214609)[0;0m INFO 09-25 05:28:55 [stats.py:920] +---------------------------------+----------------+----------------+
[0;36m(APIServer pid=214609)[0;0m INFO 09-25 05:28:55 [serving_speech.py:3646] [SpeechE2E] request_id=speech-b2c655aa06c4af78 stream=false status=ok total_ms=14835.61 response_bytes=1370924
[0;36m(APIServer pid=214609)[0;0m INFO:     127.0.0.1:34918 - "POST /v1/audio/speech HTTP/1.1" 200 OK
[0;36m(APIServer pid=214609)[0;0m INFO 09-25 05:28:56 [stats.py:811] 
[0;36m(APIServer pid=214609)[0;0m INFO 09-25 05:28:56 [stats.py:811] [Overall Summary]
[0;36m(APIServer pid=214609)[0;0m INFO 09-25 05:28:56 [stats.py:811] +-----------------------------+------------+
[0;36m(APIServer pid=214609)[0;0m INFO 09-25 05:28:56 [stats.py:811] | Field                       |      Value |
[0;36m(APIServer pid=214609)[0;0m INFO 09-25 05:28:56 [stats.py:811] +-----------------------------+------------+
[0;36m(APIServer pid=214609)[0;0m INFO 09-25 05:28:56 [stats.py:811] | e2e_requests                |          1 |
[0;36m(APIServer pid=214609)[0;0m INFO 09-25 05:28:56 [stats.py:811] | e2e_wall_time_ms            | 16,880.836 |
[0;36m(APIServer pid=214609)[0;0m INFO 09-25 05:28:56 [stats.py:811] | e2e_total_tokens            |        766 |
[0;36m(APIServer pid=214609)[0;0m INFO 09-25 05:28:56 [stats.py:811] | e2e_avg_time_per_request_ms | 16,880.836 |
[0;36m(APIServer pid=214609)[0;0m INFO 09-25 05:28:56 [stats.py:811] | e2e_avg_tokens_per_s        |     45.377 |
[0;36m(APIServer pid=214609)[0;0m INFO 09-25 05:28:56 [stats.py:811] | input_preprocess_time_ms    |      0.054 |
[0;36m(APIServer pid=214609)[0;0m INFO 09-25 05:28:56 [stats.py:811] | e2e_stage_0_wall_time_ms    | 16,844.185 |
[0;36m(APIServer pid=214609)[0;0m INFO 09-25 05:28:56 [stats.py:811] | e2e_stage_1_wall_time_ms    | 16,880.562 |
[0;36m(APIServer pid=214609)[0;0m INFO 09-25 05:28:56 [stats.py:811] +-----------------------------+------------+
[0;36m(APIServer pid=214609)[0;0m INFO 09-25 05:28:56 [stats.py:837] 
[0;36m(APIServer pid=214609)[0;0m INFO 09-25 05:28:56 [stats.py:837] [RequestE2EStats [request_id=speech-a71b6c2b5dbe116d-8648a6d2]]
[0;36m(APIServer pid=214609)[0;0m INFO 09-25 05:28:56 [stats.py:837] +------------------+------------+
[0;36m(APIServer pid=214609)[0;0m INFO 09-25 05:28:56 [stats.py:837] | Field            |      Value |
[0;36m(APIServer pid=214609)[0;0m INFO 09-25 05:28:56 [stats.py:837] +------------------+------------+
[0;36m(APIServer pid=214609)[0;0m INFO 09-25 05:28:56 [stats.py:837] | e2e_total_ms     | 16,880.712 |
[0;36m(APIServer pid=214609)[0;0m INFO 09-25 05:28:56 [stats.py:837] | e2e_total_tokens |        766 |
[0;36m(APIServer pid=214609)[0;0m INFO 09-25 05:28:56 [stats.py:837] +------------------+------------+
[0;36m(APIServer pid=214609)[0;0m INFO 09-25 05:28:56 [stats.py:878] [OmniTiming] req=speech-a71b6c2b5dbe116d-8648a6d2 total=16.88s preprocess=0.00s engine=16.88s stages=[0:16.84s,1:16.88s] transfers=[0->1=0.00ms]
[0;36m(APIServer pid=214609)[0;0m INFO 09-25 05:28:56 [stats.py:920] 
[0;36m(APIServer pid=214609)[0;0m INFO 09-25 05:28:56 [stats.py:920] [StageRequestStats [request_id=speech-a71b6c2b5dbe116d-8648a6d2]]
[0;36m(APIServer pid=214609)[0;0m INFO 09-25 05:28:56 [stats.py:920] +---------------------------------+----------------+----------------+
[0;36m(APIServer pid=214609)[0;0m INFO 09-25 05:28:56 [stats.py:920] | Field                           |              0 |              1 |
[0;36m(APIServer pid=214609)[0;0m INFO 09-25 05:28:56 [stats.py:920] +---------------------------------+----------------+----------------+
[0;36m(APIServer pid=214609)[0;0m INFO 09-25 05:28:56 [stats.py:920] | audio_duration_s                |          0.000 |         32.400 |
[0;36m(APIServer pid=214609)[0;0m INFO 09-25 05:28:56 [stats.py:920] | audio_generated_frames          |              0 |        777,600 |
[0;36m(APIServer pid=214609)[0;0m INFO 09-25 05:28:56 [stats.py:920] | audio_sample_rate               |              0 |         24,000 |
[0;36m(APIServer pid=214609)[0;0m INFO 09-25 05:28:56 [stats.py:920] | batch_id                        |          2,553 |          2,634 |
[0;36m(APIServer pid=214609)[0;0m INFO 09-25 05:28:56 [stats.py:920] | batch_size                      |              1 |              1 |
[0;36m(APIServer pid=214609)[0;0m INFO 09-25 05:28:56 [stats.py:920] | inter_output_latencies_ms       |                |                |
[0;36m(APIServer pid=214609)[0;0m INFO 09-25 05:28:56 [stats.py:920] | num_tokens_in                   |            360 |              0 |
[0;36m(APIServer pid=214609)[0;0m INFO 09-25 05:28:56 [stats.py:920] | num_tokens_out                  |            406 |              0 |
[0;36m(APIServer pid=214609)[0;0m INFO 09-25 05:28:56 [stats.py:920] | output_unit_count               |            406 |        777,600 |
[0;36m(APIServer pid=214609)[0;0m INFO 09-25 05:28:56 [stats.py:920] | output_unit_type                |         stream |          audio |
[0;36m(APIServer pid=214609)[0;0m INFO 09-25 05:28:56 [stats.py:920] | serving_time_to_first_output_ms |     16,843.751 |     16,880.122 |
[0;36m(APIServer pid=214609)[0;0m INFO 09-25 05:28:56 [stats.py:920] | stage_gen_time_ms               |     16,843.635 |     16,879.960 |
[0;36m(APIServer pid=214609)[0;0m INFO 09-25 05:28:56 [stats.py:920] | time_per_output_unit_ms         |          0.000 |          0.000 |
[0;36m(APIServer pid=214609)[0;0m INFO 09-25 05:28:56 [stats.py:920] | vllm_itl_ms                     |         41.300 |        978.216 |
[0;36m(APIServer pid=214609)[0;0m INFO 09-25 05:28:56 [stats.py:920] | vllm_itls_ms                    | 41.300 (n=405) | 978.216 (n=17) |
[0;36m(APIServer pid=214609)[0;0m INFO 09-25 05:28:56 [stats.py:920] | vllm_tpot_ms                    |         41.300 |          0.000 |
[0;36m(APIServer pid=214609)[0;0m INFO 09-25 05:28:56 [stats.py:920] | vllm_ttft_ms                    |        117.228 |        250.650 |
[0;36m(APIServer pid=214609)[0;0m INFO 09-25 05:28:56 [stats.py:920] +---------------------------------+----------------+----------------+
[0;36m(APIServer pid=214609)[0;0m INFO 09-25 05:28:56 [serving_speech.py:3646] [SpeechE2E] request_id=speech-a71b6c2b5dbe116d stream=false status=ok total_ms=16890.81 response_bytes=1555244
[0;36m(APIServer pid=214609)[0;0m INFO:     127.0.0.1:34970 - "POST /v1/audio/speech HTTP/1.1" 200 OK
[0;36m(APIServer pid=214609)[0;0m INFO 09-25 05:28:56 [stats.py:811] 
[0;36m(APIServer pid=214609)[0;0m INFO 09-25 05:28:56 [stats.py:811] [Overall Summary]
[0;36m(APIServer pid=214609)[0;0m INFO 09-25 05:28:56 [stats.py:811] +-----------------------------+------------+
[0;36m(APIServer pid=214609)[0;0m INFO 09-25 05:28:56 [stats.py:811] | Field                       |      Value |
[0;36m(APIServer pid=214609)[0;0m INFO 09-25 05:28:56 [stats.py:811] +-----------------------------+------------+
[0;36m(APIServer pid=214609)[0;0m INFO 09-25 05:28:56 [stats.py:811] | e2e_requests                |          1 |
[0;36m(APIServer pid=214609)[0;0m INFO 09-25 05:28:56 [stats.py:811] | e2e_wall_time_ms            | 13,343.257 |
[0;36m(APIServer pid=214609)[0;0m INFO 09-25 05:28:56 [stats.py:811] | e2e_total_tokens            |        686 |
[0;36m(APIServer pid=214609)[0;0m INFO 09-25 05:28:56 [stats.py:811] | e2e_avg_time_per_request_ms | 13,343.257 |
[0;36m(APIServer pid=214609)[0;0m INFO 09-25 05:28:56 [stats.py:811] | e2e_avg_tokens_per_s        |     51.412 |
[0;36m(APIServer pid=214609)[0;0m INFO 09-25 05:28:56 [stats.py:811] | input_preprocess_time_ms    |      0.053 |
[0;36m(APIServer pid=214609)[0;0m INFO 09-25 05:28:56 [stats.py:811] | e2e_stage_0_wall_time_ms    | 13,302.460 |
[0;36m(APIServer pid=214609)[0;0m INFO 09-25 05:28:56 [stats.py:811] | e2e_stage_1_wall_time_ms    | 13,342.973 |
[0;36m(APIServer pid=214609)[0;0m INFO 09-25 05:28:56 [stats.py:811] +-----------------------------+------------+
[0;36m(APIServer pid=214609)[0;0m INFO 09-25 05:28:56 [stats.py:837] 
[0;36m(APIServer pid=214609)[0;0m INFO 09-25 05:28:56 [stats.py:837] [RequestE2EStats [request_id=speech-99a70ce65c248f8c-ade9da4c]]
[0;36m(APIServer pid=214609)[0;0m INFO 09-25 05:28:56 [stats.py:837] +------------------+------------+
[0;36m(APIServer pid=214609)[0;0m INFO 09-25 05:28:56 [stats.py:837] | Field            |      Value |
[0;36m(APIServer pid=214609)[0;0m INFO 09-25 05:28:56 [stats.py:837] +------------------+------------+
[0;36m(APIServer pid=214609)[0;0m INFO 09-25 05:28:56 [stats.py:837] | e2e_total_ms     | 13,343.134 |
[0;36m(APIServer pid=214609)[0;0m INFO 09-25 05:28:56 [stats.py:837] | e2e_total_tokens |        686 |
[0;36m(APIServer pid=214609)[0;0m INFO 09-25 05:28:56 [stats.py:837] +------------------+------------+
[0;36m(APIServer pid=214609)[0;0m INFO 09-25 05:28:56 [stats.py:878] [OmniTiming] req=speech-99a70ce65c248f8c-ade9da4c total=13.34s preprocess=0.00s engine=13.34s stages=[0:13.30s,1:13.34s] transfers=[0->1=0.00ms]
[0;36m(APIServer pid=214609)[0;0m INFO 09-25 05:28:56 [stats.py:920] 
[0;36m(APIServer pid=214609)[0;0m INFO 09-25 05:28:56 [stats.py:920] [StageRequestStats [request_id=speech-99a70ce65c248f8c-ade9da4c]]
[0;36m(APIServer pid=214609)[0;0m INFO 09-25 05:28:56 [stats.py:920] +---------------------------------+----------------+------------------+
[0;36m(APIServer pid=214609)[0;0m INFO 09-25 05:28:56 [stats.py:920] | Field                           |              0 |                1 |
[0;36m(APIServer pid=214609)[0;0m INFO 09-25 05:28:56 [stats.py:920] +---------------------------------+----------------+------------------+
[0;36m(APIServer pid=214609)[0;0m INFO 09-25 05:28:56 [stats.py:920] | audio_duration_s                |          0.000 |           26.000 |
[0;36m(APIServer pid=214609)[0;0m INFO 09-25 05:28:56 [stats.py:920] | audio_generated_frames          |              0 |          624,000 |
[0;36m(APIServer pid=214609)[0;0m INFO 09-25 05:28:56 [stats.py:920] | audio_sample_rate               |              0 |           24,000 |
[0;36m(APIServer pid=214609)[0;0m INFO 09-25 05:28:56 [stats.py:920] | batch_id                        |          2,554 |            2,635 |
[0;36m(APIServer pid=214609)[0;0m INFO 09-25 05:28:56 [stats.py:920] | batch_size                      |              1 |                1 |
[0;36m(APIServer pid=214609)[0;0m INFO 09-25 05:28:56 [stats.py:920] | inter_output_latencies_ms       |                |                  |
[0;36m(APIServer pid=214609)[0;0m INFO 09-25 05:28:56 [stats.py:920] | num_tokens_in                   |            360 |                0 |
[0;36m(APIServer pid=214609)[0;0m INFO 09-25 05:28:56 [stats.py:920] | num_tokens_out                  |            326 |                0 |
[0;36m(APIServer pid=214609)[0;0m INFO 09-25 05:28:56 [stats.py:920] | output_unit_count               |            326 |          624,000 |
[0;36m(APIServer pid=214609)[0;0m INFO 09-25 05:28:56 [stats.py:920] | output_unit_type                |         stream |            audio |
[0;36m(APIServer pid=214609)[0;0m INFO 09-25 05:28:56 [stats.py:920] | serving_time_to_first_output_ms |     13,301.974 |       13,342.066 |
[0;36m(APIServer pid=214609)[0;0m INFO 09-25 05:28:56 [stats.py:920] | stage_gen_time_ms               |     13,301.868 |       13,341.935 |
[0;36m(APIServer pid=214609)[0;0m INFO 09-25 05:28:56 [stats.py:920] | time_per_output_unit_ms         |          0.000 |            0.000 |
[0;36m(APIServer pid=214609)[0;0m INFO 09-25 05:28:56 [stats.py:920] | vllm_itl_ms                     |         40.581 |        1,007.426 |
[0;36m(APIServer pid=214609)[0;0m INFO 09-25 05:28:56 [stats.py:920] | vllm_itls_ms                    | 40.581 (n=325) | 1,007.426 (n=13) |
[0;36m(APIServer pid=214609)[0;0m INFO 09-25 05:28:56 [stats.py:920] | vllm_tpot_ms                    |         40.581 |            0.000 |
[0;36m(APIServer pid=214609)[0;0m INFO 09-25 05:28:56 [stats.py:920] | vllm_ttft_ms                    |        112.992 |          245.590 |
[0;36m(APIServer pid=214609)[0;0m INFO 09-25 05:28:56 [stats.py:920] +---------------------------------+----------------+------------------+
[0;36m(APIServer pid=214609)[0;0m INFO 09-25 05:28:56 [serving_speech.py:3646] [SpeechE2E] request_id=speech-99a70ce65c248f8c stream=false status=ok total_ms=13352.98 response_bytes=1248044
[0;36m(APIServer pid=214609)[0;0m INFO:     127.0.0.1:34934 - "POST /v1/audio/speech HTTP/1.1" 200 OK
[0;36m(APIServer pid=214609)[0;0m INFO 09-25 05:28:56 [stats.py:811] 
[0;36m(APIServer pid=214609)[0;0m INFO 09-25 05:28:56 [stats.py:811] [Overall Summary]
[0;36m(APIServer pid=214609)[0;0m INFO 09-25 05:28:56 [stats.py:811] +-----------------------------+------------+
[0;36m(APIServer pid=214609)[0;0m INFO 09-25 05:28:56 [stats.py:811] | Field                       |      Value |
[0;36m(APIServer pid=214609)[0;0m INFO 09-25 05:28:56 [stats.py:811] +-----------------------------+------------+
[0;36m(APIServer pid=214609)[0;0m INFO 09-25 05:28:56 [stats.py:811] | e2e_requests                |          1 |
[0;36m(APIServer pid=214609)[0;0m INFO 09-25 05:28:56 [stats.py:811] | e2e_wall_time_ms            | 18,196.188 |
[0;36m(APIServer pid=214609)[0;0m INFO 09-25 05:28:56 [stats.py:811] | e2e_total_tokens            |        797 |
[0;36m(APIServer pid=214609)[0;0m INFO 09-25 05:28:56 [stats.py:811] | e2e_avg_time_per_request_ms | 18,196.188 |
[0;36m(APIServer pid=214609)[0;0m INFO 09-25 05:28:56 [stats.py:811] | e2e_avg_tokens_per_s        |     43.800 |
[0;36m(APIServer pid=214609)[0;0m INFO 09-25 05:28:56 [stats.py:811] | input_preprocess_time_ms    |      0.053 |
[0;36m(APIServer pid=214609)[0;0m INFO 09-25 05:28:56 [stats.py:811] | e2e_stage_0_wall_time_ms    | 18,155.978 |
[0;36m(APIServer pid=214609)[0;0m INFO 09-25 05:28:56 [stats.py:811] | e2e_stage_1_wall_time_ms    | 18,195.885 |
[0;36m(APIServer pid=214609)[0;0m INFO 09-25 05:28:56 [stats.py:811] +-----------------------------+------------+
[0;36m(APIServer pid=214609)[0;0m INFO 09-25 05:28:56 [stats.py:837] 
[0;36m(APIServer pid=214609)[0;0m INFO 09-25 05:28:56 [stats.py:837] [RequestE2EStats [request_id=speech-a604db3857c86604-aabf1e24]]
[0;36m(APIServer pid=214609)[0;0m INFO 09-25 05:28:56 [stats.py:837] +------------------+------------+
[0;36m(APIServer pid=214609)[0;0m INFO 09-25 05:28:56 [stats.py:837] | Field            |      Value |
[0;36m(APIServer pid=214609)[0;0m INFO 09-25 05:28:56 [stats.py:837] +------------------+------------+
[0;36m(APIServer pid=214609)[0;0m INFO 09-25 05:28:56 [stats.py:837] | e2e_total_ms     | 18,196.020 |
[0;36m(APIServer pid=214609)[0;0m INFO 09-25 05:28:56 [stats.py:837] | e2e_total_tokens |        797 |
[0;36m(APIServer pid=214609)[0;0m INFO 09-25 05:28:56 [stats.py:837] +------------------+------------+
[0;36m(APIServer pid=214609)[0;0m INFO 09-25 05:28:56 [stats.py:878] [OmniTiming] req=speech-a604db3857c86604-aabf1e24 total=18.20s preprocess=0.00s engine=18.20s stages=[0:18.16s,1:18.19s] transfers=[0->1=0.00ms]
[0;36m(APIServer pid=214609)[0;0m INFO 09-25 05:28:56 [stats.py:920] 
[0;36m(APIServer pid=214609)[0;0m INFO 09-25 05:28:56 [stats.py:920] [StageRequestStats [request_id=speech-a604db3857c86604-aabf1e24]]
[0;36m(APIServer pid=214609)[0;0m INFO 09-25 05:28:56 [stats.py:920] +---------------------------------+----------------+----------------+
[0;36m(APIServer pid=214609)[0;0m INFO 09-25 05:28:56 [stats.py:920] | Field                           |              0 |              1 |
[0;36m(APIServer pid=214609)[0;0m INFO 09-25 05:28:56 [stats.py:920] +---------------------------------+----------------+----------------+
[0;36m(APIServer pid=214609)[0;0m INFO 09-25 05:28:56 [stats.py:920] | audio_duration_s                |          0.000 |         34.880 |
[0;36m(APIServer pid=214609)[0;0m INFO 09-25 05:28:56 [stats.py:920] | audio_generated_frames          |              0 |        837,120 |
[0;36m(APIServer pid=214609)[0;0m INFO 09-25 05:28:56 [stats.py:920] | audio_sample_rate               |              0 |         24,000 |
[0;36m(APIServer pid=214609)[0;0m INFO 09-25 05:28:56 [stats.py:920] | batch_id                        |          2,555 |          2,636 |
[0;36m(APIServer pid=214609)[0;0m INFO 09-25 05:28:56 [stats.py:920] | batch_size                      |              1 |              1 |
[0;36m(APIServer pid=214609)[0;0m INFO 09-25 05:28:56 [stats.py:920] | inter_output_latencies_ms       |                |                |
[0;36m(APIServer pid=214609)[0;0m INFO 09-25 05:28:56 [stats.py:920] | num_tokens_in                   |            360 |              0 |
[0;36m(APIServer pid=214609)[0;0m INFO 09-25 05:28:56 [stats.py:920] | num_tokens_out                  |            437 |              0 |
[0;36m(APIServer pid=214609)[0;0m INFO 09-25 05:28:56 [stats.py:920] | output_unit_count               |            437 |        837,120 |
[0;36m(APIServer pid=214609)[0;0m INFO 09-25 05:28:56 [stats.py:920] | output_unit_type                |         stream |          audio |
[0;36m(APIServer pid=214609)[0;0m INFO 09-25 05:28:56 [stats.py:920] | serving_time_to_first_output_ms |     18,156.007 |     18,194.996 |
[0;36m(APIServer pid=214609)[0;0m INFO 09-25 05:28:56 [stats.py:920] | stage_gen_time_ms               |     18,155.848 |     18,194.999 |
[0;36m(APIServer pid=214609)[0;0m INFO 09-25 05:28:56 [stats.py:920] | time_per_output_unit_ms         |          0.000 |          0.000 |
[0;36m(APIServer pid=214609)[0;0m INFO 09-25 05:28:56 [stats.py:920] | vllm_itl_ms                     |         41.287 |        996.334 |
[0;36m(APIServer pid=214609)[0;0m INFO 09-25 05:28:56 [stats.py:920] | vllm_itls_ms                    | 41.287 (n=436) | 996.334 (n=18) |
[0;36m(APIServer pid=214609)[0;0m INFO 09-25 05:28:56 [stats.py:920] | vllm_tpot_ms                    |         41.287 |          0.000 |
[0;36m(APIServer pid=214609)[0;0m INFO 09-25 05:28:56 [stats.py:920] | vllm_ttft_ms                    |        155.834 |        257.683 |
[0;36m(APIServer pid=214609)[0;0m INFO 09-25 05:28:56 [stats.py:920] +---------------------------------+----------------+----------------+
[0;36m(APIServer pid=214609)[0;0m INFO 09-25 05:28:56 [serving_speech.py:3646] [SpeechE2E] request_id=speech-a604db3857c86604 stream=false status=ok total_ms=18206.36 response_bytes=1674284
[0;36m(APIServer pid=214609)[0;0m INFO:     127.0.0.1:35042 - "POST /v1/audio/speech HTTP/1.1" 200 OK
[0;36m(APIServer pid=214609)[0;0m INFO 09-25 05:28:58 [stats.py:811] 
[0;36m(APIServer pid=214609)[0;0m INFO 09-25 05:28:58 [stats.py:811] [Overall Summary]
[0;36m(APIServer pid=214609)[0;0m INFO 09-25 05:28:58 [stats.py:811] +-----------------------------+------------+
[0;36m(APIServer pid=214609)[0;0m INFO 09-25 05:28:58 [stats.py:811] | Field                       |      Value |
[0;36m(APIServer pid=214609)[0;0m INFO 09-25 05:28:58 [stats.py:811] +-----------------------------+------------+
[0;36m(APIServer pid=214609)[0;0m INFO 09-25 05:28:58 [stats.py:811] | e2e_requests                |          1 |
[0;36m(APIServer pid=214609)[0;0m INFO 09-25 05:28:58 [stats.py:811] | e2e_wall_time_ms            | 15,351.549 |
[0;36m(APIServer pid=214609)[0;0m INFO 09-25 05:28:58 [stats.py:811] | e2e_total_tokens            |        755 |
[0;36m(APIServer pid=214609)[0;0m INFO 09-25 05:28:58 [stats.py:811] | e2e_avg_time_per_request_ms | 15,351.549 |
[0;36m(APIServer pid=214609)[0;0m INFO 09-25 05:28:58 [stats.py:811] | e2e_avg_tokens_per_s        |     49.181 |
[0;36m(APIServer pid=214609)[0;0m INFO 09-25 05:28:58 [stats.py:811] | input_preprocess_time_ms    |      0.053 |
[0;36m(APIServer pid=214609)[0;0m INFO 09-25 05:28:58 [stats.py:811] | e2e_stage_0_wall_time_ms    | 15,312.560 |
[0;36m(APIServer pid=214609)[0;0m INFO 09-25 05:28:58 [stats.py:811] | e2e_stage_1_wall_time_ms    | 15,351.198 |
[0;36m(APIServer pid=214609)[0;0m INFO 09-25 05:28:58 [stats.py:811] +-----------------------------+------------+
[0;36m(APIServer pid=214609)[0;0m INFO 09-25 05:28:58 [stats.py:837] 
[0;36m(APIServer pid=214609)[0;0m INFO 09-25 05:28:58 [stats.py:837] [RequestE2EStats [request_id=speech-ab803eea324d7aee-808fd757]]
[0;36m(APIServer pid=214609)[0;0m INFO 09-25 05:28:58 [stats.py:837] +------------------+------------+
[0;36m(APIServer pid=214609)[0;0m INFO 09-25 05:28:58 [stats.py:837] | Field            |      Value |
[0;36m(APIServer pid=214609)[0;0m INFO 09-25 05:28:58 [stats.py:837] +------------------+------------+
[0;36m(APIServer pid=214609)[0;0m INFO 09-25 05:28:58 [stats.py:837] | e2e_total_ms     | 15,351.316 |
[0;36m(APIServer pid=214609)[0;0m INFO 09-25 05:28:58 [stats.py:837] | e2e_total_tokens |        755 |
[0;36m(APIServer pid=214609)[0;0m INFO 09-25 05:28:58 [stats.py:837] +------------------+------------+
[0;36m(APIServer pid=214609)[0;0m INFO 09-25 05:28:58 [stats.py:878] [OmniTiming] req=speech-ab803eea324d7aee-808fd757 total=15.35s preprocess=0.00s engine=15.35s stages=[0:15.31s,1:15.35s] transfers=[0->1=0.00ms]
[0;36m(APIServer pid=214609)[0;0m INFO 09-25 05:28:58 [stats.py:920] 
[0;36m(APIServer pid=214609)[0;0m INFO 09-25 05:28:58 [stats.py:920] [StageRequestStats [request_id=speech-ab803eea324d7aee-808fd757]]
[0;36m(APIServer pid=214609)[0;0m INFO 09-25 05:28:58 [stats.py:920] +---------------------------------+----------------+----------------+
[0;36m(APIServer pid=214609)[0;0m INFO 09-25 05:28:58 [stats.py:920] | Field                           |              0 |              1 |
[0;36m(APIServer pid=214609)[0;0m INFO 09-25 05:28:58 [stats.py:920] +---------------------------------+----------------+----------------+
[0;36m(APIServer pid=214609)[0;0m INFO 09-25 05:28:58 [stats.py:920] | audio_duration_s                |          0.000 |         31.520 |
[0;36m(APIServer pid=214609)[0;0m INFO 09-25 05:28:58 [stats.py:920] | audio_generated_frames          |              0 |        756,480 |
[0;36m(APIServer pid=214609)[0;0m INFO 09-25 05:28:58 [stats.py:920] | audio_sample_rate               |              0 |         24,000 |
[0;36m(APIServer pid=214609)[0;0m INFO 09-25 05:28:58 [stats.py:920] | batch_id                        |          2,556 |          2,637 |
[0;36m(APIServer pid=214609)[0;0m INFO 09-25 05:28:58 [stats.py:920] | batch_size                      |              1 |              1 |
[0;36m(APIServer pid=214609)[0;0m INFO 09-25 05:28:58 [stats.py:920] | inter_output_latencies_ms       |                |                |
[0;36m(APIServer pid=214609)[0;0m INFO 09-25 05:28:58 [stats.py:920] | num_tokens_in                   |            360 |              0 |
[0;36m(APIServer pid=214609)[0;0m INFO 09-25 05:28:58 [stats.py:920] | num_tokens_out                  |            395 |              0 |
[0;36m(APIServer pid=214609)[0;0m INFO 09-25 05:28:58 [stats.py:920] | output_unit_count               |            395 |        756,480 |
[0;36m(APIServer pid=214609)[0;0m INFO 09-25 05:28:58 [stats.py:920] | output_unit_type                |         stream |          audio |
[0;36m(APIServer pid=214609)[0;0m INFO 09-25 05:28:58 [stats.py:920] | serving_time_to_first_output_ms |     15,312.118 |     15,350.945 |
[0;36m(APIServer pid=214609)[0;0m INFO 09-25 05:28:58 [stats.py:920] | stage_gen_time_ms               |     15,311.895 |     15,350.692 |
[0;36m(APIServer pid=214609)[0;0m INFO 09-25 05:28:58 [stats.py:920] | time_per_output_unit_ms         |          0.000 |          0.000 |
[0;36m(APIServer pid=214609)[0;0m INFO 09-25 05:28:58 [stats.py:920] | vllm_itl_ms                     |         38.513 |        939.180 |
[0;36m(APIServer pid=214609)[0;0m INFO 09-25 05:28:58 [stats.py:920] | vllm_itls_ms                    | 38.513 (n=394) | 939.180 (n=16) |
[0;36m(APIServer pid=214609)[0;0m INFO 09-25 05:28:58 [stats.py:920] | vllm_tpot_ms                    |         38.513 |          0.000 |
[0;36m(APIServer pid=214609)[0;0m INFO 09-25 05:28:58 [stats.py:920] | vllm_ttft_ms                    |        137.778 |        323.434 |
[0;36m(APIServer pid=214609)[0;0m INFO 09-25 05:28:58 [stats.py:920] +---------------------------------+----------------+----------------+
[0;36m(APIServer pid=214609)[0;0m INFO 09-25 05:28:58 [serving_speech.py:3646] [SpeechE2E] request_id=speech-ab803eea324d7aee stream=false status=ok total_ms=15362.73 response_bytes=1513004
[0;36m(APIServer pid=214609)[0;0m INFO:     127.0.0.1:35052 - "POST /v1/audio/speech HTTP/1.1" 200 OK
[0;36m(APIServer pid=214609)[0;0m INFO 09-25 05:28:58 [stats.py:811] 
[0;36m(APIServer pid=214609)[0;0m INFO 09-25 05:28:58 [stats.py:811] [Overall Summary]
[0;36m(APIServer pid=214609)[0;0m INFO 09-25 05:28:58 [stats.py:811] +-----------------------------+------------+
[0;36m(APIServer pid=214609)[0;0m INFO 09-25 05:28:58 [stats.py:811] | Field                       |      Value |
[0;36m(APIServer pid=214609)[0;0m INFO 09-25 05:28:58 [stats.py:811] +-----------------------------+------------+
[0;36m(APIServer pid=214609)[0;0m INFO 09-25 05:28:58 [stats.py:811] | e2e_requests                |          1 |
[0;36m(APIServer pid=214609)[0;0m INFO 09-25 05:28:58 [stats.py:811] | e2e_wall_time_ms            | 17,917.875 |
[0;36m(APIServer pid=214609)[0;0m INFO 09-25 05:28:58 [stats.py:811] | e2e_total_tokens            |        814 |
[0;36m(APIServer pid=214609)[0;0m INFO 09-25 05:28:58 [stats.py:811] | e2e_avg_time_per_request_ms | 17,917.875 |
[0;36m(APIServer pid=214609)[0;0m INFO 09-25 05:28:58 [stats.py:811] | e2e_avg_tokens_per_s        |     45.429 |
[0;36m(APIServer pid=214609)[0;0m INFO 09-25 05:28:58 [stats.py:811] | input_preprocess_time_ms    |      0.057 |
[0;36m(APIServer pid=214609)[0;0m INFO 09-25 05:28:58 [stats.py:811] | e2e_stage_0_wall_time_ms    | 17,879.976 |
[0;36m(APIServer pid=214609)[0;0m INFO 09-25 05:28:58 [stats.py:811] | e2e_stage_1_wall_time_ms    | 17,917.456 |
[0;36m(APIServer pid=214609)[0;0m INFO 09-25 05:28:58 [stats.py:811] +-----------------------------+------------+
[0;36m(APIServer pid=214609)[0;0m INFO 09-25 05:28:58 [stats.py:837] 
[0;36m(APIServer pid=214609)[0;0m INFO 09-25 05:28:58 [stats.py:837] [RequestE2EStats [request_id=speech-b2a52a8c582105aa-a9f7eb44]]
[0;36m(APIServer pid=214609)[0;0m INFO 09-25 05:28:58 [stats.py:837] +------------------+------------+
[0;36m(APIServer pid=214609)[0;0m INFO 09-25 05:28:58 [stats.py:837] | Field            |      Value |
[0;36m(APIServer pid=214609)[0;0m INFO 09-25 05:28:58 [stats.py:837] +------------------+------------+
[0;36m(APIServer pid=214609)[0;0m INFO 09-25 05:28:58 [stats.py:837] | e2e_total_ms     | 17,917.670 |
[0;36m(APIServer pid=214609)[0;0m INFO 09-25 05:28:58 [stats.py:837] | e2e_total_tokens |        814 |
[0;36m(APIServer pid=214609)[0;0m INFO 09-25 05:28:58 [stats.py:837] +------------------+------------+
[0;36m(APIServer pid=214609)[0;0m INFO 09-25 05:28:58 [stats.py:878] [OmniTiming] req=speech-b2a52a8c582105aa-a9f7eb44 total=17.92s preprocess=0.00s engine=17.92s stages=[0:17.88s,1:17.92s] transfers=[0->1=0.00ms]
[0;36m(APIServer pid=214609)[0;0m INFO 09-25 05:28:58 [stats.py:920] 
[0;36m(APIServer pid=214609)[0;0m INFO 09-25 05:28:58 [stats.py:920] [StageRequestStats [request_id=speech-b2a52a8c582105aa-a9f7eb44]]
[0;36m(APIServer pid=214609)[0;0m INFO 09-25 05:28:58 [stats.py:920] +---------------------------------+----------------+----------------+
[0;36m(APIServer pid=214609)[0;0m INFO 09-25 05:28:58 [stats.py:920] | Field                           |              0 |              1 |
[0;36m(APIServer pid=214609)[0;0m INFO 09-25 05:28:58 [stats.py:920] +---------------------------------+----------------+----------------+
[0;36m(APIServer pid=214609)[0;0m INFO 09-25 05:28:58 [stats.py:920] | audio_duration_s                |          0.000 |         36.240 |
[0;36m(APIServer pid=214609)[0;0m INFO 09-25 05:28:58 [stats.py:920] | audio_generated_frames          |              0 |        869,760 |
[0;36m(APIServer pid=214609)[0;0m INFO 09-25 05:28:58 [stats.py:920] | audio_sample_rate               |              0 |         24,000 |
[0;36m(APIServer pid=214609)[0;0m INFO 09-25 05:28:58 [stats.py:920] | batch_id                        |          2,557 |          2,638 |
[0;36m(APIServer pid=214609)[0;0m INFO 09-25 05:28:58 [stats.py:920] | batch_size                      |              1 |              1 |
[0;36m(APIServer pid=214609)[0;0m INFO 09-25 05:28:58 [stats.py:920] | inter_output_latencies_ms       |                |                |
[0;36m(APIServer pid=214609)[0;0m INFO 09-25 05:28:58 [stats.py:920] | num_tokens_in                   |            360 |              0 |
[0;36m(APIServer pid=214609)[0;0m INFO 09-25 05:28:58 [stats.py:920] | num_tokens_out                  |            454 |              0 |
[0;36m(APIServer pid=214609)[0;0m INFO 09-25 05:28:58 [stats.py:920] | output_unit_count               |            454 |        869,760 |
[0;36m(APIServer pid=214609)[0;0m INFO 09-25 05:28:58 [stats.py:920] | output_unit_type                |         stream |          audio |
[0;36m(APIServer pid=214609)[0;0m INFO 09-25 05:28:58 [stats.py:920] | serving_time_to_first_output_ms |     17,880.060 |     17,916.837 |
[0;36m(APIServer pid=214609)[0;0m INFO 09-25 05:28:58 [stats.py:920] | stage_gen_time_ms               |     17,879.833 |     17,916.502 |
[0;36m(APIServer pid=214609)[0;0m INFO 09-25 05:28:58 [stats.py:920] | time_per_output_unit_ms         |          0.000 |          0.000 |
[0;36m(APIServer pid=214609)[0;0m INFO 09-25 05:28:58 [stats.py:920] | vllm_itl_ms                     |         39.139 |        922.713 |
[0;36m(APIServer pid=214609)[0;0m INFO 09-25 05:28:58 [stats.py:920] | vllm_itls_ms                    | 39.139 (n=453) | 922.713 (n=19) |
[0;36m(APIServer pid=214609)[0;0m INFO 09-25 05:28:58 [stats.py:920] | vllm_tpot_ms                    |         39.139 |          0.000 |
[0;36m(APIServer pid=214609)[0;0m INFO 09-25 05:28:58 [stats.py:920] | vllm_ttft_ms                    |        147.711 |        381.849 |
[0;36m(APIServer pid=214609)[0;0m INFO 09-25 05:28:58 [stats.py:920] +---------------------------------+----------------+----------------+
[0;36m(APIServer pid=214609)[0;0m INFO 09-25 05:28:58 [serving_speech.py:3646] [SpeechE2E] request_id=speech-b2a52a8c582105aa stream=false status=ok total_ms=17928.46 response_bytes=1739564
[0;36m(APIServer pid=214609)[0;0m INFO:     127.0.0.1:34988 - "POST /v1/audio/speech HTTP/1.1" 200 OK
[0;36m(APIServer pid=214609)[0;0m INFO 09-25 05:29:00 [stats.py:811] 
[0;36m(APIServer pid=214609)[0;0m INFO 09-25 05:29:00 [stats.py:811] [Overall Summary]
[0;36m(APIServer pid=214609)[0;0m INFO 09-25 05:29:00 [stats.py:811] +-----------------------------+------------+
[0;36m(APIServer pid=214609)[0;0m INFO 09-25 05:29:00 [stats.py:811] | Field                       |      Value |
[0;36m(APIServer pid=214609)[0;0m INFO 09-25 05:29:00 [stats.py:811] +-----------------------------+------------+
[0;36m(APIServer pid=214609)[0;0m INFO 09-25 05:29:00 [stats.py:811] | e2e_requests                |          1 |
[0;36m(APIServer pid=214609)[0;0m INFO 09-25 05:29:00 [stats.py:811] | e2e_wall_time_ms            | 15,913.221 |
[0;36m(APIServer pid=214609)[0;0m INFO 09-25 05:29:00 [stats.py:811] | e2e_total_tokens            |        783 |
[0;36m(APIServer pid=214609)[0;0m INFO 09-25 05:29:00 [stats.py:811] | e2e_avg_time_per_request_ms | 15,913.221 |
[0;36m(APIServer pid=214609)[0;0m INFO 09-25 05:29:00 [stats.py:811] | e2e_avg_tokens_per_s        |     49.204 |
[0;36m(APIServer pid=214609)[0;0m INFO 09-25 05:29:00 [stats.py:811] | input_preprocess_time_ms    |      0.054 |
[0;36m(APIServer pid=214609)[0;0m INFO 09-25 05:29:00 [stats.py:811] | e2e_stage_0_wall_time_ms    | 15,844.918 |
[0;36m(APIServer pid=214609)[0;0m INFO 09-25 05:29:00 [stats.py:811] | e2e_stage_1_wall_time_ms    | 15,912.858 |
[0;36m(APIServer pid=214609)[0;0m INFO 09-25 05:29:00 [stats.py:811] +-----------------------------+------------+
[0;36m(APIServer pid=214609)[0;0m INFO 09-25 05:29:00 [stats.py:837] 
[0;36m(APIServer pid=214609)[0;0m INFO 09-25 05:29:00 [stats.py:837] [RequestE2EStats [request_id=speech-b2d2f06f2e63651d-b4a2d611]]
[0;36m(APIServer pid=214609)[0;0m INFO 09-25 05:29:00 [stats.py:837] +------------------+------------+
[0;36m(APIServer pid=214609)[0;0m INFO 09-25 05:29:00 [stats.py:837] | Field            |      Value |
[0;36m(APIServer pid=214609)[0;0m INFO 09-25 05:29:00 [stats.py:837] +------------------+------------+
[0;36m(APIServer pid=214609)[0;0m INFO 09-25 05:29:00 [stats.py:837] | e2e_total_ms     | 15,913.094 |
[0;36m(APIServer pid=214609)[0;0m INFO 09-25 05:29:00 [stats.py:837] | e2e_total_tokens |        783 |
[0;36m(APIServer pid=214609)[0;0m INFO 09-25 05:29:00 [stats.py:837] +------------------+------------+
[0;36m(APIServer pid=214609)[0;0m INFO 09-25 05:29:00 [stats.py:878] [OmniTiming] req=speech-b2d2f06f2e63651d-b4a2d611 total=15.91s preprocess=0.00s engine=15.91s stages=[0:15.84s,1:15.91s] transfers=[0->1=0.00ms]
[0;36m(APIServer pid=214609)[0;0m INFO 09-25 05:29:00 [stats.py:920] 
[0;36m(APIServer pid=214609)[0;0m INFO 09-25 05:29:00 [stats.py:920] [StageRequestStats [request_id=speech-b2d2f06f2e63651d-b4a2d611]]
[0;36m(APIServer pid=214609)[0;0m INFO 09-25 05:29:00 [stats.py:920] +---------------------------------+----------------+----------------+
[0;36m(APIServer pid=214609)[0;0m INFO 09-25 05:29:00 [stats.py:920] | Field                           |              0 |              1 |
[0;36m(APIServer pid=214609)[0;0m INFO 09-25 05:29:00 [stats.py:920] +---------------------------------+----------------+----------------+
[0;36m(APIServer pid=214609)[0;0m INFO 09-25 05:29:00 [stats.py:920] | audio_duration_s                |          0.000 |         33.760 |
[0;36m(APIServer pid=214609)[0;0m INFO 09-25 05:29:00 [stats.py:920] | audio_generated_frames          |              0 |        810,240 |
[0;36m(APIServer pid=214609)[0;0m INFO 09-25 05:29:00 [stats.py:920] | audio_sample_rate               |              0 |         24,000 |
[0;36m(APIServer pid=214609)[0;0m INFO 09-25 05:29:00 [stats.py:920] | batch_id                        |          2,558 |          2,639 |
[0;36m(APIServer pid=214609)[0;0m INFO 09-25 05:29:00 [stats.py:920] | batch_size                      |              1 |              1 |
[0;36m(APIServer pid=214609)[0;0m INFO 09-25 05:29:00 [stats.py:920] | inter_output_latencies_ms       |                |                |
[0;36m(APIServer pid=214609)[0;0m INFO 09-25 05:29:00 [stats.py:920] | num_tokens_in                   |            360 |              0 |
[0;36m(APIServer pid=214609)[0;0m INFO 09-25 05:29:00 [stats.py:920] | num_tokens_out                  |            423 |              0 |
[0;36m(APIServer pid=214609)[0;0m INFO 09-25 05:29:00 [stats.py:920] | output_unit_count               |            423 |        810,240 |
[0;36m(APIServer pid=214609)[0;0m INFO 09-25 05:29:00 [stats.py:920] | output_unit_type                |         stream |          audio |
[0;36m(APIServer pid=214609)[0;0m INFO 09-25 05:29:00 [stats.py:920] | serving_time_to_first_output_ms |     15,844.753 |     15,912.698 |
[0;36m(APIServer pid=214609)[0;0m INFO 09-25 05:29:00 [stats.py:920] | stage_gen_time_ms               |     15,844.592 |     15,912.421 |
[0;36m(APIServer pid=214609)[0;0m INFO 09-25 05:29:00 [stats.py:920] | time_per_output_unit_ms         |          0.000 |          0.000 |
[0;36m(APIServer pid=214609)[0;0m INFO 09-25 05:29:00 [stats.py:920] | vllm_itl_ms                     |         37.123 |        919.992 |
[0;36m(APIServer pid=214609)[0;0m INFO 09-25 05:29:00 [stats.py:920] | vllm_itls_ms                    | 37.123 (n=422) | 919.992 (n=17) |
[0;36m(APIServer pid=214609)[0;0m INFO 09-25 05:29:00 [stats.py:920] | vllm_tpot_ms                    |         37.123 |          0.000 |
[0;36m(APIServer pid=214609)[0;0m INFO 09-25 05:29:00 [stats.py:920] | vllm_ttft_ms                    |        178.723 |        272.584 |
[0;36m(APIServer pid=214609)[0;0m INFO 09-25 05:29:00 [stats.py:920] +---------------------------------+----------------+----------------+
[0;36m(APIServer pid=214609)[0;0m INFO 09-25 05:29:00 [serving_speech.py:3646] [SpeechE2E] request_id=speech-b2d2f06f2e63651d stream=false status=ok total_ms=15923.07 response_bytes=1620524
[0;36m(APIServer pid=214609)[0;0m INFO:     127.0.0.1:34974 - "POST /v1/audio/speech HTTP/1.1" 200 OK
[0;36m(APIServer pid=214609)[0;0m INFO 09-25 05:30:06 [stats.py:811] 
[0;36m(APIServer pid=214609)[0;0m INFO 09-25 05:30:06 [stats.py:811] [Overall Summary]
[0;36m(APIServer pid=214609)[0;0m INFO 09-25 05:30:06 [stats.py:811] +-----------------------------+-------------+
[0;36m(APIServer pid=214609)[0;0m INFO 09-25 05:30:06 [stats.py:811] | Field                       |       Value |
[0;36m(APIServer pid=214609)[0;0m INFO 09-25 05:30:06 [stats.py:811] +-----------------------------+-------------+
[0;36m(APIServer pid=214609)[0;0m INFO 09-25 05:30:06 [stats.py:811] | e2e_requests                |           1 |
[0;36m(APIServer pid=214609)[0;0m INFO 09-25 05:30:06 [stats.py:811] | e2e_wall_time_ms            | 123,276.545 |
[0;36m(APIServer pid=214609)[0;0m INFO 09-25 05:30:06 [stats.py:811] | e2e_total_tokens            |       4,080 |
[0;36m(APIServer pid=214609)[0;0m INFO 09-25 05:30:06 [stats.py:811] | e2e_avg_time_per_request_ms | 123,276.545 |
[0;36m(APIServer pid=214609)[0;0m INFO 09-25 05:30:06 [stats.py:811] | e2e_avg_tokens_per_s        |      33.096 |
[0;36m(APIServer pid=214609)[0;0m INFO 09-25 05:30:06 [stats.py:811] | input_preprocess_time_ms    |       0.030 |
[0;36m(APIServer pid=214609)[0;0m INFO 09-25 05:30:06 [stats.py:811] | e2e_stage_0_wall_time_ms    | 123,232.995 |
[0;36m(APIServer pid=214609)[0;0m INFO 09-25 05:30:06 [stats.py:811] | e2e_stage_1_wall_time_ms    | 123,274.944 |
[0;36m(APIServer pid=214609)[0;0m INFO 09-25 05:30:06 [stats.py:811] +-----------------------------+-------------+
[0;36m(APIServer pid=214609)[0;0m INFO 09-25 05:30:06 [stats.py:837] 
[0;36m(APIServer pid=214609)[0;0m INFO 09-25 05:30:06 [stats.py:837] [RequestE2EStats [request_id=speech-93d52af86380fb77-ae94c5fd]]
[0;36m(APIServer pid=214609)[0;0m INFO 09-25 05:30:06 [stats.py:837] +------------------+-------------+
[0;36m(APIServer pid=214609)[0;0m INFO 09-25 05:30:06 [stats.py:837] | Field            |       Value |
[0;36m(APIServer pid=214609)[0;0m INFO 09-25 05:30:06 [stats.py:837] +------------------+-------------+
[0;36m(APIServer pid=214609)[0;0m INFO 09-25 05:30:06 [stats.py:837] | e2e_total_ms     | 123,276.470 |
[0;36m(APIServer pid=214609)[0;0m INFO 09-25 05:30:06 [stats.py:837] | e2e_total_tokens |       4,080 |
[0;36m(APIServer pid=214609)[0;0m INFO 09-25 05:30:06 [stats.py:837] +------------------+-------------+
[0;36m(APIServer pid=214609)[0;0m INFO 09-25 05:30:06 [stats.py:878] [OmniTiming] req=speech-93d52af86380fb77-ae94c5fd total=123.28s preprocess=0.00s engine=123.28s stages=[0:123.23s,1:123.27s] transfers=[0->1=0.00ms]
[0;36m(APIServer pid=214609)[0;0m INFO 09-25 05:30:06 [stats.py:920] 
[0;36m(APIServer pid=214609)[0;0m INFO 09-25 05:30:06 [stats.py:920] [StageRequestStats [request_id=speech-93d52af86380fb77-ae94c5fd]]
[0;36m(APIServer pid=214609)[0;0m INFO 09-25 05:30:06 [stats.py:920] +---------------------------------+-----------------+-----------------+
[0;36m(APIServer pid=214609)[0;0m INFO 09-25 05:30:06 [stats.py:920] | Field                           |               0 |               1 |
[0;36m(APIServer pid=214609)[0;0m INFO 09-25 05:30:06 [stats.py:920] +---------------------------------+-----------------+-----------------+
[0;36m(APIServer pid=214609)[0;0m INFO 09-25 05:30:06 [stats.py:920] | audio_duration_s                |           0.000 |         297.520 |
[0;36m(APIServer pid=214609)[0;0m INFO 09-25 05:30:06 [stats.py:920] | audio_generated_frames          |               0 |       7,140,480 |
[0;36m(APIServer pid=214609)[0;0m INFO 09-25 05:30:06 [stats.py:920] | audio_sample_rate               |               0 |          24,000 |
[0;36m(APIServer pid=214609)[0;0m INFO 09-25 05:30:06 [stats.py:920] | batch_id                        |           2,559 |           2,640 |
[0;36m(APIServer pid=214609)[0;0m INFO 09-25 05:30:06 [stats.py:920] | batch_size                      |               1 |               1 |
[0;36m(APIServer pid=214609)[0;0m INFO 09-25 05:30:06 [stats.py:920] | inter_output_latencies_ms       |                 |                 |
[0;36m(APIServer pid=214609)[0;0m INFO 09-25 05:30:06 [stats.py:920] | num_tokens_in                   |             360 |               0 |
[0;36m(APIServer pid=214609)[0;0m INFO 09-25 05:30:06 [stats.py:920] | num_tokens_out                  |           3,720 |               0 |
[0;36m(APIServer pid=214609)[0;0m INFO 09-25 05:30:06 [stats.py:920] | output_unit_count               |           3,720 |       7,140,480 |
[0;36m(APIServer pid=214609)[0;0m INFO 09-25 05:30:06 [stats.py:920] | output_unit_type                |          stream |           audio |
[0;36m(APIServer pid=214609)[0;0m INFO 09-25 05:30:06 [stats.py:920] | serving_time_to_first_output_ms |     123,232.893 |     123,275.760 |
[0;36m(APIServer pid=214609)[0;0m INFO 09-25 05:30:06 [stats.py:920] | stage_gen_time_ms               |     123,231.383 |     123,274.327 |
[0;36m(APIServer pid=214609)[0;0m INFO 09-25 05:30:06 [stats.py:920] | time_per_output_unit_ms         |           0.000 |           0.000 |
[0;36m(APIServer pid=214609)[0;0m INFO 09-25 05:30:06 [stats.py:920] | vllm_itl_ms                     |          33.034 |         819.421 |
[0;36m(APIServer pid=214609)[0;0m INFO 09-25 05:30:06 [stats.py:920] | vllm_itls_ms                    | 33.034 (n=3719) | 819.421 (n=149) |
[0;36m(APIServer pid=214609)[0;0m INFO 09-25 05:30:06 [stats.py:920] | vllm_tpot_ms                    |          33.034 |           0.000 |
[0;36m(APIServer pid=214609)[0;0m INFO 09-25 05:30:06 [stats.py:920] | vllm_ttft_ms                    |         381.482 |       1,173.340 |
[0;36m(APIServer pid=214609)[0;0m INFO 09-25 05:30:06 [stats.py:920] +---------------------------------+-----------------+-----------------+
[0;36m(APIServer pid=214609)[0;0m WARNING 09-25 05:30:06 [serving_speech.py:3633] TTS request speech-93d52af86380fb77 failed generation validation; retrying once as speech-b884e91c384d231c with seed=2782940422
[0;36m(APIServer pid=214609)[0;0m INFO 09-25 05:30:06 [serving_speech.py:3070] TTS speech request speech-b884e91c384d231c: model=Base
[0;36m(APIServer pid=214609)[0;0m INFO 09-25 05:30:06 [serving_speech.py:3100] Applied extra_params: {'temperature': 0.9, 'top_k': 50}
[0;36m(APIServer pid=214609)[0;0m INFO 09-25 05:30:07 [stats.py:811] 
[0;36m(APIServer pid=214609)[0;0m INFO 09-25 05:30:07 [stats.py:811] [Overall Summary]
[0;36m(APIServer pid=214609)[0;0m INFO 09-25 05:30:07 [stats.py:811] +-----------------------------+-------------+
[0;36m(APIServer pid=214609)[0;0m INFO 09-25 05:30:07 [stats.py:811] | Field                       |       Value |
[0;36m(APIServer pid=214609)[0;0m INFO 09-25 05:30:07 [stats.py:811] +-----------------------------+-------------+
[0;36m(APIServer pid=214609)[0;0m INFO 09-25 05:30:07 [stats.py:811] | e2e_requests                |           1 |
[0;36m(APIServer pid=214609)[0;0m INFO 09-25 05:30:07 [stats.py:811] | e2e_wall_time_ms            | 124,049.685 |
[0;36m(APIServer pid=214609)[0;0m INFO 09-25 05:30:07 [stats.py:811] | e2e_total_tokens            |       4,096 |
[0;36m(APIServer pid=214609)[0;0m INFO 09-25 05:30:07 [stats.py:811] | e2e_avg_time_per_request_ms | 124,049.685 |
[0;36m(APIServer pid=214609)[0;0m INFO 09-25 05:30:07 [stats.py:811] | e2e_avg_tokens_per_s        |      33.019 |
[0;36m(APIServer pid=214609)[0;0m INFO 09-25 05:30:07 [stats.py:811] | input_preprocess_time_ms    |       0.031 |
[0;36m(APIServer pid=214609)[0;0m INFO 09-25 05:30:07 [stats.py:811] | e2e_stage_0_wall_time_ms    | 124,003.660 |
[0;36m(APIServer pid=214609)[0;0m INFO 09-25 05:30:07 [stats.py:811] | e2e_stage_1_wall_time_ms    | 124,047.994 |
[0;36m(APIServer pid=214609)[0;0m INFO 09-25 05:30:07 [stats.py:811] +-----------------------------+-------------+
[0;36m(APIServer pid=214609)[0;0m INFO 09-25 05:30:07 [stats.py:837] 
[0;36m(APIServer pid=214609)[0;0m INFO 09-25 05:30:07 [stats.py:837] [RequestE2EStats [request_id=speech-a9f54ef276d51186-b903d186]]
[0;36m(APIServer pid=214609)[0;0m INFO 09-25 05:30:07 [stats.py:837] +------------------+-------------+
[0;36m(APIServer pid=214609)[0;0m INFO 09-25 05:30:07 [stats.py:837] | Field            |       Value |
[0;36m(APIServer pid=214609)[0;0m INFO 09-25 05:30:07 [stats.py:837] +------------------+-------------+
[0;36m(APIServer pid=214609)[0;0m INFO 09-25 05:30:07 [stats.py:837] | e2e_total_ms     | 124,049.607 |
[0;36m(APIServer pid=214609)[0;0m INFO 09-25 05:30:07 [stats.py:837] | e2e_total_tokens |       4,096 |
[0;36m(APIServer pid=214609)[0;0m INFO 09-25 05:30:07 [stats.py:837] +------------------+-------------+
[0;36m(APIServer pid=214609)[0;0m INFO 09-25 05:30:07 [stats.py:878] [OmniTiming] req=speech-a9f54ef276d51186-b903d186 total=124.05s preprocess=0.00s engine=124.05s stages=[0:124.00s,1:124.05s] transfers=[0->1=0.00ms]
[0;36m(APIServer pid=214609)[0;0m INFO 09-25 05:30:07 [stats.py:920] 
[0;36m(APIServer pid=214609)[0;0m INFO 09-25 05:30:07 [stats.py:920] [StageRequestStats [request_id=speech-a9f54ef276d51186-b903d186]]
[0;36m(APIServer pid=214609)[0;0m INFO 09-25 05:30:07 [stats.py:920] +---------------------------------+-----------------+-----------------+
[0;36m(APIServer pid=214609)[0;0m INFO 09-25 05:30:07 [stats.py:920] | Field                           |               0 |               1 |
[0;36m(APIServer pid=214609)[0;0m INFO 09-25 05:30:07 [stats.py:920] +---------------------------------+-----------------+-----------------+
[0;36m(APIServer pid=214609)[0;0m INFO 09-25 05:30:07 [stats.py:920] | audio_duration_s                |           0.000 |         298.800 |
[0;36m(APIServer pid=214609)[0;0m INFO 09-25 05:30:07 [stats.py:920] | audio_generated_frames          |               0 |       7,171,200 |
[0;36m(APIServer pid=214609)[0;0m INFO 09-25 05:30:07 [stats.py:920] | audio_sample_rate               |               0 |          24,000 |
[0;36m(APIServer pid=214609)[0;0m INFO 09-25 05:30:07 [stats.py:920] | batch_id                        |           2,560 |           2,641 |
[0;36m(APIServer pid=214609)[0;0m INFO 09-25 05:30:07 [stats.py:920] | batch_size                      |               1 |               1 |
[0;36m(APIServer pid=214609)[0;0m INFO 09-25 05:30:07 [stats.py:920] | inter_output_latencies_ms       |                 |                 |
[0;36m(APIServer pid=214609)[0;0m INFO 09-25 05:30:07 [stats.py:920] | num_tokens_in                   |             360 |               0 |
[0;36m(APIServer pid=214609)[0;0m INFO 09-25 05:30:07 [stats.py:920] | num_tokens_out                  |           3,736 |               0 |
[0;36m(APIServer pid=214609)[0;0m INFO 09-25 05:30:07 [stats.py:920] | output_unit_count               |           3,736 |       7,171,200 |
[0;36m(APIServer pid=214609)[0;0m INFO 09-25 05:30:07 [stats.py:920] | output_unit_type                |          stream |           audio |
[0;36m(APIServer pid=214609)[0;0m INFO 09-25 05:30:07 [stats.py:920] | serving_time_to_first_output_ms |     124,003.025 |     124,048.865 |
[0;36m(APIServer pid=214609)[0;0m INFO 09-25 05:30:07 [stats.py:920] | stage_gen_time_ms               |     124,002.924 |     124,047.466 |
[0;36m(APIServer pid=214609)[0;0m INFO 09-25 05:30:07 [stats.py:920] | time_per_output_unit_ms         |           0.000 |           0.000 |
[0;36m(APIServer pid=214609)[0;0m INFO 09-25 05:30:07 [stats.py:920] | vllm_itl_ms                     |          33.097 |         819.058 |
[0;36m(APIServer pid=214609)[0;0m INFO 09-25 05:30:07 [stats.py:920] | vllm_itls_ms                    | 33.097 (n=3735) | 819.058 (n=150) |
[0;36m(APIServer pid=214609)[0;0m INFO 09-25 05:30:07 [stats.py:920] | vllm_tpot_ms                    |          33.097 |           0.000 |
[0;36m(APIServer pid=214609)[0;0m INFO 09-25 05:30:07 [stats.py:920] | vllm_ttft_ms                    |         389.344 |       1,181.107 |
[0;36m(APIServer pid=214609)[0;0m INFO 09-25 05:30:07 [stats.py:920] +---------------------------------+-----------------+-----------------+
[0;36m(APIServer pid=214609)[0;0m WARNING 09-25 05:30:07 [serving_speech.py:3633] TTS request speech-a9f54ef276d51186 failed generation validation; retrying once as speech-851b54715b81aaa1 with seed=2872873547
[0;36m(APIServer pid=214609)[0;0m INFO 09-25 05:30:07 [serving_speech.py:3070] TTS speech request speech-851b54715b81aaa1: model=Base
[0;36m(APIServer pid=214609)[0;0m INFO 09-25 05:30:07 [serving_speech.py:3100] Applied extra_params: {'temperature': 0.9, 'top_k': 50}
[0;36m(APIServer pid=214609)[0;0m INFO 09-25 05:30:22 [stats.py:811] 
[0;36m(APIServer pid=214609)[0;0m INFO 09-25 05:30:22 [stats.py:811] [Overall Summary]
[0;36m(APIServer pid=214609)[0;0m INFO 09-25 05:30:22 [stats.py:811] +-----------------------------+-------------+
[0;36m(APIServer pid=214609)[0;0m INFO 09-25 05:30:22 [stats.py:811] | Field                       |       Value |
[0;36m(APIServer pid=214609)[0;0m INFO 09-25 05:30:22 [stats.py:811] +-----------------------------+-------------+
[0;36m(APIServer pid=214609)[0;0m INFO 09-25 05:30:22 [stats.py:811] | e2e_requests                |           1 |
[0;36m(APIServer pid=214609)[0;0m INFO 09-25 05:30:22 [stats.py:811] | e2e_wall_time_ms            | 121,852.391 |
[0;36m(APIServer pid=214609)[0;0m INFO 09-25 05:30:22 [stats.py:811] | e2e_total_tokens            |       3,972 |
[0;36m(APIServer pid=214609)[0;0m INFO 09-25 05:30:22 [stats.py:811] | e2e_avg_time_per_request_ms | 121,852.391 |
[0;36m(APIServer pid=214609)[0;0m INFO 09-25 05:30:22 [stats.py:811] | e2e_avg_tokens_per_s        |      32.597 |
[0;36m(APIServer pid=214609)[0;0m INFO 09-25 05:30:22 [stats.py:811] | input_preprocess_time_ms    |       0.059 |
[0;36m(APIServer pid=214609)[0;0m INFO 09-25 05:30:22 [stats.py:811] | e2e_stage_0_wall_time_ms    | 121,802.793 |
[0;36m(APIServer pid=214609)[0;0m INFO 09-25 05:30:22 [stats.py:811] | e2e_stage_1_wall_time_ms    | 121,852.057 |
[0;36m(APIServer pid=214609)[0;0m INFO 09-25 05:30:22 [stats.py:811] +-----------------------------+-------------+
[0;36m(APIServer pid=214609)[0;0m INFO 09-25 05:30:22 [stats.py:837] 
[0;36m(APIServer pid=214609)[0;0m INFO 09-25 05:30:22 [stats.py:837] [RequestE2EStats [request_id=speech-b4b087882c4a4192-878d4ddc]]
[0;36m(APIServer pid=214609)[0;0m INFO 09-25 05:30:22 [stats.py:837] +------------------+-------------+
[0;36m(APIServer pid=214609)[0;0m INFO 09-25 05:30:22 [stats.py:837] | Field            |       Value |
[0;36m(APIServer pid=214609)[0;0m INFO 09-25 05:30:22 [stats.py:837] +------------------+-------------+
[0;36m(APIServer pid=214609)[0;0m INFO 09-25 05:30:22 [stats.py:837] | e2e_total_ms     | 121,852.255 |
[0;36m(APIServer pid=214609)[0;0m INFO 09-25 05:30:22 [stats.py:837] | e2e_total_tokens |       3,972 |
[0;36m(APIServer pid=214609)[0;0m INFO 09-25 05:30:22 [stats.py:837] +------------------+-------------+
[0;36m(APIServer pid=214609)[0;0m INFO 09-25 05:30:22 [stats.py:878] [OmniTiming] req=speech-b4b087882c4a4192-878d4ddc total=121.85s preprocess=0.00s engine=121.85s stages=[0:121.80s,1:121.85s] transfers=[0->1=0.00ms]
[0;36m(APIServer pid=214609)[0;0m INFO 09-25 05:30:22 [stats.py:920] 
[0;36m(APIServer pid=214609)[0;0m INFO 09-25 05:30:22 [stats.py:920] [StageRequestStats [request_id=speech-b4b087882c4a4192-878d4ddc]]
[0;36m(APIServer pid=214609)[0;0m INFO 09-25 05:30:22 [stats.py:920] +---------------------------------+-----------------+-----------------+
[0;36m(APIServer pid=214609)[0;0m INFO 09-25 05:30:22 [stats.py:920] | Field                           |               0 |               1 |
[0;36m(APIServer pid=214609)[0;0m INFO 09-25 05:30:22 [stats.py:920] +---------------------------------+-----------------+-----------------+
[0;36m(APIServer pid=214609)[0;0m INFO 09-25 05:30:22 [stats.py:920] | audio_duration_s                |           0.000 |         288.880 |
[0;36m(APIServer pid=214609)[0;0m INFO 09-25 05:30:22 [stats.py:920] | audio_generated_frames          |               0 |       6,933,120 |
[0;36m(APIServer pid=214609)[0;0m INFO 09-25 05:30:22 [stats.py:920] | audio_sample_rate               |               0 |          24,000 |
[0;36m(APIServer pid=214609)[0;0m INFO 09-25 05:30:22 [stats.py:920] | batch_id                        |           2,561 |           2,642 |
[0;36m(APIServer pid=214609)[0;0m INFO 09-25 05:30:22 [stats.py:920] | batch_size                      |               1 |               1 |
[0;36m(APIServer pid=214609)[0;0m INFO 09-25 05:30:22 [stats.py:920] | inter_output_latencies_ms       |                 |                 |
[0;36m(APIServer pid=214609)[0;0m INFO 09-25 05:30:22 [stats.py:920] | num_tokens_in                   |             360 |               0 |
[0;36m(APIServer pid=214609)[0;0m INFO 09-25 05:30:22 [stats.py:920] | num_tokens_out                  |           3,612 |               0 |
[0;36m(APIServer pid=214609)[0;0m INFO 09-25 05:30:22 [stats.py:920] | output_unit_count               |           3,612 |       6,933,120 |
[0;36m(APIServer pid=214609)[0;0m INFO 09-25 05:30:22 [stats.py:920] | output_unit_type                |          stream |           audio |
[0;36m(APIServer pid=214609)[0;0m INFO 09-25 05:30:22 [stats.py:920] | serving_time_to_first_output_ms |     121,802.767 |     121,851.647 |
[0;36m(APIServer pid=214609)[0;0m INFO 09-25 05:30:22 [stats.py:920] | stage_gen_time_ms               |     121,802.594 |     121,851.596 |
[0;36m(APIServer pid=214609)[0;0m INFO 09-25 05:30:22 [stats.py:920] | time_per_output_unit_ms         |           0.000 |           0.000 |
[0;36m(APIServer pid=214609)[0;0m INFO 09-25 05:30:22 [stats.py:920] | vllm_itl_ms                     |          33.686 |         837.688 |
[0;36m(APIServer pid=214609)[0;0m INFO 09-25 05:30:22 [stats.py:920] | vllm_itls_ms                    | 33.686 (n=3611) | 837.688 (n=145) |
[0;36m(APIServer pid=214609)[0;0m INFO 09-25 05:30:22 [stats.py:920] | vllm_tpot_ms                    |          33.686 |           0.000 |
[0;36m(APIServer pid=214609)[0;0m INFO 09-25 05:30:22 [stats.py:920] | vllm_ttft_ms                    |         163.613 |         374.585 |
[0;36m(APIServer pid=214609)[0;0m INFO 09-25 05:30:22 [stats.py:920] +---------------------------------+-----------------+-----------------+
[0;36m(APIServer pid=214609)[0;0m WARNING 09-25 05:30:22 [serving_speech.py:3633] TTS request speech-b4b087882c4a4192 failed generation validation; retrying once as speech-be6d0554407f1403 with seed=2756431332
[0;36m(APIServer pid=214609)[0;0m INFO 09-25 05:30:22 [serving_speech.py:3070] TTS speech request speech-be6d0554407f1403: model=Base
[0;36m(APIServer pid=214609)[0;0m INFO 09-25 05:30:22 [serving_speech.py:3100] Applied extra_params: {'temperature': 0.9, 'top_k': 50}
[0;36m(APIServer pid=214609)[0;0m INFO 09-25 05:30:28 [stats.py:811] 
[0;36m(APIServer pid=214609)[0;0m INFO 09-25 05:30:28 [stats.py:811] [Overall Summary]
[0;36m(APIServer pid=214609)[0;0m INFO 09-25 05:30:28 [stats.py:811] +-----------------------------+------------+
[0;36m(APIServer pid=214609)[0;0m INFO 09-25 05:30:28 [stats.py:811] | Field                       |      Value |
[0;36m(APIServer pid=214609)[0;0m INFO 09-25 05:30:28 [stats.py:811] +-----------------------------+------------+
[0;36m(APIServer pid=214609)[0;0m INFO 09-25 05:30:28 [stats.py:811] | e2e_requests                |          1 |
[0;36m(APIServer pid=214609)[0;0m INFO 09-25 05:30:28 [stats.py:811] | e2e_wall_time_ms            | 21,628.351 |
[0;36m(APIServer pid=214609)[0;0m INFO 09-25 05:30:28 [stats.py:811] | e2e_total_tokens            |        775 |
[0;36m(APIServer pid=214609)[0;0m INFO 09-25 05:30:28 [stats.py:811] | e2e_avg_time_per_request_ms | 21,628.351 |
[0;36m(APIServer pid=214609)[0;0m INFO 09-25 05:30:28 [stats.py:811] | e2e_avg_tokens_per_s        |     35.833 |
[0;36m(APIServer pid=214609)[0;0m INFO 09-25 05:30:28 [stats.py:811] | input_preprocess_time_ms    |      0.082 |
[0;36m(APIServer pid=214609)[0;0m INFO 09-25 05:30:28 [stats.py:811] | e2e_stage_0_wall_time_ms    | 21,592.448 |
[0;36m(APIServer pid=214609)[0;0m INFO 09-25 05:30:28 [stats.py:811] | e2e_stage_1_wall_time_ms    | 21,627.894 |
[0;36m(APIServer pid=214609)[0;0m INFO 09-25 05:30:28 [stats.py:811] +-----------------------------+------------+
[0;36m(APIServer pid=214609)[0;0m INFO 09-25 05:30:28 [stats.py:837] 
[0;36m(APIServer pid=214609)[0;0m INFO 09-25 05:30:28 [stats.py:837] [RequestE2EStats [request_id=speech-b884e91c384d231c-9dc9e5be]]
[0;36m(APIServer pid=214609)[0;0m INFO 09-25 05:30:28 [stats.py:837] +------------------+------------+
[0;36m(APIServer pid=214609)[0;0m INFO 09-25 05:30:28 [stats.py:837] | Field            |      Value |
[0;36m(APIServer pid=214609)[0;0m INFO 09-25 05:30:28 [stats.py:837] +------------------+------------+
[0;36m(APIServer pid=214609)[0;0m INFO 09-25 05:30:28 [stats.py:837] | e2e_total_ms     | 21,628.166 |
[0;36m(APIServer pid=214609)[0;0m INFO 09-25 05:30:28 [stats.py:837] | e2e_total_tokens |        775 |
[0;36m(APIServer pid=214609)[0;0m INFO 09-25 05:30:28 [stats.py:837] +------------------+------------+
[0;36m(APIServer pid=214609)[0;0m INFO 09-25 05:30:28 [stats.py:878] [OmniTiming] req=speech-b884e91c384d231c-9dc9e5be total=21.63s preprocess=0.00s engine=21.63s stages=[0:21.59s,1:21.63s] transfers=[0->1=0.00ms]
[0;36m(APIServer pid=214609)[0;0m INFO 09-25 05:30:28 [stats.py:920] 
[0;36m(APIServer pid=214609)[0;0m INFO 09-25 05:30:28 [stats.py:920] [StageRequestStats [request_id=speech-b884e91c384d231c-9dc9e5be]]
[0;36m(APIServer pid=214609)[0;0m INFO 09-25 05:30:28 [stats.py:920] +---------------------------------+----------------+------------------+
[0;36m(APIServer pid=214609)[0;0m INFO 09-25 05:30:28 [stats.py:920] | Field                           |              0 |                1 |
[0;36m(APIServer pid=214609)[0;0m INFO 09-25 05:30:28 [stats.py:920] +---------------------------------+----------------+------------------+
[0;36m(APIServer pid=214609)[0;0m INFO 09-25 05:30:28 [stats.py:920] | audio_duration_s                |          0.000 |           33.120 |
[0;36m(APIServer pid=214609)[0;0m INFO 09-25 05:30:28 [stats.py:920] | audio_generated_frames          |              0 |          794,880 |
[0;36m(APIServer pid=214609)[0;0m INFO 09-25 05:30:28 [stats.py:920] | audio_sample_rate               |              0 |           24,000 |
[0;36m(APIServer pid=214609)[0;0m INFO 09-25 05:30:28 [stats.py:920] | batch_id                        |          2,562 |            2,643 |
[0;36m(APIServer pid=214609)[0;0m INFO 09-25 05:30:28 [stats.py:920] | batch_size                      |              1 |                1 |
[0;36m(APIServer pid=214609)[0;0m INFO 09-25 05:30:28 [stats.py:920] | inter_output_latencies_ms       |                |                  |
[0;36m(APIServer pid=214609)[0;0m INFO 09-25 05:30:28 [stats.py:920] | num_tokens_in                   |            360 |                0 |
[0;36m(APIServer pid=214609)[0;0m INFO 09-25 05:30:28 [stats.py:920] | num_tokens_out                  |            415 |                0 |
[0;36m(APIServer pid=214609)[0;0m INFO 09-25 05:30:28 [stats.py:920] | output_unit_count               |            415 |          794,880 |
[0;36m(APIServer pid=214609)[0;0m INFO 09-25 05:30:28 [stats.py:920] | output_unit_type                |         stream |            audio |
[0;36m(APIServer pid=214609)[0;0m INFO 09-25 05:30:28 [stats.py:920] | serving_time_to_first_output_ms |     21,592.391 |       21,627.858 |
[0;36m(APIServer pid=214609)[0;0m INFO 09-25 05:30:28 [stats.py:920] | stage_gen_time_ms               |     21,592.113 |       21,627.506 |
[0;36m(APIServer pid=214609)[0;0m INFO 09-25 05:30:28 [stats.py:920] | time_per_output_unit_ms         |          0.000 |            0.000 |
[0;36m(APIServer pid=214609)[0;0m INFO 09-25 05:30:28 [stats.py:920] | vllm_itl_ms                     |         51.971 |        1,260.878 |
[0;36m(APIServer pid=214609)[0;0m INFO 09-25 05:30:28 [stats.py:920] | vllm_itls_ms                    | 51.971 (n=414) | 1,260.878 (n=17) |
[0;36m(APIServer pid=214609)[0;0m INFO 09-25 05:30:28 [stats.py:920] | vllm_tpot_ms                    |         51.971 |            0.000 |
[0;36m(APIServer pid=214609)[0;0m INFO 09-25 05:30:28 [stats.py:920] | vllm_ttft_ms                    |         76.629 |          191.680 |
[0;36m(APIServer pid=214609)[0;0m INFO 09-25 05:30:28 [stats.py:920] +---------------------------------+----------------+------------------+
[0;36m(APIServer pid=214609)[0;0m INFO 09-25 05:30:28 [serving_speech.py:3646] [SpeechE2E] request_id=speech-93d52af86380fb77 stream=false status=ok total_ms=144953.50 response_bytes=1589804
[0;36m(APIServer pid=214609)[0;0m INFO:     127.0.0.1:35032 - "POST /v1/audio/speech HTTP/1.1" 200 OK
[0;36m(APIServer pid=214609)[0;0m INFO 09-25 05:30:30 [stats.py:811] 
[0;36m(APIServer pid=214609)[0;0m INFO 09-25 05:30:30 [stats.py:811] [Overall Summary]
[0;36m(APIServer pid=214609)[0;0m INFO 09-25 05:30:30 [stats.py:811] +-----------------------------+------------+
[0;36m(APIServer pid=214609)[0;0m INFO 09-25 05:30:30 [stats.py:811] | Field                       |      Value |
[0;36m(APIServer pid=214609)[0;0m INFO 09-25 05:30:30 [stats.py:811] +-----------------------------+------------+
[0;36m(APIServer pid=214609)[0;0m INFO 09-25 05:30:30 [stats.py:811] | e2e_requests                |          1 |
[0;36m(APIServer pid=214609)[0;0m INFO 09-25 05:30:30 [stats.py:811] | e2e_wall_time_ms            | 23,048.286 |
[0;36m(APIServer pid=214609)[0;0m INFO 09-25 05:30:30 [stats.py:811] | e2e_total_tokens            |        811 |
[0;36m(APIServer pid=214609)[0;0m INFO 09-25 05:30:30 [stats.py:811] | e2e_avg_time_per_request_ms | 23,048.286 |
[0;36m(APIServer pid=214609)[0;0m INFO 09-25 05:30:30 [stats.py:811] | e2e_avg_tokens_per_s        |     35.187 |
[0;36m(APIServer pid=214609)[0;0m INFO 09-25 05:30:30 [stats.py:811] | input_preprocess_time_ms    |      0.082 |
[0;36m(APIServer pid=214609)[0;0m INFO 09-25 05:30:30 [stats.py:811] | e2e_stage_0_wall_time_ms    | 23,009.540 |
[0;36m(APIServer pid=214609)[0;0m INFO 09-25 05:30:30 [stats.py:811] | e2e_stage_1_wall_time_ms    | 23,047.817 |
[0;36m(APIServer pid=214609)[0;0m INFO 09-25 05:30:30 [stats.py:811] +-----------------------------+------------+
[0;36m(APIServer pid=214609)[0;0m INFO 09-25 05:30:30 [stats.py:837] 
[0;36m(APIServer pid=214609)[0;0m INFO 09-25 05:30:30 [stats.py:837] [RequestE2EStats [request_id=speech-851b54715b81aaa1-a11c4ef6]]
[0;36m(APIServer pid=214609)[0;0m INFO 09-25 05:30:30 [stats.py:837] +------------------+------------+
[0;36m(APIServer pid=214609)[0;0m INFO 09-25 05:30:30 [stats.py:837] | Field            |      Value |
[0;36m(APIServer pid=214609)[0;0m INFO 09-25 05:30:30 [stats.py:837] +------------------+------------+
[0;36m(APIServer pid=214609)[0;0m INFO 09-25 05:30:30 [stats.py:837] | e2e_total_ms     | 23,048.099 |
[0;36m(APIServer pid=214609)[0;0m INFO 09-25 05:30:30 [stats.py:837] | e2e_total_tokens |        811 |
[0;36m(APIServer pid=214609)[0;0m INFO 09-25 05:30:30 [stats.py:837] +------------------+------------+
[0;36m(APIServer pid=214609)[0;0m INFO 09-25 05:30:30 [stats.py:878] [OmniTiming] req=speech-851b54715b81aaa1-a11c4ef6 total=23.05s preprocess=0.00s engine=23.05s stages=[0:23.01s,1:23.05s] transfers=[0->1=0.00ms]
[0;36m(APIServer pid=214609)[0;0m INFO 09-25 05:30:30 [stats.py:920] 
[0;36m(APIServer pid=214609)[0;0m INFO 09-25 05:30:30 [stats.py:920] [StageRequestStats [request_id=speech-851b54715b81aaa1-a11c4ef6]]
[0;36m(APIServer pid=214609)[0;0m INFO 09-25 05:30:30 [stats.py:920] +---------------------------------+----------------+------------------+
[0;36m(APIServer pid=214609)[0;0m INFO 09-25 05:30:30 [stats.py:920] | Field                           |              0 |                1 |
[0;36m(APIServer pid=214609)[0;0m INFO 09-25 05:30:30 [stats.py:920] +---------------------------------+----------------+------------------+
[0;36m(APIServer pid=214609)[0;0m INFO 09-25 05:30:30 [stats.py:920] | audio_duration_s                |          0.000 |           36.000 |
[0;36m(APIServer pid=214609)[0;0m INFO 09-25 05:30:30 [stats.py:920] | audio_generated_frames          |              0 |          864,000 |
[0;36m(APIServer pid=214609)[0;0m INFO 09-25 05:30:30 [stats.py:920] | audio_sample_rate               |              0 |           24,000 |
[0;36m(APIServer pid=214609)[0;0m INFO 09-25 05:30:30 [stats.py:920] | batch_id                        |          2,563 |            2,644 |
[0;36m(APIServer pid=214609)[0;0m INFO 09-25 05:30:30 [stats.py:920] | batch_size                      |              1 |                1 |
[0;36m(APIServer pid=214609)[0;0m INFO 09-25 05:30:30 [stats.py:920] | inter_output_latencies_ms       |                |                  |
[0;36m(APIServer pid=214609)[0;0m INFO 09-25 05:30:30 [stats.py:920] | num_tokens_in                   |            360 |                0 |
[0;36m(APIServer pid=214609)[0;0m INFO 09-25 05:30:30 [stats.py:920] | num_tokens_out                  |            451 |                0 |
[0;36m(APIServer pid=214609)[0;0m INFO 09-25 05:30:30 [stats.py:920] | output_unit_count               |            451 |          864,000 |
[0;36m(APIServer pid=214609)[0;0m INFO 09-25 05:30:30 [stats.py:920] | output_unit_type                |         stream |            audio |
[0;36m(APIServer pid=214609)[0;0m INFO 09-25 05:30:30 [stats.py:920] | serving_time_to_first_output_ms |     23,009.605 |       23,047.814 |
[0;36m(APIServer pid=214609)[0;0m INFO 09-25 05:30:30 [stats.py:920] | stage_gen_time_ms               |     23,009.310 |       23,047.445 |
[0;36m(APIServer pid=214609)[0;0m INFO 09-25 05:30:30 [stats.py:920] | time_per_output_unit_ms         |          0.000 |            0.000 |
[0;36m(APIServer pid=214609)[0;0m INFO 09-25 05:30:30 [stats.py:920] | vllm_itl_ms                     |         50.827 |        1,266.277 |
[0;36m(APIServer pid=214609)[0;0m INFO 09-25 05:30:30 [stats.py:920] | vllm_itls_ms                    | 50.827 (n=450) | 1,266.277 (n=18) |
[0;36m(APIServer pid=214609)[0;0m INFO 09-25 05:30:30 [stats.py:920] | vllm_tpot_ms                    |         50.827 |            0.000 |
[0;36m(APIServer pid=214609)[0;0m INFO 09-25 05:30:30 [stats.py:920] | vllm_ttft_ms                    |        136.671 |          254.356 |
[0;36m(APIServer pid=214609)[0;0m INFO 09-25 05:30:30 [stats.py:920] +---------------------------------+----------------+------------------+
[0;36m(APIServer pid=214609)[0;0m INFO 09-25 05:30:30 [serving_speech.py:3646] [SpeechE2E] request_id=speech-a9f54ef276d51186 stream=false status=ok total_ms=147149.52 response_bytes=1728044
[0;36m(APIServer pid=214609)[0;0m INFO:     127.0.0.1:35000 - "POST /v1/audio/speech HTTP/1.1" 200 OK
[0;36m(APIServer pid=214609)[0;0m INFO 09-25 05:30:40 [stats.py:811] 
[0;36m(APIServer pid=214609)[0;0m INFO 09-25 05:30:40 [stats.py:811] [Overall Summary]
[0;36m(APIServer pid=214609)[0;0m INFO 09-25 05:30:40 [stats.py:811] +-----------------------------+------------+
[0;36m(APIServer pid=214609)[0;0m INFO 09-25 05:30:40 [stats.py:811] | Field                       |      Value |
[0;36m(APIServer pid=214609)[0;0m INFO 09-25 05:30:40 [stats.py:811] +-----------------------------+------------+
[0;36m(APIServer pid=214609)[0;0m INFO 09-25 05:30:40 [stats.py:811] | e2e_requests                |          1 |
[0;36m(APIServer pid=214609)[0;0m INFO 09-25 05:30:40 [stats.py:811] | e2e_wall_time_ms            | 18,662.438 |
[0;36m(APIServer pid=214609)[0;0m INFO 09-25 05:30:40 [stats.py:811] | e2e_total_tokens            |        840 |
[0;36m(APIServer pid=214609)[0;0m INFO 09-25 05:30:40 [stats.py:811] | e2e_avg_time_per_request_ms | 18,662.438 |
[0;36m(APIServer pid=214609)[0;0m INFO 09-25 05:30:40 [stats.py:811] | e2e_avg_tokens_per_s        |     45.010 |
[0;36m(APIServer pid=214609)[0;0m INFO 09-25 05:30:40 [stats.py:811] | input_preprocess_time_ms    |      0.060 |
[0;36m(APIServer pid=214609)[0;0m INFO 09-25 05:30:40 [stats.py:811] | e2e_stage_0_wall_time_ms    | 18,626.839 |
[0;36m(APIServer pid=214609)[0;0m INFO 09-25 05:30:40 [stats.py:811] | e2e_stage_1_wall_time_ms    | 18,662.120 |
[0;36m(APIServer pid=214609)[0;0m INFO 09-25 05:30:40 [stats.py:811] +-----------------------------+------------+
[0;36m(APIServer pid=214609)[0;0m INFO 09-25 05:30:40 [stats.py:837] 
[0;36m(APIServer pid=214609)[0;0m INFO 09-25 05:30:40 [stats.py:837] [RequestE2EStats [request_id=speech-be6d0554407f1403-8f9dde3f]]
[0;36m(APIServer pid=214609)[0;0m INFO 09-25 05:30:40 [stats.py:837] +------------------+------------+
[0;36m(APIServer pid=214609)[0;0m INFO 09-25 05:30:40 [stats.py:837] | Field            |      Value |
[0;36m(APIServer pid=214609)[0;0m INFO 09-25 05:30:40 [stats.py:837] +------------------+------------+
[0;36m(APIServer pid=214609)[0;0m INFO 09-25 05:30:40 [stats.py:837] | e2e_total_ms     | 18,662.300 |
[0;36m(APIServer pid=214609)[0;0m INFO 09-25 05:30:40 [stats.py:837] | e2e_total_tokens |        840 |
[0;36m(APIServer pid=214609)[0;0m INFO 09-25 05:30:40 [stats.py:837] +------------------+------------+
[0;36m(APIServer pid=214609)[0;0m INFO 09-25 05:30:40 [stats.py:878] [OmniTiming] req=speech-be6d0554407f1403-8f9dde3f total=18.66s preprocess=0.00s engine=18.66s stages=[0:18.63s,1:18.66s] transfers=[0->1=0.00ms]
[0;36m(APIServer pid=214609)[0;0m INFO 09-25 05:30:40 [stats.py:920] 
[0;36m(APIServer pid=214609)[0;0m INFO 09-25 05:30:40 [stats.py:920] [StageRequestStats [request_id=speech-be6d0554407f1403-8f9dde3f]]
[0;36m(APIServer pid=214609)[0;0m INFO 09-25 05:30:40 [stats.py:920] +---------------------------------+----------------+----------------+
[0;36m(APIServer pid=214609)[0;0m INFO 09-25 05:30:40 [stats.py:920] | Field                           |              0 |              1 |
[0;36m(APIServer pid=214609)[0;0m INFO 09-25 05:30:40 [stats.py:920] +---------------------------------+----------------+----------------+
[0;36m(APIServer pid=214609)[0;0m INFO 09-25 05:30:40 [stats.py:920] | audio_duration_s                |          0.000 |         38.320 |
[0;36m(APIServer pid=214609)[0;0m INFO 09-25 05:30:40 [stats.py:920] | audio_generated_frames          |              0 |        919,680 |
[0;36m(APIServer pid=214609)[0;0m INFO 09-25 05:30:40 [stats.py:920] | audio_sample_rate               |              0 |         24,000 |
[0;36m(APIServer pid=214609)[0;0m INFO 09-25 05:30:40 [stats.py:920] | batch_id                        |          2,564 |          2,645 |
[0;36m(APIServer pid=214609)[0;0m INFO 09-25 05:30:40 [stats.py:920] | batch_size                      |              1 |              1 |
[0;36m(APIServer pid=214609)[0;0m INFO 09-25 05:30:40 [stats.py:920] | inter_output_latencies_ms       |                |                |
[0;36m(APIServer pid=214609)[0;0m INFO 09-25 05:30:40 [stats.py:920] | num_tokens_in                   |            360 |              0 |
[0;36m(APIServer pid=214609)[0;0m INFO 09-25 05:30:40 [stats.py:920] | num_tokens_out                  |            480 |              0 |
[0;36m(APIServer pid=214609)[0;0m INFO 09-25 05:30:40 [stats.py:920] | output_unit_count               |            480 |        919,680 |
[0;36m(APIServer pid=214609)[0;0m INFO 09-25 05:30:40 [stats.py:920] | output_unit_type                |         stream |          audio |
[0;36m(APIServer pid=214609)[0;0m INFO 09-25 05:30:40 [stats.py:920] | serving_time_to_first_output_ms |     18,626.099 |     18,662.016 |
[0;36m(APIServer pid=214609)[0;0m INFO 09-25 05:30:40 [stats.py:920] | stage_gen_time_ms               |     18,625.950 |     18,661.791 |
[0;36m(APIServer pid=214609)[0;0m INFO 09-25 05:30:40 [stats.py:920] | time_per_output_unit_ms         |          0.000 |          0.000 |
[0;36m(APIServer pid=214609)[0;0m INFO 09-25 05:30:40 [stats.py:920] | vllm_itl_ms                     |         38.640 |        921.295 |
[0;36m(APIServer pid=214609)[0;0m INFO 09-25 05:30:40 [stats.py:920] | vllm_itls_ms                    | 38.640 (n=479) | 921.295 (n=20) |
[0;36m(APIServer pid=214609)[0;0m INFO 09-25 05:30:40 [stats.py:920] | vllm_tpot_ms                    |         38.640 |          0.000 |
[0;36m(APIServer pid=214609)[0;0m INFO 09-25 05:30:40 [stats.py:920] | vllm_ttft_ms                    |        116.530 |        236.208 |
[0;36m(APIServer pid=214609)[0;0m INFO 09-25 05:30:40 [stats.py:920] +---------------------------------+----------------+----------------+
[0;36m(APIServer pid=214609)[0;0m INFO 09-25 05:30:40 [serving_speech.py:3646] [SpeechE2E] request_id=speech-b4b087882c4a4192 stream=false status=ok total_ms=140533.90 response_bytes=1839404
[0;36m(APIServer pid=214609)[0;0m INFO:     127.0.0.1:34894 - "POST /v1/audio/speech HTTP/1.1" 200 OK
[0;36m(APIServer pid=214609)[0;0m INFO 09-25 05:30:42 [stats.py:811] 
[0;36m(APIServer pid=214609)[0;0m INFO 09-25 05:30:42 [stats.py:811] [Overall Summary]
[0;36m(APIServer pid=214609)[0;0m INFO 09-25 05:30:42 [stats.py:811] +-----------------------------+-------------+
[0;36m(APIServer pid=214609)[0;0m INFO 09-25 05:30:42 [stats.py:811] | Field                       |       Value |
[0;36m(APIServer pid=214609)[0;0m INFO 09-25 05:30:42 [stats.py:811] +-----------------------------+-------------+
[0;36m(APIServer pid=214609)[0;0m INFO 09-25 05:30:42 [stats.py:811] | e2e_requests                |           1 |
[0;36m(APIServer pid=214609)[0;0m INFO 09-25 05:30:42 [stats.py:811] | e2e_wall_time_ms            | 123,298.372 |
[0;36m(APIServer pid=214609)[0;0m INFO 09-25 05:30:42 [stats.py:811] | e2e_total_tokens            |       4,096 |
[0;36m(APIServer pid=214609)[0;0m INFO 09-25 05:30:42 [stats.py:811] | e2e_avg_time_per_request_ms | 123,298.372 |
[0;36m(APIServer pid=214609)[0;0m INFO 09-25 05:30:42 [stats.py:811] | e2e_avg_tokens_per_s        |      33.220 |
[0;36m(APIServer pid=214609)[0;0m INFO 09-25 05:30:42 [stats.py:811] | input_preprocess_time_ms    |       0.054 |
[0;36m(APIServer pid=214609)[0;0m INFO 09-25 05:30:42 [stats.py:811] | e2e_stage_0_wall_time_ms    | 123,259.512 |
[0;36m(APIServer pid=214609)[0;0m INFO 09-25 05:30:42 [stats.py:811] | e2e_stage_1_wall_time_ms    | 123,298.085 |
[0;36m(APIServer pid=214609)[0;0m INFO 09-25 05:30:42 [stats.py:811] +-----------------------------+-------------+
[0;36m(APIServer pid=214609)[0;0m INFO 09-25 05:30:42 [stats.py:837] 
[0;36m(APIServer pid=214609)[0;0m INFO 09-25 05:30:42 [stats.py:837] [RequestE2EStats [request_id=speech-babbf32c7776e2b8-bcff01db]]
[0;36m(APIServer pid=214609)[0;0m INFO 09-25 05:30:42 [stats.py:837] +------------------+-------------+
[0;36m(APIServer pid=214609)[0;0m INFO 09-25 05:30:42 [stats.py:837] | Field            |       Value |
[0;36m(APIServer pid=214609)[0;0m INFO 09-25 05:30:42 [stats.py:837] +------------------+-------------+
[0;36m(APIServer pid=214609)[0;0m INFO 09-25 05:30:42 [stats.py:837] | e2e_total_ms     | 123,298.246 |
[0;36m(APIServer pid=214609)[0;0m INFO 09-25 05:30:42 [stats.py:837] | e2e_total_tokens |       4,096 |
[0;36m(APIServer pid=214609)[0;0m INFO 09-25 05:30:42 [stats.py:837] +------------------+-------------+
[0;36m(APIServer pid=214609)[0;0m INFO 09-25 05:30:42 [stats.py:878] [OmniTiming] req=speech-babbf32c7776e2b8-bcff01db total=123.30s preprocess=0.00s engine=123.30s stages=[0:123.26s,1:123.30s] transfers=[0->1=0.00ms]
[0;36m(APIServer pid=214609)[0;0m INFO 09-25 05:30:42 [stats.py:920] 
[0;36m(APIServer pid=214609)[0;0m INFO 09-25 05:30:42 [stats.py:920] [StageRequestStats [request_id=speech-babbf32c7776e2b8-bcff01db]]
[0;36m(APIServer pid=214609)[0;0m INFO 09-25 05:30:42 [stats.py:920] +---------------------------------+-----------------+-----------------+
[0;36m(APIServer pid=214609)[0;0m INFO 09-25 05:30:42 [stats.py:920] | Field                           |               0 |               1 |
[0;36m(APIServer pid=214609)[0;0m INFO 09-25 05:30:42 [stats.py:920] +---------------------------------+-----------------+-----------------+
[0;36m(APIServer pid=214609)[0;0m INFO 09-25 05:30:42 [stats.py:920] | audio_duration_s                |           0.000 |         298.800 |
[0;36m(APIServer pid=214609)[0;0m INFO 09-25 05:30:42 [stats.py:920] | audio_generated_frames          |               0 |       7,171,200 |
[0;36m(APIServer pid=214609)[0;0m INFO 09-25 05:30:42 [stats.py:920] | audio_sample_rate               |               0 |          24,000 |
[0;36m(APIServer pid=214609)[0;0m INFO 09-25 05:30:42 [stats.py:920] | batch_id                        |           2,565 |           2,646 |
[0;36m(APIServer pid=214609)[0;0m INFO 09-25 05:30:42 [stats.py:920] | batch_size                      |               1 |               1 |
[0;36m(APIServer pid=214609)[0;0m INFO 09-25 05:30:42 [stats.py:920] | inter_output_latencies_ms       |                 |                 |
[0;36m(APIServer pid=214609)[0;0m INFO 09-25 05:30:42 [stats.py:920] | num_tokens_in                   |             360 |               0 |
[0;36m(APIServer pid=214609)[0;0m INFO 09-25 05:30:42 [stats.py:920] | num_tokens_out                  |           3,736 |               0 |
[0;36m(APIServer pid=214609)[0;0m INFO 09-25 05:30:42 [stats.py:920] | output_unit_count               |           3,736 |       7,171,200 |
[0;36m(APIServer pid=214609)[0;0m INFO 09-25 05:30:42 [stats.py:920] | output_unit_type                |          stream |           audio |
[0;36m(APIServer pid=214609)[0;0m INFO 09-25 05:30:42 [stats.py:920] | serving_time_to_first_output_ms |     123,259.013 |     123,297.819 |
[0;36m(APIServer pid=214609)[0;0m INFO 09-25 05:30:42 [stats.py:920] | stage_gen_time_ms               |     123,258.910 |     123,297.697 |
[0;36m(APIServer pid=214609)[0;0m INFO 09-25 05:30:42 [stats.py:920] | time_per_output_unit_ms         |           0.000 |           0.000 |
[0;36m(APIServer pid=214609)[0;0m INFO 09-25 05:30:42 [stats.py:920] | vllm_itl_ms                     |          32.963 |         819.775 |
[0;36m(APIServer pid=214609)[0;0m INFO 09-25 05:30:42 [stats.py:920] | vllm_itls_ms                    | 32.963 (n=3735) | 819.775 (n=150) |
[0;36m(APIServer pid=214609)[0;0m INFO 09-25 05:30:42 [stats.py:920] | vllm_tpot_ms                    |          32.963 |           0.000 |
[0;36m(APIServer pid=214609)[0;0m INFO 09-25 05:30:42 [stats.py:920] | vllm_ttft_ms                    |         140.599 |         325.889 |
[0;36m(APIServer pid=214609)[0;0m INFO 09-25 05:30:42 [stats.py:920] +---------------------------------+-----------------+-----------------+
[0;36m(APIServer pid=214609)[0;0m WARNING 09-25 05:30:42 [serving_speech.py:3633] TTS request speech-babbf32c7776e2b8 failed generation validation; retrying once as speech-810dc9e01982783f with seed=2837890591
[0;36m(APIServer pid=214609)[0;0m INFO 09-25 05:30:42 [serving_speech.py:3070] TTS speech request speech-810dc9e01982783f: model=Base
[0;36m(APIServer pid=214609)[0;0m INFO 09-25 05:30:42 [serving_speech.py:3100] Applied extra_params: {'temperature': 0.9, 'top_k': 50}
[0;36m(APIServer pid=214609)[0;0m INFO 09-25 05:30:43 [stats.py:811] 
[0;36m(APIServer pid=214609)[0;0m INFO 09-25 05:30:43 [stats.py:811] [Overall Summary]
[0;36m(APIServer pid=214609)[0;0m INFO 09-25 05:30:43 [stats.py:811] +-----------------------------+-------------+
[0;36m(APIServer pid=214609)[0;0m INFO 09-25 05:30:43 [stats.py:811] | Field                       |       Value |
[0;36m(APIServer pid=214609)[0;0m INFO 09-25 05:30:43 [stats.py:811] +-----------------------------+-------------+
[0;36m(APIServer pid=214609)[0;0m INFO 09-25 05:30:43 [stats.py:811] | e2e_requests                |           1 |
[0;36m(APIServer pid=214609)[0;0m INFO 09-25 05:30:43 [stats.py:811] | e2e_wall_time_ms            | 122,539.824 |
[0;36m(APIServer pid=214609)[0;0m INFO 09-25 05:30:43 [stats.py:811] | e2e_total_tokens            |       4,096 |
[0;36m(APIServer pid=214609)[0;0m INFO 09-25 05:30:43 [stats.py:811] | e2e_avg_time_per_request_ms | 122,539.824 |
[0;36m(APIServer pid=214609)[0;0m INFO 09-25 05:30:43 [stats.py:811] | e2e_avg_tokens_per_s        |      33.426 |
[0;36m(APIServer pid=214609)[0;0m INFO 09-25 05:30:43 [stats.py:811] | input_preprocess_time_ms    |       0.081 |
[0;36m(APIServer pid=214609)[0;0m INFO 09-25 05:30:43 [stats.py:811] | e2e_stage_0_wall_time_ms    | 122,493.865 |
[0;36m(APIServer pid=214609)[0;0m INFO 09-25 05:30:43 [stats.py:811] | e2e_stage_1_wall_time_ms    | 122,539.371 |
[0;36m(APIServer pid=214609)[0;0m INFO 09-25 05:30:43 [stats.py:811] +-----------------------------+-------------+
[0;36m(APIServer pid=214609)[0;0m INFO 09-25 05:30:43 [stats.py:837] 
[0;36m(APIServer pid=214609)[0;0m INFO 09-25 05:30:43 [stats.py:837] [RequestE2EStats [request_id=speech-83864e7e751e7090-81a01b1d]]
[0;36m(APIServer pid=214609)[0;0m INFO 09-25 05:30:43 [stats.py:837] +------------------+-------------+
[0;36m(APIServer pid=214609)[0;0m INFO 09-25 05:30:43 [stats.py:837] | Field            |       Value |
[0;36m(APIServer pid=214609)[0;0m INFO 09-25 05:30:43 [stats.py:837] +------------------+-------------+
[0;36m(APIServer pid=214609)[0;0m INFO 09-25 05:30:43 [stats.py:837] | e2e_total_ms     | 122,539.636 |
[0;36m(APIServer pid=214609)[0;0m INFO 09-25 05:30:43 [stats.py:837] | e2e_total_tokens |       4,096 |
[0;36m(APIServer pid=214609)[0;0m INFO 09-25 05:30:43 [stats.py:837] +------------------+-------------+
[0;36m(APIServer pid=214609)[0;0m INFO 09-25 05:30:43 [stats.py:878] [OmniTiming] req=speech-83864e7e751e7090-81a01b1d total=122.54s preprocess=0.00s engine=122.54s stages=[0:122.49s,1:122.54s] transfers=[0->1=0.00ms]
[0;36m(APIServer pid=214609)[0;0m INFO 09-25 05:30:43 [stats.py:920] 
[0;36m(APIServer pid=214609)[0;0m INFO 09-25 05:30:43 [stats.py:920] [StageRequestStats [request_id=speech-83864e7e751e7090-81a01b1d]]
[0;36m(APIServer pid=214609)[0;0m INFO 09-25 05:30:43 [stats.py:920] +---------------------------------+-----------------+-----------------+
[0;36m(APIServer pid=214609)[0;0m INFO 09-25 05:30:43 [stats.py:920] | Field                           |               0 |               1 |
[0;36m(APIServer pid=214609)[0;0m INFO 09-25 05:30:43 [stats.py:920] +---------------------------------+-----------------+-----------------+
[0;36m(APIServer pid=214609)[0;0m INFO 09-25 05:30:43 [stats.py:920] | audio_duration_s                |           0.000 |         298.800 |
[0;36m(APIServer pid=214609)[0;0m INFO 09-25 05:30:43 [stats.py:920] | audio_generated_frames          |               0 |       7,171,200 |
[0;36m(APIServer pid=214609)[0;0m INFO 09-25 05:30:43 [stats.py:920] | audio_sample_rate               |               0 |          24,000 |
[0;36m(APIServer pid=214609)[0;0m INFO 09-25 05:30:43 [stats.py:920] | batch_id                        |           2,566 |           2,647 |
[0;36m(APIServer pid=214609)[0;0m INFO 09-25 05:30:43 [stats.py:920] | batch_size                      |               1 |               1 |
[0;36m(APIServer pid=214609)[0;0m INFO 09-25 05:30:43 [stats.py:920] | inter_output_latencies_ms       |                 |                 |
[0;36m(APIServer pid=214609)[0;0m INFO 09-25 05:30:43 [stats.py:920] | num_tokens_in                   |             360 |               0 |
[0;36m(APIServer pid=214609)[0;0m INFO 09-25 05:30:43 [stats.py:920] | num_tokens_out                  |           3,736 |               0 |
[0;36m(APIServer pid=214609)[0;0m INFO 09-25 05:30:43 [stats.py:920] | output_unit_count               |           3,736 |       7,171,200 |
[0;36m(APIServer pid=214609)[0;0m INFO 09-25 05:30:43 [stats.py:920] | output_unit_type                |          stream |           audio |
[0;36m(APIServer pid=214609)[0;0m INFO 09-25 05:30:43 [stats.py:920] | serving_time_to_first_output_ms |     122,493.373 |     122,539.001 |
[0;36m(APIServer pid=214609)[0;0m INFO 09-25 05:30:43 [stats.py:920] | stage_gen_time_ms               |     122,493.144 |     122,538.713 |
[0;36m(APIServer pid=214609)[0;0m INFO 09-25 05:30:43 [stats.py:920] | time_per_output_unit_ms         |           0.000 |           0.000 |
[0;36m(APIServer pid=214609)[0;0m INFO 09-25 05:30:43 [stats.py:920] | vllm_itl_ms                     |          32.764 |         815.073 |
[0;36m(APIServer pid=214609)[0;0m INFO 09-25 05:30:43 [stats.py:920] | vllm_itls_ms                    | 32.764 (n=3735) | 815.073 (n=150) |
[0;36m(APIServer pid=214609)[0;0m INFO 09-25 05:30:43 [stats.py:920] | vllm_tpot_ms                    |          32.764 |           0.000 |
[0;36m(APIServer pid=214609)[0;0m INFO 09-25 05:30:43 [stats.py:920] | vllm_ttft_ms                    |         120.976 |         267.016 |
[0;36m(APIServer pid=214609)[0;0m INFO 09-25 05:30:43 [stats.py:920] +---------------------------------+-----------------+-----------------+
[0;36m(APIServer pid=214609)[0;0m WARNING 09-25 05:30:43 [serving_speech.py:3633] TTS request speech-83864e7e751e7090 failed generation validation; retrying once as speech-a0629a312a6b0263 with seed=2257325046
[0;36m(APIServer pid=214609)[0;0m INFO 09-25 05:30:43 [serving_speech.py:3070] TTS speech request speech-a0629a312a6b0263: model=Base
[0;36m(APIServer pid=214609)[0;0m INFO 09-25 05:30:43 [serving_speech.py:3100] Applied extra_params: {'temperature': 0.9, 'top_k': 50}
[0;36m(APIServer pid=214609)[0;0m INFO 09-25 05:30:52 [stats.py:811] 
[0;36m(APIServer pid=214609)[0;0m INFO 09-25 05:30:52 [stats.py:811] [Overall Summary]
[0;36m(APIServer pid=214609)[0;0m INFO 09-25 05:30:52 [stats.py:811] +-----------------------------+-----------+
[0;36m(APIServer pid=214609)[0;0m INFO 09-25 05:30:52 [stats.py:811] | Field                       |     Value |
[0;36m(APIServer pid=214609)[0;0m INFO 09-25 05:30:52 [stats.py:811] +-----------------------------+-----------+
[0;36m(APIServer pid=214609)[0;0m INFO 09-25 05:30:52 [stats.py:811] | e2e_requests                |         1 |
[0;36m(APIServer pid=214609)[0;0m INFO 09-25 05:30:52 [stats.py:811] | e2e_wall_time_ms            | 9,990.251 |
[0;36m(APIServer pid=214609)[0;0m INFO 09-25 05:30:52 [stats.py:811] | e2e_total_tokens            |       782 |
[0;36m(APIServer pid=214609)[0;0m INFO 09-25 05:30:52 [stats.py:811] | e2e_avg_time_per_request_ms | 9,990.251 |
[0;36m(APIServer pid=214609)[0;0m INFO 09-25 05:30:52 [stats.py:811] | e2e_avg_tokens_per_s        |    78.276 |
[0;36m(APIServer pid=214609)[0;0m INFO 09-25 05:30:52 [stats.py:811] | input_preprocess_time_ms    |     0.080 |
[0;36m(APIServer pid=214609)[0;0m INFO 09-25 05:30:52 [stats.py:811] | e2e_stage_0_wall_time_ms    | 9,951.036 |
[0;36m(APIServer pid=214609)[0;0m INFO 09-25 05:30:52 [stats.py:811] | e2e_stage_1_wall_time_ms    | 9,989.843 |
[0;36m(APIServer pid=214609)[0;0m INFO 09-25 05:30:52 [stats.py:811] +-----------------------------+-----------+
[0;36m(APIServer pid=214609)[0;0m INFO 09-25 05:30:52 [stats.py:837] 
[0;36m(APIServer pid=214609)[0;0m INFO 09-25 05:30:52 [stats.py:837] [RequestE2EStats [request_id=speech-810dc9e01982783f-93d96895]]
[0;36m(APIServer pid=214609)[0;0m INFO 09-25 05:30:52 [stats.py:837] +------------------+-----------+
[0;36m(APIServer pid=214609)[0;0m INFO 09-25 05:30:52 [stats.py:837] | Field            |     Value |
[0;36m(APIServer pid=214609)[0;0m INFO 09-25 05:30:52 [stats.py:837] +------------------+-----------+
[0;36m(APIServer pid=214609)[0;0m INFO 09-25 05:30:52 [stats.py:837] | e2e_total_ms     | 9,990.068 |
[0;36m(APIServer pid=214609)[0;0m INFO 09-25 05:30:52 [stats.py:837] | e2e_total_tokens |       782 |
[0;36m(APIServer pid=214609)[0;0m INFO 09-25 05:30:52 [stats.py:837] +------------------+-----------+
[0;36m(APIServer pid=214609)[0;0m INFO 09-25 05:30:52 [stats.py:878] [OmniTiming] req=speech-810dc9e01982783f-93d96895 total=9.99s preprocess=0.00s engine=9.99s stages=[0:9.95s,1:9.99s] transfers=[0->1=0.00ms]
[0;36m(APIServer pid=214609)[0;0m INFO 09-25 05:30:52 [stats.py:920] 
[0;36m(APIServer pid=214609)[0;0m INFO 09-25 05:30:52 [stats.py:920] [StageRequestStats [request_id=speech-810dc9e01982783f-93d96895]]
[0;36m(APIServer pid=214609)[0;0m INFO 09-25 05:30:52 [stats.py:920] +---------------------------------+----------------+----------------+
[0;36m(APIServer pid=214609)[0;0m INFO 09-25 05:30:52 [stats.py:920] | Field                           |              0 |              1 |
[0;36m(APIServer pid=214609)[0;0m INFO 09-25 05:30:52 [stats.py:920] +---------------------------------+----------------+----------------+
[0;36m(APIServer pid=214609)[0;0m INFO 09-25 05:30:52 [stats.py:920] | audio_duration_s                |          0.000 |         33.680 |
[0;36m(APIServer pid=214609)[0;0m INFO 09-25 05:30:52 [stats.py:920] | audio_generated_frames          |              0 |        808,320 |
[0;36m(APIServer pid=214609)[0;0m INFO 09-25 05:30:52 [stats.py:920] | audio_sample_rate               |              0 |         24,000 |
[0;36m(APIServer pid=214609)[0;0m INFO 09-25 05:30:52 [stats.py:920] | batch_id                        |          2,567 |          2,648 |
[0;36m(APIServer pid=214609)[0;0m INFO 09-25 05:30:52 [stats.py:920] | batch_size                      |              1 |              1 |
[0;36m(APIServer pid=214609)[0;0m INFO 09-25 05:30:52 [stats.py:920] | inter_output_latencies_ms       |                |                |
[0;36m(APIServer pid=214609)[0;0m INFO 09-25 05:30:52 [stats.py:920] | num_tokens_in                   |            360 |              0 |
[0;36m(APIServer pid=214609)[0;0m INFO 09-25 05:30:52 [stats.py:920] | num_tokens_out                  |            422 |              0 |
[0;36m(APIServer pid=214609)[0;0m INFO 09-25 05:30:52 [stats.py:920] | output_unit_count               |            422 |        808,320 |
[0;36m(APIServer pid=214609)[0;0m INFO 09-25 05:30:52 [stats.py:920] | output_unit_type                |         stream |          audio |
[0;36m(APIServer pid=214609)[0;0m INFO 09-25 05:30:52 [stats.py:920] | serving_time_to_first_output_ms |      9,951.051 |      9,989.504 |
[0;36m(APIServer pid=214609)[0;0m INFO 09-25 05:30:52 [stats.py:920] | stage_gen_time_ms               |      9,950.824 |      9,989.185 |
[0;36m(APIServer pid=214609)[0;0m INFO 09-25 05:30:52 [stats.py:920] | time_per_output_unit_ms         |          0.000 |          0.000 |
[0;36m(APIServer pid=214609)[0;0m INFO 09-25 05:30:52 [stats.py:920] | vllm_itl_ms                     |         23.489 |        576.927 |
[0;36m(APIServer pid=214609)[0;0m INFO 09-25 05:30:52 [stats.py:920] | vllm_itls_ms                    | 23.489 (n=421) | 576.927 (n=17) |
[0;36m(APIServer pid=214609)[0;0m INFO 09-25 05:30:52 [stats.py:920] | vllm_tpot_ms                    |         23.489 |          0.000 |
[0;36m(APIServer pid=214609)[0;0m INFO 09-25 05:30:52 [stats.py:920] | vllm_ttft_ms                    |         62.249 |        179.694 |
[0;36m(APIServer pid=214609)[0;0m INFO 09-25 05:30:52 [stats.py:920] +---------------------------------+----------------+----------------+
[0;36m(APIServer pid=214609)[0;0m INFO 09-25 05:30:52 [serving_speech.py:3646] [SpeechE2E] request_id=speech-babbf32c7776e2b8 stream=false status=ok total_ms=133305.29 response_bytes=1616684
[0;36m(APIServer pid=214609)[0;0m INFO:     127.0.0.1:34944 - "POST /v1/audio/speech HTTP/1.1" 200 OK
[0;36m(APIServer pid=214609)[0;0m INFO 09-25 05:30:53 [stats.py:811] 
[0;36m(APIServer pid=214609)[0;0m INFO 09-25 05:30:53 [stats.py:811] [Overall Summary]
[0;36m(APIServer pid=214609)[0;0m INFO 09-25 05:30:53 [stats.py:811] +-----------------------------+-----------+
[0;36m(APIServer pid=214609)[0;0m INFO 09-25 05:30:53 [stats.py:811] | Field                       |     Value |
[0;36m(APIServer pid=214609)[0;0m INFO 09-25 05:30:53 [stats.py:811] +-----------------------------+-----------+
[0;36m(APIServer pid=214609)[0;0m INFO 09-25 05:30:53 [stats.py:811] | e2e_requests                |         1 |
[0;36m(APIServer pid=214609)[0;0m INFO 09-25 05:30:53 [stats.py:811] | e2e_wall_time_ms            | 9,953.297 |
[0;36m(APIServer pid=214609)[0;0m INFO 09-25 05:30:53 [stats.py:811] | e2e_total_tokens            |       811 |
[0;36m(APIServer pid=214609)[0;0m INFO 09-25 05:30:53 [stats.py:811] | e2e_avg_time_per_request_ms | 9,953.297 |
[0;36m(APIServer pid=214609)[0;0m INFO 09-25 05:30:53 [stats.py:811] | e2e_avg_tokens_per_s        |    81.481 |
[0;36m(APIServer pid=214609)[0;0m INFO 09-25 05:30:53 [stats.py:811] | input_preprocess_time_ms    |     0.083 |
[0;36m(APIServer pid=214609)[0;0m INFO 09-25 05:30:53 [stats.py:811] | e2e_stage_0_wall_time_ms    | 9,924.132 |
[0;36m(APIServer pid=214609)[0;0m INFO 09-25 05:30:53 [stats.py:811] | e2e_stage_1_wall_time_ms    | 9,952.891 |
[0;36m(APIServer pid=214609)[0;0m INFO 09-25 05:30:53 [stats.py:811] +-----------------------------+-----------+
[0;36m(APIServer pid=214609)[0;0m INFO 09-25 05:30:53 [stats.py:837] 
[0;36m(APIServer pid=214609)[0;0m INFO 09-25 05:30:53 [stats.py:837] [RequestE2EStats [request_id=speech-a0629a312a6b0263-acad48f7]]
[0;36m(APIServer pid=214609)[0;0m INFO 09-25 05:30:53 [stats.py:837] +------------------+-----------+
[0;36m(APIServer pid=214609)[0;0m INFO 09-25 05:30:53 [stats.py:837] | Field            |     Value |
[0;36m(APIServer pid=214609)[0;0m INFO 09-25 05:30:53 [stats.py:837] +------------------+-----------+
[0;36m(APIServer pid=214609)[0;0m INFO 09-25 05:30:53 [stats.py:837] | e2e_total_ms     | 9,953.108 |
[0;36m(APIServer pid=214609)[0;0m INFO 09-25 05:30:53 [stats.py:837] | e2e_total_tokens |       811 |
[0;36m(APIServer pid=214609)[0;0m INFO 09-25 05:30:53 [stats.py:837] +------------------+-----------+
[0;36m(APIServer pid=214609)[0;0m INFO 09-25 05:30:53 [stats.py:878] [OmniTiming] req=speech-a0629a312a6b0263-acad48f7 total=9.95s preprocess=0.00s engine=9.95s stages=[0:9.92s,1:9.95s] transfers=[0->1=0.00ms]
[0;36m(APIServer pid=214609)[0;0m INFO 09-25 05:30:53 [stats.py:920] 
[0;36m(APIServer pid=214609)[0;0m INFO 09-25 05:30:53 [stats.py:920] [StageRequestStats [request_id=speech-a0629a312a6b0263-acad48f7]]
[0;36m(APIServer pid=214609)[0;0m INFO 09-25 05:30:53 [stats.py:920] +---------------------------------+----------------+----------------+
[0;36m(APIServer pid=214609)[0;0m INFO 09-25 05:30:53 [stats.py:920] | Field                           |              0 |              1 |
[0;36m(APIServer pid=214609)[0;0m INFO 09-25 05:30:53 [stats.py:920] +---------------------------------+----------------+----------------+
[0;36m(APIServer pid=214609)[0;0m INFO 09-25 05:30:53 [stats.py:920] | audio_duration_s                |          0.000 |         36.000 |
[0;36m(APIServer pid=214609)[0;0m INFO 09-25 05:30:53 [stats.py:920] | audio_generated_frames          |              0 |        864,000 |
[0;36m(APIServer pid=214609)[0;0m INFO 09-25 05:30:53 [stats.py:920] | audio_sample_rate               |              0 |         24,000 |
[0;36m(APIServer pid=214609)[0;0m INFO 09-25 05:30:53 [stats.py:920] | batch_id                        |          2,568 |          2,649 |
[0;36m(APIServer pid=214609)[0;0m INFO 09-25 05:30:53 [stats.py:920] | batch_size                      |              1 |              1 |
[0;36m(APIServer pid=214609)[0;0m INFO 09-25 05:30:53 [stats.py:920] | inter_output_latencies_ms       |                |                |
[0;36m(APIServer pid=214609)[0;0m INFO 09-25 05:30:53 [stats.py:920] | num_tokens_in                   |            360 |              0 |
[0;36m(APIServer pid=214609)[0;0m INFO 09-25 05:30:53 [stats.py:920] | num_tokens_out                  |            451 |              0 |
[0;36m(APIServer pid=214609)[0;0m INFO 09-25 05:30:53 [stats.py:920] | output_unit_count               |            451 |        864,000 |
[0;36m(APIServer pid=214609)[0;0m INFO 09-25 05:30:53 [stats.py:920] | output_unit_type                |         stream |          audio |
[0;36m(APIServer pid=214609)[0;0m INFO 09-25 05:30:53 [stats.py:920] | serving_time_to_first_output_ms |      9,923.375 |      9,952.656 |
[0;36m(APIServer pid=214609)[0;0m INFO 09-25 05:30:53 [stats.py:920] | stage_gen_time_ms               |      9,923.129 |      9,952.360 |
[0;36m(APIServer pid=214609)[0;0m INFO 09-25 05:30:53 [stats.py:920] | time_per_output_unit_ms         |          0.000 |          0.000 |
[0;36m(APIServer pid=214609)[0;0m INFO 09-25 05:30:53 [stats.py:920] | vllm_itl_ms                     |         21.946 |        545.367 |
[0;36m(APIServer pid=214609)[0;0m INFO 09-25 05:30:53 [stats.py:920] | vllm_itls_ms                    | 21.946 (n=450) | 545.367 (n=18) |
[0;36m(APIServer pid=214609)[0;0m INFO 09-25 05:30:53 [stats.py:920] | vllm_tpot_ms                    |         21.946 |          0.000 |
[0;36m(APIServer pid=214609)[0;0m INFO 09-25 05:30:53 [stats.py:920] | vllm_ttft_ms                    |         49.190 |        133.671 |
[0;36m(APIServer pid=214609)[0;0m INFO 09-25 05:30:53 [stats.py:920] +---------------------------------+----------------+----------------+
[0;36m(APIServer pid=214609)[0;0m INFO 09-25 05:30:53 [serving_speech.py:3646] [SpeechE2E] request_id=speech-83864e7e751e7090 stream=false status=ok total_ms=132515.65 response_bytes=1728044
[0;36m(APIServer pid=214609)[0;0m INFO:     127.0.0.1:35046 - "POST /v1/audio/speech HTTP/1.1" 200 OK
