[0;36m(APIServer pid=214609)[0;0m INFO:     127.0.0.1:42042 - "GET /v1/audio/voices HTTP/1.1" 200 OK
[0;36m(APIServer pid=214609)[0;0m INFO 09-25 05:24:02 [serving_speech.py:3070] TTS speech request speech-a10a6ecdf39c5ac7: model=Base
[0;36m(APIServer pid=214609)[0;0m INFO 09-25 05:24:03 [stats.py:811] 
[0;36m(APIServer pid=214609)[0;0m INFO 09-25 05:24:03 [stats.py:811] [Overall Summary]
[0;36m(APIServer pid=214609)[0;0m INFO 09-25 05:24:03 [stats.py:811] +-----------------------------+---------+
[0;36m(APIServer pid=214609)[0;0m INFO 09-25 05:24:03 [stats.py:811] | Field                       |   Value |
[0;36m(APIServer pid=214609)[0;0m INFO 09-25 05:24:03 [stats.py:811] +-----------------------------+---------+
[0;36m(APIServer pid=214609)[0;0m INFO 09-25 05:24:03 [stats.py:811] | e2e_requests                |       1 |
[0;36m(APIServer pid=214609)[0;0m INFO 09-25 05:24:03 [stats.py:811] | e2e_wall_time_ms            | 983.454 |
[0;36m(APIServer pid=214609)[0;0m INFO 09-25 05:24:03 [stats.py:811] | e2e_total_tokens            |     367 |
[0;36m(APIServer pid=214609)[0;0m INFO 09-25 05:24:03 [stats.py:811] | e2e_avg_time_per_request_ms | 983.454 |
[0;36m(APIServer pid=214609)[0;0m INFO 09-25 05:24:03 [stats.py:811] | e2e_avg_tokens_per_s        | 373.174 |
[0;36m(APIServer pid=214609)[0;0m INFO 09-25 05:24:03 [stats.py:811] | input_preprocess_time_ms    |   0.058 |
[0;36m(APIServer pid=214609)[0;0m INFO 09-25 05:24:03 [stats.py:811] | e2e_stage_0_wall_time_ms    | 957.540 |
[0;36m(APIServer pid=214609)[0;0m INFO 09-25 05:24:03 [stats.py:811] | e2e_stage_1_wall_time_ms    | 983.149 |
[0;36m(APIServer pid=214609)[0;0m INFO 09-25 05:24:03 [stats.py:811] +-----------------------------+---------+
[0;36m(APIServer pid=214609)[0;0m INFO 09-25 05:24:03 [stats.py:837] 
[0;36m(APIServer pid=214609)[0;0m INFO 09-25 05:24:03 [stats.py:837] [RequestE2EStats [request_id=speech-a10a6ecdf39c5ac7-99df8204]]
[0;36m(APIServer pid=214609)[0;0m INFO 09-25 05:24:03 [stats.py:837] +------------------+---------+
[0;36m(APIServer pid=214609)[0;0m INFO 09-25 05:24:03 [stats.py:837] | Field            |   Value |
[0;36m(APIServer pid=214609)[0;0m INFO 09-25 05:24:03 [stats.py:837] +------------------+---------+
[0;36m(APIServer pid=214609)[0;0m INFO 09-25 05:24:03 [stats.py:837] | e2e_total_ms     | 983.319 |
[0;36m(APIServer pid=214609)[0;0m INFO 09-25 05:24:03 [stats.py:837] | e2e_total_tokens |     367 |
[0;36m(APIServer pid=214609)[0;0m INFO 09-25 05:24:03 [stats.py:837] +------------------+---------+
[0;36m(APIServer pid=214609)[0;0m INFO 09-25 05:24:03 [stats.py:878] [OmniTiming] req=speech-a10a6ecdf39c5ac7-99df8204 total=0.98s preprocess=0.00s engine=0.98s stages=[0:0.96s,1:0.98s] transfers=[0->1=0.00ms]
[0;36m(APIServer pid=214609)[0;0m INFO 09-25 05:24:03 [stats.py:920] 
[0;36m(APIServer pid=214609)[0;0m INFO 09-25 05:24:03 [stats.py:920] [StageRequestStats [request_id=speech-a10a6ecdf39c5ac7-99df8204]]
[0;36m(APIServer pid=214609)[0;0m INFO 09-25 05:24:03 [stats.py:920] +---------------------------------+---------------+---------------+
[0;36m(APIServer pid=214609)[0;0m INFO 09-25 05:24:03 [stats.py:920] | Field                           |             0 |             1 |
[0;36m(APIServer pid=214609)[0;0m INFO 09-25 05:24:03 [stats.py:920] +---------------------------------+---------------+---------------+
[0;36m(APIServer pid=214609)[0;0m INFO 09-25 05:24:03 [stats.py:920] | audio_duration_s                |         0.000 |         5.200 |
[0;36m(APIServer pid=214609)[0;0m INFO 09-25 05:24:03 [stats.py:920] | audio_generated_frames          |             0 |       124,800 |
[0;36m(APIServer pid=214609)[0;0m INFO 09-25 05:24:03 [stats.py:920] | audio_sample_rate               |             0 |        24,000 |
[0;36m(APIServer pid=214609)[0;0m INFO 09-25 05:24:03 [stats.py:920] | batch_id                        |         2,333 |         2,414 |
[0;36m(APIServer pid=214609)[0;0m INFO 09-25 05:24:03 [stats.py:920] | batch_size                      |             1 |             1 |
[0;36m(APIServer pid=214609)[0;0m INFO 09-25 05:24:03 [stats.py:920] | inter_output_latencies_ms       |               |               |
[0;36m(APIServer pid=214609)[0;0m INFO 09-25 05:24:03 [stats.py:920] | num_tokens_in                   |           301 |             0 |
[0;36m(APIServer pid=214609)[0;0m INFO 09-25 05:24:03 [stats.py:920] | num_tokens_out                  |            66 |             0 |
[0;36m(APIServer pid=214609)[0;0m INFO 09-25 05:24:03 [stats.py:920] | output_unit_count               |            66 |       124,800 |
[0;36m(APIServer pid=214609)[0;0m INFO 09-25 05:24:03 [stats.py:920] | output_unit_type                |        stream |         audio |
[0;36m(APIServer pid=214609)[0;0m INFO 09-25 05:24:03 [stats.py:920] | serving_time_to_first_output_ms |       957.152 |       982.870 |
[0;36m(APIServer pid=214609)[0;0m INFO 09-25 05:24:03 [stats.py:920] | stage_gen_time_ms               |       956.997 |       982.657 |
[0;36m(APIServer pid=214609)[0;0m INFO 09-25 05:24:03 [stats.py:920] | time_per_output_unit_ms         |         0.001 |         0.000 |
[0;36m(APIServer pid=214609)[0;0m INFO 09-25 05:24:03 [stats.py:920] | vllm_itl_ms                     |        14.280 |       292.903 |
[0;36m(APIServer pid=214609)[0;0m INFO 09-25 05:24:03 [stats.py:920] | vllm_itls_ms                    | 14.280 (n=65) | 292.903 (n=3) |
[0;36m(APIServer pid=214609)[0;0m INFO 09-25 05:24:03 [stats.py:920] | vllm_tpot_ms                    |        14.280 |         0.000 |
[0;36m(APIServer pid=214609)[0;0m INFO 09-25 05:24:03 [stats.py:920] | vllm_ttft_ms                    |        27.987 |       105.874 |
[0;36m(APIServer pid=214609)[0;0m INFO 09-25 05:24:03 [stats.py:920] +---------------------------------+---------------+---------------+
[0;36m(APIServer pid=214609)[0;0m INFO 09-25 05:24:03 [serving_speech.py:3646] [SpeechE2E] request_id=speech-a10a6ecdf39c5ac7 stream=false status=ok total_ms=990.31 response_bytes=249644
[0;36m(APIServer pid=214609)[0;0m INFO:     127.0.0.1:42054 - "POST /v1/audio/speech HTTP/1.1" 200 OK
[0;36m(APIServer pid=214609)[0;0m WARNING 09-25 05:24:03 [serving_speech.py:3689] [SpeechE2E] request_id=speech-ad73b8697e8211b2 stream=False status=bad_request total_ms=0.12 error=Invalid language 'Urdu'. Supported: Auto, Chinese, English, French, German, Italian, Japanese, Korean, Portuguese, Russian, Spanish
[0;36m(APIServer pid=214609)[0;0m INFO:     127.0.0.1:42054 - "POST /v1/audio/speech HTTP/1.1" 400 Bad Request
[0;36m(APIServer pid=214609)[0;0m INFO 09-25 05:24:03 [serving_speech.py:3070] TTS speech request speech-ad15398bea4e9f9d: model=Base
[0;36m(APIServer pid=214609)[0;0m INFO 09-25 05:24:04 [stats.py:811] 
[0;36m(APIServer pid=214609)[0;0m INFO 09-25 05:24:04 [stats.py:811] [Overall Summary]
[0;36m(APIServer pid=214609)[0;0m INFO 09-25 05:24:04 [stats.py:811] +-----------------------------+-----------+
[0;36m(APIServer pid=214609)[0;0m INFO 09-25 05:24:04 [stats.py:811] | Field                       |     Value |
[0;36m(APIServer pid=214609)[0;0m INFO 09-25 05:24:04 [stats.py:811] +-----------------------------+-----------+
[0;36m(APIServer pid=214609)[0;0m INFO 09-25 05:24:04 [stats.py:811] | e2e_requests                |         1 |
[0;36m(APIServer pid=214609)[0;0m INFO 09-25 05:24:04 [stats.py:811] | e2e_wall_time_ms            | 1,041.744 |
[0;36m(APIServer pid=214609)[0;0m INFO 09-25 05:24:04 [stats.py:811] | e2e_total_tokens            |       371 |
[0;36m(APIServer pid=214609)[0;0m INFO 09-25 05:24:04 [stats.py:811] | e2e_avg_time_per_request_ms | 1,041.744 |
[0;36m(APIServer pid=214609)[0;0m INFO 09-25 05:24:04 [stats.py:811] | e2e_avg_tokens_per_s        |   356.134 |
[0;36m(APIServer pid=214609)[0;0m INFO 09-25 05:24:04 [stats.py:811] | input_preprocess_time_ms    |     0.050 |
[0;36m(APIServer pid=214609)[0;0m INFO 09-25 05:24:04 [stats.py:811] | e2e_stage_0_wall_time_ms    | 1,015.465 |
[0;36m(APIServer pid=214609)[0;0m INFO 09-25 05:24:04 [stats.py:811] | e2e_stage_1_wall_time_ms    | 1,041.322 |
[0;36m(APIServer pid=214609)[0;0m INFO 09-25 05:24:04 [stats.py:811] +-----------------------------+-----------+
[0;36m(APIServer pid=214609)[0;0m INFO 09-25 05:24:04 [stats.py:837] 
[0;36m(APIServer pid=214609)[0;0m INFO 09-25 05:24:04 [stats.py:837] [RequestE2EStats [request_id=speech-ad15398bea4e9f9d-a29980fb]]
[0;36m(APIServer pid=214609)[0;0m INFO 09-25 05:24:04 [stats.py:837] +------------------+-----------+
[0;36m(APIServer pid=214609)[0;0m INFO 09-25 05:24:04 [stats.py:837] | Field            |     Value |
[0;36m(APIServer pid=214609)[0;0m INFO 09-25 05:24:04 [stats.py:837] +------------------+-----------+
[0;36m(APIServer pid=214609)[0;0m INFO 09-25 05:24:04 [stats.py:837] | e2e_total_ms     | 1,041.629 |
[0;36m(APIServer pid=214609)[0;0m INFO 09-25 05:24:04 [stats.py:837] | e2e_total_tokens |       371 |
[0;36m(APIServer pid=214609)[0;0m INFO 09-25 05:24:04 [stats.py:837] +------------------+-----------+
[0;36m(APIServer pid=214609)[0;0m INFO 09-25 05:24:04 [stats.py:878] [OmniTiming] req=speech-ad15398bea4e9f9d-a29980fb total=1.04s preprocess=0.00s engine=1.04s stages=[0:1.02s,1:1.04s] transfers=[0->1=0.00ms]
[0;36m(APIServer pid=214609)[0;0m INFO 09-25 05:24:04 [stats.py:920] 
[0;36m(APIServer pid=214609)[0;0m INFO 09-25 05:24:04 [stats.py:920] [StageRequestStats [request_id=speech-ad15398bea4e9f9d-a29980fb]]
[0;36m(APIServer pid=214609)[0;0m INFO 09-25 05:24:04 [stats.py:920] +---------------------------------+---------------+---------------+
[0;36m(APIServer pid=214609)[0;0m INFO 09-25 05:24:04 [stats.py:920] | Field                           |             0 |             1 |
[0;36m(APIServer pid=214609)[0;0m INFO 09-25 05:24:04 [stats.py:920] +---------------------------------+---------------+---------------+
[0;36m(APIServer pid=214609)[0;0m INFO 09-25 05:24:04 [stats.py:920] | audio_duration_s                |         0.000 |         5.600 |
[0;36m(APIServer pid=214609)[0;0m INFO 09-25 05:24:04 [stats.py:920] | audio_generated_frames          |             0 |       134,400 |
[0;36m(APIServer pid=214609)[0;0m INFO 09-25 05:24:04 [stats.py:920] | audio_sample_rate               |             0 |        24,000 |
[0;36m(APIServer pid=214609)[0;0m INFO 09-25 05:24:04 [stats.py:920] | batch_id                        |         2,334 |         2,415 |
[0;36m(APIServer pid=214609)[0;0m INFO 09-25 05:24:04 [stats.py:920] | batch_size                      |             1 |             1 |
[0;36m(APIServer pid=214609)[0;0m INFO 09-25 05:24:04 [stats.py:920] | inter_output_latencies_ms       |               |               |
[0;36m(APIServer pid=214609)[0;0m INFO 09-25 05:24:04 [stats.py:920] | num_tokens_in                   |           300 |             0 |
[0;36m(APIServer pid=214609)[0;0m INFO 09-25 05:24:04 [stats.py:920] | num_tokens_out                  |            71 |             0 |
[0;36m(APIServer pid=214609)[0;0m INFO 09-25 05:24:04 [stats.py:920] | output_unit_count               |            71 |       134,400 |
[0;36m(APIServer pid=214609)[0;0m INFO 09-25 05:24:04 [stats.py:920] | output_unit_type                |        stream |         audio |
[0;36m(APIServer pid=214609)[0;0m INFO 09-25 05:24:04 [stats.py:920] | serving_time_to_first_output_ms |     1,015.352 |     1,041.416 |
[0;36m(APIServer pid=214609)[0;0m INFO 09-25 05:24:04 [stats.py:920] | stage_gen_time_ms               |     1,015.114 |     1,041.107 |
[0;36m(APIServer pid=214609)[0;0m INFO 09-25 05:24:04 [stats.py:920] | time_per_output_unit_ms         |         0.001 |         0.000 |
[0;36m(APIServer pid=214609)[0;0m INFO 09-25 05:24:04 [stats.py:920] | vllm_itl_ms                     |        14.090 |       312.384 |
[0;36m(APIServer pid=214609)[0;0m INFO 09-25 05:24:04 [stats.py:920] | vllm_itls_ms                    | 14.090 (n=70) | 312.384 (n=3) |
[0;36m(APIServer pid=214609)[0;0m INFO 09-25 05:24:04 [stats.py:920] | vllm_tpot_ms                    |        14.090 |         0.000 |
[0;36m(APIServer pid=214609)[0;0m INFO 09-25 05:24:04 [stats.py:920] | vllm_ttft_ms                    |        29.019 |       105.436 |
[0;36m(APIServer pid=214609)[0;0m INFO 09-25 05:24:04 [stats.py:920] +---------------------------------+---------------+---------------+
[0;36m(APIServer pid=214609)[0;0m INFO 09-25 05:24:04 [serving_speech.py:3646] [SpeechE2E] request_id=speech-ad15398bea4e9f9d stream=false status=ok total_ms=1049.10 response_bytes=268844
[0;36m(APIServer pid=214609)[0;0m INFO:     127.0.0.1:42054 - "POST /v1/audio/speech HTTP/1.1" 200 OK
[0;36m(APIServer pid=214609)[0;0m INFO 09-25 05:24:04 [serving_speech.py:3070] TTS speech request speech-9af1fc79bb77de85: model=Base
[0;36m(APIServer pid=214609)[0;0m INFO 09-25 05:24:04 [serving_speech.py:3100] Applied extra_params: {'repetition_penalty': 1.05, 'temperature': 0.9, 'top_k': 50}
[0;36m(APIServer pid=214609)[0;0m INFO 09-25 05:24:04 [stats.py:811] 
[0;36m(APIServer pid=214609)[0;0m INFO 09-25 05:24:04 [stats.py:811] [Overall Summary]
[0;36m(APIServer pid=214609)[0;0m INFO 09-25 05:24:04 [stats.py:811] +-----------------------------+---------+
[0;36m(APIServer pid=214609)[0;0m INFO 09-25 05:24:04 [stats.py:811] | Field                       |   Value |
[0;36m(APIServer pid=214609)[0;0m INFO 09-25 05:24:04 [stats.py:811] +-----------------------------+---------+
[0;36m(APIServer pid=214609)[0;0m INFO 09-25 05:24:04 [stats.py:811] | e2e_requests                |       1 |
[0;36m(APIServer pid=214609)[0;0m INFO 09-25 05:24:04 [stats.py:811] | e2e_wall_time_ms            | 346.955 |
[0;36m(APIServer pid=214609)[0;0m INFO 09-25 05:24:04 [stats.py:811] | e2e_total_tokens            |     320 |
[0;36m(APIServer pid=214609)[0;0m INFO 09-25 05:24:04 [stats.py:811] | e2e_avg_time_per_request_ms | 346.955 |
[0;36m(APIServer pid=214609)[0;0m INFO 09-25 05:24:04 [stats.py:811] | e2e_avg_tokens_per_s        | 922.309 |
[0;36m(APIServer pid=214609)[0;0m INFO 09-25 05:24:04 [stats.py:811] | input_preprocess_time_ms    |   0.056 |
[0;36m(APIServer pid=214609)[0;0m INFO 09-25 05:24:04 [stats.py:811] | e2e_stage_0_wall_time_ms    | 319.993 |
[0;36m(APIServer pid=214609)[0;0m INFO 09-25 05:24:04 [stats.py:811] | e2e_stage_1_wall_time_ms    | 346.655 |
[0;36m(APIServer pid=214609)[0;0m INFO 09-25 05:24:04 [stats.py:811] +-----------------------------+---------+
[0;36m(APIServer pid=214609)[0;0m INFO 09-25 05:24:04 [stats.py:837] 
[0;36m(APIServer pid=214609)[0;0m INFO 09-25 05:24:04 [stats.py:837] [RequestE2EStats [request_id=speech-9af1fc79bb77de85-9172a7c1]]
[0;36m(APIServer pid=214609)[0;0m INFO 09-25 05:24:04 [stats.py:837] +------------------+---------+
[0;36m(APIServer pid=214609)[0;0m INFO 09-25 05:24:04 [stats.py:837] | Field            |   Value |
[0;36m(APIServer pid=214609)[0;0m INFO 09-25 05:24:04 [stats.py:837] +------------------+---------+
[0;36m(APIServer pid=214609)[0;0m INFO 09-25 05:24:04 [stats.py:837] | e2e_total_ms     | 346.827 |
[0;36m(APIServer pid=214609)[0;0m INFO 09-25 05:24:04 [stats.py:837] | e2e_total_tokens |     320 |
[0;36m(APIServer pid=214609)[0;0m INFO 09-25 05:24:04 [stats.py:837] +------------------+---------+
[0;36m(APIServer pid=214609)[0;0m INFO 09-25 05:24:04 [stats.py:878] [OmniTiming] req=speech-9af1fc79bb77de85-9172a7c1 total=0.35s preprocess=0.00s engine=0.35s stages=[0:0.32s,1:0.35s] transfers=[0->1=0.00ms]
[0;36m(APIServer pid=214609)[0;0m INFO 09-25 05:24:04 [stats.py:920] 
[0;36m(APIServer pid=214609)[0;0m INFO 09-25 05:24:04 [stats.py:920] [StageRequestStats [request_id=speech-9af1fc79bb77de85-9172a7c1]]
[0;36m(APIServer pid=214609)[0;0m INFO 09-25 05:24:04 [stats.py:920] +---------------------------------+---------------+---------------+
[0;36m(APIServer pid=214609)[0;0m INFO 09-25 05:24:04 [stats.py:920] | Field                           |             0 |             1 |
[0;36m(APIServer pid=214609)[0;0m INFO 09-25 05:24:04 [stats.py:920] +---------------------------------+---------------+---------------+
[0;36m(APIServer pid=214609)[0;0m INFO 09-25 05:24:04 [stats.py:920] | audio_duration_s                |         0.000 |         1.520 |
[0;36m(APIServer pid=214609)[0;0m INFO 09-25 05:24:04 [stats.py:920] | audio_generated_frames          |             0 |        36,480 |
[0;36m(APIServer pid=214609)[0;0m INFO 09-25 05:24:04 [stats.py:920] | audio_sample_rate               |             0 |        24,000 |
[0;36m(APIServer pid=214609)[0;0m INFO 09-25 05:24:04 [stats.py:920] | batch_id                        |         2,335 |         2,416 |
[0;36m(APIServer pid=214609)[0;0m INFO 09-25 05:24:04 [stats.py:920] | batch_size                      |             1 |             1 |
[0;36m(APIServer pid=214609)[0;0m INFO 09-25 05:24:04 [stats.py:920] | inter_output_latencies_ms       |               |               |
[0;36m(APIServer pid=214609)[0;0m INFO 09-25 05:24:04 [stats.py:920] | num_tokens_in                   |           300 |             0 |
[0;36m(APIServer pid=214609)[0;0m INFO 09-25 05:24:04 [stats.py:920] | num_tokens_out                  |            20 |             0 |
[0;36m(APIServer pid=214609)[0;0m INFO 09-25 05:24:04 [stats.py:920] | output_unit_count               |            20 |        36,480 |
[0;36m(APIServer pid=214609)[0;0m INFO 09-25 05:24:04 [stats.py:920] | output_unit_type                |        stream |         audio |
[0;36m(APIServer pid=214609)[0;0m INFO 09-25 05:24:04 [stats.py:920] | serving_time_to_first_output_ms |       319.870 |       345.972 |
[0;36m(APIServer pid=214609)[0;0m INFO 09-25 05:24:04 [stats.py:920] | stage_gen_time_ms               |       319.757 |       345.759 |
[0;36m(APIServer pid=214609)[0;0m INFO 09-25 05:24:04 [stats.py:920] | time_per_output_unit_ms         |         0.005 |         0.000 |
[0;36m(APIServer pid=214609)[0;0m INFO 09-25 05:24:04 [stats.py:920] | vllm_itl_ms                     |        15.318 |       238.343 |
[0;36m(APIServer pid=214609)[0;0m INFO 09-25 05:24:04 [stats.py:920] | vllm_itls_ms                    | 15.318 (n=19) | 238.343 (n=1) |
[0;36m(APIServer pid=214609)[0;0m INFO 09-25 05:24:04 [stats.py:920] | vllm_tpot_ms                    |        15.318 |         0.000 |
[0;36m(APIServer pid=214609)[0;0m INFO 09-25 05:24:04 [stats.py:920] | vllm_ttft_ms                    |        26.532 |       106.795 |
[0;36m(APIServer pid=214609)[0;0m INFO 09-25 05:24:04 [stats.py:920] +---------------------------------+---------------+---------------+
[0;36m(APIServer pid=214609)[0;0m INFO 09-25 05:24:04 [serving_speech.py:3646] [SpeechE2E] request_id=speech-9af1fc79bb77de85 stream=false status=ok total_ms=352.99 response_bytes=73004
[0;36m(APIServer pid=214609)[0;0m INFO:     127.0.0.1:42084 - "POST /v1/audio/speech HTTP/1.1" 200 OK
[0;36m(APIServer pid=214609)[0;0m INFO 09-25 05:24:04 [serving_speech.py:3070] TTS speech request speech-860622935bfbce0e: model=Base
[0;36m(APIServer pid=214609)[0;0m INFO 09-25 05:24:04 [serving_speech.py:3100] Applied extra_params: {'repetition_penalty': 1.05, 'temperature': 0.9, 'top_k': 50}
[0;36m(APIServer pid=214609)[0;0m INFO 09-25 05:24:05 [stats.py:811] 
[0;36m(APIServer pid=214609)[0;0m INFO 09-25 05:24:05 [stats.py:811] [Overall Summary]
[0;36m(APIServer pid=214609)[0;0m INFO 09-25 05:24:05 [stats.py:811] +-----------------------------+---------+
[0;36m(APIServer pid=214609)[0;0m INFO 09-25 05:24:05 [stats.py:811] | Field                       |   Value |
[0;36m(APIServer pid=214609)[0;0m INFO 09-25 05:24:05 [stats.py:811] +-----------------------------+---------+
[0;36m(APIServer pid=214609)[0;0m INFO 09-25 05:24:05 [stats.py:811] | e2e_requests                |       1 |
[0;36m(APIServer pid=214609)[0;0m INFO 09-25 05:24:05 [stats.py:811] | e2e_wall_time_ms            | 665.735 |
[0;36m(APIServer pid=214609)[0;0m INFO 09-25 05:24:05 [stats.py:811] | e2e_total_tokens            |     343 |
[0;36m(APIServer pid=214609)[0;0m INFO 09-25 05:24:05 [stats.py:811] | e2e_avg_time_per_request_ms | 665.735 |
[0;36m(APIServer pid=214609)[0;0m INFO 09-25 05:24:05 [stats.py:811] | e2e_avg_tokens_per_s        | 515.220 |
[0;36m(APIServer pid=214609)[0;0m INFO 09-25 05:24:05 [stats.py:811] | input_preprocess_time_ms    |   0.057 |
[0;36m(APIServer pid=214609)[0;0m INFO 09-25 05:24:05 [stats.py:811] | e2e_stage_0_wall_time_ms    | 634.285 |
[0;36m(APIServer pid=214609)[0;0m INFO 09-25 05:24:05 [stats.py:811] | e2e_stage_1_wall_time_ms    | 665.437 |
[0;36m(APIServer pid=214609)[0;0m INFO 09-25 05:24:05 [stats.py:811] +-----------------------------+---------+
[0;36m(APIServer pid=214609)[0;0m INFO 09-25 05:24:05 [stats.py:837] 
[0;36m(APIServer pid=214609)[0;0m INFO 09-25 05:24:05 [stats.py:837] [RequestE2EStats [request_id=speech-860622935bfbce0e-bb85abe5]]
[0;36m(APIServer pid=214609)[0;0m INFO 09-25 05:24:05 [stats.py:837] +------------------+---------+
[0;36m(APIServer pid=214609)[0;0m INFO 09-25 05:24:05 [stats.py:837] | Field            |   Value |
[0;36m(APIServer pid=214609)[0;0m INFO 09-25 05:24:05 [stats.py:837] +------------------+---------+
[0;36m(APIServer pid=214609)[0;0m INFO 09-25 05:24:05 [stats.py:837] | e2e_total_ms     | 665.613 |
[0;36m(APIServer pid=214609)[0;0m INFO 09-25 05:24:05 [stats.py:837] | e2e_total_tokens |     343 |
[0;36m(APIServer pid=214609)[0;0m INFO 09-25 05:24:05 [stats.py:837] +------------------+---------+
[0;36m(APIServer pid=214609)[0;0m INFO 09-25 05:24:05 [stats.py:878] [OmniTiming] req=speech-860622935bfbce0e-bb85abe5 total=0.67s preprocess=0.00s engine=0.67s stages=[0:0.63s,1:0.66s] transfers=[0->1=0.00ms]
[0;36m(APIServer pid=214609)[0;0m INFO 09-25 05:24:05 [stats.py:920] 
[0;36m(APIServer pid=214609)[0;0m INFO 09-25 05:24:05 [stats.py:920] [StageRequestStats [request_id=speech-860622935bfbce0e-bb85abe5]]
[0;36m(APIServer pid=214609)[0;0m INFO 09-25 05:24:05 [stats.py:920] +---------------------------------+---------------+---------------+
[0;36m(APIServer pid=214609)[0;0m INFO 09-25 05:24:05 [stats.py:920] | Field                           |             0 |             1 |
[0;36m(APIServer pid=214609)[0;0m INFO 09-25 05:24:05 [stats.py:920] +---------------------------------+---------------+---------------+
[0;36m(APIServer pid=214609)[0;0m INFO 09-25 05:24:05 [stats.py:920] | audio_duration_s                |         0.000 |         3.360 |
[0;36m(APIServer pid=214609)[0;0m INFO 09-25 05:24:05 [stats.py:920] | audio_generated_frames          |             0 |        80,640 |
[0;36m(APIServer pid=214609)[0;0m INFO 09-25 05:24:05 [stats.py:920] | audio_sample_rate               |             0 |        24,000 |
[0;36m(APIServer pid=214609)[0;0m INFO 09-25 05:24:05 [stats.py:920] | batch_id                        |         2,336 |         2,417 |
[0;36m(APIServer pid=214609)[0;0m INFO 09-25 05:24:05 [stats.py:920] | batch_size                      |             1 |             1 |
[0;36m(APIServer pid=214609)[0;0m INFO 09-25 05:24:05 [stats.py:920] | inter_output_latencies_ms       |               |               |
[0;36m(APIServer pid=214609)[0;0m INFO 09-25 05:24:05 [stats.py:920] | num_tokens_in                   |           300 |             0 |
[0;36m(APIServer pid=214609)[0;0m INFO 09-25 05:24:05 [stats.py:920] | num_tokens_out                  |            43 |             0 |
[0;36m(APIServer pid=214609)[0;0m INFO 09-25 05:24:05 [stats.py:920] | output_unit_count               |            43 |        80,640 |
[0;36m(APIServer pid=214609)[0;0m INFO 09-25 05:24:05 [stats.py:920] | output_unit_type                |        stream |         audio |
[0;36m(APIServer pid=214609)[0;0m INFO 09-25 05:24:05 [stats.py:920] | serving_time_to_first_output_ms |       634.182 |       664.549 |
[0;36m(APIServer pid=214609)[0;0m INFO 09-25 05:24:05 [stats.py:920] | stage_gen_time_ms               |       634.081 |       664.399 |
[0;36m(APIServer pid=214609)[0;0m INFO 09-25 05:24:05 [stats.py:920] | time_per_output_unit_ms         |         0.002 |         0.000 |
[0;36m(APIServer pid=214609)[0;0m INFO 09-25 05:24:05 [stats.py:920] | vllm_itl_ms                     |        14.458 |       278.832 |
[0;36m(APIServer pid=214609)[0;0m INFO 09-25 05:24:05 [stats.py:920] | vllm_itls_ms                    | 14.458 (n=42) | 278.832 (n=2) |
[0;36m(APIServer pid=214609)[0;0m INFO 09-25 05:24:05 [stats.py:920] | vllm_tpot_ms                    |        14.458 |         0.000 |
[0;36m(APIServer pid=214609)[0;0m INFO 09-25 05:24:05 [stats.py:920] | vllm_ttft_ms                    |        29.267 |       103.681 |
[0;36m(APIServer pid=214609)[0;0m INFO 09-25 05:24:05 [stats.py:920] +---------------------------------+---------------+---------------+
[0;36m(APIServer pid=214609)[0;0m INFO 09-25 05:24:05 [serving_speech.py:3646] [SpeechE2E] request_id=speech-860622935bfbce0e stream=false status=ok total_ms=676.35 response_bytes=161324
[0;36m(APIServer pid=214609)[0;0m INFO:     127.0.0.1:42084 - "POST /v1/audio/speech HTTP/1.1" 200 OK
[0;36m(APIServer pid=214609)[0;0m INFO 09-25 05:24:05 [serving_speech.py:3070] TTS speech request speech-b61782cd340fee73: model=Base
[0;36m(APIServer pid=214609)[0;0m INFO 09-25 05:24:05 [serving_speech.py:3100] Applied extra_params: {'repetition_penalty': 1.05, 'temperature': 0.9, 'top_k': 50}
[0;36m(APIServer pid=214609)[0;0m INFO 09-25 05:24:05 [serving_speech.py:3070] TTS speech request speech-b27d411474b6d23a: model=Base
[0;36m(APIServer pid=214609)[0;0m INFO 09-25 05:24:05 [serving_speech.py:3100] Applied extra_params: {'repetition_penalty': 1.05, 'temperature': 0.9, 'top_k': 50}
[0;36m(APIServer pid=214609)[0;0m INFO 09-25 05:24:05 [serving_speech.py:3070] TTS speech request speech-925e999ee93a0cb9: model=Base
[0;36m(APIServer pid=214609)[0;0m INFO 09-25 05:24:05 [serving_speech.py:3100] Applied extra_params: {'repetition_penalty': 1.05, 'temperature': 0.9, 'top_k': 50}
[0;36m(APIServer pid=214609)[0;0m INFO 09-25 05:24:05 [serving_speech.py:3070] TTS speech request speech-81f9e3a69dd18adb: model=Base
[0;36m(APIServer pid=214609)[0;0m INFO 09-25 05:24:05 [serving_speech.py:3100] Applied extra_params: {'repetition_penalty': 1.05, 'temperature': 0.9, 'top_k': 50}
[0;36m(APIServer pid=214609)[0;0m INFO 09-25 05:24:05 [serving_speech.py:3070] TTS speech request speech-83af210992467157: model=Base
[0;36m(APIServer pid=214609)[0;0m INFO 09-25 05:24:05 [serving_speech.py:3100] Applied extra_params: {'repetition_penalty': 1.05, 'temperature': 0.9, 'top_k': 50}
[0;36m(APIServer pid=214609)[0;0m INFO 09-25 05:24:05 [serving_speech.py:3070] TTS speech request speech-8654625d5b0c869f: model=Base
[0;36m(APIServer pid=214609)[0;0m INFO 09-25 05:24:05 [serving_speech.py:3100] Applied extra_params: {'repetition_penalty': 1.05, 'temperature': 0.9, 'top_k': 50}
[0;36m(APIServer pid=214609)[0;0m INFO 09-25 05:24:05 [serving_speech.py:3070] TTS speech request speech-a4081aa283b8c843: model=Base
[0;36m(APIServer pid=214609)[0;0m INFO 09-25 05:24:05 [serving_speech.py:3100] Applied extra_params: {'repetition_penalty': 1.05, 'temperature': 0.9, 'top_k': 50}
[0;36m(APIServer pid=214609)[0;0m INFO 09-25 05:24:05 [serving_speech.py:3070] TTS speech request speech-856909cd64645e3e: model=Base
[0;36m(APIServer pid=214609)[0;0m INFO 09-25 05:24:05 [serving_speech.py:3100] Applied extra_params: {'repetition_penalty': 1.05, 'temperature': 0.9, 'top_k': 50}
[0;36m(APIServer pid=214609)[0;0m INFO 09-25 05:24:05 [serving_speech.py:3070] TTS speech request speech-87151b725ff19d75: model=Base
[0;36m(APIServer pid=214609)[0;0m INFO 09-25 05:24:05 [serving_speech.py:3100] Applied extra_params: {'repetition_penalty': 1.05, 'temperature': 0.9, 'top_k': 50}
[0;36m(APIServer pid=214609)[0;0m INFO 09-25 05:24:05 [serving_speech.py:3070] TTS speech request speech-b7a4b5168f745eed: model=Base
[0;36m(APIServer pid=214609)[0;0m INFO 09-25 05:24:05 [serving_speech.py:3100] Applied extra_params: {'repetition_penalty': 1.05, 'temperature': 0.9, 'top_k': 50}
[0;36m(APIServer pid=214609)[0;0m INFO 09-25 05:24:05 [serving_speech.py:3070] TTS speech request speech-9f459cf7ec69415b: model=Base
[0;36m(APIServer pid=214609)[0;0m INFO 09-25 05:24:05 [serving_speech.py:3100] Applied extra_params: {'repetition_penalty': 1.05, 'temperature': 0.9, 'top_k': 50}
[0;36m(APIServer pid=214609)[0;0m INFO 09-25 05:24:05 [serving_speech.py:3070] TTS speech request speech-82fd7ee5ddeacbaf: model=Base
[0;36m(APIServer pid=214609)[0;0m INFO 09-25 05:24:05 [serving_speech.py:3100] Applied extra_params: {'repetition_penalty': 1.05, 'temperature': 0.9, 'top_k': 50}
[0;36m(APIServer pid=214609)[0;0m INFO 09-25 05:24:05 [serving_speech.py:3070] TTS speech request speech-b6022cfa75492d1f: model=Base
[0;36m(APIServer pid=214609)[0;0m INFO 09-25 05:24:05 [serving_speech.py:3100] Applied extra_params: {'repetition_penalty': 1.05, 'temperature': 0.9, 'top_k': 50}
[0;36m(APIServer pid=214609)[0;0m INFO 09-25 05:24:05 [serving_speech.py:3070] TTS speech request speech-b29ce1a7616b40ce: model=Base
[0;36m(APIServer pid=214609)[0;0m INFO 09-25 05:24:05 [serving_speech.py:3100] Applied extra_params: {'repetition_penalty': 1.05, 'temperature': 0.9, 'top_k': 50}
[0;36m(APIServer pid=214609)[0;0m INFO 09-25 05:24:05 [serving_speech.py:3070] TTS speech request speech-80c72c58508a4490: model=Base
[0;36m(APIServer pid=214609)[0;0m INFO 09-25 05:24:05 [serving_speech.py:3100] Applied extra_params: {'repetition_penalty': 1.05, 'temperature': 0.9, 'top_k': 50}
[0;36m(APIServer pid=214609)[0;0m INFO 09-25 05:24:05 [serving_speech.py:3070] TTS speech request speech-ada7c0fab3564213: model=Base
[0;36m(APIServer pid=214609)[0;0m INFO 09-25 05:24:05 [serving_speech.py:3100] Applied extra_params: {'repetition_penalty': 1.05, 'temperature': 0.9, 'top_k': 50}
[0;36m(APIServer pid=214609)[0;0m INFO 09-25 05:24:21 [stats.py:811] 
[0;36m(APIServer pid=214609)[0;0m INFO 09-25 05:24:21 [stats.py:811] [Overall Summary]
[0;36m(APIServer pid=214609)[0;0m INFO 09-25 05:24:21 [stats.py:811] +-----------------------------+------------+
[0;36m(APIServer pid=214609)[0;0m INFO 09-25 05:24:21 [stats.py:811] | Field                       |      Value |
[0;36m(APIServer pid=214609)[0;0m INFO 09-25 05:24:21 [stats.py:811] +-----------------------------+------------+
[0;36m(APIServer pid=214609)[0;0m INFO 09-25 05:24:21 [stats.py:811] | e2e_requests                |          1 |
[0;36m(APIServer pid=214609)[0;0m INFO 09-25 05:24:21 [stats.py:811] | e2e_wall_time_ms            | 15,484.639 |
[0;36m(APIServer pid=214609)[0;0m INFO 09-25 05:24:21 [stats.py:811] | e2e_total_tokens            |        674 |
[0;36m(APIServer pid=214609)[0;0m INFO 09-25 05:24:21 [stats.py:811] | e2e_avg_time_per_request_ms | 15,484.639 |
[0;36m(APIServer pid=214609)[0;0m INFO 09-25 05:24:21 [stats.py:811] | e2e_avg_tokens_per_s        |     43.527 |
[0;36m(APIServer pid=214609)[0;0m INFO 09-25 05:24:21 [stats.py:811] | input_preprocess_time_ms    |      0.028 |
[0;36m(APIServer pid=214609)[0;0m INFO 09-25 05:24:21 [stats.py:811] | e2e_stage_0_wall_time_ms    | 15,417.669 |
[0;36m(APIServer pid=214609)[0;0m INFO 09-25 05:24:21 [stats.py:811] | e2e_stage_1_wall_time_ms    | 15,483.040 |
[0;36m(APIServer pid=214609)[0;0m INFO 09-25 05:24:21 [stats.py:811] +-----------------------------+------------+
[0;36m(APIServer pid=214609)[0;0m INFO 09-25 05:24:21 [stats.py:837] 
[0;36m(APIServer pid=214609)[0;0m INFO 09-25 05:24:21 [stats.py:837] [RequestE2EStats [request_id=speech-a4081aa283b8c843-89ce46ce]]
[0;36m(APIServer pid=214609)[0;0m INFO 09-25 05:24:21 [stats.py:837] +------------------+------------+
[0;36m(APIServer pid=214609)[0;0m INFO 09-25 05:24:21 [stats.py:837] | Field            |      Value |
[0;36m(APIServer pid=214609)[0;0m INFO 09-25 05:24:21 [stats.py:837] +------------------+------------+
[0;36m(APIServer pid=214609)[0;0m INFO 09-25 05:24:21 [stats.py:837] | e2e_total_ms     | 15,484.461 |
[0;36m(APIServer pid=214609)[0;0m INFO 09-25 05:24:21 [stats.py:837] | e2e_total_tokens |        674 |
[0;36m(APIServer pid=214609)[0;0m INFO 09-25 05:24:21 [stats.py:837] +------------------+------------+
[0;36m(APIServer pid=214609)[0;0m INFO 09-25 05:24:21 [stats.py:878] [OmniTiming] req=speech-a4081aa283b8c843-89ce46ce total=15.48s preprocess=0.00s engine=15.48s stages=[0:15.42s,1:15.48s] transfers=[0->1=0.00ms]
[0;36m(APIServer pid=214609)[0;0m INFO 09-25 05:24:21 [stats.py:920] 
[0;36m(APIServer pid=214609)[0;0m INFO 09-25 05:24:21 [stats.py:920] [StageRequestStats [request_id=speech-a4081aa283b8c843-89ce46ce]]
[0;36m(APIServer pid=214609)[0;0m INFO 09-25 05:24:21 [stats.py:920] +---------------------------------+----------------+----------------+
[0;36m(APIServer pid=214609)[0;0m INFO 09-25 05:24:21 [stats.py:920] | Field                           |              0 |              1 |
[0;36m(APIServer pid=214609)[0;0m INFO 09-25 05:24:21 [stats.py:920] +---------------------------------+----------------+----------------+
[0;36m(APIServer pid=214609)[0;0m INFO 09-25 05:24:21 [stats.py:920] | audio_duration_s                |          0.000 |         29.840 |
[0;36m(APIServer pid=214609)[0;0m INFO 09-25 05:24:21 [stats.py:920] | audio_generated_frames          |              0 |        716,160 |
[0;36m(APIServer pid=214609)[0;0m INFO 09-25 05:24:21 [stats.py:920] | audio_sample_rate               |              0 |         24,000 |
[0;36m(APIServer pid=214609)[0;0m INFO 09-25 05:24:21 [stats.py:920] | batch_id                        |          2,337 |          2,418 |
[0;36m(APIServer pid=214609)[0;0m INFO 09-25 05:24:21 [stats.py:920] | batch_size                      |              1 |              1 |
[0;36m(APIServer pid=214609)[0;0m INFO 09-25 05:24:21 [stats.py:920] | inter_output_latencies_ms       |                |                |
[0;36m(APIServer pid=214609)[0;0m INFO 09-25 05:24:21 [stats.py:920] | num_tokens_in                   |            300 |              0 |
[0;36m(APIServer pid=214609)[0;0m INFO 09-25 05:24:21 [stats.py:920] | num_tokens_out                  |            374 |              0 |
[0;36m(APIServer pid=214609)[0;0m INFO 09-25 05:24:21 [stats.py:920] | output_unit_count               |            374 |        716,160 |
[0;36m(APIServer pid=214609)[0;0m INFO 09-25 05:24:21 [stats.py:920] | output_unit_type                |         stream |          audio |
[0;36m(APIServer pid=214609)[0;0m INFO 09-25 05:24:21 [stats.py:920] | serving_time_to_first_output_ms |     15,417.516 |     15,483.924 |
[0;36m(APIServer pid=214609)[0;0m INFO 09-25 05:24:21 [stats.py:920] | stage_gen_time_ms               |     15,416.108 |     15,482.407 |
[0;36m(APIServer pid=214609)[0;0m INFO 09-25 05:24:21 [stats.py:920] | time_per_output_unit_ms         |          0.000 |          0.000 |
[0;36m(APIServer pid=214609)[0;0m INFO 09-25 05:24:21 [stats.py:920] | vllm_itl_ms                     |         40.869 |        954.129 |
[0;36m(APIServer pid=214609)[0;0m INFO 09-25 05:24:21 [stats.py:920] | vllm_itls_ms                    | 40.869 (n=373) | 954.129 (n=15) |
[0;36m(APIServer pid=214609)[0;0m INFO 09-25 05:24:21 [stats.py:920] | vllm_tpot_ms                    |         40.869 |          0.000 |
[0;36m(APIServer pid=214609)[0;0m INFO 09-25 05:24:21 [stats.py:920] | vllm_ttft_ms                    |        172.510 |      1,172.039 |
[0;36m(APIServer pid=214609)[0;0m INFO 09-25 05:24:21 [stats.py:920] +---------------------------------+----------------+----------------+
[0;36m(APIServer pid=214609)[0;0m INFO 09-25 05:24:21 [serving_speech.py:3646] [SpeechE2E] request_id=speech-a4081aa283b8c843 stream=false status=ok total_ms=15516.94 response_bytes=1432364
[0;36m(APIServer pid=214609)[0;0m INFO:     127.0.0.1:39514 - "POST /v1/audio/speech HTTP/1.1" 200 OK
[0;36m(APIServer pid=214609)[0;0m INFO 09-25 05:24:21 [serving_speech.py:3070] TTS speech request speech-80dcd5fbdeec0ca5: model=Base
[0;36m(APIServer pid=214609)[0;0m INFO 09-25 05:24:21 [serving_speech.py:3100] Applied extra_params: {'repetition_penalty': 1.05, 'temperature': 0.9, 'top_k': 50}
[0;36m(APIServer pid=214609)[0;0m INFO 09-25 05:24:21 [stats.py:811] 
[0;36m(APIServer pid=214609)[0;0m INFO 09-25 05:24:21 [stats.py:811] [Overall Summary]
[0;36m(APIServer pid=214609)[0;0m INFO 09-25 05:24:21 [stats.py:811] +-----------------------------+------------+
[0;36m(APIServer pid=214609)[0;0m INFO 09-25 05:24:21 [stats.py:811] | Field                       |      Value |
[0;36m(APIServer pid=214609)[0;0m INFO 09-25 05:24:21 [stats.py:811] +-----------------------------+------------+
[0;36m(APIServer pid=214609)[0;0m INFO 09-25 05:24:21 [stats.py:811] | e2e_requests                |          1 |
[0;36m(APIServer pid=214609)[0;0m INFO 09-25 05:24:21 [stats.py:811] | e2e_wall_time_ms            | 16,091.618 |
[0;36m(APIServer pid=214609)[0;0m INFO 09-25 05:24:21 [stats.py:811] | e2e_total_tokens            |        681 |
[0;36m(APIServer pid=214609)[0;0m INFO 09-25 05:24:21 [stats.py:811] | e2e_avg_time_per_request_ms | 16,091.618 |
[0;36m(APIServer pid=214609)[0;0m INFO 09-25 05:24:21 [stats.py:811] | e2e_avg_tokens_per_s        |     42.320 |
[0;36m(APIServer pid=214609)[0;0m INFO 09-25 05:24:21 [stats.py:811] | input_preprocess_time_ms    |      0.058 |
[0;36m(APIServer pid=214609)[0;0m INFO 09-25 05:24:21 [stats.py:811] | e2e_stage_0_wall_time_ms    | 15,691.650 |
[0;36m(APIServer pid=214609)[0;0m INFO 09-25 05:24:21 [stats.py:811] | e2e_stage_1_wall_time_ms    | 16,091.137 |
[0;36m(APIServer pid=214609)[0;0m INFO 09-25 05:24:21 [stats.py:811] +-----------------------------+------------+
[0;36m(APIServer pid=214609)[0;0m INFO 09-25 05:24:21 [stats.py:837] 
[0;36m(APIServer pid=214609)[0;0m INFO 09-25 05:24:21 [stats.py:837] [RequestE2EStats [request_id=speech-b61782cd340fee73-a655ef63]]
[0;36m(APIServer pid=214609)[0;0m INFO 09-25 05:24:21 [stats.py:837] +------------------+------------+
[0;36m(APIServer pid=214609)[0;0m INFO 09-25 05:24:21 [stats.py:837] | Field            |      Value |
[0;36m(APIServer pid=214609)[0;0m INFO 09-25 05:24:21 [stats.py:837] +------------------+------------+
[0;36m(APIServer pid=214609)[0;0m INFO 09-25 05:24:21 [stats.py:837] | e2e_total_ms     | 16,091.489 |
[0;36m(APIServer pid=214609)[0;0m INFO 09-25 05:24:21 [stats.py:837] | e2e_total_tokens |        681 |
[0;36m(APIServer pid=214609)[0;0m INFO 09-25 05:24:21 [stats.py:837] +------------------+------------+
[0;36m(APIServer pid=214609)[0;0m INFO 09-25 05:24:21 [stats.py:878] [OmniTiming] req=speech-b61782cd340fee73-a655ef63 total=16.09s preprocess=0.00s engine=16.09s stages=[0:15.69s,1:16.09s] transfers=[0->1=0.00ms]
[0;36m(APIServer pid=214609)[0;0m INFO 09-25 05:24:21 [stats.py:920] 
[0;36m(APIServer pid=214609)[0;0m INFO 09-25 05:24:21 [stats.py:920] [StageRequestStats [request_id=speech-b61782cd340fee73-a655ef63]]
[0;36m(APIServer pid=214609)[0;0m INFO 09-25 05:24:21 [stats.py:920] +---------------------------------+----------------+----------------+
[0;36m(APIServer pid=214609)[0;0m INFO 09-25 05:24:21 [stats.py:920] | Field                           |              0 |              1 |
[0;36m(APIServer pid=214609)[0;0m INFO 09-25 05:24:21 [stats.py:920] +---------------------------------+----------------+----------------+
[0;36m(APIServer pid=214609)[0;0m INFO 09-25 05:24:21 [stats.py:920] | audio_duration_s                |          0.000 |         30.400 |
[0;36m(APIServer pid=214609)[0;0m INFO 09-25 05:24:21 [stats.py:920] | audio_generated_frames          |              0 |        729,600 |
[0;36m(APIServer pid=214609)[0;0m INFO 09-25 05:24:21 [stats.py:920] | audio_sample_rate               |              0 |         24,000 |
[0;36m(APIServer pid=214609)[0;0m INFO 09-25 05:24:21 [stats.py:920] | batch_id                        |          2,338 |          2,419 |
[0;36m(APIServer pid=214609)[0;0m INFO 09-25 05:24:21 [stats.py:920] | batch_size                      |              1 |              1 |
[0;36m(APIServer pid=214609)[0;0m INFO 09-25 05:24:21 [stats.py:920] | inter_output_latencies_ms       |                |                |
[0;36m(APIServer pid=214609)[0;0m INFO 09-25 05:24:21 [stats.py:920] | num_tokens_in                   |            300 |              0 |
[0;36m(APIServer pid=214609)[0;0m INFO 09-25 05:24:21 [stats.py:920] | num_tokens_out                  |            381 |              0 |
[0;36m(APIServer pid=214609)[0;0m INFO 09-25 05:24:21 [stats.py:920] | output_unit_count               |            381 |        729,600 |
[0;36m(APIServer pid=214609)[0;0m INFO 09-25 05:24:21 [stats.py:920] | output_unit_type                |         stream |          audio |
[0;36m(APIServer pid=214609)[0;0m INFO 09-25 05:24:21 [stats.py:920] | serving_time_to_first_output_ms |     15,691.515 |     16,090.727 |
[0;36m(APIServer pid=214609)[0;0m INFO 09-25 05:24:21 [stats.py:920] | stage_gen_time_ms               |     15,691.293 |     16,090.376 |
[0;36m(APIServer pid=214609)[0;0m INFO 09-25 05:24:21 [stats.py:920] | time_per_output_unit_ms         |          0.000 |          0.000 |
[0;36m(APIServer pid=214609)[0;0m INFO 09-25 05:24:21 [stats.py:920] | vllm_itl_ms                     |         41.218 |        999.033 |
[0;36m(APIServer pid=214609)[0;0m INFO 09-25 05:24:21 [stats.py:920] | vllm_itls_ms                    | 41.218 (n=380) | 999.033 (n=16) |
[0;36m(APIServer pid=214609)[0;0m INFO 09-25 05:24:21 [stats.py:920] | vllm_tpot_ms                    |         41.218 |          0.000 |
[0;36m(APIServer pid=214609)[0;0m INFO 09-25 05:24:21 [stats.py:920] | vllm_ttft_ms                    |         30.372 |        103.483 |
[0;36m(APIServer pid=214609)[0;0m INFO 09-25 05:24:21 [stats.py:920] +---------------------------------+----------------+----------------+
[0;36m(APIServer pid=214609)[0;0m INFO 09-25 05:24:21 [serving_speech.py:3646] [SpeechE2E] request_id=speech-b61782cd340fee73 stream=false status=ok total_ms=16102.05 response_bytes=1459244
[0;36m(APIServer pid=214609)[0;0m INFO 09-25 05:24:21 [stats.py:811] 
[0;36m(APIServer pid=214609)[0;0m INFO 09-25 05:24:21 [stats.py:811] [Overall Summary]
[0;36m(APIServer pid=214609)[0;0m INFO 09-25 05:24:21 [stats.py:811] +-----------------------------+------------+
[0;36m(APIServer pid=214609)[0;0m INFO 09-25 05:24:21 [stats.py:811] | Field                       |      Value |
[0;36m(APIServer pid=214609)[0;0m INFO 09-25 05:24:21 [stats.py:811] +-----------------------------+------------+
[0;36m(APIServer pid=214609)[0;0m INFO 09-25 05:24:21 [stats.py:811] | e2e_requests                |          1 |
[0;36m(APIServer pid=214609)[0;0m INFO 09-25 05:24:21 [stats.py:811] | e2e_wall_time_ms            | 16,040.496 |
[0;36m(APIServer pid=214609)[0;0m INFO 09-25 05:24:21 [stats.py:811] | e2e_total_tokens            |        677 |
[0;36m(APIServer pid=214609)[0;0m INFO 09-25 05:24:21 [stats.py:811] | e2e_avg_time_per_request_ms | 16,040.496 |
[0;36m(APIServer pid=214609)[0;0m INFO 09-25 05:24:21 [stats.py:811] | e2e_avg_tokens_per_s        |     42.206 |
[0;36m(APIServer pid=214609)[0;0m INFO 09-25 05:24:21 [stats.py:811] | input_preprocess_time_ms    |      0.026 |
[0;36m(APIServer pid=214609)[0;0m INFO 09-25 05:24:21 [stats.py:811] | e2e_stage_0_wall_time_ms    | 15,634.330 |
[0;36m(APIServer pid=214609)[0;0m INFO 09-25 05:24:21 [stats.py:811] | e2e_stage_1_wall_time_ms    | 16,039.028 |
[0;36m(APIServer pid=214609)[0;0m INFO 09-25 05:24:21 [stats.py:811] +-----------------------------+------------+
[0;36m(APIServer pid=214609)[0;0m INFO 09-25 05:24:21 [stats.py:837] 
[0;36m(APIServer pid=214609)[0;0m INFO 09-25 05:24:21 [stats.py:837] [RequestE2EStats [request_id=speech-b6022cfa75492d1f-a9bf9159]]
[0;36m(APIServer pid=214609)[0;0m INFO 09-25 05:24:21 [stats.py:837] +------------------+------------+
[0;36m(APIServer pid=214609)[0;0m INFO 09-25 05:24:21 [stats.py:837] | Field            |      Value |
[0;36m(APIServer pid=214609)[0;0m INFO 09-25 05:24:21 [stats.py:837] +------------------+------------+
[0;36m(APIServer pid=214609)[0;0m INFO 09-25 05:24:21 [stats.py:837] | e2e_total_ms     | 16,040.426 |
[0;36m(APIServer pid=214609)[0;0m INFO 09-25 05:24:21 [stats.py:837] | e2e_total_tokens |        677 |
[0;36m(APIServer pid=214609)[0;0m INFO 09-25 05:24:21 [stats.py:837] +------------------+------------+
[0;36m(APIServer pid=214609)[0;0m INFO 09-25 05:24:21 [stats.py:878] [OmniTiming] req=speech-b6022cfa75492d1f-a9bf9159 total=16.04s preprocess=0.00s engine=16.04s stages=[0:15.63s,1:16.03s] transfers=[0->1=0.00ms]
[0;36m(APIServer pid=214609)[0;0m INFO 09-25 05:24:21 [stats.py:920] 
[0;36m(APIServer pid=214609)[0;0m INFO 09-25 05:24:21 [stats.py:920] [StageRequestStats [request_id=speech-b6022cfa75492d1f-a9bf9159]]
[0;36m(APIServer pid=214609)[0;0m INFO 09-25 05:24:21 [stats.py:920] +---------------------------------+----------------+----------------+
[0;36m(APIServer pid=214609)[0;0m INFO 09-25 05:24:21 [stats.py:920] | Field                           |              0 |              1 |
[0;36m(APIServer pid=214609)[0;0m INFO 09-25 05:24:21 [stats.py:920] +---------------------------------+----------------+----------------+
[0;36m(APIServer pid=214609)[0;0m INFO 09-25 05:24:21 [stats.py:920] | audio_duration_s                |          0.000 |         30.080 |
[0;36m(APIServer pid=214609)[0;0m INFO 09-25 05:24:21 [stats.py:920] | audio_generated_frames          |              0 |        721,920 |
[0;36m(APIServer pid=214609)[0;0m INFO 09-25 05:24:21 [stats.py:920] | audio_sample_rate               |              0 |         24,000 |
[0;36m(APIServer pid=214609)[0;0m INFO 09-25 05:24:21 [stats.py:920] | batch_id                        |          2,339 |          2,420 |
[0;36m(APIServer pid=214609)[0;0m INFO 09-25 05:24:21 [stats.py:920] | batch_size                      |              1 |              1 |
[0;36m(APIServer pid=214609)[0;0m INFO 09-25 05:24:21 [stats.py:920] | inter_output_latencies_ms       |                |                |
[0;36m(APIServer pid=214609)[0;0m INFO 09-25 05:24:21 [stats.py:920] | num_tokens_in                   |            300 |              0 |
[0;36m(APIServer pid=214609)[0;0m INFO 09-25 05:24:21 [stats.py:920] | num_tokens_out                  |            377 |              0 |
[0;36m(APIServer pid=214609)[0;0m INFO 09-25 05:24:21 [stats.py:920] | output_unit_count               |            377 |        721,920 |
[0;36m(APIServer pid=214609)[0;0m INFO 09-25 05:24:21 [stats.py:920] | output_unit_type                |         stream |          audio |
[0;36m(APIServer pid=214609)[0;0m INFO 09-25 05:24:21 [stats.py:920] | serving_time_to_first_output_ms |     15,634.107 |     16,033.320 |
[0;36m(APIServer pid=214609)[0;0m INFO 09-25 05:24:21 [stats.py:920] | stage_gen_time_ms               |     15,632.879 |     16,032.056 |
[0;36m(APIServer pid=214609)[0;0m INFO 09-25 05:24:21 [stats.py:920] | time_per_output_unit_ms         |          0.000 |          0.000 |
[0;36m(APIServer pid=214609)[0;0m INFO 09-25 05:24:21 [stats.py:920] | vllm_itl_ms                     |         40.674 |        991.544 |
[0;36m(APIServer pid=214609)[0;0m INFO 09-25 05:24:21 [stats.py:920] | vllm_itls_ms                    | 40.674 (n=376) | 991.544 (n=15) |
[0;36m(APIServer pid=214609)[0;0m INFO 09-25 05:24:21 [stats.py:920] | vllm_tpot_ms                    |         40.674 |          0.000 |
[0;36m(APIServer pid=214609)[0;0m INFO 09-25 05:24:21 [stats.py:920] | vllm_ttft_ms                    |        342.322 |      1,158.833 |
[0;36m(APIServer pid=214609)[0;0m INFO 09-25 05:24:21 [stats.py:920] +---------------------------------+----------------+----------------+
[0;36m(APIServer pid=214609)[0;0m INFO 09-25 05:24:21 [serving_speech.py:3646] [SpeechE2E] request_id=speech-b6022cfa75492d1f stream=false status=ok total_ms=16074.54 response_bytes=1443884
[0;36m(APIServer pid=214609)[0;0m INFO:     127.0.0.1:42084 - "POST /v1/audio/speech HTTP/1.1" 200 OK
[0;36m(APIServer pid=214609)[0;0m INFO:     127.0.0.1:39550 - "POST /v1/audio/speech HTTP/1.1" 200 OK
[0;36m(APIServer pid=214609)[0;0m INFO 09-25 05:24:21 [serving_speech.py:3070] TTS speech request speech-8fbf9c0b033a451c: model=Base
[0;36m(APIServer pid=214609)[0;0m INFO 09-25 05:24:21 [serving_speech.py:3100] Applied extra_params: {'repetition_penalty': 1.05, 'temperature': 0.9, 'top_k': 50}
[0;36m(APIServer pid=214609)[0;0m INFO 09-25 05:24:21 [serving_speech.py:3070] TTS speech request speech-9f719610fec55077: model=Base
[0;36m(APIServer pid=214609)[0;0m INFO 09-25 05:24:21 [serving_speech.py:3100] Applied extra_params: {'repetition_penalty': 1.05, 'temperature': 0.9, 'top_k': 50}
[0;36m(APIServer pid=214609)[0;0m INFO 09-25 05:24:21 [stats.py:811] 
[0;36m(APIServer pid=214609)[0;0m INFO 09-25 05:24:21 [stats.py:811] [Overall Summary]
[0;36m(APIServer pid=214609)[0;0m INFO 09-25 05:24:21 [stats.py:811] +-----------------------------+------------+
[0;36m(APIServer pid=214609)[0;0m INFO 09-25 05:24:21 [stats.py:811] | Field                       |      Value |
[0;36m(APIServer pid=214609)[0;0m INFO 09-25 05:24:21 [stats.py:811] +-----------------------------+------------+
[0;36m(APIServer pid=214609)[0;0m INFO 09-25 05:24:21 [stats.py:811] | e2e_requests                |          1 |
[0;36m(APIServer pid=214609)[0;0m INFO 09-25 05:24:21 [stats.py:811] | e2e_wall_time_ms            | 16,102.647 |
[0;36m(APIServer pid=214609)[0;0m INFO 09-25 05:24:21 [stats.py:811] | e2e_total_tokens            |        683 |
[0;36m(APIServer pid=214609)[0;0m INFO 09-25 05:24:21 [stats.py:811] | e2e_avg_time_per_request_ms | 16,102.647 |
[0;36m(APIServer pid=214609)[0;0m INFO 09-25 05:24:21 [stats.py:811] | e2e_avg_tokens_per_s        |     42.415 |
[0;36m(APIServer pid=214609)[0;0m INFO 09-25 05:24:21 [stats.py:811] | input_preprocess_time_ms    |      0.027 |
[0;36m(APIServer pid=214609)[0;0m INFO 09-25 05:24:21 [stats.py:811] | e2e_stage_0_wall_time_ms    | 16,038.265 |
[0;36m(APIServer pid=214609)[0;0m INFO 09-25 05:24:21 [stats.py:811] | e2e_stage_1_wall_time_ms    | 16,101.300 |
[0;36m(APIServer pid=214609)[0;0m INFO 09-25 05:24:21 [stats.py:811] +-----------------------------+------------+
[0;36m(APIServer pid=214609)[0;0m INFO 09-25 05:24:21 [stats.py:837] 
[0;36m(APIServer pid=214609)[0;0m INFO 09-25 05:24:21 [stats.py:837] [RequestE2EStats [request_id=speech-9f459cf7ec69415b-9a88ea03]]
[0;36m(APIServer pid=214609)[0;0m INFO 09-25 05:24:21 [stats.py:837] +------------------+------------+
[0;36m(APIServer pid=214609)[0;0m INFO 09-25 05:24:21 [stats.py:837] | Field            |      Value |
[0;36m(APIServer pid=214609)[0;0m INFO 09-25 05:24:21 [stats.py:837] +------------------+------------+
[0;36m(APIServer pid=214609)[0;0m INFO 09-25 05:24:21 [stats.py:837] | e2e_total_ms     | 16,102.578 |
[0;36m(APIServer pid=214609)[0;0m INFO 09-25 05:24:21 [stats.py:837] | e2e_total_tokens |        683 |
[0;36m(APIServer pid=214609)[0;0m INFO 09-25 05:24:21 [stats.py:837] +------------------+------------+
[0;36m(APIServer pid=214609)[0;0m INFO 09-25 05:24:21 [stats.py:878] [OmniTiming] req=speech-9f459cf7ec69415b-9a88ea03 total=16.10s preprocess=0.00s engine=16.10s stages=[0:16.04s,1:16.10s] transfers=[0->1=0.00ms]
[0;36m(APIServer pid=214609)[0;0m INFO 09-25 05:24:21 [stats.py:920] 
[0;36m(APIServer pid=214609)[0;0m INFO 09-25 05:24:21 [stats.py:920] [StageRequestStats [request_id=speech-9f459cf7ec69415b-9a88ea03]]
[0;36m(APIServer pid=214609)[0;0m INFO 09-25 05:24:21 [stats.py:920] +---------------------------------+----------------+----------------+
[0;36m(APIServer pid=214609)[0;0m INFO 09-25 05:24:21 [stats.py:920] | Field                           |              0 |              1 |
[0;36m(APIServer pid=214609)[0;0m INFO 09-25 05:24:21 [stats.py:920] +---------------------------------+----------------+----------------+
[0;36m(APIServer pid=214609)[0;0m INFO 09-25 05:24:21 [stats.py:920] | audio_duration_s                |          0.000 |         30.560 |
[0;36m(APIServer pid=214609)[0;0m INFO 09-25 05:24:21 [stats.py:920] | audio_generated_frames          |              0 |        733,440 |
[0;36m(APIServer pid=214609)[0;0m INFO 09-25 05:24:21 [stats.py:920] | audio_sample_rate               |              0 |         24,000 |
[0;36m(APIServer pid=214609)[0;0m INFO 09-25 05:24:21 [stats.py:920] | batch_id                        |          2,340 |          2,421 |
[0;36m(APIServer pid=214609)[0;0m INFO 09-25 05:24:21 [stats.py:920] | batch_size                      |              1 |              1 |
[0;36m(APIServer pid=214609)[0;0m INFO 09-25 05:24:21 [stats.py:920] | inter_output_latencies_ms       |                |                |
[0;36m(APIServer pid=214609)[0;0m INFO 09-25 05:24:21 [stats.py:920] | num_tokens_in                   |            300 |              0 |
[0;36m(APIServer pid=214609)[0;0m INFO 09-25 05:24:21 [stats.py:920] | num_tokens_out                  |            383 |              0 |
[0;36m(APIServer pid=214609)[0;0m INFO 09-25 05:24:21 [stats.py:920] | output_unit_count               |            383 |        733,440 |
[0;36m(APIServer pid=214609)[0;0m INFO 09-25 05:24:21 [stats.py:920] | output_unit_type                |         stream |          audio |
[0;36m(APIServer pid=214609)[0;0m INFO 09-25 05:24:21 [stats.py:920] | serving_time_to_first_output_ms |     16,037.973 |     16,101.416 |
[0;36m(APIServer pid=214609)[0;0m INFO 09-25 05:24:21 [stats.py:920] | stage_gen_time_ms               |     16,036.741 |     16,100.276 |
[0;36m(APIServer pid=214609)[0;0m INFO 09-25 05:24:21 [stats.py:920] | time_per_output_unit_ms         |          0.000 |          0.000 |
[0;36m(APIServer pid=214609)[0;0m INFO 09-25 05:24:21 [stats.py:920] | vllm_itl_ms                     |         41.077 |        933.651 |
[0;36m(APIServer pid=214609)[0;0m INFO 09-25 05:24:21 [stats.py:920] | vllm_itls_ms                    | 41.077 (n=382) | 933.651 (n=16) |
[0;36m(APIServer pid=214609)[0;0m INFO 09-25 05:24:21 [stats.py:920] | vllm_tpot_ms                    |         41.077 |          0.000 |
[0;36m(APIServer pid=214609)[0;0m INFO 09-25 05:24:21 [stats.py:920] | vllm_ttft_ms                    |        346.510 |      1,163.145 |
[0;36m(APIServer pid=214609)[0;0m INFO 09-25 05:24:21 [stats.py:920] +---------------------------------+----------------+----------------+
[0;36m(APIServer pid=214609)[0;0m INFO 09-25 05:24:21 [serving_speech.py:3646] [SpeechE2E] request_id=speech-9f459cf7ec69415b stream=false status=ok total_ms=16133.61 response_bytes=1466924
[0;36m(APIServer pid=214609)[0;0m INFO:     127.0.0.1:39544 - "POST /v1/audio/speech HTTP/1.1" 200 OK
[0;36m(APIServer pid=214609)[0;0m INFO 09-25 05:24:21 [stats.py:811] 
[0;36m(APIServer pid=214609)[0;0m INFO 09-25 05:24:21 [stats.py:811] [Overall Summary]
[0;36m(APIServer pid=214609)[0;0m INFO 09-25 05:24:21 [stats.py:811] +-----------------------------+------------+
[0;36m(APIServer pid=214609)[0;0m INFO 09-25 05:24:21 [stats.py:811] | Field                       |      Value |
[0;36m(APIServer pid=214609)[0;0m INFO 09-25 05:24:21 [stats.py:811] +-----------------------------+------------+
[0;36m(APIServer pid=214609)[0;0m INFO 09-25 05:24:21 [stats.py:811] | e2e_requests                |          1 |
[0;36m(APIServer pid=214609)[0;0m INFO 09-25 05:24:21 [stats.py:811] | e2e_wall_time_ms            | 16,098.145 |
[0;36m(APIServer pid=214609)[0;0m INFO 09-25 05:24:21 [stats.py:811] | e2e_total_tokens            |        683 |
[0;36m(APIServer pid=214609)[0;0m INFO 09-25 05:24:21 [stats.py:811] | e2e_avg_time_per_request_ms | 16,098.145 |
[0;36m(APIServer pid=214609)[0;0m INFO 09-25 05:24:21 [stats.py:811] | e2e_avg_tokens_per_s        |     42.427 |
[0;36m(APIServer pid=214609)[0;0m INFO 09-25 05:24:21 [stats.py:811] | input_preprocess_time_ms    |      0.029 |
[0;36m(APIServer pid=214609)[0;0m INFO 09-25 05:24:21 [stats.py:811] | e2e_stage_0_wall_time_ms    | 16,028.089 |
[0;36m(APIServer pid=214609)[0;0m INFO 09-25 05:24:21 [stats.py:811] | e2e_stage_1_wall_time_ms    | 16,098.008 |
[0;36m(APIServer pid=214609)[0;0m INFO 09-25 05:24:21 [stats.py:811] +-----------------------------+------------+
[0;36m(APIServer pid=214609)[0;0m INFO 09-25 05:24:21 [stats.py:837] 
[0;36m(APIServer pid=214609)[0;0m INFO 09-25 05:24:21 [stats.py:837] [RequestE2EStats [request_id=speech-ada7c0fab3564213-a0bd59f1]]
[0;36m(APIServer pid=214609)[0;0m INFO 09-25 05:24:21 [stats.py:837] +------------------+------------+
[0;36m(APIServer pid=214609)[0;0m INFO 09-25 05:24:21 [stats.py:837] | Field            |      Value |
[0;36m(APIServer pid=214609)[0;0m INFO 09-25 05:24:21 [stats.py:837] +------------------+------------+
[0;36m(APIServer pid=214609)[0;0m INFO 09-25 05:24:21 [stats.py:837] | e2e_total_ms     | 16,098.075 |
[0;36m(APIServer pid=214609)[0;0m INFO 09-25 05:24:21 [stats.py:837] | e2e_total_tokens |        683 |
[0;36m(APIServer pid=214609)[0;0m INFO 09-25 05:24:21 [stats.py:837] +------------------+------------+
[0;36m(APIServer pid=214609)[0;0m INFO 09-25 05:24:21 [stats.py:878] [OmniTiming] req=speech-ada7c0fab3564213-a0bd59f1 total=16.10s preprocess=0.00s engine=16.10s stages=[0:16.03s,1:16.09s] transfers=[0->1=0.00ms]
[0;36m(APIServer pid=214609)[0;0m INFO 09-25 05:24:21 [stats.py:920] 
[0;36m(APIServer pid=214609)[0;0m INFO 09-25 05:24:21 [stats.py:920] [StageRequestStats [request_id=speech-ada7c0fab3564213-a0bd59f1]]
[0;36m(APIServer pid=214609)[0;0m INFO 09-25 05:24:21 [stats.py:920] +---------------------------------+----------------+----------------+
[0;36m(APIServer pid=214609)[0;0m INFO 09-25 05:24:21 [stats.py:920] | Field                           |              0 |              1 |
[0;36m(APIServer pid=214609)[0;0m INFO 09-25 05:24:21 [stats.py:920] +---------------------------------+----------------+----------------+
[0;36m(APIServer pid=214609)[0;0m INFO 09-25 05:24:21 [stats.py:920] | audio_duration_s                |          0.000 |         30.560 |
[0;36m(APIServer pid=214609)[0;0m INFO 09-25 05:24:21 [stats.py:920] | audio_generated_frames          |              0 |        733,440 |
[0;36m(APIServer pid=214609)[0;0m INFO 09-25 05:24:21 [stats.py:920] | audio_sample_rate               |              0 |         24,000 |
[0;36m(APIServer pid=214609)[0;0m INFO 09-25 05:24:21 [stats.py:920] | batch_id                        |          2,341 |          2,422 |
[0;36m(APIServer pid=214609)[0;0m INFO 09-25 05:24:21 [stats.py:920] | batch_size                      |              1 |              1 |
[0;36m(APIServer pid=214609)[0;0m INFO 09-25 05:24:21 [stats.py:920] | inter_output_latencies_ms       |                |                |
[0;36m(APIServer pid=214609)[0;0m INFO 09-25 05:24:21 [stats.py:920] | num_tokens_in                   |            300 |              0 |
[0;36m(APIServer pid=214609)[0;0m INFO 09-25 05:24:21 [stats.py:920] | num_tokens_out                  |            383 |              0 |
[0;36m(APIServer pid=214609)[0;0m INFO 09-25 05:24:21 [stats.py:920] | output_unit_count               |            383 |        733,440 |
[0;36m(APIServer pid=214609)[0;0m INFO 09-25 05:24:21 [stats.py:920] | output_unit_type                |         stream |          audio |
[0;36m(APIServer pid=214609)[0;0m INFO 09-25 05:24:21 [stats.py:920] | serving_time_to_first_output_ms |     16,027.791 |     16,093.810 |
[0;36m(APIServer pid=214609)[0;0m INFO 09-25 05:24:21 [stats.py:920] | stage_gen_time_ms               |     16,027.796 |     16,093.746 |
[0;36m(APIServer pid=214609)[0;0m INFO 09-25 05:24:21 [stats.py:920] | time_per_output_unit_ms         |          0.000 |          0.000 |
[0;36m(APIServer pid=214609)[0;0m INFO 09-25 05:24:21 [stats.py:920] | vllm_itl_ms                     |         41.077 |        933.672 |
[0;36m(APIServer pid=214609)[0;0m INFO 09-25 05:24:21 [stats.py:920] | vllm_itls_ms                    | 41.077 (n=382) | 933.672 (n=16) |
[0;36m(APIServer pid=214609)[0;0m INFO 09-25 05:24:21 [stats.py:920] | vllm_tpot_ms                    |         41.077 |          0.000 |
[0;36m(APIServer pid=214609)[0;0m INFO 09-25 05:24:21 [stats.py:920] | vllm_ttft_ms                    |        336.328 |      1,154.174 |
[0;36m(APIServer pid=214609)[0;0m INFO 09-25 05:24:21 [stats.py:920] +---------------------------------+----------------+----------------+
[0;36m(APIServer pid=214609)[0;0m INFO 09-25 05:24:21 [serving_speech.py:3646] [SpeechE2E] request_id=speech-ada7c0fab3564213 stream=false status=ok total_ms=16119.49 response_bytes=1466924
[0;36m(APIServer pid=214609)[0;0m INFO:     127.0.0.1:39580 - "POST /v1/audio/speech HTTP/1.1" 200 OK
[0;36m(APIServer pid=214609)[0;0m INFO 09-25 05:24:21 [serving_speech.py:3070] TTS speech request speech-a4070fd2fc320c4e: model=Base
[0;36m(APIServer pid=214609)[0;0m INFO 09-25 05:24:21 [serving_speech.py:3100] Applied extra_params: {'repetition_penalty': 1.05, 'temperature': 0.9, 'top_k': 50}
[0;36m(APIServer pid=214609)[0;0m INFO 09-25 05:24:21 [serving_speech.py:3070] TTS speech request speech-ba94330fd55278cc: model=Base
[0;36m(APIServer pid=214609)[0;0m INFO 09-25 05:24:21 [serving_speech.py:3100] Applied extra_params: {'repetition_penalty': 1.05, 'temperature': 0.9, 'top_k': 50}
[0;36m(APIServer pid=214609)[0;0m INFO 09-25 05:24:22 [stats.py:811] 
[0;36m(APIServer pid=214609)[0;0m INFO 09-25 05:24:22 [stats.py:811] [Overall Summary]
[0;36m(APIServer pid=214609)[0;0m INFO 09-25 05:24:22 [stats.py:811] +-----------------------------+------------+
[0;36m(APIServer pid=214609)[0;0m INFO 09-25 05:24:22 [stats.py:811] | Field                       |      Value |
[0;36m(APIServer pid=214609)[0;0m INFO 09-25 05:24:22 [stats.py:811] +-----------------------------+------------+
[0;36m(APIServer pid=214609)[0;0m INFO 09-25 05:24:22 [stats.py:811] | e2e_requests                |          1 |
[0;36m(APIServer pid=214609)[0;0m INFO 09-25 05:24:22 [stats.py:811] | e2e_wall_time_ms            | 16,630.680 |
[0;36m(APIServer pid=214609)[0;0m INFO 09-25 05:24:22 [stats.py:811] | e2e_total_tokens            |        694 |
[0;36m(APIServer pid=214609)[0;0m INFO 09-25 05:24:22 [stats.py:811] | e2e_avg_time_per_request_ms | 16,630.680 |
[0;36m(APIServer pid=214609)[0;0m INFO 09-25 05:24:22 [stats.py:811] | e2e_avg_tokens_per_s        |     41.730 |
[0;36m(APIServer pid=214609)[0;0m INFO 09-25 05:24:22 [stats.py:811] | input_preprocess_time_ms    |      0.029 |
[0;36m(APIServer pid=214609)[0;0m INFO 09-25 05:24:22 [stats.py:811] | e2e_stage_0_wall_time_ms    | 16,588.934 |
[0;36m(APIServer pid=214609)[0;0m INFO 09-25 05:24:22 [stats.py:811] | e2e_stage_1_wall_time_ms    | 16,629.252 |
[0;36m(APIServer pid=214609)[0;0m INFO 09-25 05:24:22 [stats.py:811] +-----------------------------+------------+
[0;36m(APIServer pid=214609)[0;0m INFO 09-25 05:24:22 [stats.py:837] 
[0;36m(APIServer pid=214609)[0;0m INFO 09-25 05:24:22 [stats.py:837] [RequestE2EStats [request_id=speech-87151b725ff19d75-81bd98d3]]
[0;36m(APIServer pid=214609)[0;0m INFO 09-25 05:24:22 [stats.py:837] +------------------+------------+
[0;36m(APIServer pid=214609)[0;0m INFO 09-25 05:24:22 [stats.py:837] | Field            |      Value |
[0;36m(APIServer pid=214609)[0;0m INFO 09-25 05:24:22 [stats.py:837] +------------------+------------+
[0;36m(APIServer pid=214609)[0;0m INFO 09-25 05:24:22 [stats.py:837] | e2e_total_ms     | 16,630.606 |
[0;36m(APIServer pid=214609)[0;0m INFO 09-25 05:24:22 [stats.py:837] | e2e_total_tokens |        694 |
[0;36m(APIServer pid=214609)[0;0m INFO 09-25 05:24:22 [stats.py:837] +------------------+------------+
[0;36m(APIServer pid=214609)[0;0m INFO 09-25 05:24:22 [stats.py:878] [OmniTiming] req=speech-87151b725ff19d75-81bd98d3 total=16.63s preprocess=0.00s engine=16.63s stages=[0:16.59s,1:16.63s] transfers=[0->1=0.00ms]
[0;36m(APIServer pid=214609)[0;0m INFO 09-25 05:24:22 [stats.py:920] 
[0;36m(APIServer pid=214609)[0;0m INFO 09-25 05:24:22 [stats.py:920] [StageRequestStats [request_id=speech-87151b725ff19d75-81bd98d3]]
[0;36m(APIServer pid=214609)[0;0m INFO 09-25 05:24:22 [stats.py:920] +---------------------------------+----------------+----------------+
[0;36m(APIServer pid=214609)[0;0m INFO 09-25 05:24:22 [stats.py:920] | Field                           |              0 |              1 |
[0;36m(APIServer pid=214609)[0;0m INFO 09-25 05:24:22 [stats.py:920] +---------------------------------+----------------+----------------+
[0;36m(APIServer pid=214609)[0;0m INFO 09-25 05:24:22 [stats.py:920] | audio_duration_s                |          0.000 |         31.440 |
[0;36m(APIServer pid=214609)[0;0m INFO 09-25 05:24:22 [stats.py:920] | audio_generated_frames          |              0 |        754,560 |
[0;36m(APIServer pid=214609)[0;0m INFO 09-25 05:24:22 [stats.py:920] | audio_sample_rate               |              0 |         24,000 |
[0;36m(APIServer pid=214609)[0;0m INFO 09-25 05:24:22 [stats.py:920] | batch_id                        |          2,342 |          2,423 |
[0;36m(APIServer pid=214609)[0;0m INFO 09-25 05:24:22 [stats.py:920] | batch_size                      |              1 |              1 |
[0;36m(APIServer pid=214609)[0;0m INFO 09-25 05:24:22 [stats.py:920] | inter_output_latencies_ms       |                |                |
[0;36m(APIServer pid=214609)[0;0m INFO 09-25 05:24:22 [stats.py:920] | num_tokens_in                   |            300 |              0 |
[0;36m(APIServer pid=214609)[0;0m INFO 09-25 05:24:22 [stats.py:920] | num_tokens_out                  |            394 |              0 |
[0;36m(APIServer pid=214609)[0;0m INFO 09-25 05:24:22 [stats.py:920] | output_unit_count               |            394 |        754,560 |
[0;36m(APIServer pid=214609)[0;0m INFO 09-25 05:24:22 [stats.py:920] | output_unit_type                |         stream |          audio |
[0;36m(APIServer pid=214609)[0;0m INFO 09-25 05:24:22 [stats.py:920] | serving_time_to_first_output_ms |     16,588.360 |     16,630.180 |
[0;36m(APIServer pid=214609)[0;0m INFO 09-25 05:24:22 [stats.py:920] | stage_gen_time_ms               |     16,587.041 |     16,628.859 |
[0;36m(APIServer pid=214609)[0;0m INFO 09-25 05:24:22 [stats.py:920] | time_per_output_unit_ms         |          0.000 |          0.000 |
[0;36m(APIServer pid=214609)[0;0m INFO 09-25 05:24:22 [stats.py:920] | vllm_itl_ms                     |         41.320 |        966.315 |
[0;36m(APIServer pid=214609)[0;0m INFO 09-25 05:24:22 [stats.py:920] | vllm_itls_ms                    | 41.320 (n=393) | 966.315 (n=16) |
[0;36m(APIServer pid=214609)[0;0m INFO 09-25 05:24:22 [stats.py:920] | vllm_tpot_ms                    |         41.320 |          0.000 |
[0;36m(APIServer pid=214609)[0;0m INFO 09-25 05:24:22 [stats.py:920] | vllm_ttft_ms                    |        350.687 |      1,167.240 |
[0;36m(APIServer pid=214609)[0;0m INFO 09-25 05:24:22 [stats.py:920] +---------------------------------+----------------+----------------+
[0;36m(APIServer pid=214609)[0;0m INFO 09-25 05:24:22 [serving_speech.py:3646] [SpeechE2E] request_id=speech-87151b725ff19d75 stream=false status=ok total_ms=16662.40 response_bytes=1509164
[0;36m(APIServer pid=214609)[0;0m INFO:     127.0.0.1:39528 - "POST /v1/audio/speech HTTP/1.1" 200 OK
[0;36m(APIServer pid=214609)[0;0m INFO 09-25 05:24:22 [serving_speech.py:3070] TTS speech request speech-8ce66c232ffcd1cd: model=Base
[0;36m(APIServer pid=214609)[0;0m INFO 09-25 05:24:22 [serving_speech.py:3100] Applied extra_params: {'repetition_penalty': 1.05, 'temperature': 0.9, 'top_k': 50}
[0;36m(APIServer pid=214609)[0;0m INFO 09-25 05:24:22 [stats.py:811] 
[0;36m(APIServer pid=214609)[0;0m INFO 09-25 05:24:22 [stats.py:811] [Overall Summary]
[0;36m(APIServer pid=214609)[0;0m INFO 09-25 05:24:22 [stats.py:811] +-----------------------------+------------+
[0;36m(APIServer pid=214609)[0;0m INFO 09-25 05:24:22 [stats.py:811] | Field                       |      Value |
[0;36m(APIServer pid=214609)[0;0m INFO 09-25 05:24:22 [stats.py:811] +-----------------------------+------------+
[0;36m(APIServer pid=214609)[0;0m INFO 09-25 05:24:22 [stats.py:811] | e2e_requests                |          1 |
[0;36m(APIServer pid=214609)[0;0m INFO 09-25 05:24:22 [stats.py:811] | e2e_wall_time_ms            | 16,814.972 |
[0;36m(APIServer pid=214609)[0;0m INFO 09-25 05:24:22 [stats.py:811] | e2e_total_tokens            |        700 |
[0;36m(APIServer pid=214609)[0;0m INFO 09-25 05:24:22 [stats.py:811] | e2e_avg_time_per_request_ms | 16,814.972 |
[0;36m(APIServer pid=214609)[0;0m INFO 09-25 05:24:22 [stats.py:811] | e2e_avg_tokens_per_s        |     41.630 |
[0;36m(APIServer pid=214609)[0;0m INFO 09-25 05:24:22 [stats.py:811] | input_preprocess_time_ms    |      0.054 |
[0;36m(APIServer pid=214609)[0;0m INFO 09-25 05:24:22 [stats.py:811] | e2e_stage_0_wall_time_ms    | 16,772.981 |
[0;36m(APIServer pid=214609)[0;0m INFO 09-25 05:24:22 [stats.py:811] | e2e_stage_1_wall_time_ms    | 16,811.533 |
[0;36m(APIServer pid=214609)[0;0m INFO 09-25 05:24:22 [stats.py:811] +-----------------------------+------------+
[0;36m(APIServer pid=214609)[0;0m INFO 09-25 05:24:22 [stats.py:837] 
[0;36m(APIServer pid=214609)[0;0m INFO 09-25 05:24:22 [stats.py:837] [RequestE2EStats [request_id=speech-b27d411474b6d23a-bb34a111]]
[0;36m(APIServer pid=214609)[0;0m INFO 09-25 05:24:22 [stats.py:837] +------------------+------------+
[0;36m(APIServer pid=214609)[0;0m INFO 09-25 05:24:22 [stats.py:837] | Field            |      Value |
[0;36m(APIServer pid=214609)[0;0m INFO 09-25 05:24:22 [stats.py:837] +------------------+------------+
[0;36m(APIServer pid=214609)[0;0m INFO 09-25 05:24:22 [stats.py:837] | e2e_total_ms     | 16,814.850 |
[0;36m(APIServer pid=214609)[0;0m INFO 09-25 05:24:22 [stats.py:837] | e2e_total_tokens |        700 |
[0;36m(APIServer pid=214609)[0;0m INFO 09-25 05:24:22 [stats.py:837] +------------------+------------+
[0;36m(APIServer pid=214609)[0;0m INFO 09-25 05:24:22 [stats.py:878] [OmniTiming] req=speech-b27d411474b6d23a-bb34a111 total=16.81s preprocess=0.00s engine=16.81s stages=[0:16.77s,1:16.81s] transfers=[0->1=0.00ms]
[0;36m(APIServer pid=214609)[0;0m INFO 09-25 05:24:22 [stats.py:920] 
[0;36m(APIServer pid=214609)[0;0m INFO 09-25 05:24:22 [stats.py:920] [StageRequestStats [request_id=speech-b27d411474b6d23a-bb34a111]]
[0;36m(APIServer pid=214609)[0;0m INFO 09-25 05:24:22 [stats.py:920] +---------------------------------+----------------+------------------+
[0;36m(APIServer pid=214609)[0;0m INFO 09-25 05:24:22 [stats.py:920] | Field                           |              0 |                1 |
[0;36m(APIServer pid=214609)[0;0m INFO 09-25 05:24:22 [stats.py:920] +---------------------------------+----------------+------------------+
[0;36m(APIServer pid=214609)[0;0m INFO 09-25 05:24:22 [stats.py:920] | audio_duration_s                |          0.000 |           31.920 |
[0;36m(APIServer pid=214609)[0;0m INFO 09-25 05:24:22 [stats.py:920] | audio_generated_frames          |              0 |          766,080 |
[0;36m(APIServer pid=214609)[0;0m INFO 09-25 05:24:22 [stats.py:920] | audio_sample_rate               |              0 |           24,000 |
[0;36m(APIServer pid=214609)[0;0m INFO 09-25 05:24:22 [stats.py:920] | batch_id                        |          2,343 |            2,424 |
[0;36m(APIServer pid=214609)[0;0m INFO 09-25 05:24:22 [stats.py:920] | batch_size                      |              1 |                1 |
[0;36m(APIServer pid=214609)[0;0m INFO 09-25 05:24:22 [stats.py:920] | inter_output_latencies_ms       |                |                  |
[0;36m(APIServer pid=214609)[0;0m INFO 09-25 05:24:22 [stats.py:920] | num_tokens_in                   |            300 |                0 |
[0;36m(APIServer pid=214609)[0;0m INFO 09-25 05:24:22 [stats.py:920] | num_tokens_out                  |            400 |                0 |
[0;36m(APIServer pid=214609)[0;0m INFO 09-25 05:24:22 [stats.py:920] | output_unit_count               |            400 |          766,080 |
[0;36m(APIServer pid=214609)[0;0m INFO 09-25 05:24:22 [stats.py:920] | output_unit_type                |         stream |            audio |
[0;36m(APIServer pid=214609)[0;0m INFO 09-25 05:24:22 [stats.py:920] | serving_time_to_first_output_ms |     16,772.718 |       16,814.346 |
[0;36m(APIServer pid=214609)[0;0m INFO 09-25 05:24:22 [stats.py:920] | stage_gen_time_ms               |     16,770.377 |       16,811.016 |
[0;36m(APIServer pid=214609)[0;0m INFO 09-25 05:24:22 [stats.py:920] | time_per_output_unit_ms         |          0.000 |            0.000 |
[0;36m(APIServer pid=214609)[0;0m INFO 09-25 05:24:22 [stats.py:920] | vllm_itl_ms                     |         41.790 |        1,034.257 |
[0;36m(APIServer pid=214609)[0;0m INFO 09-25 05:24:22 [stats.py:920] | vllm_itls_ms                    | 41.790 (n=399) | 1,034.257 (n=16) |
[0;36m(APIServer pid=214609)[0;0m INFO 09-25 05:24:22 [stats.py:920] | vllm_tpot_ms                    |         41.790 |            0.000 |
[0;36m(APIServer pid=214609)[0;0m INFO 09-25 05:24:22 [stats.py:920] | vllm_ttft_ms                    |         98.435 |          262.016 |
[0;36m(APIServer pid=214609)[0;0m INFO 09-25 05:24:22 [stats.py:920] +---------------------------------+----------------+------------------+
[0;36m(APIServer pid=214609)[0;0m INFO 09-25 05:24:22 [serving_speech.py:3646] [SpeechE2E] request_id=speech-b27d411474b6d23a stream=false status=ok total_ms=16836.23 response_bytes=1532204
[0;36m(APIServer pid=214609)[0;0m INFO:     127.0.0.1:39486 - "POST /v1/audio/speech HTTP/1.1" 200 OK
[0;36m(APIServer pid=214609)[0;0m INFO 09-25 05:24:22 [serving_speech.py:3070] TTS speech request speech-990303f52a79aca0: model=Base
[0;36m(APIServer pid=214609)[0;0m INFO 09-25 05:24:22 [serving_speech.py:3100] Applied extra_params: {'repetition_penalty': 1.05, 'temperature': 0.9, 'top_k': 50}
[0;36m(APIServer pid=214609)[0;0m INFO 09-25 05:24:23 [stats.py:811] 
[0;36m(APIServer pid=214609)[0;0m INFO 09-25 05:24:23 [stats.py:811] [Overall Summary]
[0;36m(APIServer pid=214609)[0;0m INFO 09-25 05:24:23 [stats.py:811] +-----------------------------+------------+
[0;36m(APIServer pid=214609)[0;0m INFO 09-25 05:24:23 [stats.py:811] | Field                       |      Value |
[0;36m(APIServer pid=214609)[0;0m INFO 09-25 05:24:23 [stats.py:811] +-----------------------------+------------+
[0;36m(APIServer pid=214609)[0;0m INFO 09-25 05:24:23 [stats.py:811] | e2e_requests                |          1 |
[0;36m(APIServer pid=214609)[0;0m INFO 09-25 05:24:23 [stats.py:811] | e2e_wall_time_ms            | 17,315.206 |
[0;36m(APIServer pid=214609)[0;0m INFO 09-25 05:24:23 [stats.py:811] | e2e_total_tokens            |        707 |
[0;36m(APIServer pid=214609)[0;0m INFO 09-25 05:24:23 [stats.py:811] | e2e_avg_time_per_request_ms | 17,315.206 |
[0;36m(APIServer pid=214609)[0;0m INFO 09-25 05:24:23 [stats.py:811] | e2e_avg_tokens_per_s        |     40.831 |
[0;36m(APIServer pid=214609)[0;0m INFO 09-25 05:24:23 [stats.py:811] | input_preprocess_time_ms    |      0.029 |
[0;36m(APIServer pid=214609)[0;0m INFO 09-25 05:24:23 [stats.py:811] | e2e_stage_0_wall_time_ms    | 17,278.431 |
[0;36m(APIServer pid=214609)[0;0m INFO 09-25 05:24:23 [stats.py:811] | e2e_stage_1_wall_time_ms    | 17,314.477 |
[0;36m(APIServer pid=214609)[0;0m INFO 09-25 05:24:23 [stats.py:811] +-----------------------------+------------+
[0;36m(APIServer pid=214609)[0;0m INFO 09-25 05:24:23 [stats.py:837] 
[0;36m(APIServer pid=214609)[0;0m INFO 09-25 05:24:23 [stats.py:837] [RequestE2EStats [request_id=speech-856909cd64645e3e-ba2718b7]]
[0;36m(APIServer pid=214609)[0;0m INFO 09-25 05:24:23 [stats.py:837] +------------------+------------+
[0;36m(APIServer pid=214609)[0;0m INFO 09-25 05:24:23 [stats.py:837] | Field            |      Value |
[0;36m(APIServer pid=214609)[0;0m INFO 09-25 05:24:23 [stats.py:837] +------------------+------------+
[0;36m(APIServer pid=214609)[0;0m INFO 09-25 05:24:23 [stats.py:837] | e2e_total_ms     | 17,315.132 |
[0;36m(APIServer pid=214609)[0;0m INFO 09-25 05:24:23 [stats.py:837] | e2e_total_tokens |        707 |
[0;36m(APIServer pid=214609)[0;0m INFO 09-25 05:24:23 [stats.py:837] +------------------+------------+
[0;36m(APIServer pid=214609)[0;0m INFO 09-25 05:24:23 [stats.py:878] [OmniTiming] req=speech-856909cd64645e3e-ba2718b7 total=17.32s preprocess=0.00s engine=17.32s stages=[0:17.28s,1:17.31s] transfers=[0->1=0.00ms]
[0;36m(APIServer pid=214609)[0;0m INFO 09-25 05:24:23 [stats.py:920] 
[0;36m(APIServer pid=214609)[0;0m INFO 09-25 05:24:23 [stats.py:920] [StageRequestStats [request_id=speech-856909cd64645e3e-ba2718b7]]
[0;36m(APIServer pid=214609)[0;0m INFO 09-25 05:24:23 [stats.py:920] +---------------------------------+----------------+----------------+
[0;36m(APIServer pid=214609)[0;0m INFO 09-25 05:24:23 [stats.py:920] | Field                           |              0 |              1 |
[0;36m(APIServer pid=214609)[0;0m INFO 09-25 05:24:23 [stats.py:920] +---------------------------------+----------------+----------------+
[0;36m(APIServer pid=214609)[0;0m INFO 09-25 05:24:23 [stats.py:920] | audio_duration_s                |          0.000 |         32.480 |
[0;36m(APIServer pid=214609)[0;0m INFO 09-25 05:24:23 [stats.py:920] | audio_generated_frames          |              0 |        779,520 |
[0;36m(APIServer pid=214609)[0;0m INFO 09-25 05:24:23 [stats.py:920] | audio_sample_rate               |              0 |         24,000 |
[0;36m(APIServer pid=214609)[0;0m INFO 09-25 05:24:23 [stats.py:920] | batch_id                        |          2,344 |          2,425 |
[0;36m(APIServer pid=214609)[0;0m INFO 09-25 05:24:23 [stats.py:920] | batch_size                      |              1 |              1 |
[0;36m(APIServer pid=214609)[0;0m INFO 09-25 05:24:23 [stats.py:920] | inter_output_latencies_ms       |                |                |
[0;36m(APIServer pid=214609)[0;0m INFO 09-25 05:24:23 [stats.py:920] | num_tokens_in                   |            300 |              0 |
[0;36m(APIServer pid=214609)[0;0m INFO 09-25 05:24:23 [stats.py:920] | num_tokens_out                  |            407 |              0 |
[0;36m(APIServer pid=214609)[0;0m INFO 09-25 05:24:23 [stats.py:920] | output_unit_count               |            407 |        779,520 |
[0;36m(APIServer pid=214609)[0;0m INFO 09-25 05:24:23 [stats.py:920] | output_unit_type                |         stream |          audio |
[0;36m(APIServer pid=214609)[0;0m INFO 09-25 05:24:23 [stats.py:920] | serving_time_to_first_output_ms |     17,278.360 |     17,314.677 |
[0;36m(APIServer pid=214609)[0;0m INFO 09-25 05:24:23 [stats.py:920] | stage_gen_time_ms               |     17,277.743 |     17,314.081 |
[0;36m(APIServer pid=214609)[0;0m INFO 09-25 05:24:23 [stats.py:920] | time_per_output_unit_ms         |          0.000 |          0.000 |
[0;36m(APIServer pid=214609)[0;0m INFO 09-25 05:24:23 [stats.py:920] | vllm_itl_ms                     |         41.689 |        949.616 |
[0;36m(APIServer pid=214609)[0;0m INFO 09-25 05:24:23 [stats.py:920] | vllm_itls_ms                    | 41.689 (n=406) | 949.616 (n=17) |
[0;36m(APIServer pid=214609)[0;0m INFO 09-25 05:24:23 [stats.py:920] | vllm_tpot_ms                    |         41.689 |          0.000 |
[0;36m(APIServer pid=214609)[0;0m INFO 09-25 05:24:23 [stats.py:920] | vllm_ttft_ms                    |        353.521 |      1,170.774 |
[0;36m(APIServer pid=214609)[0;0m INFO 09-25 05:24:23 [stats.py:920] +---------------------------------+----------------+----------------+
[0;36m(APIServer pid=214609)[0;0m INFO 09-25 05:24:23 [serving_speech.py:3646] [SpeechE2E] request_id=speech-856909cd64645e3e stream=false status=ok total_ms=17347.11 response_bytes=1559084
[0;36m(APIServer pid=214609)[0;0m INFO:     127.0.0.1:39520 - "POST /v1/audio/speech HTTP/1.1" 200 OK
[0;36m(APIServer pid=214609)[0;0m INFO 09-25 05:24:23 [serving_speech.py:3070] TTS speech request speech-9d8583dd4f10f78d: model=Base
[0;36m(APIServer pid=214609)[0;0m INFO 09-25 05:24:23 [serving_speech.py:3100] Applied extra_params: {'repetition_penalty': 1.05, 'temperature': 0.9, 'top_k': 50}
[0;36m(APIServer pid=214609)[0;0m INFO 09-25 05:24:23 [stats.py:811] 
[0;36m(APIServer pid=214609)[0;0m INFO 09-25 05:24:23 [stats.py:811] [Overall Summary]
[0;36m(APIServer pid=214609)[0;0m INFO 09-25 05:24:23 [stats.py:811] +-----------------------------+------------+
[0;36m(APIServer pid=214609)[0;0m INFO 09-25 05:24:23 [stats.py:811] | Field                       |      Value |
[0;36m(APIServer pid=214609)[0;0m INFO 09-25 05:24:23 [stats.py:811] +-----------------------------+------------+
[0;36m(APIServer pid=214609)[0;0m INFO 09-25 05:24:23 [stats.py:811] | e2e_requests                |          1 |
[0;36m(APIServer pid=214609)[0;0m INFO 09-25 05:24:23 [stats.py:811] | e2e_wall_time_ms            | 17,791.481 |
[0;36m(APIServer pid=214609)[0;0m INFO 09-25 05:24:23 [stats.py:811] | e2e_total_tokens            |        713 |
[0;36m(APIServer pid=214609)[0;0m INFO 09-25 05:24:23 [stats.py:811] | e2e_avg_time_per_request_ms | 17,791.481 |
[0;36m(APIServer pid=214609)[0;0m INFO 09-25 05:24:23 [stats.py:811] | e2e_avg_tokens_per_s        |     40.075 |
[0;36m(APIServer pid=214609)[0;0m INFO 09-25 05:24:23 [stats.py:811] | input_preprocess_time_ms    |      0.027 |
[0;36m(APIServer pid=214609)[0;0m INFO 09-25 05:24:23 [stats.py:811] | e2e_stage_0_wall_time_ms    | 17,508.251 |
[0;36m(APIServer pid=214609)[0;0m INFO 09-25 05:24:23 [stats.py:811] | e2e_stage_1_wall_time_ms    | 17,791.338 |
[0;36m(APIServer pid=214609)[0;0m INFO 09-25 05:24:23 [stats.py:811] +-----------------------------+------------+
[0;36m(APIServer pid=214609)[0;0m INFO 09-25 05:24:23 [stats.py:837] 
[0;36m(APIServer pid=214609)[0;0m INFO 09-25 05:24:23 [stats.py:837] [RequestE2EStats [request_id=speech-82fd7ee5ddeacbaf-9ffa1eaf]]
[0;36m(APIServer pid=214609)[0;0m INFO 09-25 05:24:23 [stats.py:837] +------------------+------------+
[0;36m(APIServer pid=214609)[0;0m INFO 09-25 05:24:23 [stats.py:837] | Field            |      Value |
[0;36m(APIServer pid=214609)[0;0m INFO 09-25 05:24:23 [stats.py:837] +------------------+------------+
[0;36m(APIServer pid=214609)[0;0m INFO 09-25 05:24:23 [stats.py:837] | e2e_total_ms     | 17,791.410 |
[0;36m(APIServer pid=214609)[0;0m INFO 09-25 05:24:23 [stats.py:837] | e2e_total_tokens |        713 |
[0;36m(APIServer pid=214609)[0;0m INFO 09-25 05:24:23 [stats.py:837] +------------------+------------+
[0;36m(APIServer pid=214609)[0;0m INFO 09-25 05:24:23 [stats.py:878] [OmniTiming] req=speech-82fd7ee5ddeacbaf-9ffa1eaf total=17.79s preprocess=0.00s engine=17.79s stages=[0:17.51s,1:17.79s] transfers=[0->1=0.00ms]
[0;36m(APIServer pid=214609)[0;0m INFO 09-25 05:24:23 [stats.py:920] 
[0;36m(APIServer pid=214609)[0;0m INFO 09-25 05:24:23 [stats.py:920] [StageRequestStats [request_id=speech-82fd7ee5ddeacbaf-9ffa1eaf]]
[0;36m(APIServer pid=214609)[0;0m INFO 09-25 05:24:23 [stats.py:920] +---------------------------------+----------------+----------------+
[0;36m(APIServer pid=214609)[0;0m INFO 09-25 05:24:23 [stats.py:920] | Field                           |              0 |              1 |
[0;36m(APIServer pid=214609)[0;0m INFO 09-25 05:24:23 [stats.py:920] +---------------------------------+----------------+----------------+
[0;36m(APIServer pid=214609)[0;0m INFO 09-25 05:24:23 [stats.py:920] | audio_duration_s                |          0.000 |         32.960 |
[0;36m(APIServer pid=214609)[0;0m INFO 09-25 05:24:23 [stats.py:920] | audio_generated_frames          |              0 |        791,040 |
[0;36m(APIServer pid=214609)[0;0m INFO 09-25 05:24:23 [stats.py:920] | audio_sample_rate               |              0 |         24,000 |
[0;36m(APIServer pid=214609)[0;0m INFO 09-25 05:24:23 [stats.py:920] | batch_id                        |          2,346 |          2,426 |
[0;36m(APIServer pid=214609)[0;0m INFO 09-25 05:24:23 [stats.py:920] | batch_size                      |              1 |              1 |
[0;36m(APIServer pid=214609)[0;0m INFO 09-25 05:24:23 [stats.py:920] | inter_output_latencies_ms       |                |                |
[0;36m(APIServer pid=214609)[0;0m INFO 09-25 05:24:23 [stats.py:920] | num_tokens_in                   |            300 |              0 |
[0;36m(APIServer pid=214609)[0;0m INFO 09-25 05:24:23 [stats.py:920] | num_tokens_out                  |            413 |              0 |
[0;36m(APIServer pid=214609)[0;0m INFO 09-25 05:24:23 [stats.py:920] | output_unit_count               |            413 |        791,040 |
[0;36m(APIServer pid=214609)[0;0m INFO 09-25 05:24:23 [stats.py:920] | output_unit_type                |         stream |          audio |
[0;36m(APIServer pid=214609)[0;0m INFO 09-25 05:24:23 [stats.py:920] | serving_time_to_first_output_ms |     17,507.499 |     17,790.519 |
[0;36m(APIServer pid=214609)[0;0m INFO 09-25 05:24:23 [stats.py:920] | stage_gen_time_ms               |     17,507.510 |     17,790.513 |
[0;36m(APIServer pid=214609)[0;0m INFO 09-25 05:24:23 [stats.py:920] | time_per_output_unit_ms         |          0.000 |          0.000 |
[0;36m(APIServer pid=214609)[0;0m INFO 09-25 05:24:23 [stats.py:920] | vllm_itl_ms                     |         41.657 |        978.081 |
[0;36m(APIServer pid=214609)[0;0m INFO 09-25 05:24:23 [stats.py:920] | vllm_itls_ms                    | 41.657 (n=412) | 978.081 (n=17) |
[0;36m(APIServer pid=214609)[0;0m INFO 09-25 05:24:23 [stats.py:920] | vllm_tpot_ms                    |         41.657 |          0.000 |
[0;36m(APIServer pid=214609)[0;0m INFO 09-25 05:24:23 [stats.py:920] | vllm_ttft_ms                    |        344.539 |      1,162.377 |
[0;36m(APIServer pid=214609)[0;0m INFO 09-25 05:24:23 [stats.py:920] +---------------------------------+----------------+----------------+
[0;36m(APIServer pid=214609)[0;0m INFO 09-25 05:24:23 [serving_speech.py:3646] [SpeechE2E] request_id=speech-82fd7ee5ddeacbaf stream=false status=ok total_ms=17824.74 response_bytes=1582124
[0;36m(APIServer pid=214609)[0;0m INFO 09-25 05:24:23 [stats.py:811] 
[0;36m(APIServer pid=214609)[0;0m INFO 09-25 05:24:23 [stats.py:811] [Overall Summary]
[0;36m(APIServer pid=214609)[0;0m INFO 09-25 05:24:23 [stats.py:811] +-----------------------------+------------+
[0;36m(APIServer pid=214609)[0;0m INFO 09-25 05:24:23 [stats.py:811] | Field                       |      Value |
[0;36m(APIServer pid=214609)[0;0m INFO 09-25 05:24:23 [stats.py:811] +-----------------------------+------------+
[0;36m(APIServer pid=214609)[0;0m INFO 09-25 05:24:23 [stats.py:811] | e2e_requests                |          1 |
[0;36m(APIServer pid=214609)[0;0m INFO 09-25 05:24:23 [stats.py:811] | e2e_wall_time_ms            | 17,793.266 |
[0;36m(APIServer pid=214609)[0;0m INFO 09-25 05:24:23 [stats.py:811] | e2e_total_tokens            |        713 |
[0;36m(APIServer pid=214609)[0;0m INFO 09-25 05:24:23 [stats.py:811] | e2e_avg_time_per_request_ms | 17,793.266 |
[0;36m(APIServer pid=214609)[0;0m INFO 09-25 05:24:23 [stats.py:811] | e2e_avg_tokens_per_s        |     40.071 |
[0;36m(APIServer pid=214609)[0;0m INFO 09-25 05:24:23 [stats.py:811] | input_preprocess_time_ms    |      0.026 |
[0;36m(APIServer pid=214609)[0;0m INFO 09-25 05:24:23 [stats.py:811] | e2e_stage_0_wall_time_ms    | 17,504.028 |
[0;36m(APIServer pid=214609)[0;0m INFO 09-25 05:24:23 [stats.py:811] | e2e_stage_1_wall_time_ms    | 17,791.929 |
[0;36m(APIServer pid=214609)[0;0m INFO 09-25 05:24:23 [stats.py:811] +-----------------------------+------------+
[0;36m(APIServer pid=214609)[0;0m INFO 09-25 05:24:23 [stats.py:837] 
[0;36m(APIServer pid=214609)[0;0m INFO 09-25 05:24:23 [stats.py:837] [RequestE2EStats [request_id=speech-b29ce1a7616b40ce-b13f418d]]
[0;36m(APIServer pid=214609)[0;0m INFO 09-25 05:24:23 [stats.py:837] +------------------+------------+
[0;36m(APIServer pid=214609)[0;0m INFO 09-25 05:24:23 [stats.py:837] | Field            |      Value |
[0;36m(APIServer pid=214609)[0;0m INFO 09-25 05:24:23 [stats.py:837] +------------------+------------+
[0;36m(APIServer pid=214609)[0;0m INFO 09-25 05:24:23 [stats.py:837] | e2e_total_ms     | 17,793.197 |
[0;36m(APIServer pid=214609)[0;0m INFO 09-25 05:24:23 [stats.py:837] | e2e_total_tokens |        713 |
[0;36m(APIServer pid=214609)[0;0m INFO 09-25 05:24:23 [stats.py:837] +------------------+------------+
[0;36m(APIServer pid=214609)[0;0m INFO 09-25 05:24:23 [stats.py:878] [OmniTiming] req=speech-b29ce1a7616b40ce-b13f418d total=17.79s preprocess=0.00s engine=17.79s stages=[0:17.50s,1:17.79s] transfers=[0->1=0.00ms]
[0;36m(APIServer pid=214609)[0;0m INFO 09-25 05:24:23 [stats.py:920] 
[0;36m(APIServer pid=214609)[0;0m INFO 09-25 05:24:23 [stats.py:920] [StageRequestStats [request_id=speech-b29ce1a7616b40ce-b13f418d]]
[0;36m(APIServer pid=214609)[0;0m INFO 09-25 05:24:23 [stats.py:920] +---------------------------------+----------------+----------------+
[0;36m(APIServer pid=214609)[0;0m INFO 09-25 05:24:23 [stats.py:920] | Field                           |              0 |              1 |
[0;36m(APIServer pid=214609)[0;0m INFO 09-25 05:24:23 [stats.py:920] +---------------------------------+----------------+----------------+
[0;36m(APIServer pid=214609)[0;0m INFO 09-25 05:24:23 [stats.py:920] | audio_duration_s                |          0.000 |         32.960 |
[0;36m(APIServer pid=214609)[0;0m INFO 09-25 05:24:23 [stats.py:920] | audio_generated_frames          |              0 |        791,040 |
[0;36m(APIServer pid=214609)[0;0m INFO 09-25 05:24:23 [stats.py:920] | audio_sample_rate               |              0 |         24,000 |
[0;36m(APIServer pid=214609)[0;0m INFO 09-25 05:24:23 [stats.py:920] | batch_id                        |          2,347 |          2,427 |
[0;36m(APIServer pid=214609)[0;0m INFO 09-25 05:24:23 [stats.py:920] | batch_size                      |              1 |              1 |
[0;36m(APIServer pid=214609)[0;0m INFO 09-25 05:24:23 [stats.py:920] | inter_output_latencies_ms       |                |                |
[0;36m(APIServer pid=214609)[0;0m INFO 09-25 05:24:23 [stats.py:920] | num_tokens_in                   |            300 |              0 |
[0;36m(APIServer pid=214609)[0;0m INFO 09-25 05:24:23 [stats.py:920] | num_tokens_out                  |            413 |              0 |
[0;36m(APIServer pid=214609)[0;0m INFO 09-25 05:24:23 [stats.py:920] | output_unit_count               |            413 |        791,040 |
[0;36m(APIServer pid=214609)[0;0m INFO 09-25 05:24:23 [stats.py:920] | output_unit_type                |         stream |          audio |
[0;36m(APIServer pid=214609)[0;0m INFO 09-25 05:24:23 [stats.py:920] | serving_time_to_first_output_ms |     17,503.271 |     17,786.291 |
[0;36m(APIServer pid=214609)[0;0m INFO 09-25 05:24:23 [stats.py:920] | stage_gen_time_ms               |     17,502.113 |     17,785.158 |
[0;36m(APIServer pid=214609)[0;0m INFO 09-25 05:24:23 [stats.py:920] | time_per_output_unit_ms         |          0.000 |          0.000 |
[0;36m(APIServer pid=214609)[0;0m INFO 09-25 05:24:23 [stats.py:920] | vllm_itl_ms                     |         41.657 |        978.081 |
[0;36m(APIServer pid=214609)[0;0m INFO 09-25 05:24:23 [stats.py:920] | vllm_itls_ms                    | 41.657 (n=412) | 978.081 (n=17) |
[0;36m(APIServer pid=214609)[0;0m INFO 09-25 05:24:23 [stats.py:920] | vllm_tpot_ms                    |         41.657 |          0.000 |
[0;36m(APIServer pid=214609)[0;0m INFO 09-25 05:24:23 [stats.py:920] | vllm_ttft_ms                    |        340.311 |      1,156.955 |
[0;36m(APIServer pid=214609)[0;0m INFO 09-25 05:24:23 [stats.py:920] +---------------------------------+----------------+----------------+
[0;36m(APIServer pid=214609)[0;0m INFO 09-25 05:24:23 [serving_speech.py:3646] [SpeechE2E] request_id=speech-b29ce1a7616b40ce stream=false status=ok total_ms=17820.74 response_bytes=1582124
[0;36m(APIServer pid=214609)[0;0m INFO 09-25 05:24:23 [stats.py:811] 
[0;36m(APIServer pid=214609)[0;0m INFO 09-25 05:24:23 [stats.py:811] [Overall Summary]
[0;36m(APIServer pid=214609)[0;0m INFO 09-25 05:24:23 [stats.py:811] +-----------------------------+------------+
[0;36m(APIServer pid=214609)[0;0m INFO 09-25 05:24:23 [stats.py:811] | Field                       |      Value |
[0;36m(APIServer pid=214609)[0;0m INFO 09-25 05:24:23 [stats.py:811] +-----------------------------+------------+
[0;36m(APIServer pid=214609)[0;0m INFO 09-25 05:24:23 [stats.py:811] | e2e_requests                |          1 |
[0;36m(APIServer pid=214609)[0;0m INFO 09-25 05:24:23 [stats.py:811] | e2e_wall_time_ms            | 17,815.128 |
[0;36m(APIServer pid=214609)[0;0m INFO 09-25 05:24:23 [stats.py:811] | e2e_total_tokens            |        714 |
[0;36m(APIServer pid=214609)[0;0m INFO 09-25 05:24:23 [stats.py:811] | e2e_avg_time_per_request_ms | 17,815.128 |
[0;36m(APIServer pid=214609)[0;0m INFO 09-25 05:24:23 [stats.py:811] | e2e_avg_tokens_per_s        |     40.078 |
[0;36m(APIServer pid=214609)[0;0m INFO 09-25 05:24:23 [stats.py:811] | input_preprocess_time_ms    |      0.031 |
[0;36m(APIServer pid=214609)[0;0m INFO 09-25 05:24:23 [stats.py:811] | e2e_stage_0_wall_time_ms    | 17,521.337 |
[0;36m(APIServer pid=214609)[0;0m INFO 09-25 05:24:23 [stats.py:811] | e2e_stage_1_wall_time_ms    | 17,813.704 |
[0;36m(APIServer pid=214609)[0;0m INFO 09-25 05:24:23 [stats.py:811] +-----------------------------+------------+
[0;36m(APIServer pid=214609)[0;0m INFO 09-25 05:24:23 [stats.py:837] 
[0;36m(APIServer pid=214609)[0;0m INFO 09-25 05:24:23 [stats.py:837] [RequestE2EStats [request_id=speech-8654625d5b0c869f-9825ec08]]
[0;36m(APIServer pid=214609)[0;0m INFO 09-25 05:24:23 [stats.py:837] +------------------+------------+
[0;36m(APIServer pid=214609)[0;0m INFO 09-25 05:24:23 [stats.py:837] | Field            |      Value |
[0;36m(APIServer pid=214609)[0;0m INFO 09-25 05:24:23 [stats.py:837] +------------------+------------+
[0;36m(APIServer pid=214609)[0;0m INFO 09-25 05:24:23 [stats.py:837] | e2e_total_ms     | 17,815.051 |
[0;36m(APIServer pid=214609)[0;0m INFO 09-25 05:24:23 [stats.py:837] | e2e_total_tokens |        714 |
[0;36m(APIServer pid=214609)[0;0m INFO 09-25 05:24:23 [stats.py:837] +------------------+------------+
[0;36m(APIServer pid=214609)[0;0m INFO 09-25 05:24:23 [stats.py:878] [OmniTiming] req=speech-8654625d5b0c869f-9825ec08 total=17.82s preprocess=0.00s engine=17.82s stages=[0:17.52s,1:17.80s] transfers=[0->1=0.00ms]
[0;36m(APIServer pid=214609)[0;0m INFO 09-25 05:24:23 [stats.py:920] 
[0;36m(APIServer pid=214609)[0;0m INFO 09-25 05:24:23 [stats.py:920] [StageRequestStats [request_id=speech-8654625d5b0c869f-9825ec08]]
[0;36m(APIServer pid=214609)[0;0m INFO 09-25 05:24:23 [stats.py:920] +---------------------------------+----------------+----------------+
[0;36m(APIServer pid=214609)[0;0m INFO 09-25 05:24:23 [stats.py:920] | Field                           |              0 |              1 |
[0;36m(APIServer pid=214609)[0;0m INFO 09-25 05:24:23 [stats.py:920] +---------------------------------+----------------+----------------+
[0;36m(APIServer pid=214609)[0;0m INFO 09-25 05:24:23 [stats.py:920] | audio_duration_s                |          0.000 |         33.040 |
[0;36m(APIServer pid=214609)[0;0m INFO 09-25 05:24:23 [stats.py:920] | audio_generated_frames          |              0 |        792,960 |
[0;36m(APIServer pid=214609)[0;0m INFO 09-25 05:24:23 [stats.py:920] | audio_sample_rate               |              0 |         24,000 |
[0;36m(APIServer pid=214609)[0;0m INFO 09-25 05:24:23 [stats.py:920] | batch_id                        |          2,345 |          2,428 |
[0;36m(APIServer pid=214609)[0;0m INFO 09-25 05:24:23 [stats.py:920] | batch_size                      |              1 |              1 |
[0;36m(APIServer pid=214609)[0;0m INFO 09-25 05:24:23 [stats.py:920] | inter_output_latencies_ms       |                |                |
[0;36m(APIServer pid=214609)[0;0m INFO 09-25 05:24:23 [stats.py:920] | num_tokens_in                   |            300 |              0 |
[0;36m(APIServer pid=214609)[0;0m INFO 09-25 05:24:23 [stats.py:920] | num_tokens_out                  |            414 |              0 |
[0;36m(APIServer pid=214609)[0;0m INFO 09-25 05:24:23 [stats.py:920] | output_unit_count               |            414 |        792,960 |
[0;36m(APIServer pid=214609)[0;0m INFO 09-25 05:24:23 [stats.py:920] | output_unit_type                |         stream |          audio |
[0;36m(APIServer pid=214609)[0;0m INFO 09-25 05:24:23 [stats.py:920] | serving_time_to_first_output_ms |     17,520.615 |     17,803.635 |
[0;36m(APIServer pid=214609)[0;0m INFO 09-25 05:24:23 [stats.py:920] | stage_gen_time_ms               |     17,519.317 |     17,802.458 |
[0;36m(APIServer pid=214609)[0;0m INFO 09-25 05:24:23 [stats.py:920] | time_per_output_unit_ms         |          0.000 |          0.000 |
[0;36m(APIServer pid=214609)[0;0m INFO 09-25 05:24:23 [stats.py:920] | vllm_itl_ms                     |         41.995 |        978.081 |
[0;36m(APIServer pid=214609)[0;0m INFO 09-25 05:24:23 [stats.py:920] | vllm_itls_ms                    | 41.995 (n=413) | 978.081 (n=17) |
[0;36m(APIServer pid=214609)[0;0m INFO 09-25 05:24:23 [stats.py:920] | vllm_tpot_ms                    |         41.995 |          0.000 |
[0;36m(APIServer pid=214609)[0;0m INFO 09-25 05:24:23 [stats.py:920] | vllm_ttft_ms                    |        174.510 |      1,174.210 |
[0;36m(APIServer pid=214609)[0;0m INFO 09-25 05:24:23 [stats.py:920] +---------------------------------+----------------+----------------+
[0;36m(APIServer pid=214609)[0;0m INFO 09-25 05:24:23 [serving_speech.py:3646] [SpeechE2E] request_id=speech-8654625d5b0c869f stream=false status=ok total_ms=17848.14 response_bytes=1585964
[0;36m(APIServer pid=214609)[0;0m INFO:     127.0.0.1:39546 - "POST /v1/audio/speech HTTP/1.1" 200 OK
[0;36m(APIServer pid=214609)[0;0m INFO:     127.0.0.1:39566 - "POST /v1/audio/speech HTTP/1.1" 200 OK
[0;36m(APIServer pid=214609)[0;0m INFO:     127.0.0.1:39510 - "POST /v1/audio/speech HTTP/1.1" 200 OK
[0;36m(APIServer pid=214609)[0;0m INFO 09-25 05:24:23 [stats.py:811] 
[0;36m(APIServer pid=214609)[0;0m INFO 09-25 05:24:23 [stats.py:811] [Overall Summary]
[0;36m(APIServer pid=214609)[0;0m INFO 09-25 05:24:23 [stats.py:811] +-----------------------------+------------+
[0;36m(APIServer pid=214609)[0;0m INFO 09-25 05:24:23 [stats.py:811] | Field                       |      Value |
[0;36m(APIServer pid=214609)[0;0m INFO 09-25 05:24:23 [stats.py:811] +-----------------------------+------------+
[0;36m(APIServer pid=214609)[0;0m INFO 09-25 05:24:23 [stats.py:811] | e2e_requests                |          1 |
[0;36m(APIServer pid=214609)[0;0m INFO 09-25 05:24:23 [stats.py:811] | e2e_wall_time_ms            | 17,801.697 |
[0;36m(APIServer pid=214609)[0;0m INFO 09-25 05:24:23 [stats.py:811] | e2e_total_tokens            |        715 |
[0;36m(APIServer pid=214609)[0;0m INFO 09-25 05:24:23 [stats.py:811] | e2e_avg_time_per_request_ms | 17,801.697 |
[0;36m(APIServer pid=214609)[0;0m INFO 09-25 05:24:23 [stats.py:811] | e2e_avg_tokens_per_s        |     40.165 |
[0;36m(APIServer pid=214609)[0;0m INFO 09-25 05:24:23 [stats.py:811] | input_preprocess_time_ms    |      0.024 |
[0;36m(APIServer pid=214609)[0;0m INFO 09-25 05:24:23 [stats.py:811] | e2e_stage_0_wall_time_ms    | 17,626.409 |
[0;36m(APIServer pid=214609)[0;0m INFO 09-25 05:24:23 [stats.py:811] | e2e_stage_1_wall_time_ms    | 17,800.379 |
[0;36m(APIServer pid=214609)[0;0m INFO 09-25 05:24:23 [stats.py:811] +-----------------------------+------------+
[0;36m(APIServer pid=214609)[0;0m INFO 09-25 05:24:23 [stats.py:837] 
[0;36m(APIServer pid=214609)[0;0m INFO 09-25 05:24:23 [stats.py:837] [RequestE2EStats [request_id=speech-80c72c58508a4490-8618c9a0]]
[0;36m(APIServer pid=214609)[0;0m INFO 09-25 05:24:23 [stats.py:837] +------------------+------------+
[0;36m(APIServer pid=214609)[0;0m INFO 09-25 05:24:23 [stats.py:837] | Field            |      Value |
[0;36m(APIServer pid=214609)[0;0m INFO 09-25 05:24:23 [stats.py:837] +------------------+------------+
[0;36m(APIServer pid=214609)[0;0m INFO 09-25 05:24:23 [stats.py:837] | e2e_total_ms     | 17,801.631 |
[0;36m(APIServer pid=214609)[0;0m INFO 09-25 05:24:23 [stats.py:837] | e2e_total_tokens |        715 |
[0;36m(APIServer pid=214609)[0;0m INFO 09-25 05:24:23 [stats.py:837] +------------------+------------+
[0;36m(APIServer pid=214609)[0;0m INFO 09-25 05:24:23 [stats.py:878] [OmniTiming] req=speech-80c72c58508a4490-8618c9a0 total=17.80s preprocess=0.00s engine=17.80s stages=[0:17.63s,1:17.79s] transfers=[0->1=0.00ms]
[0;36m(APIServer pid=214609)[0;0m INFO 09-25 05:24:23 [stats.py:920] 
[0;36m(APIServer pid=214609)[0;0m INFO 09-25 05:24:23 [stats.py:920] [StageRequestStats [request_id=speech-80c72c58508a4490-8618c9a0]]
[0;36m(APIServer pid=214609)[0;0m INFO 09-25 05:24:23 [stats.py:920] +---------------------------------+----------------+----------------+
[0;36m(APIServer pid=214609)[0;0m INFO 09-25 05:24:23 [stats.py:920] | Field                           |              0 |              1 |
[0;36m(APIServer pid=214609)[0;0m INFO 09-25 05:24:23 [stats.py:920] +---------------------------------+----------------+----------------+
[0;36m(APIServer pid=214609)[0;0m INFO 09-25 05:24:23 [stats.py:920] | audio_duration_s                |          0.000 |         33.120 |
[0;36m(APIServer pid=214609)[0;0m INFO 09-25 05:24:23 [stats.py:920] | audio_generated_frames          |              0 |        794,880 |
[0;36m(APIServer pid=214609)[0;0m INFO 09-25 05:24:23 [stats.py:920] | audio_sample_rate               |              0 |         24,000 |
[0;36m(APIServer pid=214609)[0;0m INFO 09-25 05:24:23 [stats.py:920] | batch_id                        |          2,349 |          2,429 |
[0;36m(APIServer pid=214609)[0;0m INFO 09-25 05:24:23 [stats.py:920] | batch_size                      |              1 |              1 |
[0;36m(APIServer pid=214609)[0;0m INFO 09-25 05:24:23 [stats.py:920] | inter_output_latencies_ms       |                |                |
[0;36m(APIServer pid=214609)[0;0m INFO 09-25 05:24:23 [stats.py:920] | num_tokens_in                   |            300 |              0 |
[0;36m(APIServer pid=214609)[0;0m INFO 09-25 05:24:23 [stats.py:920] | num_tokens_out                  |            415 |              0 |
[0;36m(APIServer pid=214609)[0;0m INFO 09-25 05:24:23 [stats.py:920] | output_unit_count               |            415 |        794,880 |
[0;36m(APIServer pid=214609)[0;0m INFO 09-25 05:24:23 [stats.py:920] | output_unit_type                |         stream |          audio |
[0;36m(APIServer pid=214609)[0;0m INFO 09-25 05:24:23 [stats.py:920] | serving_time_to_first_output_ms |     17,626.319 |     17,787.285 |
[0;36m(APIServer pid=214609)[0;0m INFO 09-25 05:24:23 [stats.py:920] | stage_gen_time_ms               |     17,626.258 |     17,786.066 |
[0;36m(APIServer pid=214609)[0;0m INFO 09-25 05:24:23 [stats.py:920] | time_per_output_unit_ms         |          0.000 |          0.000 |
[0;36m(APIServer pid=214609)[0;0m INFO 09-25 05:24:23 [stats.py:920] | vllm_itl_ms                     |         41.763 |        978.110 |
[0;36m(APIServer pid=214609)[0;0m INFO 09-25 05:24:23 [stats.py:920] | vllm_itls_ms                    | 41.763 (n=414) | 978.110 (n=17) |
[0;36m(APIServer pid=214609)[0;0m INFO 09-25 05:24:23 [stats.py:920] | vllm_tpot_ms                    |         41.763 |          0.000 |
[0;36m(APIServer pid=214609)[0;0m INFO 09-25 05:24:23 [stats.py:920] | vllm_ttft_ms                    |        338.360 |      1,155.025 |
[0;36m(APIServer pid=214609)[0;0m INFO 09-25 05:24:23 [stats.py:920] +---------------------------------+----------------+----------------+
[0;36m(APIServer pid=214609)[0;0m INFO 09-25 05:24:23 [serving_speech.py:3646] [SpeechE2E] request_id=speech-80c72c58508a4490 stream=false status=ok total_ms=17834.21 response_bytes=1589804
[0;36m(APIServer pid=214609)[0;0m INFO 09-25 05:24:23 [stats.py:811] 
[0;36m(APIServer pid=214609)[0;0m INFO 09-25 05:24:23 [stats.py:811] [Overall Summary]
[0;36m(APIServer pid=214609)[0;0m INFO 09-25 05:24:23 [stats.py:811] +-----------------------------+------------+
[0;36m(APIServer pid=214609)[0;0m INFO 09-25 05:24:23 [stats.py:811] | Field                       |      Value |
[0;36m(APIServer pid=214609)[0;0m INFO 09-25 05:24:23 [stats.py:811] +-----------------------------+------------+
[0;36m(APIServer pid=214609)[0;0m INFO 09-25 05:24:23 [stats.py:811] | e2e_requests                |          1 |
[0;36m(APIServer pid=214609)[0;0m INFO 09-25 05:24:23 [stats.py:811] | e2e_wall_time_ms            | 17,830.276 |
[0;36m(APIServer pid=214609)[0;0m INFO 09-25 05:24:23 [stats.py:811] | e2e_total_tokens            |        715 |
[0;36m(APIServer pid=214609)[0;0m INFO 09-25 05:24:23 [stats.py:811] | e2e_avg_time_per_request_ms | 17,830.276 |
[0;36m(APIServer pid=214609)[0;0m INFO 09-25 05:24:23 [stats.py:811] | e2e_avg_tokens_per_s        |     40.100 |
[0;36m(APIServer pid=214609)[0;0m INFO 09-25 05:24:23 [stats.py:811] | input_preprocess_time_ms    |      0.034 |
[0;36m(APIServer pid=214609)[0;0m INFO 09-25 05:24:23 [stats.py:811] | e2e_stage_0_wall_time_ms    | 17,587.058 |
[0;36m(APIServer pid=214609)[0;0m INFO 09-25 05:24:23 [stats.py:811] | e2e_stage_1_wall_time_ms    | 17,828.891 |
[0;36m(APIServer pid=214609)[0;0m INFO 09-25 05:24:23 [stats.py:811] +-----------------------------+------------+
[0;36m(APIServer pid=214609)[0;0m INFO 09-25 05:24:23 [stats.py:837] 
[0;36m(APIServer pid=214609)[0;0m INFO 09-25 05:24:23 [stats.py:837] [RequestE2EStats [request_id=speech-83af210992467157-84c899a0]]
[0;36m(APIServer pid=214609)[0;0m INFO 09-25 05:24:23 [stats.py:837] +------------------+------------+
[0;36m(APIServer pid=214609)[0;0m INFO 09-25 05:24:23 [stats.py:837] | Field            |      Value |
[0;36m(APIServer pid=214609)[0;0m INFO 09-25 05:24:23 [stats.py:837] +------------------+------------+
[0;36m(APIServer pid=214609)[0;0m INFO 09-25 05:24:23 [stats.py:837] | e2e_total_ms     | 17,830.195 |
[0;36m(APIServer pid=214609)[0;0m INFO 09-25 05:24:23 [stats.py:837] | e2e_total_tokens |        715 |
[0;36m(APIServer pid=214609)[0;0m INFO 09-25 05:24:23 [stats.py:837] +------------------+------------+
[0;36m(APIServer pid=214609)[0;0m INFO 09-25 05:24:23 [stats.py:878] [OmniTiming] req=speech-83af210992467157-84c899a0 total=17.83s preprocess=0.00s engine=17.83s stages=[0:17.59s,1:17.81s] transfers=[0->1=0.00ms]
[0;36m(APIServer pid=214609)[0;0m INFO 09-25 05:24:23 [stats.py:920] 
[0;36m(APIServer pid=214609)[0;0m INFO 09-25 05:24:23 [stats.py:920] [StageRequestStats [request_id=speech-83af210992467157-84c899a0]]
[0;36m(APIServer pid=214609)[0;0m INFO 09-25 05:24:23 [stats.py:920] +---------------------------------+----------------+----------------+
[0;36m(APIServer pid=214609)[0;0m INFO 09-25 05:24:23 [stats.py:920] | Field                           |              0 |              1 |
[0;36m(APIServer pid=214609)[0;0m INFO 09-25 05:24:23 [stats.py:920] +---------------------------------+----------------+----------------+
[0;36m(APIServer pid=214609)[0;0m INFO 09-25 05:24:23 [stats.py:920] | audio_duration_s                |          0.000 |         33.120 |
[0;36m(APIServer pid=214609)[0;0m INFO 09-25 05:24:23 [stats.py:920] | audio_generated_frames          |              0 |        794,880 |
[0;36m(APIServer pid=214609)[0;0m INFO 09-25 05:24:23 [stats.py:920] | audio_sample_rate               |              0 |         24,000 |
[0;36m(APIServer pid=214609)[0;0m INFO 09-25 05:24:23 [stats.py:920] | batch_id                        |          2,348 |          2,430 |
[0;36m(APIServer pid=214609)[0;0m INFO 09-25 05:24:23 [stats.py:920] | batch_size                      |              1 |              1 |
[0;36m(APIServer pid=214609)[0;0m INFO 09-25 05:24:23 [stats.py:920] | inter_output_latencies_ms       |                |                |
[0;36m(APIServer pid=214609)[0;0m INFO 09-25 05:24:23 [stats.py:920] | num_tokens_in                   |            300 |              0 |
[0;36m(APIServer pid=214609)[0;0m INFO 09-25 05:24:23 [stats.py:920] | num_tokens_out                  |            415 |              0 |
[0;36m(APIServer pid=214609)[0;0m INFO 09-25 05:24:23 [stats.py:920] | output_unit_count               |            415 |        794,880 |
[0;36m(APIServer pid=214609)[0;0m INFO 09-25 05:24:23 [stats.py:920] | output_unit_type                |         stream |          audio |
[0;36m(APIServer pid=214609)[0;0m INFO 09-25 05:24:23 [stats.py:920] | serving_time_to_first_output_ms |     17,586.935 |     17,808.620 |
[0;36m(APIServer pid=214609)[0;0m INFO 09-25 05:24:23 [stats.py:920] | stage_gen_time_ms               |     17,585.662 |     17,807.398 |
[0;36m(APIServer pid=214609)[0;0m INFO 09-25 05:24:23 [stats.py:920] | time_per_output_unit_ms         |          0.000 |          0.000 |
[0;36m(APIServer pid=214609)[0;0m INFO 09-25 05:24:23 [stats.py:920] | vllm_itl_ms                     |         42.054 |        978.110 |
[0;36m(APIServer pid=214609)[0;0m INFO 09-25 05:24:23 [stats.py:920] | vllm_itls_ms                    | 42.054 (n=414) | 978.110 (n=17) |
[0;36m(APIServer pid=214609)[0;0m INFO 09-25 05:24:23 [stats.py:920] | vllm_tpot_ms                    |         42.054 |          0.000 |
[0;36m(APIServer pid=214609)[0;0m INFO 09-25 05:24:23 [stats.py:920] | vllm_ttft_ms                    |        176.550 |      1,176.290 |
[0;36m(APIServer pid=214609)[0;0m INFO 09-25 05:24:23 [stats.py:920] +---------------------------------+----------------+----------------+
[0;36m(APIServer pid=214609)[0;0m INFO 09-25 05:24:23 [serving_speech.py:3646] [SpeechE2E] request_id=speech-83af210992467157 stream=false status=ok total_ms=17862.32 response_bytes=1589804
[0;36m(APIServer pid=214609)[0;0m INFO:     127.0.0.1:39556 - "POST /v1/audio/speech HTTP/1.1" 200 OK
[0;36m(APIServer pid=214609)[0;0m INFO:     127.0.0.1:39506 - "POST /v1/audio/speech HTTP/1.1" 200 OK
[0;36m(APIServer pid=214609)[0;0m INFO 09-25 05:24:23 [serving_speech.py:3070] TTS speech request speech-80c12b0a624212a2: model=Base
[0;36m(APIServer pid=214609)[0;0m INFO 09-25 05:24:23 [serving_speech.py:3100] Applied extra_params: {'repetition_penalty': 1.05, 'temperature': 0.9, 'top_k': 50}
[0;36m(APIServer pid=214609)[0;0m INFO 09-25 05:24:23 [serving_speech.py:3070] TTS speech request speech-bb733737aeb0da11: model=Base
[0;36m(APIServer pid=214609)[0;0m INFO 09-25 05:24:23 [serving_speech.py:3100] Applied extra_params: {'repetition_penalty': 1.05, 'temperature': 0.9, 'top_k': 50}
[0;36m(APIServer pid=214609)[0;0m INFO 09-25 05:24:23 [serving_speech.py:3070] TTS speech request speech-b18b9ce1c9d27e21: model=Base
[0;36m(APIServer pid=214609)[0;0m INFO 09-25 05:24:23 [serving_speech.py:3100] Applied extra_params: {'repetition_penalty': 1.05, 'temperature': 0.9, 'top_k': 50}
[0;36m(APIServer pid=214609)[0;0m INFO 09-25 05:24:23 [serving_speech.py:3070] TTS speech request speech-a21047d3a7cc302c: model=Base
[0;36m(APIServer pid=214609)[0;0m INFO 09-25 05:24:23 [serving_speech.py:3100] Applied extra_params: {'repetition_penalty': 1.05, 'temperature': 0.9, 'top_k': 50}
[0;36m(APIServer pid=214609)[0;0m INFO 09-25 05:24:23 [serving_speech.py:3070] TTS speech request speech-b58b45551b0de7d3: model=Base
[0;36m(APIServer pid=214609)[0;0m INFO 09-25 05:24:23 [serving_speech.py:3100] Applied extra_params: {'repetition_penalty': 1.05, 'temperature': 0.9, 'top_k': 50}
[0;36m(APIServer pid=214609)[0;0m INFO 09-25 05:24:23 [stats.py:811] 
[0;36m(APIServer pid=214609)[0;0m INFO 09-25 05:24:23 [stats.py:811] [Overall Summary]
[0;36m(APIServer pid=214609)[0;0m INFO 09-25 05:24:23 [stats.py:811] +-----------------------------+------------+
[0;36m(APIServer pid=214609)[0;0m INFO 09-25 05:24:23 [stats.py:811] | Field                       |      Value |
[0;36m(APIServer pid=214609)[0;0m INFO 09-25 05:24:23 [stats.py:811] +-----------------------------+------------+
[0;36m(APIServer pid=214609)[0;0m INFO 09-25 05:24:23 [stats.py:811] | e2e_requests                |          1 |
[0;36m(APIServer pid=214609)[0;0m INFO 09-25 05:24:23 [stats.py:811] | e2e_wall_time_ms            | 17,879.489 |
[0;36m(APIServer pid=214609)[0;0m INFO 09-25 05:24:23 [stats.py:811] | e2e_total_tokens            |        719 |
[0;36m(APIServer pid=214609)[0;0m INFO 09-25 05:24:23 [stats.py:811] | e2e_avg_time_per_request_ms | 17,879.489 |
[0;36m(APIServer pid=214609)[0;0m INFO 09-25 05:24:23 [stats.py:811] | e2e_avg_tokens_per_s        |     40.214 |
[0;36m(APIServer pid=214609)[0;0m INFO 09-25 05:24:23 [stats.py:811] | input_preprocess_time_ms    |      0.027 |
[0;36m(APIServer pid=214609)[0;0m INFO 09-25 05:24:23 [stats.py:811] | e2e_stage_0_wall_time_ms    | 17,839.415 |
[0;36m(APIServer pid=214609)[0;0m INFO 09-25 05:24:23 [stats.py:811] | e2e_stage_1_wall_time_ms    | 17,878.076 |
[0;36m(APIServer pid=214609)[0;0m INFO 09-25 05:24:23 [stats.py:811] +-----------------------------+------------+
[0;36m(APIServer pid=214609)[0;0m INFO 09-25 05:24:23 [stats.py:837] 
[0;36m(APIServer pid=214609)[0;0m INFO 09-25 05:24:23 [stats.py:837] [RequestE2EStats [request_id=speech-b7a4b5168f745eed-8e819c2a]]
[0;36m(APIServer pid=214609)[0;0m INFO 09-25 05:24:23 [stats.py:837] +------------------+------------+
[0;36m(APIServer pid=214609)[0;0m INFO 09-25 05:24:23 [stats.py:837] | Field            |      Value |
[0;36m(APIServer pid=214609)[0;0m INFO 09-25 05:24:23 [stats.py:837] +------------------+------------+
[0;36m(APIServer pid=214609)[0;0m INFO 09-25 05:24:23 [stats.py:837] | e2e_total_ms     | 17,879.419 |
[0;36m(APIServer pid=214609)[0;0m INFO 09-25 05:24:23 [stats.py:837] | e2e_total_tokens |        719 |
[0;36m(APIServer pid=214609)[0;0m INFO 09-25 05:24:23 [stats.py:837] +------------------+------------+
[0;36m(APIServer pid=214609)[0;0m INFO 09-25 05:24:23 [stats.py:878] [OmniTiming] req=speech-b7a4b5168f745eed-8e819c2a total=17.88s preprocess=0.00s engine=17.88s stages=[0:17.84s,1:17.88s] transfers=[0->1=0.00ms]
[0;36m(APIServer pid=214609)[0;0m INFO 09-25 05:24:23 [stats.py:920] 
[0;36m(APIServer pid=214609)[0;0m INFO 09-25 05:24:23 [stats.py:920] [StageRequestStats [request_id=speech-b7a4b5168f745eed-8e819c2a]]
[0;36m(APIServer pid=214609)[0;0m INFO 09-25 05:24:23 [stats.py:920] +---------------------------------+----------------+----------------+
[0;36m(APIServer pid=214609)[0;0m INFO 09-25 05:24:23 [stats.py:920] | Field                           |              0 |              1 |
[0;36m(APIServer pid=214609)[0;0m INFO 09-25 05:24:23 [stats.py:920] +---------------------------------+----------------+----------------+
[0;36m(APIServer pid=214609)[0;0m INFO 09-25 05:24:23 [stats.py:920] | audio_duration_s                |          0.000 |         33.440 |
[0;36m(APIServer pid=214609)[0;0m INFO 09-25 05:24:23 [stats.py:920] | audio_generated_frames          |              0 |        802,560 |
[0;36m(APIServer pid=214609)[0;0m INFO 09-25 05:24:23 [stats.py:920] | audio_sample_rate               |              0 |         24,000 |
[0;36m(APIServer pid=214609)[0;0m INFO 09-25 05:24:23 [stats.py:920] | batch_id                        |          2,350 |          2,431 |
[0;36m(APIServer pid=214609)[0;0m INFO 09-25 05:24:23 [stats.py:920] | batch_size                      |              1 |              1 |
[0;36m(APIServer pid=214609)[0;0m INFO 09-25 05:24:23 [stats.py:920] | inter_output_latencies_ms       |                |                |
[0;36m(APIServer pid=214609)[0;0m INFO 09-25 05:24:23 [stats.py:920] | num_tokens_in                   |            300 |              0 |
[0;36m(APIServer pid=214609)[0;0m INFO 09-25 05:24:23 [stats.py:920] | num_tokens_out                  |            419 |              0 |
[0;36m(APIServer pid=214609)[0;0m INFO 09-25 05:24:23 [stats.py:920] | output_unit_count               |            419 |        802,560 |
[0;36m(APIServer pid=214609)[0;0m INFO 09-25 05:24:23 [stats.py:920] | output_unit_type                |         stream |          audio |
[0;36m(APIServer pid=214609)[0;0m INFO 09-25 05:24:23 [stats.py:920] | serving_time_to_first_output_ms |     17,839.320 |     17,879.210 |
[0;36m(APIServer pid=214609)[0;0m INFO 09-25 05:24:23 [stats.py:920] | stage_gen_time_ms               |     17,839.257 |     17,877.908 |
[0;36m(APIServer pid=214609)[0;0m INFO 09-25 05:24:23 [stats.py:920] | time_per_output_unit_ms         |          0.000 |          0.000 |
[0;36m(APIServer pid=214609)[0;0m INFO 09-25 05:24:23 [stats.py:920] | vllm_itl_ms                     |         41.845 |        983.128 |
[0;36m(APIServer pid=214609)[0;0m INFO 09-25 05:24:23 [stats.py:920] | vllm_itls_ms                    | 41.845 (n=418) | 983.128 (n=17) |
[0;36m(APIServer pid=214609)[0;0m INFO 09-25 05:24:23 [stats.py:920] | vllm_tpot_ms                    |         41.845 |          0.000 |
[0;36m(APIServer pid=214609)[0;0m INFO 09-25 05:24:23 [stats.py:920] | vllm_ttft_ms                    |        348.644 |      1,165.209 |
[0;36m(APIServer pid=214609)[0;0m INFO 09-25 05:24:23 [stats.py:920] +---------------------------------+----------------+----------------+
[0;36m(APIServer pid=214609)[0;0m INFO 09-25 05:24:23 [serving_speech.py:3646] [SpeechE2E] request_id=speech-b7a4b5168f745eed stream=false status=ok total_ms=17912.34 response_bytes=1605164
[0;36m(APIServer pid=214609)[0;0m INFO:     127.0.0.1:39542 - "POST /v1/audio/speech HTTP/1.1" 200 OK
[0;36m(APIServer pid=214609)[0;0m INFO 09-25 05:24:23 [serving_speech.py:3070] TTS speech request speech-8bb2be270a9a8b6e: model=Base
[0;36m(APIServer pid=214609)[0;0m INFO 09-25 05:24:23 [serving_speech.py:3100] Applied extra_params: {'repetition_penalty': 1.05, 'temperature': 0.9, 'top_k': 50}
[0;36m(APIServer pid=214609)[0;0m INFO 09-25 05:24:24 [stats.py:811] 
[0;36m(APIServer pid=214609)[0;0m INFO 09-25 05:24:24 [stats.py:811] [Overall Summary]
[0;36m(APIServer pid=214609)[0;0m INFO 09-25 05:24:24 [stats.py:811] +-----------------------------+------------+
[0;36m(APIServer pid=214609)[0;0m INFO 09-25 05:24:24 [stats.py:811] | Field                       |      Value |
[0;36m(APIServer pid=214609)[0;0m INFO 09-25 05:24:24 [stats.py:811] +-----------------------------+------------+
[0;36m(APIServer pid=214609)[0;0m INFO 09-25 05:24:24 [stats.py:811] | e2e_requests                |          1 |
[0;36m(APIServer pid=214609)[0;0m INFO 09-25 05:24:24 [stats.py:811] | e2e_wall_time_ms            | 18,373.705 |
[0;36m(APIServer pid=214609)[0;0m INFO 09-25 05:24:24 [stats.py:811] | e2e_total_tokens            |        723 |
[0;36m(APIServer pid=214609)[0;0m INFO 09-25 05:24:24 [stats.py:811] | e2e_avg_time_per_request_ms | 18,373.705 |
[0;36m(APIServer pid=214609)[0;0m INFO 09-25 05:24:24 [stats.py:811] | e2e_avg_tokens_per_s        |     39.350 |
[0;36m(APIServer pid=214609)[0;0m INFO 09-25 05:24:24 [stats.py:811] | input_preprocess_time_ms    |      0.043 |
[0;36m(APIServer pid=214609)[0;0m INFO 09-25 05:24:24 [stats.py:811] | e2e_stage_0_wall_time_ms    | 18,040.234 |
[0;36m(APIServer pid=214609)[0;0m INFO 09-25 05:24:24 [stats.py:811] | e2e_stage_1_wall_time_ms    | 18,370.156 |
[0;36m(APIServer pid=214609)[0;0m INFO 09-25 05:24:24 [stats.py:811] +-----------------------------+------------+
[0;36m(APIServer pid=214609)[0;0m INFO 09-25 05:24:24 [stats.py:837] 
[0;36m(APIServer pid=214609)[0;0m INFO 09-25 05:24:24 [stats.py:837] [RequestE2EStats [request_id=speech-81f9e3a69dd18adb-b580938b]]
[0;36m(APIServer pid=214609)[0;0m INFO 09-25 05:24:24 [stats.py:837] +------------------+------------+
[0;36m(APIServer pid=214609)[0;0m INFO 09-25 05:24:24 [stats.py:837] | Field            |      Value |
[0;36m(APIServer pid=214609)[0;0m INFO 09-25 05:24:24 [stats.py:837] +------------------+------------+
[0;36m(APIServer pid=214609)[0;0m INFO 09-25 05:24:24 [stats.py:837] | e2e_total_ms     | 18,373.608 |
[0;36m(APIServer pid=214609)[0;0m INFO 09-25 05:24:24 [stats.py:837] | e2e_total_tokens |        723 |
[0;36m(APIServer pid=214609)[0;0m INFO 09-25 05:24:24 [stats.py:837] +------------------+------------+
[0;36m(APIServer pid=214609)[0;0m INFO 09-25 05:24:24 [stats.py:878] [OmniTiming] req=speech-81f9e3a69dd18adb-b580938b total=18.37s preprocess=0.00s engine=18.37s stages=[0:18.04s,1:18.37s] transfers=[0->1=0.00ms]
[0;36m(APIServer pid=214609)[0;0m INFO 09-25 05:24:24 [stats.py:920] 
[0;36m(APIServer pid=214609)[0;0m INFO 09-25 05:24:24 [stats.py:920] [StageRequestStats [request_id=speech-81f9e3a69dd18adb-b580938b]]
[0;36m(APIServer pid=214609)[0;0m INFO 09-25 05:24:24 [stats.py:920] +---------------------------------+----------------+------------------+
[0;36m(APIServer pid=214609)[0;0m INFO 09-25 05:24:24 [stats.py:920] | Field                           |              0 |                1 |
[0;36m(APIServer pid=214609)[0;0m INFO 09-25 05:24:24 [stats.py:920] +---------------------------------+----------------+------------------+
[0;36m(APIServer pid=214609)[0;0m INFO 09-25 05:24:24 [stats.py:920] | audio_duration_s                |          0.000 |           33.760 |
[0;36m(APIServer pid=214609)[0;0m INFO 09-25 05:24:24 [stats.py:920] | audio_generated_frames          |              0 |          810,240 |
[0;36m(APIServer pid=214609)[0;0m INFO 09-25 05:24:24 [stats.py:920] | audio_sample_rate               |              0 |           24,000 |
[0;36m(APIServer pid=214609)[0;0m INFO 09-25 05:24:24 [stats.py:920] | batch_id                        |          2,351 |            2,432 |
[0;36m(APIServer pid=214609)[0;0m INFO 09-25 05:24:24 [stats.py:920] | batch_size                      |              1 |                1 |
[0;36m(APIServer pid=214609)[0;0m INFO 09-25 05:24:24 [stats.py:920] | inter_output_latencies_ms       |                |                  |
[0;36m(APIServer pid=214609)[0;0m INFO 09-25 05:24:24 [stats.py:920] | num_tokens_in                   |            300 |                0 |
[0;36m(APIServer pid=214609)[0;0m INFO 09-25 05:24:24 [stats.py:920] | num_tokens_out                  |            423 |                0 |
[0;36m(APIServer pid=214609)[0;0m INFO 09-25 05:24:24 [stats.py:920] | output_unit_count               |            423 |          810,240 |
[0;36m(APIServer pid=214609)[0;0m INFO 09-25 05:24:24 [stats.py:920] | output_unit_type                |         stream |            audio |
[0;36m(APIServer pid=214609)[0;0m INFO 09-25 05:24:24 [stats.py:920] | serving_time_to_first_output_ms |     18,039.663 |       18,373.390 |
[0;36m(APIServer pid=214609)[0;0m INFO 09-25 05:24:24 [stats.py:920] | stage_gen_time_ms               |     18,037.566 |       18,369.963 |
[0;36m(APIServer pid=214609)[0;0m INFO 09-25 05:24:24 [stats.py:920] | time_per_output_unit_ms         |          0.000 |            0.000 |
[0;36m(APIServer pid=214609)[0;0m INFO 09-25 05:24:24 [stats.py:920] | vllm_itl_ms                     |         42.315 |        1,011.204 |
[0;36m(APIServer pid=214609)[0;0m INFO 09-25 05:24:24 [stats.py:920] | vllm_itls_ms                    | 42.315 (n=422) | 1,011.204 (n=17) |
[0;36m(APIServer pid=214609)[0;0m INFO 09-25 05:24:24 [stats.py:920] | vllm_tpot_ms                    |         42.315 |            0.000 |
[0;36m(APIServer pid=214609)[0;0m INFO 09-25 05:24:24 [stats.py:920] | vllm_ttft_ms                    |        180.778 |        1,178.348 |
[0;36m(APIServer pid=214609)[0;0m INFO 09-25 05:24:24 [stats.py:920] +---------------------------------+----------------+------------------+
[0;36m(APIServer pid=214609)[0;0m INFO 09-25 05:24:24 [serving_speech.py:3646] [SpeechE2E] request_id=speech-81f9e3a69dd18adb stream=false status=ok total_ms=18402.81 response_bytes=1620524
[0;36m(APIServer pid=214609)[0;0m INFO:     127.0.0.1:39500 - "POST /v1/audio/speech HTTP/1.1" 200 OK
[0;36m(APIServer pid=214609)[0;0m INFO 09-25 05:24:24 [serving_speech.py:3070] TTS speech request speech-8f55ebb451477f13: model=Base
[0;36m(APIServer pid=214609)[0;0m INFO 09-25 05:24:24 [serving_speech.py:3100] Applied extra_params: {'repetition_penalty': 1.05, 'temperature': 0.9, 'top_k': 50}
[0;36m(APIServer pid=214609)[0;0m INFO 09-25 05:24:24 [stats.py:811] 
[0;36m(APIServer pid=214609)[0;0m INFO 09-25 05:24:24 [stats.py:811] [Overall Summary]
[0;36m(APIServer pid=214609)[0;0m INFO 09-25 05:24:24 [stats.py:811] +-----------------------------+------------+
[0;36m(APIServer pid=214609)[0;0m INFO 09-25 05:24:24 [stats.py:811] | Field                       |      Value |
[0;36m(APIServer pid=214609)[0;0m INFO 09-25 05:24:24 [stats.py:811] +-----------------------------+------------+
[0;36m(APIServer pid=214609)[0;0m INFO 09-25 05:24:24 [stats.py:811] | e2e_requests                |          1 |
[0;36m(APIServer pid=214609)[0;0m INFO 09-25 05:24:24 [stats.py:811] | e2e_wall_time_ms            | 19,195.215 |
[0;36m(APIServer pid=214609)[0;0m INFO 09-25 05:24:24 [stats.py:811] | e2e_total_tokens            |        747 |
[0;36m(APIServer pid=214609)[0;0m INFO 09-25 05:24:24 [stats.py:811] | e2e_avg_time_per_request_ms | 19,195.215 |
[0;36m(APIServer pid=214609)[0;0m INFO 09-25 05:24:24 [stats.py:811] | e2e_avg_tokens_per_s        |     38.916 |
[0;36m(APIServer pid=214609)[0;0m INFO 09-25 05:24:24 [stats.py:811] | input_preprocess_time_ms    |      0.049 |
[0;36m(APIServer pid=214609)[0;0m INFO 09-25 05:24:24 [stats.py:811] | e2e_stage_0_wall_time_ms    | 19,152.252 |
[0;36m(APIServer pid=214609)[0;0m INFO 09-25 05:24:24 [stats.py:811] | e2e_stage_1_wall_time_ms    | 19,193.726 |
[0;36m(APIServer pid=214609)[0;0m INFO 09-25 05:24:24 [stats.py:811] +-----------------------------+------------+
[0;36m(APIServer pid=214609)[0;0m INFO 09-25 05:24:24 [stats.py:837] 
[0;36m(APIServer pid=214609)[0;0m INFO 09-25 05:24:24 [stats.py:837] [RequestE2EStats [request_id=speech-925e999ee93a0cb9-bcc287b2]]
[0;36m(APIServer pid=214609)[0;0m INFO 09-25 05:24:24 [stats.py:837] +------------------+------------+
[0;36m(APIServer pid=214609)[0;0m INFO 09-25 05:24:24 [stats.py:837] | Field            |      Value |
[0;36m(APIServer pid=214609)[0;0m INFO 09-25 05:24:24 [stats.py:837] +------------------+------------+
[0;36m(APIServer pid=214609)[0;0m INFO 09-25 05:24:24 [stats.py:837] | e2e_total_ms     | 19,195.104 |
[0;36m(APIServer pid=214609)[0;0m INFO 09-25 05:24:24 [stats.py:837] | e2e_total_tokens |        747 |
[0;36m(APIServer pid=214609)[0;0m INFO 09-25 05:24:24 [stats.py:837] +------------------+------------+
[0;36m(APIServer pid=214609)[0;0m INFO 09-25 05:24:24 [stats.py:878] [OmniTiming] req=speech-925e999ee93a0cb9-bcc287b2 total=19.20s preprocess=0.00s engine=19.20s stages=[0:19.15s,1:19.19s] transfers=[0->1=0.00ms]
[0;36m(APIServer pid=214609)[0;0m INFO 09-25 05:24:24 [stats.py:920] 
[0;36m(APIServer pid=214609)[0;0m INFO 09-25 05:24:24 [stats.py:920] [StageRequestStats [request_id=speech-925e999ee93a0cb9-bcc287b2]]
[0;36m(APIServer pid=214609)[0;0m INFO 09-25 05:24:24 [stats.py:920] +---------------------------------+----------------+------------------+
[0;36m(APIServer pid=214609)[0;0m INFO 09-25 05:24:24 [stats.py:920] | Field                           |              0 |                1 |
[0;36m(APIServer pid=214609)[0;0m INFO 09-25 05:24:24 [stats.py:920] +---------------------------------+----------------+------------------+
[0;36m(APIServer pid=214609)[0;0m INFO 09-25 05:24:24 [stats.py:920] | audio_duration_s                |          0.000 |           35.680 |
[0;36m(APIServer pid=214609)[0;0m INFO 09-25 05:24:24 [stats.py:920] | audio_generated_frames          |              0 |          856,320 |
[0;36m(APIServer pid=214609)[0;0m INFO 09-25 05:24:24 [stats.py:920] | audio_sample_rate               |              0 |           24,000 |
[0;36m(APIServer pid=214609)[0;0m INFO 09-25 05:24:24 [stats.py:920] | batch_id                        |          2,352 |            2,433 |
[0;36m(APIServer pid=214609)[0;0m INFO 09-25 05:24:24 [stats.py:920] | batch_size                      |              1 |                1 |
[0;36m(APIServer pid=214609)[0;0m INFO 09-25 05:24:24 [stats.py:920] | inter_output_latencies_ms       |                |                  |
[0;36m(APIServer pid=214609)[0;0m INFO 09-25 05:24:24 [stats.py:920] | num_tokens_in                   |            300 |                0 |
[0;36m(APIServer pid=214609)[0;0m INFO 09-25 05:24:24 [stats.py:920] | num_tokens_out                  |            447 |                0 |
[0;36m(APIServer pid=214609)[0;0m INFO 09-25 05:24:24 [stats.py:920] | output_unit_count               |            447 |          856,320 |
[0;36m(APIServer pid=214609)[0;0m INFO 09-25 05:24:24 [stats.py:920] | output_unit_type                |         stream |            audio |
[0;36m(APIServer pid=214609)[0;0m INFO 09-25 05:24:24 [stats.py:920] | serving_time_to_first_output_ms |     19,152.108 |       19,194.255 |
[0;36m(APIServer pid=214609)[0;0m INFO 09-25 05:24:24 [stats.py:920] | stage_gen_time_ms               |     19,150.745 |       19,192.864 |
[0;36m(APIServer pid=214609)[0;0m INFO 09-25 05:24:24 [stats.py:920] | time_per_output_unit_ms         |          0.000 |            0.000 |
[0;36m(APIServer pid=214609)[0;0m INFO 09-25 05:24:24 [stats.py:920] | vllm_itl_ms                     |         42.533 |        1,000.613 |
[0;36m(APIServer pid=214609)[0;0m INFO 09-25 05:24:24 [stats.py:920] | vllm_itls_ms                    | 42.533 (n=446) | 1,000.613 (n=18) |
[0;36m(APIServer pid=214609)[0;0m INFO 09-25 05:24:24 [stats.py:920] | vllm_tpot_ms                    |         42.533 |            0.000 |
[0;36m(APIServer pid=214609)[0;0m INFO 09-25 05:24:24 [stats.py:920] | vllm_ttft_ms                    |        182.899 |        1,181.319 |
[0;36m(APIServer pid=214609)[0;0m INFO 09-25 05:24:24 [stats.py:920] +---------------------------------+----------------+------------------+
[0;36m(APIServer pid=214609)[0;0m INFO 09-25 05:24:24 [serving_speech.py:3646] [SpeechE2E] request_id=speech-925e999ee93a0cb9 stream=false status=ok total_ms=19225.71 response_bytes=1712684
[0;36m(APIServer pid=214609)[0;0m INFO:     127.0.0.1:39494 - "POST /v1/audio/speech HTTP/1.1" 200 OK
[0;36m(APIServer pid=214609)[0;0m INFO 09-25 05:24:24 [serving_speech.py:3070] TTS speech request speech-bf0d17f7a2e8b4b2: model=Base
[0;36m(APIServer pid=214609)[0;0m INFO 09-25 05:24:24 [serving_speech.py:3100] Applied extra_params: {'repetition_penalty': 1.05, 'temperature': 0.9, 'top_k': 50}
[0;36m(APIServer pid=214609)[0;0m INFO 09-25 05:24:36 [stats.py:811] 
[0;36m(APIServer pid=214609)[0;0m INFO 09-25 05:24:36 [stats.py:811] [Overall Summary]
[0;36m(APIServer pid=214609)[0;0m INFO 09-25 05:24:36 [stats.py:811] +-----------------------------+------------+
[0;36m(APIServer pid=214609)[0;0m INFO 09-25 05:24:36 [stats.py:811] | Field                       |      Value |
[0;36m(APIServer pid=214609)[0;0m INFO 09-25 05:24:36 [stats.py:811] +-----------------------------+------------+
[0;36m(APIServer pid=214609)[0;0m INFO 09-25 05:24:36 [stats.py:811] | e2e_requests                |          1 |
[0;36m(APIServer pid=214609)[0;0m INFO 09-25 05:24:36 [stats.py:811] | e2e_wall_time_ms            | 15,148.097 |
[0;36m(APIServer pid=214609)[0;0m INFO 09-25 05:24:36 [stats.py:811] | e2e_total_tokens            |        660 |
[0;36m(APIServer pid=214609)[0;0m INFO 09-25 05:24:36 [stats.py:811] | e2e_avg_time_per_request_ms | 15,148.097 |
[0;36m(APIServer pid=214609)[0;0m INFO 09-25 05:24:36 [stats.py:811] | e2e_avg_tokens_per_s        |     43.570 |
[0;36m(APIServer pid=214609)[0;0m INFO 09-25 05:24:36 [stats.py:811] | input_preprocess_time_ms    |      0.039 |
[0;36m(APIServer pid=214609)[0;0m INFO 09-25 05:24:36 [stats.py:811] | e2e_stage_0_wall_time_ms    | 15,111.367 |
[0;36m(APIServer pid=214609)[0;0m INFO 09-25 05:24:36 [stats.py:811] | e2e_stage_1_wall_time_ms    | 15,147.920 |
[0;36m(APIServer pid=214609)[0;0m INFO 09-25 05:24:36 [stats.py:811] +-----------------------------+------------+
[0;36m(APIServer pid=214609)[0;0m INFO 09-25 05:24:36 [stats.py:837] 
[0;36m(APIServer pid=214609)[0;0m INFO 09-25 05:24:36 [stats.py:837] [RequestE2EStats [request_id=speech-9f719610fec55077-84253f79]]
[0;36m(APIServer pid=214609)[0;0m INFO 09-25 05:24:36 [stats.py:837] +------------------+------------+
[0;36m(APIServer pid=214609)[0;0m INFO 09-25 05:24:36 [stats.py:837] | Field            |      Value |
[0;36m(APIServer pid=214609)[0;0m INFO 09-25 05:24:36 [stats.py:837] +------------------+------------+
[0;36m(APIServer pid=214609)[0;0m INFO 09-25 05:24:36 [stats.py:837] | e2e_total_ms     | 15,148.007 |
[0;36m(APIServer pid=214609)[0;0m INFO 09-25 05:24:36 [stats.py:837] | e2e_total_tokens |        660 |
[0;36m(APIServer pid=214609)[0;0m INFO 09-25 05:24:36 [stats.py:837] +------------------+------------+
[0;36m(APIServer pid=214609)[0;0m INFO 09-25 05:24:36 [stats.py:878] [OmniTiming] req=speech-9f719610fec55077-84253f79 total=15.15s preprocess=0.00s engine=15.15s stages=[0:15.11s,1:15.15s] transfers=[0->1=0.00ms]
[0;36m(APIServer pid=214609)[0;0m INFO 09-25 05:24:36 [stats.py:920] 
[0;36m(APIServer pid=214609)[0;0m INFO 09-25 05:24:36 [stats.py:920] [StageRequestStats [request_id=speech-9f719610fec55077-84253f79]]
[0;36m(APIServer pid=214609)[0;0m INFO 09-25 05:24:36 [stats.py:920] +---------------------------------+----------------+----------------+
[0;36m(APIServer pid=214609)[0;0m INFO 09-25 05:24:36 [stats.py:920] | Field                           |              0 |              1 |
[0;36m(APIServer pid=214609)[0;0m INFO 09-25 05:24:36 [stats.py:920] +---------------------------------+----------------+----------------+
[0;36m(APIServer pid=214609)[0;0m INFO 09-25 05:24:36 [stats.py:920] | audio_duration_s                |          0.000 |         28.720 |
[0;36m(APIServer pid=214609)[0;0m INFO 09-25 05:24:36 [stats.py:920] | audio_generated_frames          |              0 |        689,280 |
[0;36m(APIServer pid=214609)[0;0m INFO 09-25 05:24:36 [stats.py:920] | audio_sample_rate               |              0 |         24,000 |
[0;36m(APIServer pid=214609)[0;0m INFO 09-25 05:24:36 [stats.py:920] | batch_id                        |          2,353 |          2,434 |
[0;36m(APIServer pid=214609)[0;0m INFO 09-25 05:24:36 [stats.py:920] | batch_size                      |              1 |              1 |
[0;36m(APIServer pid=214609)[0;0m INFO 09-25 05:24:36 [stats.py:920] | inter_output_latencies_ms       |                |                |
[0;36m(APIServer pid=214609)[0;0m INFO 09-25 05:24:36 [stats.py:920] | num_tokens_in                   |            300 |              0 |
[0;36m(APIServer pid=214609)[0;0m INFO 09-25 05:24:36 [stats.py:920] | num_tokens_out                  |            360 |              0 |
[0;36m(APIServer pid=214609)[0;0m INFO 09-25 05:24:36 [stats.py:920] | output_unit_count               |            360 |        689,280 |
[0;36m(APIServer pid=214609)[0;0m INFO 09-25 05:24:36 [stats.py:920] | output_unit_type                |         stream |          audio |
[0;36m(APIServer pid=214609)[0;0m INFO 09-25 05:24:36 [stats.py:920] | serving_time_to_first_output_ms |     15,111.335 |     15,147.430 |
[0;36m(APIServer pid=214609)[0;0m INFO 09-25 05:24:36 [stats.py:920] | stage_gen_time_ms               |     15,111.250 |     15,147.358 |
[0;36m(APIServer pid=214609)[0;0m INFO 09-25 05:24:36 [stats.py:920] | time_per_output_unit_ms         |          0.000 |          0.000 |
[0;36m(APIServer pid=214609)[0;0m INFO 09-25 05:24:36 [stats.py:920] | vllm_itl_ms                     |         41.735 |        981.633 |
[0;36m(APIServer pid=214609)[0;0m INFO 09-25 05:24:36 [stats.py:920] | vllm_itls_ms                    | 41.735 (n=359) | 981.633 (n=15) |
[0;36m(APIServer pid=214609)[0;0m INFO 09-25 05:24:36 [stats.py:920] | vllm_tpot_ms                    |         41.735 |          0.000 |
[0;36m(APIServer pid=214609)[0;0m INFO 09-25 05:24:36 [stats.py:920] | vllm_ttft_ms                    |        127.270 |        421.390 |
[0;36m(APIServer pid=214609)[0;0m INFO 09-25 05:24:36 [stats.py:920] +---------------------------------+----------------+----------------+
[0;36m(APIServer pid=214609)[0;0m INFO 09-25 05:24:36 [serving_speech.py:3646] [SpeechE2E] request_id=speech-9f719610fec55077 stream=false status=ok total_ms=15158.81 response_bytes=1378604
[0;36m(APIServer pid=214609)[0;0m INFO:     127.0.0.1:39550 - "POST /v1/audio/speech HTTP/1.1" 200 OK
[0;36m(APIServer pid=214609)[0;0m INFO 09-25 05:24:36 [serving_speech.py:3070] TTS speech request speech-a5183e7062611090: model=Base
[0;36m(APIServer pid=214609)[0;0m INFO 09-25 05:24:36 [serving_speech.py:3100] Applied extra_params: {'repetition_penalty': 1.05, 'temperature': 0.9, 'top_k': 50}
[0;36m(APIServer pid=214609)[0;0m INFO 09-25 05:24:37 [stats.py:811] 
[0;36m(APIServer pid=214609)[0;0m INFO 09-25 05:24:37 [stats.py:811] [Overall Summary]
[0;36m(APIServer pid=214609)[0;0m INFO 09-25 05:24:37 [stats.py:811] +-----------------------------+------------+
[0;36m(APIServer pid=214609)[0;0m INFO 09-25 05:24:37 [stats.py:811] | Field                       |      Value |
[0;36m(APIServer pid=214609)[0;0m INFO 09-25 05:24:37 [stats.py:811] +-----------------------------+------------+
[0;36m(APIServer pid=214609)[0;0m INFO 09-25 05:24:37 [stats.py:811] | e2e_requests                |          1 |
[0;36m(APIServer pid=214609)[0;0m INFO 09-25 05:24:37 [stats.py:811] | e2e_wall_time_ms            | 15,301.517 |
[0;36m(APIServer pid=214609)[0;0m INFO 09-25 05:24:37 [stats.py:811] | e2e_total_tokens            |        662 |
[0;36m(APIServer pid=214609)[0;0m INFO 09-25 05:24:37 [stats.py:811] | e2e_avg_time_per_request_ms | 15,301.517 |
[0;36m(APIServer pid=214609)[0;0m INFO 09-25 05:24:37 [stats.py:811] | e2e_avg_tokens_per_s        |     43.264 |
[0;36m(APIServer pid=214609)[0;0m INFO 09-25 05:24:37 [stats.py:811] | input_preprocess_time_ms    |      0.052 |
[0;36m(APIServer pid=214609)[0;0m INFO 09-25 05:24:37 [stats.py:811] | e2e_stage_0_wall_time_ms    | 15,186.220 |
[0;36m(APIServer pid=214609)[0;0m INFO 09-25 05:24:37 [stats.py:811] | e2e_stage_1_wall_time_ms    | 15,301.108 |
[0;36m(APIServer pid=214609)[0;0m INFO 09-25 05:24:37 [stats.py:811] +-----------------------------+------------+
[0;36m(APIServer pid=214609)[0;0m INFO 09-25 05:24:37 [stats.py:837] 
[0;36m(APIServer pid=214609)[0;0m INFO 09-25 05:24:37 [stats.py:837] [RequestE2EStats [request_id=speech-990303f52a79aca0-8b2db88b]]
[0;36m(APIServer pid=214609)[0;0m INFO 09-25 05:24:37 [stats.py:837] +------------------+------------+
[0;36m(APIServer pid=214609)[0;0m INFO 09-25 05:24:37 [stats.py:837] | Field            |      Value |
[0;36m(APIServer pid=214609)[0;0m INFO 09-25 05:24:37 [stats.py:837] +------------------+------------+
[0;36m(APIServer pid=214609)[0;0m INFO 09-25 05:24:37 [stats.py:837] | e2e_total_ms     | 15,301.397 |
[0;36m(APIServer pid=214609)[0;0m INFO 09-25 05:24:37 [stats.py:837] | e2e_total_tokens |        662 |
[0;36m(APIServer pid=214609)[0;0m INFO 09-25 05:24:37 [stats.py:837] +------------------+------------+
[0;36m(APIServer pid=214609)[0;0m INFO 09-25 05:24:37 [stats.py:878] [OmniTiming] req=speech-990303f52a79aca0-8b2db88b total=15.30s preprocess=0.00s engine=15.30s stages=[0:15.19s,1:15.30s] transfers=[0->1=0.00ms]
[0;36m(APIServer pid=214609)[0;0m INFO 09-25 05:24:37 [stats.py:920] 
[0;36m(APIServer pid=214609)[0;0m INFO 09-25 05:24:37 [stats.py:920] [StageRequestStats [request_id=speech-990303f52a79aca0-8b2db88b]]
[0;36m(APIServer pid=214609)[0;0m INFO 09-25 05:24:37 [stats.py:920] +---------------------------------+----------------+----------------+
[0;36m(APIServer pid=214609)[0;0m INFO 09-25 05:24:37 [stats.py:920] | Field                           |              0 |              1 |
[0;36m(APIServer pid=214609)[0;0m INFO 09-25 05:24:37 [stats.py:920] +---------------------------------+----------------+----------------+
[0;36m(APIServer pid=214609)[0;0m INFO 09-25 05:24:37 [stats.py:920] | audio_duration_s                |          0.000 |         28.880 |
[0;36m(APIServer pid=214609)[0;0m INFO 09-25 05:24:37 [stats.py:920] | audio_generated_frames          |              0 |        693,120 |
[0;36m(APIServer pid=214609)[0;0m INFO 09-25 05:24:37 [stats.py:920] | audio_sample_rate               |              0 |         24,000 |
[0;36m(APIServer pid=214609)[0;0m INFO 09-25 05:24:37 [stats.py:920] | batch_id                        |          2,354 |          2,435 |
[0;36m(APIServer pid=214609)[0;0m INFO 09-25 05:24:37 [stats.py:920] | batch_size                      |              1 |              1 |
[0;36m(APIServer pid=214609)[0;0m INFO 09-25 05:24:37 [stats.py:920] | inter_output_latencies_ms       |                |                |
[0;36m(APIServer pid=214609)[0;0m INFO 09-25 05:24:37 [stats.py:920] | num_tokens_in                   |            300 |              0 |
[0;36m(APIServer pid=214609)[0;0m INFO 09-25 05:24:37 [stats.py:920] | num_tokens_out                  |            362 |              0 |
[0;36m(APIServer pid=214609)[0;0m INFO 09-25 05:24:37 [stats.py:920] | output_unit_count               |            362 |        693,120 |
[0;36m(APIServer pid=214609)[0;0m INFO 09-25 05:24:37 [stats.py:920] | output_unit_type                |         stream |          audio |
[0;36m(APIServer pid=214609)[0;0m INFO 09-25 05:24:37 [stats.py:920] | serving_time_to_first_output_ms |     15,185.656 |     15,301.158 |
[0;36m(APIServer pid=214609)[0;0m INFO 09-25 05:24:37 [stats.py:920] | stage_gen_time_ms               |     15,185.390 |     15,300.835 |
[0;36m(APIServer pid=214609)[0;0m INFO 09-25 05:24:37 [stats.py:920] | time_per_output_unit_ms         |          0.000 |          0.000 |
[0;36m(APIServer pid=214609)[0;0m INFO 09-25 05:24:37 [stats.py:920] | vllm_itl_ms                     |         41.634 |        989.127 |
[0;36m(APIServer pid=214609)[0;0m INFO 09-25 05:24:37 [stats.py:920] | vllm_itls_ms                    | 41.634 (n=361) | 989.127 (n=15) |
[0;36m(APIServer pid=214609)[0;0m INFO 09-25 05:24:37 [stats.py:920] | vllm_tpot_ms                    |         41.634 |          0.000 |
[0;36m(APIServer pid=214609)[0;0m INFO 09-25 05:24:37 [stats.py:920] | vllm_ttft_ms                    |        153.456 |        462.723 |
[0;36m(APIServer pid=214609)[0;0m INFO 09-25 05:24:37 [stats.py:920] +---------------------------------+----------------+----------------+
[0;36m(APIServer pid=214609)[0;0m INFO 09-25 05:24:37 [serving_speech.py:3646] [SpeechE2E] request_id=speech-990303f52a79aca0 stream=false status=ok total_ms=15312.14 response_bytes=1386284
[0;36m(APIServer pid=214609)[0;0m INFO:     127.0.0.1:39486 - "POST /v1/audio/speech HTTP/1.1" 200 OK
[0;36m(APIServer pid=214609)[0;0m INFO 09-25 05:24:37 [serving_speech.py:3070] TTS speech request speech-ae3d10ea4cd55bf0: model=Base
[0;36m(APIServer pid=214609)[0;0m INFO 09-25 05:24:37 [serving_speech.py:3100] Applied extra_params: {'repetition_penalty': 1.05, 'temperature': 0.9, 'top_k': 50}
[0;36m(APIServer pid=214609)[0;0m INFO 09-25 05:24:38 [stats.py:811] 
[0;36m(APIServer pid=214609)[0;0m INFO 09-25 05:24:38 [stats.py:811] [Overall Summary]
[0;36m(APIServer pid=214609)[0;0m INFO 09-25 05:24:38 [stats.py:811] +-----------------------------+------------+
[0;36m(APIServer pid=214609)[0;0m INFO 09-25 05:24:38 [stats.py:811] | Field                       |      Value |
[0;36m(APIServer pid=214609)[0;0m INFO 09-25 05:24:38 [stats.py:811] +-----------------------------+------------+
[0;36m(APIServer pid=214609)[0;0m INFO 09-25 05:24:38 [stats.py:811] | e2e_requests                |          1 |
[0;36m(APIServer pid=214609)[0;0m INFO 09-25 05:24:38 [stats.py:811] | e2e_wall_time_ms            | 15,692.804 |
[0;36m(APIServer pid=214609)[0;0m INFO 09-25 05:24:38 [stats.py:811] | e2e_total_tokens            |        672 |
[0;36m(APIServer pid=214609)[0;0m INFO 09-25 05:24:38 [stats.py:811] | e2e_avg_time_per_request_ms | 15,692.804 |
[0;36m(APIServer pid=214609)[0;0m INFO 09-25 05:24:38 [stats.py:811] | e2e_avg_tokens_per_s        |     42.822 |
[0;36m(APIServer pid=214609)[0;0m INFO 09-25 05:24:38 [stats.py:811] | input_preprocess_time_ms    |      0.051 |
[0;36m(APIServer pid=214609)[0;0m INFO 09-25 05:24:38 [stats.py:811] | e2e_stage_0_wall_time_ms    | 15,598.152 |
[0;36m(APIServer pid=214609)[0;0m INFO 09-25 05:24:38 [stats.py:811] | e2e_stage_1_wall_time_ms    | 15,692.129 |
[0;36m(APIServer pid=214609)[0;0m INFO 09-25 05:24:38 [stats.py:811] +-----------------------------+------------+
[0;36m(APIServer pid=214609)[0;0m INFO 09-25 05:24:38 [stats.py:837] 
[0;36m(APIServer pid=214609)[0;0m INFO 09-25 05:24:38 [stats.py:837] [RequestE2EStats [request_id=speech-8ce66c232ffcd1cd-ac608dee]]
[0;36m(APIServer pid=214609)[0;0m INFO 09-25 05:24:38 [stats.py:837] +------------------+------------+
[0;36m(APIServer pid=214609)[0;0m INFO 09-25 05:24:38 [stats.py:837] | Field            |      Value |
[0;36m(APIServer pid=214609)[0;0m INFO 09-25 05:24:38 [stats.py:837] +------------------+------------+
[0;36m(APIServer pid=214609)[0;0m INFO 09-25 05:24:38 [stats.py:837] | e2e_total_ms     | 15,692.686 |
[0;36m(APIServer pid=214609)[0;0m INFO 09-25 05:24:38 [stats.py:837] | e2e_total_tokens |        672 |
[0;36m(APIServer pid=214609)[0;0m INFO 09-25 05:24:38 [stats.py:837] +------------------+------------+
[0;36m(APIServer pid=214609)[0;0m INFO 09-25 05:24:38 [stats.py:878] [OmniTiming] req=speech-8ce66c232ffcd1cd-ac608dee total=15.69s preprocess=0.00s engine=15.69s stages=[0:15.60s,1:15.69s] transfers=[0->1=0.00ms]
[0;36m(APIServer pid=214609)[0;0m INFO 09-25 05:24:38 [stats.py:920] 
[0;36m(APIServer pid=214609)[0;0m INFO 09-25 05:24:38 [stats.py:920] [StageRequestStats [request_id=speech-8ce66c232ffcd1cd-ac608dee]]
[0;36m(APIServer pid=214609)[0;0m INFO 09-25 05:24:38 [stats.py:920] +---------------------------------+----------------+------------------+
[0;36m(APIServer pid=214609)[0;0m INFO 09-25 05:24:38 [stats.py:920] | Field                           |              0 |                1 |
[0;36m(APIServer pid=214609)[0;0m INFO 09-25 05:24:38 [stats.py:920] +---------------------------------+----------------+------------------+
[0;36m(APIServer pid=214609)[0;0m INFO 09-25 05:24:38 [stats.py:920] | audio_duration_s                |          0.000 |           29.680 |
[0;36m(APIServer pid=214609)[0;0m INFO 09-25 05:24:38 [stats.py:920] | audio_generated_frames          |              0 |          712,320 |
[0;36m(APIServer pid=214609)[0;0m INFO 09-25 05:24:38 [stats.py:920] | audio_sample_rate               |              0 |           24,000 |
[0;36m(APIServer pid=214609)[0;0m INFO 09-25 05:24:38 [stats.py:920] | batch_id                        |          2,355 |            2,436 |
[0;36m(APIServer pid=214609)[0;0m INFO 09-25 05:24:38 [stats.py:920] | batch_size                      |              1 |                1 |
[0;36m(APIServer pid=214609)[0;0m INFO 09-25 05:24:38 [stats.py:920] | inter_output_latencies_ms       |                |                  |
[0;36m(APIServer pid=214609)[0;0m INFO 09-25 05:24:38 [stats.py:920] | num_tokens_in                   |            300 |                0 |
[0;36m(APIServer pid=214609)[0;0m INFO 09-25 05:24:38 [stats.py:920] | num_tokens_out                  |            372 |                0 |
[0;36m(APIServer pid=214609)[0;0m INFO 09-25 05:24:38 [stats.py:920] | output_unit_count               |            372 |          712,320 |
[0;36m(APIServer pid=214609)[0;0m INFO 09-25 05:24:38 [stats.py:920] | output_unit_type                |         stream |            audio |
[0;36m(APIServer pid=214609)[0;0m INFO 09-25 05:24:38 [stats.py:920] | serving_time_to_first_output_ms |     15,597.938 |       15,691.712 |
[0;36m(APIServer pid=214609)[0;0m INFO 09-25 05:24:38 [stats.py:920] | stage_gen_time_ms               |     15,597.413 |       15,691.135 |
[0;36m(APIServer pid=214609)[0;0m INFO 09-25 05:24:38 [stats.py:920] | time_per_output_unit_ms         |          0.000 |            0.000 |
[0;36m(APIServer pid=214609)[0;0m INFO 09-25 05:24:38 [stats.py:920] | vllm_itl_ms                     |         41.801 |        1,032.708 |
[0;36m(APIServer pid=214609)[0;0m INFO 09-25 05:24:38 [stats.py:920] | vllm_itls_ms                    | 41.801 (n=371) | 1,032.708 (n=15) |
[0;36m(APIServer pid=214609)[0;0m INFO 09-25 05:24:38 [stats.py:920] | vllm_tpot_ms                    |         41.801 |            0.000 |
[0;36m(APIServer pid=214609)[0;0m INFO 09-25 05:24:38 [stats.py:920] | vllm_ttft_ms                    |         87.578 |          197.406 |
[0;36m(APIServer pid=214609)[0;0m INFO 09-25 05:24:38 [stats.py:920] +---------------------------------+----------------+------------------+
[0;36m(APIServer pid=214609)[0;0m INFO 09-25 05:24:38 [serving_speech.py:3646] [SpeechE2E] request_id=speech-8ce66c232ffcd1cd stream=false status=ok total_ms=15705.05 response_bytes=1424684
[0;36m(APIServer pid=214609)[0;0m INFO:     127.0.0.1:39528 - "POST /v1/audio/speech HTTP/1.1" 200 OK
[0;36m(APIServer pid=214609)[0;0m INFO 09-25 05:24:38 [serving_speech.py:3070] TTS speech request speech-979d94ffb277d076: model=Base
[0;36m(APIServer pid=214609)[0;0m INFO 09-25 05:24:38 [serving_speech.py:3100] Applied extra_params: {'repetition_penalty': 1.05, 'temperature': 0.9, 'top_k': 50}
[0;36m(APIServer pid=214609)[0;0m INFO 09-25 05:24:38 [stats.py:811] 
[0;36m(APIServer pid=214609)[0;0m INFO 09-25 05:24:38 [stats.py:811] [Overall Summary]
[0;36m(APIServer pid=214609)[0;0m INFO 09-25 05:24:38 [stats.py:811] +-----------------------------+------------+
[0;36m(APIServer pid=214609)[0;0m INFO 09-25 05:24:38 [stats.py:811] | Field                       |      Value |
[0;36m(APIServer pid=214609)[0;0m INFO 09-25 05:24:38 [stats.py:811] +-----------------------------+------------+
[0;36m(APIServer pid=214609)[0;0m INFO 09-25 05:24:38 [stats.py:811] | e2e_requests                |          1 |
[0;36m(APIServer pid=214609)[0;0m INFO 09-25 05:24:38 [stats.py:811] | e2e_wall_time_ms            | 16,768.716 |
[0;36m(APIServer pid=214609)[0;0m INFO 09-25 05:24:38 [stats.py:811] | e2e_total_tokens            |        694 |
[0;36m(APIServer pid=214609)[0;0m INFO 09-25 05:24:38 [stats.py:811] | e2e_avg_time_per_request_ms | 16,768.716 |
[0;36m(APIServer pid=214609)[0;0m INFO 09-25 05:24:38 [stats.py:811] | e2e_avg_tokens_per_s        |     41.387 |
[0;36m(APIServer pid=214609)[0;0m INFO 09-25 05:24:38 [stats.py:811] | input_preprocess_time_ms    |      0.052 |
[0;36m(APIServer pid=214609)[0;0m INFO 09-25 05:24:38 [stats.py:811] | e2e_stage_0_wall_time_ms    | 16,727.840 |
[0;36m(APIServer pid=214609)[0;0m INFO 09-25 05:24:38 [stats.py:811] | e2e_stage_1_wall_time_ms    | 16,766.985 |
[0;36m(APIServer pid=214609)[0;0m INFO 09-25 05:24:38 [stats.py:811] +-----------------------------+------------+
[0;36m(APIServer pid=214609)[0;0m INFO 09-25 05:24:38 [stats.py:837] 
[0;36m(APIServer pid=214609)[0;0m INFO 09-25 05:24:38 [stats.py:837] [RequestE2EStats [request_id=speech-8fbf9c0b033a451c-8624eba5]]
[0;36m(APIServer pid=214609)[0;0m INFO 09-25 05:24:38 [stats.py:837] +------------------+------------+
[0;36m(APIServer pid=214609)[0;0m INFO 09-25 05:24:38 [stats.py:837] | Field            |      Value |
[0;36m(APIServer pid=214609)[0;0m INFO 09-25 05:24:38 [stats.py:837] +------------------+------------+
[0;36m(APIServer pid=214609)[0;0m INFO 09-25 05:24:38 [stats.py:837] | e2e_total_ms     | 16,768.595 |
[0;36m(APIServer pid=214609)[0;0m INFO 09-25 05:24:38 [stats.py:837] | e2e_total_tokens |        694 |
[0;36m(APIServer pid=214609)[0;0m INFO 09-25 05:24:38 [stats.py:837] +------------------+------------+
[0;36m(APIServer pid=214609)[0;0m INFO 09-25 05:24:38 [stats.py:878] [OmniTiming] req=speech-8fbf9c0b033a451c-8624eba5 total=16.77s preprocess=0.00s engine=16.77s stages=[0:16.73s,1:16.77s] transfers=[0->1=0.00ms]
[0;36m(APIServer pid=214609)[0;0m INFO 09-25 05:24:38 [stats.py:920] 
[0;36m(APIServer pid=214609)[0;0m INFO 09-25 05:24:38 [stats.py:920] [StageRequestStats [request_id=speech-8fbf9c0b033a451c-8624eba5]]
[0;36m(APIServer pid=214609)[0;0m INFO 09-25 05:24:38 [stats.py:920] +---------------------------------+----------------+------------------+
[0;36m(APIServer pid=214609)[0;0m INFO 09-25 05:24:38 [stats.py:920] | Field                           |              0 |                1 |
[0;36m(APIServer pid=214609)[0;0m INFO 09-25 05:24:38 [stats.py:920] +---------------------------------+----------------+------------------+
[0;36m(APIServer pid=214609)[0;0m INFO 09-25 05:24:38 [stats.py:920] | audio_duration_s                |          0.000 |           31.440 |
[0;36m(APIServer pid=214609)[0;0m INFO 09-25 05:24:38 [stats.py:920] | audio_generated_frames          |              0 |          754,560 |
[0;36m(APIServer pid=214609)[0;0m INFO 09-25 05:24:38 [stats.py:920] | audio_sample_rate               |              0 |           24,000 |
[0;36m(APIServer pid=214609)[0;0m INFO 09-25 05:24:38 [stats.py:920] | batch_id                        |          2,356 |            2,437 |
[0;36m(APIServer pid=214609)[0;0m INFO 09-25 05:24:38 [stats.py:920] | batch_size                      |              1 |                1 |
[0;36m(APIServer pid=214609)[0;0m INFO 09-25 05:24:38 [stats.py:920] | inter_output_latencies_ms       |                |                  |
[0;36m(APIServer pid=214609)[0;0m INFO 09-25 05:24:38 [stats.py:920] | num_tokens_in                   |            300 |                0 |
[0;36m(APIServer pid=214609)[0;0m INFO 09-25 05:24:38 [stats.py:920] | num_tokens_out                  |            394 |                0 |
[0;36m(APIServer pid=214609)[0;0m INFO 09-25 05:24:38 [stats.py:920] | output_unit_count               |            394 |          754,560 |
[0;36m(APIServer pid=214609)[0;0m INFO 09-25 05:24:38 [stats.py:920] | output_unit_type                |         stream |            audio |
[0;36m(APIServer pid=214609)[0;0m INFO 09-25 05:24:38 [stats.py:920] | serving_time_to_first_output_ms |     16,727.777 |       16,767.673 |
[0;36m(APIServer pid=214609)[0;0m INFO 09-25 05:24:38 [stats.py:920] | stage_gen_time_ms               |     16,727.415 |       16,766.042 |
[0;36m(APIServer pid=214609)[0;0m INFO 09-25 05:24:38 [stats.py:920] | time_per_output_unit_ms         |          0.000 |            0.000 |
[0;36m(APIServer pid=214609)[0;0m INFO 09-25 05:24:38 [stats.py:920] | vllm_itl_ms                     |         42.234 |        1,021.509 |
[0;36m(APIServer pid=214609)[0;0m INFO 09-25 05:24:38 [stats.py:920] | vllm_itls_ms                    | 42.234 (n=393) | 1,021.509 (n=16) |
[0;36m(APIServer pid=214609)[0;0m INFO 09-25 05:24:38 [stats.py:920] | vllm_tpot_ms                    |         42.234 |            0.000 |
[0;36m(APIServer pid=214609)[0;0m INFO 09-25 05:24:38 [stats.py:920] | vllm_ttft_ms                    |        129.721 |          422.272 |
[0;36m(APIServer pid=214609)[0;0m INFO 09-25 05:24:38 [stats.py:920] +---------------------------------+----------------+------------------+
[0;36m(APIServer pid=214609)[0;0m INFO 09-25 05:24:38 [serving_speech.py:3646] [SpeechE2E] request_id=speech-8fbf9c0b033a451c stream=false status=ok total_ms=16781.81 response_bytes=1509164
[0;36m(APIServer pid=214609)[0;0m INFO:     127.0.0.1:42084 - "POST /v1/audio/speech HTTP/1.1" 200 OK
[0;36m(APIServer pid=214609)[0;0m INFO 09-25 05:24:38 [serving_speech.py:3070] TTS speech request speech-a8412092b1795c6a: model=Base
[0;36m(APIServer pid=214609)[0;0m INFO 09-25 05:24:38 [serving_speech.py:3100] Applied extra_params: {'repetition_penalty': 1.05, 'temperature': 0.9, 'top_k': 50}
[0;36m(APIServer pid=214609)[0;0m INFO 09-25 05:24:38 [stats.py:811] 
[0;36m(APIServer pid=214609)[0;0m INFO 09-25 05:24:38 [stats.py:811] [Overall Summary]
[0;36m(APIServer pid=214609)[0;0m INFO 09-25 05:24:38 [stats.py:811] +-----------------------------+------------+
[0;36m(APIServer pid=214609)[0;0m INFO 09-25 05:24:38 [stats.py:811] | Field                       |      Value |
[0;36m(APIServer pid=214609)[0;0m INFO 09-25 05:24:38 [stats.py:811] +-----------------------------+------------+
[0;36m(APIServer pid=214609)[0;0m INFO 09-25 05:24:38 [stats.py:811] | e2e_requests                |          1 |
[0;36m(APIServer pid=214609)[0;0m INFO 09-25 05:24:38 [stats.py:811] | e2e_wall_time_ms            | 15,124.047 |
[0;36m(APIServer pid=214609)[0;0m INFO 09-25 05:24:38 [stats.py:811] | e2e_total_tokens            |        661 |
[0;36m(APIServer pid=214609)[0;0m INFO 09-25 05:24:38 [stats.py:811] | e2e_avg_time_per_request_ms | 15,124.047 |
[0;36m(APIServer pid=214609)[0;0m INFO 09-25 05:24:38 [stats.py:811] | e2e_avg_tokens_per_s        |     43.705 |
[0;36m(APIServer pid=214609)[0;0m INFO 09-25 05:24:38 [stats.py:811] | input_preprocess_time_ms    |      0.043 |
[0;36m(APIServer pid=214609)[0;0m INFO 09-25 05:24:38 [stats.py:811] | e2e_stage_0_wall_time_ms    | 15,084.386 |
[0;36m(APIServer pid=214609)[0;0m INFO 09-25 05:24:38 [stats.py:811] | e2e_stage_1_wall_time_ms    | 15,123.815 |
[0;36m(APIServer pid=214609)[0;0m INFO 09-25 05:24:38 [stats.py:811] +-----------------------------+------------+
[0;36m(APIServer pid=214609)[0;0m INFO 09-25 05:24:38 [stats.py:837] 
[0;36m(APIServer pid=214609)[0;0m INFO 09-25 05:24:38 [stats.py:837] [RequestE2EStats [request_id=speech-b18b9ce1c9d27e21-bf31e17b]]
[0;36m(APIServer pid=214609)[0;0m INFO 09-25 05:24:38 [stats.py:837] +------------------+------------+
[0;36m(APIServer pid=214609)[0;0m INFO 09-25 05:24:38 [stats.py:837] | Field            |      Value |
[0;36m(APIServer pid=214609)[0;0m INFO 09-25 05:24:38 [stats.py:837] +------------------+------------+
[0;36m(APIServer pid=214609)[0;0m INFO 09-25 05:24:38 [stats.py:837] | e2e_total_ms     | 15,123.945 |
[0;36m(APIServer pid=214609)[0;0m INFO 09-25 05:24:38 [stats.py:837] | e2e_total_tokens |        661 |
[0;36m(APIServer pid=214609)[0;0m INFO 09-25 05:24:38 [stats.py:837] +------------------+------------+
[0;36m(APIServer pid=214609)[0;0m INFO 09-25 05:24:38 [stats.py:878] [OmniTiming] req=speech-b18b9ce1c9d27e21-bf31e17b total=15.12s preprocess=0.00s engine=15.12s stages=[0:15.08s,1:15.12s] transfers=[0->1=0.00ms]
[0;36m(APIServer pid=214609)[0;0m INFO 09-25 05:24:38 [stats.py:920] 
[0;36m(APIServer pid=214609)[0;0m INFO 09-25 05:24:38 [stats.py:920] [StageRequestStats [request_id=speech-b18b9ce1c9d27e21-bf31e17b]]
[0;36m(APIServer pid=214609)[0;0m INFO 09-25 05:24:38 [stats.py:920] +---------------------------------+----------------+----------------+
[0;36m(APIServer pid=214609)[0;0m INFO 09-25 05:24:38 [stats.py:920] | Field                           |              0 |              1 |
[0;36m(APIServer pid=214609)[0;0m INFO 09-25 05:24:38 [stats.py:920] +---------------------------------+----------------+----------------+
[0;36m(APIServer pid=214609)[0;0m INFO 09-25 05:24:38 [stats.py:920] | audio_duration_s                |          0.000 |         28.800 |
[0;36m(APIServer pid=214609)[0;0m INFO 09-25 05:24:38 [stats.py:920] | audio_generated_frames          |              0 |        691,200 |
[0;36m(APIServer pid=214609)[0;0m INFO 09-25 05:24:38 [stats.py:920] | audio_sample_rate               |              0 |         24,000 |
[0;36m(APIServer pid=214609)[0;0m INFO 09-25 05:24:38 [stats.py:920] | batch_id                        |          2,357 |          2,438 |
[0;36m(APIServer pid=214609)[0;0m INFO 09-25 05:24:38 [stats.py:920] | batch_size                      |              1 |              1 |
[0;36m(APIServer pid=214609)[0;0m INFO 09-25 05:24:38 [stats.py:920] | inter_output_latencies_ms       |                |                |
[0;36m(APIServer pid=214609)[0;0m INFO 09-25 05:24:38 [stats.py:920] | num_tokens_in                   |            300 |              0 |
[0;36m(APIServer pid=214609)[0;0m INFO 09-25 05:24:38 [stats.py:920] | num_tokens_out                  |            361 |              0 |
[0;36m(APIServer pid=214609)[0;0m INFO 09-25 05:24:38 [stats.py:920] | output_unit_count               |            361 |        691,200 |
[0;36m(APIServer pid=214609)[0;0m INFO 09-25 05:24:38 [stats.py:920] | output_unit_type                |         stream |          audio |
[0;36m(APIServer pid=214609)[0;0m INFO 09-25 05:24:38 [stats.py:920] | serving_time_to_first_output_ms |     15,083.642 |     15,123.007 |
[0;36m(APIServer pid=214609)[0;0m INFO 09-25 05:24:38 [stats.py:920] | stage_gen_time_ms               |     15,083.547 |     15,122.871 |
[0;36m(APIServer pid=214609)[0;0m INFO 09-25 05:24:38 [stats.py:920] | time_per_output_unit_ms         |          0.000 |          0.000 |
[0;36m(APIServer pid=214609)[0;0m INFO 09-25 05:24:38 [stats.py:920] | vllm_itl_ms                     |         41.398 |        966.008 |
[0;36m(APIServer pid=214609)[0;0m INFO 09-25 05:24:38 [stats.py:920] | vllm_itls_ms                    | 41.398 (n=360) | 966.008 (n=15) |
[0;36m(APIServer pid=214609)[0;0m INFO 09-25 05:24:38 [stats.py:920] | vllm_tpot_ms                    |         41.398 |          0.000 |
[0;36m(APIServer pid=214609)[0;0m INFO 09-25 05:24:38 [stats.py:920] | vllm_ttft_ms                    |        182.317 |        634.003 |
[0;36m(APIServer pid=214609)[0;0m INFO 09-25 05:24:38 [stats.py:920] +---------------------------------+----------------+----------------+
[0;36m(APIServer pid=214609)[0;0m INFO 09-25 05:24:38 [serving_speech.py:3646] [SpeechE2E] request_id=speech-b18b9ce1c9d27e21 stream=false status=ok total_ms=15132.44 response_bytes=1382444
[0;36m(APIServer pid=214609)[0;0m INFO:     127.0.0.1:39510 - "POST /v1/audio/speech HTTP/1.1" 200 OK
[0;36m(APIServer pid=214609)[0;0m INFO 09-25 05:24:38 [serving_speech.py:3070] TTS speech request speech-b5879765c238fccf: model=Base
[0;36m(APIServer pid=214609)[0;0m INFO 09-25 05:24:38 [serving_speech.py:3100] Applied extra_params: {'repetition_penalty': 1.05, 'temperature': 0.9, 'top_k': 50}
[0;36m(APIServer pid=214609)[0;0m INFO 09-25 05:24:39 [stats.py:811] 
[0;36m(APIServer pid=214609)[0;0m INFO 09-25 05:24:39 [stats.py:811] [Overall Summary]
[0;36m(APIServer pid=214609)[0;0m INFO 09-25 05:24:39 [stats.py:811] +-----------------------------+------------+
[0;36m(APIServer pid=214609)[0;0m INFO 09-25 05:24:39 [stats.py:811] | Field                       |      Value |
[0;36m(APIServer pid=214609)[0;0m INFO 09-25 05:24:39 [stats.py:811] +-----------------------------+------------+
[0;36m(APIServer pid=214609)[0;0m INFO 09-25 05:24:39 [stats.py:811] | e2e_requests                |          1 |
[0;36m(APIServer pid=214609)[0;0m INFO 09-25 05:24:39 [stats.py:811] | e2e_wall_time_ms            | 17,240.321 |
[0;36m(APIServer pid=214609)[0;0m INFO 09-25 05:24:39 [stats.py:811] | e2e_total_tokens            |        704 |
[0;36m(APIServer pid=214609)[0;0m INFO 09-25 05:24:39 [stats.py:811] | e2e_avg_time_per_request_ms | 17,240.321 |
[0;36m(APIServer pid=214609)[0;0m INFO 09-25 05:24:39 [stats.py:811] | e2e_avg_tokens_per_s        |     40.835 |
[0;36m(APIServer pid=214609)[0;0m INFO 09-25 05:24:39 [stats.py:811] | input_preprocess_time_ms    |      0.075 |
[0;36m(APIServer pid=214609)[0;0m INFO 09-25 05:24:39 [stats.py:811] | e2e_stage_0_wall_time_ms    | 17,204.529 |
[0;36m(APIServer pid=214609)[0;0m INFO 09-25 05:24:39 [stats.py:811] | e2e_stage_1_wall_time_ms    | 17,239.997 |
[0;36m(APIServer pid=214609)[0;0m INFO 09-25 05:24:39 [stats.py:811] +-----------------------------+------------+
[0;36m(APIServer pid=214609)[0;0m INFO 09-25 05:24:39 [stats.py:837] 
[0;36m(APIServer pid=214609)[0;0m INFO 09-25 05:24:39 [stats.py:837] [RequestE2EStats [request_id=speech-a4070fd2fc320c4e-98c9e754]]
[0;36m(APIServer pid=214609)[0;0m INFO 09-25 05:24:39 [stats.py:837] +------------------+------------+
[0;36m(APIServer pid=214609)[0;0m INFO 09-25 05:24:39 [stats.py:837] | Field            |      Value |
[0;36m(APIServer pid=214609)[0;0m INFO 09-25 05:24:39 [stats.py:837] +------------------+------------+
[0;36m(APIServer pid=214609)[0;0m INFO 09-25 05:24:39 [stats.py:837] | e2e_total_ms     | 17,240.163 |
[0;36m(APIServer pid=214609)[0;0m INFO 09-25 05:24:39 [stats.py:837] | e2e_total_tokens |        704 |
[0;36m(APIServer pid=214609)[0;0m INFO 09-25 05:24:39 [stats.py:837] +------------------+------------+
[0;36m(APIServer pid=214609)[0;0m INFO 09-25 05:24:39 [stats.py:878] [OmniTiming] req=speech-a4070fd2fc320c4e-98c9e754 total=17.24s preprocess=0.00s engine=17.24s stages=[0:17.20s,1:17.24s] transfers=[0->1=0.00ms]
[0;36m(APIServer pid=214609)[0;0m INFO 09-25 05:24:39 [stats.py:920] 
[0;36m(APIServer pid=214609)[0;0m INFO 09-25 05:24:39 [stats.py:920] [StageRequestStats [request_id=speech-a4070fd2fc320c4e-98c9e754]]
[0;36m(APIServer pid=214609)[0;0m INFO 09-25 05:24:39 [stats.py:920] +---------------------------------+----------------+----------------+
[0;36m(APIServer pid=214609)[0;0m INFO 09-25 05:24:39 [stats.py:920] | Field                           |              0 |              1 |
[0;36m(APIServer pid=214609)[0;0m INFO 09-25 05:24:39 [stats.py:920] +---------------------------------+----------------+----------------+
[0;36m(APIServer pid=214609)[0;0m INFO 09-25 05:24:39 [stats.py:920] | audio_duration_s                |          0.000 |         32.240 |
[0;36m(APIServer pid=214609)[0;0m INFO 09-25 05:24:39 [stats.py:920] | audio_generated_frames          |              0 |        773,760 |
[0;36m(APIServer pid=214609)[0;0m INFO 09-25 05:24:39 [stats.py:920] | audio_sample_rate               |              0 |         24,000 |
[0;36m(APIServer pid=214609)[0;0m INFO 09-25 05:24:39 [stats.py:920] | batch_id                        |          2,358 |          2,439 |
[0;36m(APIServer pid=214609)[0;0m INFO 09-25 05:24:39 [stats.py:920] | batch_size                      |              1 |              1 |
[0;36m(APIServer pid=214609)[0;0m INFO 09-25 05:24:39 [stats.py:920] | inter_output_latencies_ms       |                |                |
[0;36m(APIServer pid=214609)[0;0m INFO 09-25 05:24:39 [stats.py:920] | num_tokens_in                   |            300 |              0 |
[0;36m(APIServer pid=214609)[0;0m INFO 09-25 05:24:39 [stats.py:920] | num_tokens_out                  |            404 |              0 |
[0;36m(APIServer pid=214609)[0;0m INFO 09-25 05:24:39 [stats.py:920] | output_unit_count               |            404 |        773,760 |
[0;36m(APIServer pid=214609)[0;0m INFO 09-25 05:24:39 [stats.py:920] | output_unit_type                |         stream |          audio |
[0;36m(APIServer pid=214609)[0;0m INFO 09-25 05:24:39 [stats.py:920] | serving_time_to_first_output_ms |     17,204.018 |     17,240.043 |
[0;36m(APIServer pid=214609)[0;0m INFO 09-25 05:24:39 [stats.py:920] | stage_gen_time_ms               |     17,203.837 |     17,239.816 |
[0;36m(APIServer pid=214609)[0;0m INFO 09-25 05:24:39 [stats.py:920] | time_per_output_unit_ms         |          0.000 |          0.000 |
[0;36m(APIServer pid=214609)[0;0m INFO 09-25 05:24:39 [stats.py:920] | vllm_itl_ms                     |         42.371 |        992.253 |
[0;36m(APIServer pid=214609)[0;0m INFO 09-25 05:24:39 [stats.py:920] | vllm_itls_ms                    | 42.371 (n=403) | 992.253 (n=17) |
[0;36m(APIServer pid=214609)[0;0m INFO 09-25 05:24:39 [stats.py:920] | vllm_tpot_ms                    |         42.371 |          0.000 |
[0;36m(APIServer pid=214609)[0;0m INFO 09-25 05:24:39 [stats.py:920] | vllm_ttft_ms                    |        129.876 |        372.055 |
[0;36m(APIServer pid=214609)[0;0m INFO 09-25 05:24:39 [stats.py:920] +---------------------------------+----------------+----------------+
[0;36m(APIServer pid=214609)[0;0m INFO 09-25 05:24:39 [serving_speech.py:3646] [SpeechE2E] request_id=speech-a4070fd2fc320c4e stream=false status=ok total_ms=17249.30 response_bytes=1547564
[0;36m(APIServer pid=214609)[0;0m INFO:     127.0.0.1:39544 - "POST /v1/audio/speech HTTP/1.1" 200 OK
[0;36m(APIServer pid=214609)[0;0m INFO 09-25 05:24:39 [serving_speech.py:3070] TTS speech request speech-9141116e7c69dc32: model=Base
[0;36m(APIServer pid=214609)[0;0m INFO 09-25 05:24:39 [serving_speech.py:3100] Applied extra_params: {'repetition_penalty': 1.05, 'temperature': 0.9, 'top_k': 50}
[0;36m(APIServer pid=214609)[0;0m INFO 09-25 05:24:39 [stats.py:811] 
[0;36m(APIServer pid=214609)[0;0m INFO 09-25 05:24:39 [stats.py:811] [Overall Summary]
[0;36m(APIServer pid=214609)[0;0m INFO 09-25 05:24:39 [stats.py:811] +-----------------------------+------------+
[0;36m(APIServer pid=214609)[0;0m INFO 09-25 05:24:39 [stats.py:811] | Field                       |      Value |
[0;36m(APIServer pid=214609)[0;0m INFO 09-25 05:24:39 [stats.py:811] +-----------------------------+------------+
[0;36m(APIServer pid=214609)[0;0m INFO 09-25 05:24:39 [stats.py:811] | e2e_requests                |          1 |
[0;36m(APIServer pid=214609)[0;0m INFO 09-25 05:24:39 [stats.py:811] | e2e_wall_time_ms            | 17,310.547 |
[0;36m(APIServer pid=214609)[0;0m INFO 09-25 05:24:39 [stats.py:811] | e2e_total_tokens            |        706 |
[0;36m(APIServer pid=214609)[0;0m INFO 09-25 05:24:39 [stats.py:811] | e2e_avg_time_per_request_ms | 17,310.547 |
[0;36m(APIServer pid=214609)[0;0m INFO 09-25 05:24:39 [stats.py:811] | e2e_avg_tokens_per_s        |     40.784 |
[0;36m(APIServer pid=214609)[0;0m INFO 09-25 05:24:39 [stats.py:811] | input_preprocess_time_ms    |      0.043 |
[0;36m(APIServer pid=214609)[0;0m INFO 09-25 05:24:39 [stats.py:811] | e2e_stage_0_wall_time_ms    | 17,274.378 |
[0;36m(APIServer pid=214609)[0;0m INFO 09-25 05:24:39 [stats.py:811] | e2e_stage_1_wall_time_ms    | 17,310.303 |
[0;36m(APIServer pid=214609)[0;0m INFO 09-25 05:24:39 [stats.py:811] +-----------------------------+------------+
[0;36m(APIServer pid=214609)[0;0m INFO 09-25 05:24:39 [stats.py:837] 
[0;36m(APIServer pid=214609)[0;0m INFO 09-25 05:24:39 [stats.py:837] [RequestE2EStats [request_id=speech-ba94330fd55278cc-b74ff249]]
[0;36m(APIServer pid=214609)[0;0m INFO 09-25 05:24:39 [stats.py:837] +------------------+------------+
[0;36m(APIServer pid=214609)[0;0m INFO 09-25 05:24:39 [stats.py:837] | Field            |      Value |
[0;36m(APIServer pid=214609)[0;0m INFO 09-25 05:24:39 [stats.py:837] +------------------+------------+
[0;36m(APIServer pid=214609)[0;0m INFO 09-25 05:24:39 [stats.py:837] | e2e_total_ms     | 17,310.447 |
[0;36m(APIServer pid=214609)[0;0m INFO 09-25 05:24:39 [stats.py:837] | e2e_total_tokens |        706 |
[0;36m(APIServer pid=214609)[0;0m INFO 09-25 05:24:39 [stats.py:837] +------------------+------------+
[0;36m(APIServer pid=214609)[0;0m INFO 09-25 05:24:39 [stats.py:878] [OmniTiming] req=speech-ba94330fd55278cc-b74ff249 total=17.31s preprocess=0.00s engine=17.31s stages=[0:17.27s,1:17.31s] transfers=[0->1=0.00ms]
[0;36m(APIServer pid=214609)[0;0m INFO 09-25 05:24:39 [stats.py:920] 
[0;36m(APIServer pid=214609)[0;0m INFO 09-25 05:24:39 [stats.py:920] [StageRequestStats [request_id=speech-ba94330fd55278cc-b74ff249]]
[0;36m(APIServer pid=214609)[0;0m INFO 09-25 05:24:39 [stats.py:920] +---------------------------------+----------------+----------------+
[0;36m(APIServer pid=214609)[0;0m INFO 09-25 05:24:39 [stats.py:920] | Field                           |              0 |              1 |
[0;36m(APIServer pid=214609)[0;0m INFO 09-25 05:24:39 [stats.py:920] +---------------------------------+----------------+----------------+
[0;36m(APIServer pid=214609)[0;0m INFO 09-25 05:24:39 [stats.py:920] | audio_duration_s                |          0.000 |         32.400 |
[0;36m(APIServer pid=214609)[0;0m INFO 09-25 05:24:39 [stats.py:920] | audio_generated_frames          |              0 |        777,600 |
[0;36m(APIServer pid=214609)[0;0m INFO 09-25 05:24:39 [stats.py:920] | audio_sample_rate               |              0 |         24,000 |
[0;36m(APIServer pid=214609)[0;0m INFO 09-25 05:24:39 [stats.py:920] | batch_id                        |          2,359 |          2,440 |
[0;36m(APIServer pid=214609)[0;0m INFO 09-25 05:24:39 [stats.py:920] | batch_size                      |              1 |              1 |
[0;36m(APIServer pid=214609)[0;0m INFO 09-25 05:24:39 [stats.py:920] | inter_output_latencies_ms       |                |                |
[0;36m(APIServer pid=214609)[0;0m INFO 09-25 05:24:39 [stats.py:920] | num_tokens_in                   |            300 |              0 |
[0;36m(APIServer pid=214609)[0;0m INFO 09-25 05:24:39 [stats.py:920] | num_tokens_out                  |            406 |              0 |
[0;36m(APIServer pid=214609)[0;0m INFO 09-25 05:24:39 [stats.py:920] | output_unit_count               |            406 |        777,600 |
[0;36m(APIServer pid=214609)[0;0m INFO 09-25 05:24:39 [stats.py:920] | output_unit_type                |         stream |          audio |
[0;36m(APIServer pid=214609)[0;0m INFO 09-25 05:24:39 [stats.py:920] | serving_time_to_first_output_ms |     17,273.804 |     17,309.487 |
[0;36m(APIServer pid=214609)[0;0m INFO 09-25 05:24:39 [stats.py:920] | stage_gen_time_ms               |     17,273.702 |     17,309.351 |
[0;36m(APIServer pid=214609)[0;0m INFO 09-25 05:24:39 [stats.py:920] | time_per_output_unit_ms         |          0.000 |          0.000 |
[0;36m(APIServer pid=214609)[0;0m INFO 09-25 05:24:39 [stats.py:920] | vllm_itl_ms                     |         42.351 |        996.737 |
[0;36m(APIServer pid=214609)[0;0m INFO 09-25 05:24:39 [stats.py:920] | vllm_itls_ms                    | 42.351 (n=405) | 996.737 (n=17) |
[0;36m(APIServer pid=214609)[0;0m INFO 09-25 05:24:39 [stats.py:920] | vllm_tpot_ms                    |         42.351 |          0.000 |
[0;36m(APIServer pid=214609)[0;0m INFO 09-25 05:24:39 [stats.py:920] | vllm_ttft_ms                    |        124.075 |        366.334 |
[0;36m(APIServer pid=214609)[0;0m INFO 09-25 05:24:39 [stats.py:920] +---------------------------------+----------------+----------------+
[0;36m(APIServer pid=214609)[0;0m INFO 09-25 05:24:39 [serving_speech.py:3646] [SpeechE2E] request_id=speech-ba94330fd55278cc stream=false status=ok total_ms=17319.27 response_bytes=1555244
[0;36m(APIServer pid=214609)[0;0m INFO:     127.0.0.1:39580 - "POST /v1/audio/speech HTTP/1.1" 200 OK
[0;36m(APIServer pid=214609)[0;0m INFO 09-25 05:24:39 [serving_speech.py:3070] TTS speech request speech-a93934770a17820b: model=Base
[0;36m(APIServer pid=214609)[0;0m INFO 09-25 05:24:39 [serving_speech.py:3100] Applied extra_params: {'repetition_penalty': 1.05, 'temperature': 0.9, 'top_k': 50}
[0;36m(APIServer pid=214609)[0;0m INFO 09-25 05:24:39 [stats.py:811] 
[0;36m(APIServer pid=214609)[0;0m INFO 09-25 05:24:39 [stats.py:811] [Overall Summary]
[0;36m(APIServer pid=214609)[0;0m INFO 09-25 05:24:39 [stats.py:811] +-----------------------------+------------+
[0;36m(APIServer pid=214609)[0;0m INFO 09-25 05:24:39 [stats.py:811] | Field                       |      Value |
[0;36m(APIServer pid=214609)[0;0m INFO 09-25 05:24:39 [stats.py:811] +-----------------------------+------------+
[0;36m(APIServer pid=214609)[0;0m INFO 09-25 05:24:39 [stats.py:811] | e2e_requests                |          1 |
[0;36m(APIServer pid=214609)[0;0m INFO 09-25 05:24:39 [stats.py:811] | e2e_wall_time_ms            | 16,157.018 |
[0;36m(APIServer pid=214609)[0;0m INFO 09-25 05:24:39 [stats.py:811] | e2e_total_tokens            |        679 |
[0;36m(APIServer pid=214609)[0;0m INFO 09-25 05:24:39 [stats.py:811] | e2e_avg_time_per_request_ms | 16,157.018 |
[0;36m(APIServer pid=214609)[0;0m INFO 09-25 05:24:39 [stats.py:811] | e2e_avg_tokens_per_s        |     42.025 |
[0;36m(APIServer pid=214609)[0;0m INFO 09-25 05:24:39 [stats.py:811] | input_preprocess_time_ms    |      0.042 |
[0;36m(APIServer pid=214609)[0;0m INFO 09-25 05:24:39 [stats.py:811] | e2e_stage_0_wall_time_ms    | 15,989.581 |
[0;36m(APIServer pid=214609)[0;0m INFO 09-25 05:24:39 [stats.py:811] | e2e_stage_1_wall_time_ms    | 16,156.733 |
[0;36m(APIServer pid=214609)[0;0m INFO 09-25 05:24:39 [stats.py:811] +-----------------------------+------------+
[0;36m(APIServer pid=214609)[0;0m INFO 09-25 05:24:39 [stats.py:837] 
[0;36m(APIServer pid=214609)[0;0m INFO 09-25 05:24:39 [stats.py:837] [RequestE2EStats [request_id=speech-a21047d3a7cc302c-b7881c78]]
[0;36m(APIServer pid=214609)[0;0m INFO 09-25 05:24:39 [stats.py:837] +------------------+------------+
[0;36m(APIServer pid=214609)[0;0m INFO 09-25 05:24:39 [stats.py:837] | Field            |      Value |
[0;36m(APIServer pid=214609)[0;0m INFO 09-25 05:24:39 [stats.py:837] +------------------+------------+
[0;36m(APIServer pid=214609)[0;0m INFO 09-25 05:24:39 [stats.py:837] | e2e_total_ms     | 16,156.921 |
[0;36m(APIServer pid=214609)[0;0m INFO 09-25 05:24:39 [stats.py:837] | e2e_total_tokens |        679 |
[0;36m(APIServer pid=214609)[0;0m INFO 09-25 05:24:39 [stats.py:837] +------------------+------------+
[0;36m(APIServer pid=214609)[0;0m INFO 09-25 05:24:39 [stats.py:878] [OmniTiming] req=speech-a21047d3a7cc302c-b7881c78 total=16.16s preprocess=0.00s engine=16.16s stages=[0:15.99s,1:16.16s] transfers=[0->1=0.00ms]
[0;36m(APIServer pid=214609)[0;0m INFO 09-25 05:24:39 [stats.py:920] 
[0;36m(APIServer pid=214609)[0;0m INFO 09-25 05:24:39 [stats.py:920] [StageRequestStats [request_id=speech-a21047d3a7cc302c-b7881c78]]
[0;36m(APIServer pid=214609)[0;0m INFO 09-25 05:24:39 [stats.py:920] +---------------------------------+----------------+----------------+
[0;36m(APIServer pid=214609)[0;0m INFO 09-25 05:24:39 [stats.py:920] | Field                           |              0 |              1 |
[0;36m(APIServer pid=214609)[0;0m INFO 09-25 05:24:39 [stats.py:920] +---------------------------------+----------------+----------------+
[0;36m(APIServer pid=214609)[0;0m INFO 09-25 05:24:39 [stats.py:920] | audio_duration_s                |          0.000 |         30.240 |
[0;36m(APIServer pid=214609)[0;0m INFO 09-25 05:24:39 [stats.py:920] | audio_generated_frames          |              0 |        725,760 |
[0;36m(APIServer pid=214609)[0;0m INFO 09-25 05:24:39 [stats.py:920] | audio_sample_rate               |              0 |         24,000 |
[0;36m(APIServer pid=214609)[0;0m INFO 09-25 05:24:39 [stats.py:920] | batch_id                        |          2,360 |          2,441 |
[0;36m(APIServer pid=214609)[0;0m INFO 09-25 05:24:39 [stats.py:920] | batch_size                      |              1 |              1 |
[0;36m(APIServer pid=214609)[0;0m INFO 09-25 05:24:39 [stats.py:920] | inter_output_latencies_ms       |                |                |
[0;36m(APIServer pid=214609)[0;0m INFO 09-25 05:24:39 [stats.py:920] | num_tokens_in                   |            300 |              0 |
[0;36m(APIServer pid=214609)[0;0m INFO 09-25 05:24:39 [stats.py:920] | num_tokens_out                  |            379 |              0 |
[0;36m(APIServer pid=214609)[0;0m INFO 09-25 05:24:39 [stats.py:920] | output_unit_count               |            379 |        725,760 |
[0;36m(APIServer pid=214609)[0;0m INFO 09-25 05:24:39 [stats.py:920] | output_unit_type                |         stream |          audio |
[0;36m(APIServer pid=214609)[0;0m INFO 09-25 05:24:39 [stats.py:920] | serving_time_to_first_output_ms |     15,989.549 |     16,155.842 |
[0;36m(APIServer pid=214609)[0;0m INFO 09-25 05:24:39 [stats.py:920] | stage_gen_time_ms               |     15,989.454 |     16,155.665 |
[0;36m(APIServer pid=214609)[0;0m INFO 09-25 05:24:39 [stats.py:920] | time_per_output_unit_ms         |          0.000 |          0.000 |
[0;36m(APIServer pid=214609)[0;0m INFO 09-25 05:24:39 [stats.py:920] | vllm_itl_ms                     |         41.845 |        970.597 |
[0;36m(APIServer pid=214609)[0;0m INFO 09-25 05:24:39 [stats.py:920] | vllm_itls_ms                    | 41.845 (n=378) | 970.597 (n=16) |
[0;36m(APIServer pid=214609)[0;0m INFO 09-25 05:24:39 [stats.py:920] | vllm_tpot_ms                    |         41.845 |          0.000 |
[0;36m(APIServer pid=214609)[0;0m INFO 09-25 05:24:39 [stats.py:920] | vllm_ttft_ms                    |        174.270 |        625.901 |
[0;36m(APIServer pid=214609)[0;0m INFO 09-25 05:24:39 [stats.py:920] +---------------------------------+----------------+----------------+
[0;36m(APIServer pid=214609)[0;0m INFO 09-25 05:24:39 [serving_speech.py:3646] [SpeechE2E] request_id=speech-a21047d3a7cc302c stream=false status=ok total_ms=16166.48 response_bytes=1451564
[0;36m(APIServer pid=214609)[0;0m INFO:     127.0.0.1:39506 - "POST /v1/audio/speech HTTP/1.1" 200 OK
[0;36m(APIServer pid=214609)[0;0m INFO 09-25 05:24:39 [serving_speech.py:3070] TTS speech request speech-aa4f106c151f680c: model=Base
[0;36m(APIServer pid=214609)[0;0m INFO 09-25 05:24:39 [serving_speech.py:3100] Applied extra_params: {'repetition_penalty': 1.05, 'temperature': 0.9, 'top_k': 50}
[0;36m(APIServer pid=214609)[0;0m INFO 09-25 05:24:40 [stats.py:811] 
[0;36m(APIServer pid=214609)[0;0m INFO 09-25 05:24:40 [stats.py:811] [Overall Summary]
[0;36m(APIServer pid=214609)[0;0m INFO 09-25 05:24:40 [stats.py:811] +-----------------------------+------------+
[0;36m(APIServer pid=214609)[0;0m INFO 09-25 05:24:40 [stats.py:811] | Field                       |      Value |
[0;36m(APIServer pid=214609)[0;0m INFO 09-25 05:24:40 [stats.py:811] +-----------------------------+------------+
[0;36m(APIServer pid=214609)[0;0m INFO 09-25 05:24:40 [stats.py:811] | e2e_requests                |          1 |
[0;36m(APIServer pid=214609)[0;0m INFO 09-25 05:24:40 [stats.py:811] | e2e_wall_time_ms            | 19,072.088 |
[0;36m(APIServer pid=214609)[0;0m INFO 09-25 05:24:40 [stats.py:811] | e2e_total_tokens            |        740 |
[0;36m(APIServer pid=214609)[0;0m INFO 09-25 05:24:40 [stats.py:811] | e2e_avg_time_per_request_ms | 19,072.088 |
[0;36m(APIServer pid=214609)[0;0m INFO 09-25 05:24:40 [stats.py:811] | e2e_avg_tokens_per_s        |     38.800 |
[0;36m(APIServer pid=214609)[0;0m INFO 09-25 05:24:40 [stats.py:811] | input_preprocess_time_ms    |      0.053 |
[0;36m(APIServer pid=214609)[0;0m INFO 09-25 05:24:40 [stats.py:811] | e2e_stage_0_wall_time_ms    | 19,033.363 |
[0;36m(APIServer pid=214609)[0;0m INFO 09-25 05:24:40 [stats.py:811] | e2e_stage_1_wall_time_ms    | 19,071.808 |
[0;36m(APIServer pid=214609)[0;0m INFO 09-25 05:24:40 [stats.py:811] +-----------------------------+------------+
[0;36m(APIServer pid=214609)[0;0m INFO 09-25 05:24:40 [stats.py:837] 
[0;36m(APIServer pid=214609)[0;0m INFO 09-25 05:24:40 [stats.py:837] [RequestE2EStats [request_id=speech-80dcd5fbdeec0ca5-bd4f7fd6]]
[0;36m(APIServer pid=214609)[0;0m INFO 09-25 05:24:40 [stats.py:837] +------------------+------------+
[0;36m(APIServer pid=214609)[0;0m INFO 09-25 05:24:40 [stats.py:837] | Field            |      Value |
[0;36m(APIServer pid=214609)[0;0m INFO 09-25 05:24:40 [stats.py:837] +------------------+------------+
[0;36m(APIServer pid=214609)[0;0m INFO 09-25 05:24:40 [stats.py:837] | e2e_total_ms     | 19,071.967 |
[0;36m(APIServer pid=214609)[0;0m INFO 09-25 05:24:40 [stats.py:837] | e2e_total_tokens |        740 |
[0;36m(APIServer pid=214609)[0;0m INFO 09-25 05:24:40 [stats.py:837] +------------------+------------+
[0;36m(APIServer pid=214609)[0;0m INFO 09-25 05:24:40 [stats.py:878] [OmniTiming] req=speech-80dcd5fbdeec0ca5-bd4f7fd6 total=19.07s preprocess=0.00s engine=19.07s stages=[0:19.03s,1:19.07s] transfers=[0->1=0.00ms]
[0;36m(APIServer pid=214609)[0;0m INFO 09-25 05:24:40 [stats.py:920] 
[0;36m(APIServer pid=214609)[0;0m INFO 09-25 05:24:40 [stats.py:920] [StageRequestStats [request_id=speech-80dcd5fbdeec0ca5-bd4f7fd6]]
[0;36m(APIServer pid=214609)[0;0m INFO 09-25 05:24:40 [stats.py:920] +---------------------------------+----------------+------------------+
[0;36m(APIServer pid=214609)[0;0m INFO 09-25 05:24:40 [stats.py:920] | Field                           |              0 |                1 |
[0;36m(APIServer pid=214609)[0;0m INFO 09-25 05:24:40 [stats.py:920] +---------------------------------+----------------+------------------+
[0;36m(APIServer pid=214609)[0;0m INFO 09-25 05:24:40 [stats.py:920] | audio_duration_s                |          0.000 |           35.120 |
[0;36m(APIServer pid=214609)[0;0m INFO 09-25 05:24:40 [stats.py:920] | audio_generated_frames          |              0 |          842,880 |
[0;36m(APIServer pid=214609)[0;0m INFO 09-25 05:24:40 [stats.py:920] | audio_sample_rate               |              0 |           24,000 |
[0;36m(APIServer pid=214609)[0;0m INFO 09-25 05:24:40 [stats.py:920] | batch_id                        |          2,361 |            2,442 |
[0;36m(APIServer pid=214609)[0;0m INFO 09-25 05:24:40 [stats.py:920] | batch_size                      |              1 |                1 |
[0;36m(APIServer pid=214609)[0;0m INFO 09-25 05:24:40 [stats.py:920] | inter_output_latencies_ms       |                |                  |
[0;36m(APIServer pid=214609)[0;0m INFO 09-25 05:24:40 [stats.py:920] | num_tokens_in                   |            300 |                0 |
[0;36m(APIServer pid=214609)[0;0m INFO 09-25 05:24:40 [stats.py:920] | num_tokens_out                  |            440 |                0 |
[0;36m(APIServer pid=214609)[0;0m INFO 09-25 05:24:40 [stats.py:920] | output_unit_count               |            440 |          842,880 |
[0;36m(APIServer pid=214609)[0;0m INFO 09-25 05:24:40 [stats.py:920] | output_unit_type                |         stream |            audio |
[0;36m(APIServer pid=214609)[0;0m INFO 09-25 05:24:40 [stats.py:920] | serving_time_to_first_output_ms |     19,033.275 |       19,071.191 |
[0;36m(APIServer pid=214609)[0;0m INFO 09-25 05:24:40 [stats.py:920] | stage_gen_time_ms               |     19,033.176 |       19,070.994 |
[0;36m(APIServer pid=214609)[0;0m INFO 09-25 05:24:40 [stats.py:920] | time_per_output_unit_ms         |          0.000 |            0.000 |
[0;36m(APIServer pid=214609)[0;0m INFO 09-25 05:24:40 [stats.py:920] | vllm_itl_ms                     |         43.027 |        1,029.363 |
[0;36m(APIServer pid=214609)[0;0m INFO 09-25 05:24:40 [stats.py:920] | vllm_itls_ms                    | 43.027 (n=439) | 1,029.363 (n=18) |
[0;36m(APIServer pid=214609)[0;0m INFO 09-25 05:24:40 [stats.py:920] | vllm_tpot_ms                    |         43.027 |            0.000 |
[0;36m(APIServer pid=214609)[0;0m INFO 09-25 05:24:40 [stats.py:920] | vllm_ttft_ms                    |        143.180 |          542.890 |
[0;36m(APIServer pid=214609)[0;0m INFO 09-25 05:24:40 [stats.py:920] +---------------------------------+----------------+------------------+
[0;36m(APIServer pid=214609)[0;0m INFO 09-25 05:24:40 [serving_speech.py:3646] [SpeechE2E] request_id=speech-80dcd5fbdeec0ca5 stream=false status=ok total_ms=19082.39 response_bytes=1685804
[0;36m(APIServer pid=214609)[0;0m INFO:     127.0.0.1:39514 - "POST /v1/audio/speech HTTP/1.1" 200 OK
[0;36m(APIServer pid=214609)[0;0m INFO 09-25 05:24:40 [serving_speech.py:3070] TTS speech request speech-a25cc7c31757efef: model=Base
[0;36m(APIServer pid=214609)[0;0m INFO 09-25 05:24:40 [serving_speech.py:3100] Applied extra_params: {'repetition_penalty': 1.05, 'temperature': 0.9, 'top_k': 50}
[0;36m(APIServer pid=214609)[0;0m INFO 09-25 05:24:40 [stats.py:811] 
[0;36m(APIServer pid=214609)[0;0m INFO 09-25 05:24:40 [stats.py:811] [Overall Summary]
[0;36m(APIServer pid=214609)[0;0m INFO 09-25 05:24:40 [stats.py:811] +-----------------------------+------------+
[0;36m(APIServer pid=214609)[0;0m INFO 09-25 05:24:40 [stats.py:811] | Field                       |      Value |
[0;36m(APIServer pid=214609)[0;0m INFO 09-25 05:24:40 [stats.py:811] +-----------------------------+------------+
[0;36m(APIServer pid=214609)[0;0m INFO 09-25 05:24:40 [stats.py:811] | e2e_requests                |          1 |
[0;36m(APIServer pid=214609)[0;0m INFO 09-25 05:24:40 [stats.py:811] | e2e_wall_time_ms            | 16,988.163 |
[0;36m(APIServer pid=214609)[0;0m INFO 09-25 05:24:40 [stats.py:811] | e2e_total_tokens            |        699 |
[0;36m(APIServer pid=214609)[0;0m INFO 09-25 05:24:40 [stats.py:811] | e2e_avg_time_per_request_ms | 16,988.163 |
[0;36m(APIServer pid=214609)[0;0m INFO 09-25 05:24:40 [stats.py:811] | e2e_avg_tokens_per_s        |     41.146 |
[0;36m(APIServer pid=214609)[0;0m INFO 09-25 05:24:40 [stats.py:811] | input_preprocess_time_ms    |      0.045 |
[0;36m(APIServer pid=214609)[0;0m INFO 09-25 05:24:40 [stats.py:811] | e2e_stage_0_wall_time_ms    | 16,862.542 |
[0;36m(APIServer pid=214609)[0;0m INFO 09-25 05:24:40 [stats.py:811] | e2e_stage_1_wall_time_ms    | 16,987.952 |
[0;36m(APIServer pid=214609)[0;0m INFO 09-25 05:24:40 [stats.py:811] +-----------------------------+------------+
[0;36m(APIServer pid=214609)[0;0m INFO 09-25 05:24:40 [stats.py:837] 
[0;36m(APIServer pid=214609)[0;0m INFO 09-25 05:24:40 [stats.py:837] [RequestE2EStats [request_id=speech-bb733737aeb0da11-ac26d4a0]]
[0;36m(APIServer pid=214609)[0;0m INFO 09-25 05:24:40 [stats.py:837] +------------------+------------+
[0;36m(APIServer pid=214609)[0;0m INFO 09-25 05:24:40 [stats.py:837] | Field            |      Value |
[0;36m(APIServer pid=214609)[0;0m INFO 09-25 05:24:40 [stats.py:837] +------------------+------------+
[0;36m(APIServer pid=214609)[0;0m INFO 09-25 05:24:40 [stats.py:837] | e2e_total_ms     | 16,988.061 |
[0;36m(APIServer pid=214609)[0;0m INFO 09-25 05:24:40 [stats.py:837] | e2e_total_tokens |        699 |
[0;36m(APIServer pid=214609)[0;0m INFO 09-25 05:24:40 [stats.py:837] +------------------+------------+
[0;36m(APIServer pid=214609)[0;0m INFO 09-25 05:24:40 [stats.py:878] [OmniTiming] req=speech-bb733737aeb0da11-ac26d4a0 total=16.99s preprocess=0.00s engine=16.99s stages=[0:16.86s,1:16.99s] transfers=[0->1=0.00ms]
[0;36m(APIServer pid=214609)[0;0m INFO 09-25 05:24:40 [stats.py:920] 
[0;36m(APIServer pid=214609)[0;0m INFO 09-25 05:24:40 [stats.py:920] [StageRequestStats [request_id=speech-bb733737aeb0da11-ac26d4a0]]
[0;36m(APIServer pid=214609)[0;0m INFO 09-25 05:24:40 [stats.py:920] +---------------------------------+----------------+------------------+
[0;36m(APIServer pid=214609)[0;0m INFO 09-25 05:24:40 [stats.py:920] | Field                           |              0 |                1 |
[0;36m(APIServer pid=214609)[0;0m INFO 09-25 05:24:40 [stats.py:920] +---------------------------------+----------------+------------------+
[0;36m(APIServer pid=214609)[0;0m INFO 09-25 05:24:40 [stats.py:920] | audio_duration_s                |          0.000 |           31.840 |
[0;36m(APIServer pid=214609)[0;0m INFO 09-25 05:24:40 [stats.py:920] | audio_generated_frames          |              0 |          764,160 |
[0;36m(APIServer pid=214609)[0;0m INFO 09-25 05:24:40 [stats.py:920] | audio_sample_rate               |              0 |           24,000 |
[0;36m(APIServer pid=214609)[0;0m INFO 09-25 05:24:40 [stats.py:920] | batch_id                        |          2,362 |            2,443 |
[0;36m(APIServer pid=214609)[0;0m INFO 09-25 05:24:40 [stats.py:920] | batch_size                      |              1 |                1 |
[0;36m(APIServer pid=214609)[0;0m INFO 09-25 05:24:40 [stats.py:920] | inter_output_latencies_ms       |                |                  |
[0;36m(APIServer pid=214609)[0;0m INFO 09-25 05:24:40 [stats.py:920] | num_tokens_in                   |            300 |                0 |
[0;36m(APIServer pid=214609)[0;0m INFO 09-25 05:24:40 [stats.py:920] | num_tokens_out                  |            399 |                0 |
[0;36m(APIServer pid=214609)[0;0m INFO 09-25 05:24:40 [stats.py:920] | output_unit_count               |            399 |          764,160 |
[0;36m(APIServer pid=214609)[0;0m INFO 09-25 05:24:40 [stats.py:920] | output_unit_type                |         stream |            audio |
[0;36m(APIServer pid=214609)[0;0m INFO 09-25 05:24:40 [stats.py:920] | serving_time_to_first_output_ms |     16,862.159 |       16,987.797 |
[0;36m(APIServer pid=214609)[0;0m INFO 09-25 05:24:40 [stats.py:920] | stage_gen_time_ms               |     16,862.044 |       16,987.675 |
[0;36m(APIServer pid=214609)[0;0m INFO 09-25 05:24:40 [stats.py:920] | time_per_output_unit_ms         |          0.000 |            0.000 |
[0;36m(APIServer pid=214609)[0;0m INFO 09-25 05:24:40 [stats.py:920] | vllm_itl_ms                     |         41.900 |        1,021.888 |
[0;36m(APIServer pid=214609)[0;0m INFO 09-25 05:24:40 [stats.py:920] | vllm_itls_ms                    | 41.900 (n=398) | 1,021.888 (n=16) |
[0;36m(APIServer pid=214609)[0;0m INFO 09-25 05:24:40 [stats.py:920] | vllm_tpot_ms                    |         41.900 |            0.000 |
[0;36m(APIServer pid=214609)[0;0m INFO 09-25 05:24:40 [stats.py:920] | vllm_ttft_ms                    |        187.678 |          639.394 |
[0;36m(APIServer pid=214609)[0;0m INFO 09-25 05:24:40 [stats.py:920] +---------------------------------+----------------+------------------+
[0;36m(APIServer pid=214609)[0;0m INFO 09-25 05:24:40 [serving_speech.py:3646] [SpeechE2E] request_id=speech-bb733737aeb0da11 stream=false status=ok total_ms=17002.70 response_bytes=1528364
[0;36m(APIServer pid=214609)[0;0m INFO:     127.0.0.1:39566 - "POST /v1/audio/speech HTTP/1.1" 200 OK
[0;36m(APIServer pid=214609)[0;0m INFO 09-25 05:24:40 [serving_speech.py:3070] TTS speech request speech-814938eb590581db: model=Base
[0;36m(APIServer pid=214609)[0;0m INFO 09-25 05:24:40 [serving_speech.py:3100] Applied extra_params: {'repetition_penalty': 1.05, 'temperature': 0.9, 'top_k': 50}
[0;36m(APIServer pid=214609)[0;0m INFO 09-25 05:24:41 [stats.py:811] 
[0;36m(APIServer pid=214609)[0;0m INFO 09-25 05:24:41 [stats.py:811] [Overall Summary]
[0;36m(APIServer pid=214609)[0;0m INFO 09-25 05:24:41 [stats.py:811] +-----------------------------+------------+
[0;36m(APIServer pid=214609)[0;0m INFO 09-25 05:24:41 [stats.py:811] | Field                       |      Value |
[0;36m(APIServer pid=214609)[0;0m INFO 09-25 05:24:41 [stats.py:811] +-----------------------------+------------+
[0;36m(APIServer pid=214609)[0;0m INFO 09-25 05:24:41 [stats.py:811] | e2e_requests                |          1 |
[0;36m(APIServer pid=214609)[0;0m INFO 09-25 05:24:41 [stats.py:811] | e2e_wall_time_ms            | 17,428.516 |
[0;36m(APIServer pid=214609)[0;0m INFO 09-25 05:24:41 [stats.py:811] | e2e_total_tokens            |        709 |
[0;36m(APIServer pid=214609)[0;0m INFO 09-25 05:24:41 [stats.py:811] | e2e_avg_time_per_request_ms | 17,428.516 |
[0;36m(APIServer pid=214609)[0;0m INFO 09-25 05:24:41 [stats.py:811] | e2e_avg_tokens_per_s        |     40.680 |
[0;36m(APIServer pid=214609)[0;0m INFO 09-25 05:24:41 [stats.py:811] | input_preprocess_time_ms    |      0.051 |
[0;36m(APIServer pid=214609)[0;0m INFO 09-25 05:24:41 [stats.py:811] | e2e_stage_0_wall_time_ms    | 17,357.839 |
[0;36m(APIServer pid=214609)[0;0m INFO 09-25 05:24:41 [stats.py:811] | e2e_stage_1_wall_time_ms    | 17,428.254 |
[0;36m(APIServer pid=214609)[0;0m INFO 09-25 05:24:41 [stats.py:811] +-----------------------------+------------+
[0;36m(APIServer pid=214609)[0;0m INFO 09-25 05:24:41 [stats.py:837] 
[0;36m(APIServer pid=214609)[0;0m INFO 09-25 05:24:41 [stats.py:837] [RequestE2EStats [request_id=speech-8bb2be270a9a8b6e-87046871]]
[0;36m(APIServer pid=214609)[0;0m INFO 09-25 05:24:41 [stats.py:837] +------------------+------------+
[0;36m(APIServer pid=214609)[0;0m INFO 09-25 05:24:41 [stats.py:837] | Field            |      Value |
[0;36m(APIServer pid=214609)[0;0m INFO 09-25 05:24:41 [stats.py:837] +------------------+------------+
[0;36m(APIServer pid=214609)[0;0m INFO 09-25 05:24:41 [stats.py:837] | e2e_total_ms     | 17,428.398 |
[0;36m(APIServer pid=214609)[0;0m INFO 09-25 05:24:41 [stats.py:837] | e2e_total_tokens |        709 |
[0;36m(APIServer pid=214609)[0;0m INFO 09-25 05:24:41 [stats.py:837] +------------------+------------+
[0;36m(APIServer pid=214609)[0;0m INFO 09-25 05:24:41 [stats.py:878] [OmniTiming] req=speech-8bb2be270a9a8b6e-87046871 total=17.43s preprocess=0.00s engine=17.43s stages=[0:17.36s,1:17.43s] transfers=[0->1=0.00ms]
[0;36m(APIServer pid=214609)[0;0m INFO 09-25 05:24:41 [stats.py:920] 
[0;36m(APIServer pid=214609)[0;0m INFO 09-25 05:24:41 [stats.py:920] [StageRequestStats [request_id=speech-8bb2be270a9a8b6e-87046871]]
[0;36m(APIServer pid=214609)[0;0m INFO 09-25 05:24:41 [stats.py:920] +---------------------------------+----------------+----------------+
[0;36m(APIServer pid=214609)[0;0m INFO 09-25 05:24:41 [stats.py:920] | Field                           |              0 |              1 |
[0;36m(APIServer pid=214609)[0;0m INFO 09-25 05:24:41 [stats.py:920] +---------------------------------+----------------+----------------+
[0;36m(APIServer pid=214609)[0;0m INFO 09-25 05:24:41 [stats.py:920] | audio_duration_s                |          0.000 |         32.640 |
[0;36m(APIServer pid=214609)[0;0m INFO 09-25 05:24:41 [stats.py:920] | audio_generated_frames          |              0 |        783,360 |
[0;36m(APIServer pid=214609)[0;0m INFO 09-25 05:24:41 [stats.py:920] | audio_sample_rate               |              0 |         24,000 |
[0;36m(APIServer pid=214609)[0;0m INFO 09-25 05:24:41 [stats.py:920] | batch_id                        |          2,363 |          2,444 |
[0;36m(APIServer pid=214609)[0;0m INFO 09-25 05:24:41 [stats.py:920] | batch_size                      |              1 |              1 |
[0;36m(APIServer pid=214609)[0;0m INFO 09-25 05:24:41 [stats.py:920] | inter_output_latencies_ms       |                |                |
[0;36m(APIServer pid=214609)[0;0m INFO 09-25 05:24:41 [stats.py:920] | num_tokens_in                   |            300 |              0 |
[0;36m(APIServer pid=214609)[0;0m INFO 09-25 05:24:41 [stats.py:920] | num_tokens_out                  |            409 |              0 |
[0;36m(APIServer pid=214609)[0;0m INFO 09-25 05:24:41 [stats.py:920] | output_unit_count               |            409 |        783,360 |
[0;36m(APIServer pid=214609)[0;0m INFO 09-25 05:24:41 [stats.py:920] | output_unit_type                |         stream |          audio |
[0;36m(APIServer pid=214609)[0;0m INFO 09-25 05:24:41 [stats.py:920] | serving_time_to_first_output_ms |     17,357.792 |     17,427.529 |
[0;36m(APIServer pid=214609)[0;0m INFO 09-25 05:24:41 [stats.py:920] | stage_gen_time_ms               |     17,357.666 |     17,427.355 |
[0;36m(APIServer pid=214609)[0;0m INFO 09-25 05:24:41 [stats.py:920] | time_per_output_unit_ms         |          0.000 |          0.000 |
[0;36m(APIServer pid=214609)[0;0m INFO 09-25 05:24:41 [stats.py:920] | vllm_itl_ms                     |         42.024 |        988.857 |
[0;36m(APIServer pid=214609)[0;0m INFO 09-25 05:24:41 [stats.py:920] | vllm_itls_ms                    | 42.024 (n=408) | 988.857 (n=17) |
[0;36m(APIServer pid=214609)[0;0m INFO 09-25 05:24:41 [stats.py:920] | vllm_tpot_ms                    |         42.024 |          0.000 |
[0;36m(APIServer pid=214609)[0;0m INFO 09-25 05:24:41 [stats.py:920] | vllm_ttft_ms                    |        210.724 |        615.570 |
[0;36m(APIServer pid=214609)[0;0m INFO 09-25 05:24:41 [stats.py:920] +---------------------------------+----------------+----------------+
[0;36m(APIServer pid=214609)[0;0m INFO 09-25 05:24:41 [serving_speech.py:3646] [SpeechE2E] request_id=speech-8bb2be270a9a8b6e stream=false status=ok total_ms=17437.22 response_bytes=1566764
[0;36m(APIServer pid=214609)[0;0m INFO:     127.0.0.1:39542 - "POST /v1/audio/speech HTTP/1.1" 200 OK
[0;36m(APIServer pid=214609)[0;0m INFO 09-25 05:24:41 [serving_speech.py:3070] TTS speech request speech-8fbc22ab5362bdaf: model=Base
[0;36m(APIServer pid=214609)[0;0m INFO 09-25 05:24:41 [serving_speech.py:3100] Applied extra_params: {'repetition_penalty': 1.05, 'temperature': 0.9, 'top_k': 50}
[0;36m(APIServer pid=214609)[0;0m INFO 09-25 05:24:42 [stats.py:811] 
[0;36m(APIServer pid=214609)[0;0m INFO 09-25 05:24:42 [stats.py:811] [Overall Summary]
[0;36m(APIServer pid=214609)[0;0m INFO 09-25 05:24:42 [stats.py:811] +-----------------------------+------------+
[0;36m(APIServer pid=214609)[0;0m INFO 09-25 05:24:42 [stats.py:811] | Field                       |      Value |
[0;36m(APIServer pid=214609)[0;0m INFO 09-25 05:24:42 [stats.py:811] +-----------------------------+------------+
[0;36m(APIServer pid=214609)[0;0m INFO 09-25 05:24:42 [stats.py:811] | e2e_requests                |          1 |
[0;36m(APIServer pid=214609)[0;0m INFO 09-25 05:24:42 [stats.py:811] | e2e_wall_time_ms            | 17,290.759 |
[0;36m(APIServer pid=214609)[0;0m INFO 09-25 05:24:42 [stats.py:811] | e2e_total_tokens            |        710 |
[0;36m(APIServer pid=214609)[0;0m INFO 09-25 05:24:42 [stats.py:811] | e2e_avg_time_per_request_ms | 17,290.759 |
[0;36m(APIServer pid=214609)[0;0m INFO 09-25 05:24:42 [stats.py:811] | e2e_avg_tokens_per_s        |     41.062 |
[0;36m(APIServer pid=214609)[0;0m INFO 09-25 05:24:42 [stats.py:811] | input_preprocess_time_ms    |      0.061 |
[0;36m(APIServer pid=214609)[0;0m INFO 09-25 05:24:42 [stats.py:811] | e2e_stage_0_wall_time_ms    | 17,222.545 |
[0;36m(APIServer pid=214609)[0;0m INFO 09-25 05:24:42 [stats.py:811] | e2e_stage_1_wall_time_ms    | 17,290.376 |
[0;36m(APIServer pid=214609)[0;0m INFO 09-25 05:24:42 [stats.py:811] +-----------------------------+------------+
[0;36m(APIServer pid=214609)[0;0m INFO 09-25 05:24:42 [stats.py:837] 
[0;36m(APIServer pid=214609)[0;0m INFO 09-25 05:24:42 [stats.py:837] [RequestE2EStats [request_id=speech-bf0d17f7a2e8b4b2-8d8b7c06]]
[0;36m(APIServer pid=214609)[0;0m INFO 09-25 05:24:42 [stats.py:837] +------------------+------------+
[0;36m(APIServer pid=214609)[0;0m INFO 09-25 05:24:42 [stats.py:837] | Field            |      Value |
[0;36m(APIServer pid=214609)[0;0m INFO 09-25 05:24:42 [stats.py:837] +------------------+------------+
[0;36m(APIServer pid=214609)[0;0m INFO 09-25 05:24:42 [stats.py:837] | e2e_total_ms     | 17,290.628 |
[0;36m(APIServer pid=214609)[0;0m INFO 09-25 05:24:42 [stats.py:837] | e2e_total_tokens |        710 |
[0;36m(APIServer pid=214609)[0;0m INFO 09-25 05:24:42 [stats.py:837] +------------------+------------+
[0;36m(APIServer pid=214609)[0;0m INFO 09-25 05:24:42 [stats.py:878] [OmniTiming] req=speech-bf0d17f7a2e8b4b2-8d8b7c06 total=17.29s preprocess=0.00s engine=17.29s stages=[0:17.22s,1:17.29s] transfers=[0->1=0.00ms]
[0;36m(APIServer pid=214609)[0;0m INFO 09-25 05:24:42 [stats.py:920] 
[0;36m(APIServer pid=214609)[0;0m INFO 09-25 05:24:42 [stats.py:920] [StageRequestStats [request_id=speech-bf0d17f7a2e8b4b2-8d8b7c06]]
[0;36m(APIServer pid=214609)[0;0m INFO 09-25 05:24:42 [stats.py:920] +---------------------------------+----------------+------------------+
[0;36m(APIServer pid=214609)[0;0m INFO 09-25 05:24:42 [stats.py:920] | Field                           |              0 |                1 |
[0;36m(APIServer pid=214609)[0;0m INFO 09-25 05:24:42 [stats.py:920] +---------------------------------+----------------+------------------+
[0;36m(APIServer pid=214609)[0;0m INFO 09-25 05:24:42 [stats.py:920] | audio_duration_s                |          0.000 |           32.720 |
[0;36m(APIServer pid=214609)[0;0m INFO 09-25 05:24:42 [stats.py:920] | audio_generated_frames          |              0 |          785,280 |
[0;36m(APIServer pid=214609)[0;0m INFO 09-25 05:24:42 [stats.py:920] | audio_sample_rate               |              0 |           24,000 |
[0;36m(APIServer pid=214609)[0;0m INFO 09-25 05:24:42 [stats.py:920] | batch_id                        |          2,364 |            2,445 |
[0;36m(APIServer pid=214609)[0;0m INFO 09-25 05:24:42 [stats.py:920] | batch_size                      |              1 |                1 |
[0;36m(APIServer pid=214609)[0;0m INFO 09-25 05:24:42 [stats.py:920] | inter_output_latencies_ms       |                |                  |
[0;36m(APIServer pid=214609)[0;0m INFO 09-25 05:24:42 [stats.py:920] | num_tokens_in                   |            300 |                0 |
[0;36m(APIServer pid=214609)[0;0m INFO 09-25 05:24:42 [stats.py:920] | num_tokens_out                  |            410 |                0 |
[0;36m(APIServer pid=214609)[0;0m INFO 09-25 05:24:42 [stats.py:920] | output_unit_count               |            410 |          785,280 |
[0;36m(APIServer pid=214609)[0;0m INFO 09-25 05:24:42 [stats.py:920] | output_unit_type                |         stream |            audio |
[0;36m(APIServer pid=214609)[0;0m INFO 09-25 05:24:42 [stats.py:920] | serving_time_to_first_output_ms |     17,222.318 |       17,290.166 |
[0;36m(APIServer pid=214609)[0;0m INFO 09-25 05:24:42 [stats.py:920] | stage_gen_time_ms               |     17,222.124 |       17,289.883 |
[0;36m(APIServer pid=214609)[0;0m INFO 09-25 05:24:42 [stats.py:920] | time_per_output_unit_ms         |          0.000 |            0.000 |
[0;36m(APIServer pid=214609)[0;0m INFO 09-25 05:24:42 [stats.py:920] | vllm_itl_ms                     |         41.627 |        1,000.001 |
[0;36m(APIServer pid=214609)[0;0m INFO 09-25 05:24:42 [stats.py:920] | vllm_itls_ms                    | 41.627 (n=409) | 1,000.001 (n=17) |
[0;36m(APIServer pid=214609)[0;0m INFO 09-25 05:24:42 [stats.py:920] | vllm_tpot_ms                    |         41.627 |            0.000 |
[0;36m(APIServer pid=214609)[0;0m INFO 09-25 05:24:42 [stats.py:920] | vllm_ttft_ms                    |        198.770 |          288.747 |
[0;36m(APIServer pid=214609)[0;0m INFO 09-25 05:24:42 [stats.py:920] +---------------------------------+----------------+------------------+
[0;36m(APIServer pid=214609)[0;0m INFO 09-25 05:24:42 [serving_speech.py:3646] [SpeechE2E] request_id=speech-bf0d17f7a2e8b4b2 stream=false status=ok total_ms=17299.73 response_bytes=1570604
[0;36m(APIServer pid=214609)[0;0m INFO:     127.0.0.1:39494 - "POST /v1/audio/speech HTTP/1.1" 200 OK
[0;36m(APIServer pid=214609)[0;0m INFO 09-25 05:24:43 [stats.py:811] 
[0;36m(APIServer pid=214609)[0;0m INFO 09-25 05:24:43 [stats.py:811] [Overall Summary]
[0;36m(APIServer pid=214609)[0;0m INFO 09-25 05:24:43 [stats.py:811] +-----------------------------+------------+
[0;36m(APIServer pid=214609)[0;0m INFO 09-25 05:24:43 [stats.py:811] | Field                       |      Value |
[0;36m(APIServer pid=214609)[0;0m INFO 09-25 05:24:43 [stats.py:811] +-----------------------------+------------+
[0;36m(APIServer pid=214609)[0;0m INFO 09-25 05:24:43 [stats.py:811] | e2e_requests                |          1 |
[0;36m(APIServer pid=214609)[0;0m INFO 09-25 05:24:43 [stats.py:811] | e2e_wall_time_ms            | 19,429.965 |
[0;36m(APIServer pid=214609)[0;0m INFO 09-25 05:24:43 [stats.py:811] | e2e_total_tokens            |        758 |
[0;36m(APIServer pid=214609)[0;0m INFO 09-25 05:24:43 [stats.py:811] | e2e_avg_time_per_request_ms | 19,429.965 |
[0;36m(APIServer pid=214609)[0;0m INFO 09-25 05:24:43 [stats.py:811] | e2e_avg_tokens_per_s        |     39.012 |
[0;36m(APIServer pid=214609)[0;0m INFO 09-25 05:24:43 [stats.py:811] | input_preprocess_time_ms    |      0.031 |
[0;36m(APIServer pid=214609)[0;0m INFO 09-25 05:24:43 [stats.py:811] | e2e_stage_0_wall_time_ms    | 19,397.503 |
[0;36m(APIServer pid=214609)[0;0m INFO 09-25 05:24:43 [stats.py:811] | e2e_stage_1_wall_time_ms    | 19,429.804 |
[0;36m(APIServer pid=214609)[0;0m INFO 09-25 05:24:43 [stats.py:811] +-----------------------------+------------+
[0;36m(APIServer pid=214609)[0;0m INFO 09-25 05:24:43 [stats.py:837] 
[0;36m(APIServer pid=214609)[0;0m INFO 09-25 05:24:43 [stats.py:837] [RequestE2EStats [request_id=speech-b58b45551b0de7d3-be44c67a]]
[0;36m(APIServer pid=214609)[0;0m INFO 09-25 05:24:43 [stats.py:837] +------------------+------------+
[0;36m(APIServer pid=214609)[0;0m INFO 09-25 05:24:43 [stats.py:837] | Field            |      Value |
[0;36m(APIServer pid=214609)[0;0m INFO 09-25 05:24:43 [stats.py:837] +------------------+------------+
[0;36m(APIServer pid=214609)[0;0m INFO 09-25 05:24:43 [stats.py:837] | e2e_total_ms     | 19,429.887 |
[0;36m(APIServer pid=214609)[0;0m INFO 09-25 05:24:43 [stats.py:837] | e2e_total_tokens |        758 |
[0;36m(APIServer pid=214609)[0;0m INFO 09-25 05:24:43 [stats.py:837] +------------------+------------+
[0;36m(APIServer pid=214609)[0;0m INFO 09-25 05:24:43 [stats.py:878] [OmniTiming] req=speech-b58b45551b0de7d3-be44c67a total=19.43s preprocess=0.00s engine=19.43s stages=[0:19.40s,1:19.43s] transfers=[0->1=0.00ms]
[0;36m(APIServer pid=214609)[0;0m INFO 09-25 05:24:43 [stats.py:920] 
[0;36m(APIServer pid=214609)[0;0m INFO 09-25 05:24:43 [stats.py:920] [StageRequestStats [request_id=speech-b58b45551b0de7d3-be44c67a]]
[0;36m(APIServer pid=214609)[0;0m INFO 09-25 05:24:43 [stats.py:920] +---------------------------------+----------------+----------------+
[0;36m(APIServer pid=214609)[0;0m INFO 09-25 05:24:43 [stats.py:920] | Field                           |              0 |              1 |
[0;36m(APIServer pid=214609)[0;0m INFO 09-25 05:24:43 [stats.py:920] +---------------------------------+----------------+----------------+
[0;36m(APIServer pid=214609)[0;0m INFO 09-25 05:24:43 [stats.py:920] | audio_duration_s                |          0.000 |         36.560 |
[0;36m(APIServer pid=214609)[0;0m INFO 09-25 05:24:43 [stats.py:920] | audio_generated_frames          |              0 |        877,440 |
[0;36m(APIServer pid=214609)[0;0m INFO 09-25 05:24:43 [stats.py:920] | audio_sample_rate               |              0 |         24,000 |
[0;36m(APIServer pid=214609)[0;0m INFO 09-25 05:24:43 [stats.py:920] | batch_id                        |          2,365 |          2,446 |
[0;36m(APIServer pid=214609)[0;0m INFO 09-25 05:24:43 [stats.py:920] | batch_size                      |              1 |              1 |
[0;36m(APIServer pid=214609)[0;0m INFO 09-25 05:24:43 [stats.py:920] | inter_output_latencies_ms       |                |                |
[0;36m(APIServer pid=214609)[0;0m INFO 09-25 05:24:43 [stats.py:920] | num_tokens_in                   |            300 |              0 |
[0;36m(APIServer pid=214609)[0;0m INFO 09-25 05:24:43 [stats.py:920] | num_tokens_out                  |            458 |              0 |
[0;36m(APIServer pid=214609)[0;0m INFO 09-25 05:24:43 [stats.py:920] | output_unit_count               |            458 |        877,440 |
[0;36m(APIServer pid=214609)[0;0m INFO 09-25 05:24:43 [stats.py:920] | output_unit_type                |         stream |          audio |
[0;36m(APIServer pid=214609)[0;0m INFO 09-25 05:24:43 [stats.py:920] | serving_time_to_first_output_ms |     19,396.890 |     19,429.685 |
[0;36m(APIServer pid=214609)[0;0m INFO 09-25 05:24:43 [stats.py:920] | stage_gen_time_ms               |     19,396.825 |     19,429.610 |
[0;36m(APIServer pid=214609)[0;0m INFO 09-25 05:24:43 [stats.py:920] | time_per_output_unit_ms         |          0.000 |          0.000 |
[0;36m(APIServer pid=214609)[0;0m INFO 09-25 05:24:43 [stats.py:920] | vllm_itl_ms                     |         42.068 |        989.851 |
[0;36m(APIServer pid=214609)[0;0m INFO 09-25 05:24:43 [stats.py:920] | vllm_itls_ms                    | 42.068 (n=457) | 989.851 (n=19) |
[0;36m(APIServer pid=214609)[0;0m INFO 09-25 05:24:43 [stats.py:920] | vllm_tpot_ms                    |         42.068 |          0.000 |
[0;36m(APIServer pid=214609)[0;0m INFO 09-25 05:24:43 [stats.py:920] | vllm_ttft_ms                    |        171.770 |        623.535 |
[0;36m(APIServer pid=214609)[0;0m INFO 09-25 05:24:43 [stats.py:920] +---------------------------------+----------------+----------------+
[0;36m(APIServer pid=214609)[0;0m INFO 09-25 05:24:43 [serving_speech.py:3646] [SpeechE2E] request_id=speech-b58b45551b0de7d3 stream=false status=ok total_ms=19443.75 response_bytes=1754924
[0;36m(APIServer pid=214609)[0;0m INFO:     127.0.0.1:39556 - "POST /v1/audio/speech HTTP/1.1" 200 OK
[0;36m(APIServer pid=214609)[0;0m INFO 09-25 05:24:43 [stats.py:811] 
[0;36m(APIServer pid=214609)[0;0m INFO 09-25 05:24:43 [stats.py:811] [Overall Summary]
[0;36m(APIServer pid=214609)[0;0m INFO 09-25 05:24:43 [stats.py:811] +-----------------------------+------------+
[0;36m(APIServer pid=214609)[0;0m INFO 09-25 05:24:43 [stats.py:811] | Field                       |      Value |
[0;36m(APIServer pid=214609)[0;0m INFO 09-25 05:24:43 [stats.py:811] +-----------------------------+------------+
[0;36m(APIServer pid=214609)[0;0m INFO 09-25 05:24:43 [stats.py:811] | e2e_requests                |          1 |
[0;36m(APIServer pid=214609)[0;0m INFO 09-25 05:24:43 [stats.py:811] | e2e_wall_time_ms            | 18,961.697 |
[0;36m(APIServer pid=214609)[0;0m INFO 09-25 05:24:43 [stats.py:811] | e2e_total_tokens            |        751 |
[0;36m(APIServer pid=214609)[0;0m INFO 09-25 05:24:43 [stats.py:811] | e2e_avg_time_per_request_ms | 18,961.697 |
[0;36m(APIServer pid=214609)[0;0m INFO 09-25 05:24:43 [stats.py:811] | e2e_avg_tokens_per_s        |     39.606 |
[0;36m(APIServer pid=214609)[0;0m INFO 09-25 05:24:43 [stats.py:811] | input_preprocess_time_ms    |      0.053 |
[0;36m(APIServer pid=214609)[0;0m INFO 09-25 05:24:43 [stats.py:811] | e2e_stage_0_wall_time_ms    | 18,923.011 |
[0;36m(APIServer pid=214609)[0;0m INFO 09-25 05:24:43 [stats.py:811] | e2e_stage_1_wall_time_ms    | 18,961.334 |
[0;36m(APIServer pid=214609)[0;0m INFO 09-25 05:24:43 [stats.py:811] +-----------------------------+------------+
[0;36m(APIServer pid=214609)[0;0m INFO 09-25 05:24:43 [stats.py:837] 
[0;36m(APIServer pid=214609)[0;0m INFO 09-25 05:24:43 [stats.py:837] [RequestE2EStats [request_id=speech-8f55ebb451477f13-a4e2c77b]]
[0;36m(APIServer pid=214609)[0;0m INFO 09-25 05:24:43 [stats.py:837] +------------------+------------+
[0;36m(APIServer pid=214609)[0;0m INFO 09-25 05:24:43 [stats.py:837] | Field            |      Value |
[0;36m(APIServer pid=214609)[0;0m INFO 09-25 05:24:43 [stats.py:837] +------------------+------------+
[0;36m(APIServer pid=214609)[0;0m INFO 09-25 05:24:43 [stats.py:837] | e2e_total_ms     | 18,961.578 |
[0;36m(APIServer pid=214609)[0;0m INFO 09-25 05:24:43 [stats.py:837] | e2e_total_tokens |        751 |
[0;36m(APIServer pid=214609)[0;0m INFO 09-25 05:24:43 [stats.py:837] +------------------+------------+
[0;36m(APIServer pid=214609)[0;0m INFO 09-25 05:24:43 [stats.py:878] [OmniTiming] req=speech-8f55ebb451477f13-a4e2c77b total=18.96s preprocess=0.00s engine=18.96s stages=[0:18.92s,1:18.96s] transfers=[0->1=0.00ms]
[0;36m(APIServer pid=214609)[0;0m INFO 09-25 05:24:43 [stats.py:920] 
[0;36m(APIServer pid=214609)[0;0m INFO 09-25 05:24:43 [stats.py:920] [StageRequestStats [request_id=speech-8f55ebb451477f13-a4e2c77b]]
[0;36m(APIServer pid=214609)[0;0m INFO 09-25 05:24:43 [stats.py:920] +---------------------------------+----------------+------------------+
[0;36m(APIServer pid=214609)[0;0m INFO 09-25 05:24:43 [stats.py:920] | Field                           |              0 |                1 |
[0;36m(APIServer pid=214609)[0;0m INFO 09-25 05:24:43 [stats.py:920] +---------------------------------+----------------+------------------+
[0;36m(APIServer pid=214609)[0;0m INFO 09-25 05:24:43 [stats.py:920] | audio_duration_s                |          0.000 |           36.000 |
[0;36m(APIServer pid=214609)[0;0m INFO 09-25 05:24:43 [stats.py:920] | audio_generated_frames          |              0 |          864,000 |
[0;36m(APIServer pid=214609)[0;0m INFO 09-25 05:24:43 [stats.py:920] | audio_sample_rate               |              0 |           24,000 |
[0;36m(APIServer pid=214609)[0;0m INFO 09-25 05:24:43 [stats.py:920] | batch_id                        |          2,366 |            2,447 |
[0;36m(APIServer pid=214609)[0;0m INFO 09-25 05:24:43 [stats.py:920] | batch_size                      |              1 |                1 |
[0;36m(APIServer pid=214609)[0;0m INFO 09-25 05:24:43 [stats.py:920] | inter_output_latencies_ms       |                |                  |
[0;36m(APIServer pid=214609)[0;0m INFO 09-25 05:24:43 [stats.py:920] | num_tokens_in                   |            300 |                0 |
[0;36m(APIServer pid=214609)[0;0m INFO 09-25 05:24:43 [stats.py:920] | num_tokens_out                  |            451 |                0 |
[0;36m(APIServer pid=214609)[0;0m INFO 09-25 05:24:43 [stats.py:920] | output_unit_count               |            451 |          864,000 |
[0;36m(APIServer pid=214609)[0;0m INFO 09-25 05:24:43 [stats.py:920] | output_unit_type                |         stream |            audio |
[0;36m(APIServer pid=214609)[0;0m INFO 09-25 05:24:43 [stats.py:920] | serving_time_to_first_output_ms |     18,922.290 |       18,961.050 |
[0;36m(APIServer pid=214609)[0;0m INFO 09-25 05:24:43 [stats.py:920] | stage_gen_time_ms               |     18,922.090 |       18,960.789 |
[0;36m(APIServer pid=214609)[0;0m INFO 09-25 05:24:43 [stats.py:920] | time_per_output_unit_ms         |          0.000 |            0.000 |
[0;36m(APIServer pid=214609)[0;0m INFO 09-25 05:24:43 [stats.py:920] | vllm_itl_ms                     |         41.632 |        1,037.874 |
[0;36m(APIServer pid=214609)[0;0m INFO 09-25 05:24:43 [stats.py:920] | vllm_itls_ms                    | 41.632 (n=450) | 1,037.874 (n=18) |
[0;36m(APIServer pid=214609)[0;0m INFO 09-25 05:24:43 [stats.py:920] | vllm_tpot_ms                    |         41.632 |            0.000 |
[0;36m(APIServer pid=214609)[0;0m INFO 09-25 05:24:43 [stats.py:920] | vllm_ttft_ms                    |        186.394 |          279.362 |
[0;36m(APIServer pid=214609)[0;0m INFO 09-25 05:24:43 [stats.py:920] +---------------------------------+----------------+------------------+
[0;36m(APIServer pid=214609)[0;0m INFO 09-25 05:24:43 [serving_speech.py:3646] [SpeechE2E] request_id=speech-8f55ebb451477f13 stream=false status=ok total_ms=18973.07 response_bytes=1728044
[0;36m(APIServer pid=214609)[0;0m INFO:     127.0.0.1:39500 - "POST /v1/audio/speech HTTP/1.1" 200 OK
[0;36m(APIServer pid=214609)[0;0m INFO 09-25 05:24:44 [stats.py:811] 
[0;36m(APIServer pid=214609)[0;0m INFO 09-25 05:24:44 [stats.py:811] [Overall Summary]
[0;36m(APIServer pid=214609)[0;0m INFO 09-25 05:24:44 [stats.py:811] +-----------------------------+------------+
[0;36m(APIServer pid=214609)[0;0m INFO 09-25 05:24:44 [stats.py:811] | Field                       |      Value |
[0;36m(APIServer pid=214609)[0;0m INFO 09-25 05:24:44 [stats.py:811] +-----------------------------+------------+
[0;36m(APIServer pid=214609)[0;0m INFO 09-25 05:24:44 [stats.py:811] | e2e_requests                |          1 |
[0;36m(APIServer pid=214609)[0;0m INFO 09-25 05:24:44 [stats.py:811] | e2e_wall_time_ms            | 20,995.554 |
[0;36m(APIServer pid=214609)[0;0m INFO 09-25 05:24:44 [stats.py:811] | e2e_total_tokens            |        796 |
[0;36m(APIServer pid=214609)[0;0m INFO 09-25 05:24:44 [stats.py:811] | e2e_avg_time_per_request_ms | 20,995.554 |
[0;36m(APIServer pid=214609)[0;0m INFO 09-25 05:24:44 [stats.py:811] | e2e_avg_tokens_per_s        |     37.913 |
[0;36m(APIServer pid=214609)[0;0m INFO 09-25 05:24:44 [stats.py:811] | input_preprocess_time_ms    |      0.065 |
[0;36m(APIServer pid=214609)[0;0m INFO 09-25 05:24:44 [stats.py:811] | e2e_stage_0_wall_time_ms    | 20,958.231 |
[0;36m(APIServer pid=214609)[0;0m INFO 09-25 05:24:44 [stats.py:811] | e2e_stage_1_wall_time_ms    | 20,995.077 |
[0;36m(APIServer pid=214609)[0;0m INFO 09-25 05:24:44 [stats.py:811] +-----------------------------+------------+
[0;36m(APIServer pid=214609)[0;0m INFO 09-25 05:24:44 [stats.py:837] 
[0;36m(APIServer pid=214609)[0;0m INFO 09-25 05:24:44 [stats.py:837] [RequestE2EStats [request_id=speech-9d8583dd4f10f78d-8f6bfb49]]
[0;36m(APIServer pid=214609)[0;0m INFO 09-25 05:24:44 [stats.py:837] +------------------+------------+
[0;36m(APIServer pid=214609)[0;0m INFO 09-25 05:24:44 [stats.py:837] | Field            |      Value |
[0;36m(APIServer pid=214609)[0;0m INFO 09-25 05:24:44 [stats.py:837] +------------------+------------+
[0;36m(APIServer pid=214609)[0;0m INFO 09-25 05:24:44 [stats.py:837] | e2e_total_ms     | 20,995.413 |
[0;36m(APIServer pid=214609)[0;0m INFO 09-25 05:24:44 [stats.py:837] | e2e_total_tokens |        796 |
[0;36m(APIServer pid=214609)[0;0m INFO 09-25 05:24:44 [stats.py:837] +------------------+------------+
[0;36m(APIServer pid=214609)[0;0m INFO 09-25 05:24:44 [stats.py:878] [OmniTiming] req=speech-9d8583dd4f10f78d-8f6bfb49 total=21.00s preprocess=0.00s engine=21.00s stages=[0:20.96s,1:20.99s] transfers=[0->1=0.00ms]
[0;36m(APIServer pid=214609)[0;0m INFO 09-25 05:24:44 [stats.py:920] 
[0;36m(APIServer pid=214609)[0;0m INFO 09-25 05:24:44 [stats.py:920] [StageRequestStats [request_id=speech-9d8583dd4f10f78d-8f6bfb49]]
[0;36m(APIServer pid=214609)[0;0m INFO 09-25 05:24:44 [stats.py:920] +---------------------------------+----------------+------------------+
[0;36m(APIServer pid=214609)[0;0m INFO 09-25 05:24:44 [stats.py:920] | Field                           |              0 |                1 |
[0;36m(APIServer pid=214609)[0;0m INFO 09-25 05:24:44 [stats.py:920] +---------------------------------+----------------+------------------+
[0;36m(APIServer pid=214609)[0;0m INFO 09-25 05:24:44 [stats.py:920] | audio_duration_s                |          0.000 |           39.600 |
[0;36m(APIServer pid=214609)[0;0m INFO 09-25 05:24:44 [stats.py:920] | audio_generated_frames          |              0 |          950,400 |
[0;36m(APIServer pid=214609)[0;0m INFO 09-25 05:24:44 [stats.py:920] | audio_sample_rate               |              0 |           24,000 |
[0;36m(APIServer pid=214609)[0;0m INFO 09-25 05:24:44 [stats.py:920] | batch_id                        |          2,367 |            2,448 |
[0;36m(APIServer pid=214609)[0;0m INFO 09-25 05:24:44 [stats.py:920] | batch_size                      |              1 |                1 |
[0;36m(APIServer pid=214609)[0;0m INFO 09-25 05:24:44 [stats.py:920] | inter_output_latencies_ms       |                |                  |
[0;36m(APIServer pid=214609)[0;0m INFO 09-25 05:24:44 [stats.py:920] | num_tokens_in                   |            300 |                0 |
[0;36m(APIServer pid=214609)[0;0m INFO 09-25 05:24:44 [stats.py:920] | num_tokens_out                  |            496 |                0 |
[0;36m(APIServer pid=214609)[0;0m INFO 09-25 05:24:44 [stats.py:920] | output_unit_count               |            496 |          950,400 |
[0;36m(APIServer pid=214609)[0;0m INFO 09-25 05:24:44 [stats.py:920] | output_unit_type                |         stream |            audio |
[0;36m(APIServer pid=214609)[0;0m INFO 09-25 05:24:44 [stats.py:920] | serving_time_to_first_output_ms |     20,958.123 |       20,994.919 |
[0;36m(APIServer pid=214609)[0;0m INFO 09-25 05:24:44 [stats.py:920] | stage_gen_time_ms               |     20,957.855 |       20,994.584 |
[0;36m(APIServer pid=214609)[0;0m INFO 09-25 05:24:44 [stats.py:920] | time_per_output_unit_ms         |          0.000 |            0.000 |
[0;36m(APIServer pid=214609)[0;0m INFO 09-25 05:24:44 [stats.py:920] | vllm_itl_ms                     |         42.143 |        1,029.823 |
[0;36m(APIServer pid=214609)[0;0m INFO 09-25 05:24:44 [stats.py:920] | vllm_itls_ms                    | 42.143 (n=495) | 1,029.823 (n=20) |
[0;36m(APIServer pid=214609)[0;0m INFO 09-25 05:24:44 [stats.py:920] | vllm_tpot_ms                    |         42.143 |            0.000 |
[0;36m(APIServer pid=214609)[0;0m INFO 09-25 05:24:44 [stats.py:920] | vllm_ttft_ms                    |         95.975 |          398.520 |
[0;36m(APIServer pid=214609)[0;0m INFO 09-25 05:24:44 [stats.py:920] +---------------------------------+----------------+------------------+
[0;36m(APIServer pid=214609)[0;0m INFO 09-25 05:24:44 [serving_speech.py:3646] [SpeechE2E] request_id=speech-9d8583dd4f10f78d stream=false status=ok total_ms=21006.67 response_bytes=1900844
[0;36m(APIServer pid=214609)[0;0m INFO:     127.0.0.1:39520 - "POST /v1/audio/speech HTTP/1.1" 200 OK
[0;36m(APIServer pid=214609)[0;0m INFO 09-25 05:24:49 [stats.py:811] 
[0;36m(APIServer pid=214609)[0;0m INFO 09-25 05:24:49 [stats.py:811] [Overall Summary]
[0;36m(APIServer pid=214609)[0;0m INFO 09-25 05:24:49 [stats.py:811] +-----------------------------+------------+
[0;36m(APIServer pid=214609)[0;0m INFO 09-25 05:24:49 [stats.py:811] | Field                       |      Value |
[0;36m(APIServer pid=214609)[0;0m INFO 09-25 05:24:49 [stats.py:811] +-----------------------------+------------+
[0;36m(APIServer pid=214609)[0;0m INFO 09-25 05:24:49 [stats.py:811] | e2e_requests                |          1 |
[0;36m(APIServer pid=214609)[0;0m INFO 09-25 05:24:49 [stats.py:811] | e2e_wall_time_ms            | 26,031.553 |
[0;36m(APIServer pid=214609)[0;0m INFO 09-25 05:24:49 [stats.py:811] | e2e_total_tokens            |        934 |
[0;36m(APIServer pid=214609)[0;0m INFO 09-25 05:24:49 [stats.py:811] | e2e_avg_time_per_request_ms | 26,031.553 |
[0;36m(APIServer pid=214609)[0;0m INFO 09-25 05:24:49 [stats.py:811] | e2e_avg_tokens_per_s        |     35.880 |
[0;36m(APIServer pid=214609)[0;0m INFO 09-25 05:24:49 [stats.py:811] | input_preprocess_time_ms    |      0.055 |
[0;36m(APIServer pid=214609)[0;0m INFO 09-25 05:24:49 [stats.py:811] | e2e_stage_0_wall_time_ms    | 25,992.309 |
[0;36m(APIServer pid=214609)[0;0m INFO 09-25 05:24:49 [stats.py:811] | e2e_stage_1_wall_time_ms    | 26,031.027 |
[0;36m(APIServer pid=214609)[0;0m INFO 09-25 05:24:49 [stats.py:811] +-----------------------------+------------+
[0;36m(APIServer pid=214609)[0;0m INFO 09-25 05:24:49 [stats.py:837] 
[0;36m(APIServer pid=214609)[0;0m INFO 09-25 05:24:49 [stats.py:837] [RequestE2EStats [request_id=speech-80c12b0a624212a2-8c4ac151]]
[0;36m(APIServer pid=214609)[0;0m INFO 09-25 05:24:49 [stats.py:837] +------------------+------------+
[0;36m(APIServer pid=214609)[0;0m INFO 09-25 05:24:49 [stats.py:837] | Field            |      Value |
[0;36m(APIServer pid=214609)[0;0m INFO 09-25 05:24:49 [stats.py:837] +------------------+------------+
[0;36m(APIServer pid=214609)[0;0m INFO 09-25 05:24:49 [stats.py:837] | e2e_total_ms     | 26,031.428 |
[0;36m(APIServer pid=214609)[0;0m INFO 09-25 05:24:49 [stats.py:837] | e2e_total_tokens |        934 |
[0;36m(APIServer pid=214609)[0;0m INFO 09-25 05:24:49 [stats.py:837] +------------------+------------+
[0;36m(APIServer pid=214609)[0;0m INFO 09-25 05:24:49 [stats.py:878] [OmniTiming] req=speech-80c12b0a624212a2-8c4ac151 total=26.03s preprocess=0.00s engine=26.03s stages=[0:25.99s,1:26.03s] transfers=[0->1=0.00ms]
[0;36m(APIServer pid=214609)[0;0m INFO 09-25 05:24:49 [stats.py:920] 
[0;36m(APIServer pid=214609)[0;0m INFO 09-25 05:24:49 [stats.py:920] [StageRequestStats [request_id=speech-80c12b0a624212a2-8c4ac151]]
[0;36m(APIServer pid=214609)[0;0m INFO 09-25 05:24:49 [stats.py:920] +---------------------------------+----------------+----------------+
[0;36m(APIServer pid=214609)[0;0m INFO 09-25 05:24:49 [stats.py:920] | Field                           |              0 |              1 |
[0;36m(APIServer pid=214609)[0;0m INFO 09-25 05:24:49 [stats.py:920] +---------------------------------+----------------+----------------+
[0;36m(APIServer pid=214609)[0;0m INFO 09-25 05:24:49 [stats.py:920] | audio_duration_s                |          0.000 |         50.640 |
[0;36m(APIServer pid=214609)[0;0m INFO 09-25 05:24:49 [stats.py:920] | audio_generated_frames          |              0 |      1,215,360 |
[0;36m(APIServer pid=214609)[0;0m INFO 09-25 05:24:49 [stats.py:920] | audio_sample_rate               |              0 |         24,000 |
[0;36m(APIServer pid=214609)[0;0m INFO 09-25 05:24:49 [stats.py:920] | batch_id                        |          2,368 |          2,449 |
[0;36m(APIServer pid=214609)[0;0m INFO 09-25 05:24:49 [stats.py:920] | batch_size                      |              1 |              1 |
[0;36m(APIServer pid=214609)[0;0m INFO 09-25 05:24:49 [stats.py:920] | inter_output_latencies_ms       |                |                |
[0;36m(APIServer pid=214609)[0;0m INFO 09-25 05:24:49 [stats.py:920] | num_tokens_in                   |            300 |              0 |
[0;36m(APIServer pid=214609)[0;0m INFO 09-25 05:24:49 [stats.py:920] | num_tokens_out                  |            634 |              0 |
[0;36m(APIServer pid=214609)[0;0m INFO 09-25 05:24:49 [stats.py:920] | output_unit_count               |            634 |      1,215,360 |
[0;36m(APIServer pid=214609)[0;0m INFO 09-25 05:24:49 [stats.py:920] | output_unit_type                |         stream |          audio |
[0;36m(APIServer pid=214609)[0;0m INFO 09-25 05:24:49 [stats.py:920] | serving_time_to_first_output_ms |     25,992.306 |     26,030.860 |
[0;36m(APIServer pid=214609)[0;0m INFO 09-25 05:24:49 [stats.py:920] | stage_gen_time_ms               |     25,992.135 |     26,030.443 |
[0;36m(APIServer pid=214609)[0;0m INFO 09-25 05:24:49 [stats.py:920] | time_per_output_unit_ms         |          0.000 |          0.000 |
[0;36m(APIServer pid=214609)[0;0m INFO 09-25 05:24:49 [stats.py:920] | vllm_itl_ms                     |         40.893 |        981.040 |
[0;36m(APIServer pid=214609)[0;0m INFO 09-25 05:24:49 [stats.py:920] | vllm_itls_ms                    | 40.893 (n=633) | 981.040 (n=26) |
[0;36m(APIServer pid=214609)[0;0m INFO 09-25 05:24:49 [stats.py:920] | vllm_tpot_ms                    |         40.893 |          0.000 |
[0;36m(APIServer pid=214609)[0;0m INFO 09-25 05:24:49 [stats.py:920] | vllm_ttft_ms                    |        107.177 |        522.997 |
[0;36m(APIServer pid=214609)[0;0m INFO 09-25 05:24:49 [stats.py:920] +---------------------------------+----------------+----------------+
[0;36m(APIServer pid=214609)[0;0m INFO 09-25 05:24:49 [serving_speech.py:3646] [SpeechE2E] request_id=speech-80c12b0a624212a2 stream=false status=ok total_ms=26044.90 response_bytes=2430764
[0;36m(APIServer pid=214609)[0;0m INFO:     127.0.0.1:39546 - "POST /v1/audio/speech HTTP/1.1" 200 OK
[0;36m(APIServer pid=214609)[0;0m INFO 09-25 05:24:50 [stats.py:811] 
[0;36m(APIServer pid=214609)[0;0m INFO 09-25 05:24:50 [stats.py:811] [Overall Summary]
[0;36m(APIServer pid=214609)[0;0m INFO 09-25 05:24:50 [stats.py:811] +-----------------------------+------------+
[0;36m(APIServer pid=214609)[0;0m INFO 09-25 05:24:50 [stats.py:811] | Field                       |      Value |
[0;36m(APIServer pid=214609)[0;0m INFO 09-25 05:24:50 [stats.py:811] +-----------------------------+------------+
[0;36m(APIServer pid=214609)[0;0m INFO 09-25 05:24:50 [stats.py:811] | e2e_requests                |          1 |
[0;36m(APIServer pid=214609)[0;0m INFO 09-25 05:24:50 [stats.py:811] | e2e_wall_time_ms            | 13,555.763 |
[0;36m(APIServer pid=214609)[0;0m INFO 09-25 05:24:50 [stats.py:811] | e2e_total_tokens            |        631 |
[0;36m(APIServer pid=214609)[0;0m INFO 09-25 05:24:50 [stats.py:811] | e2e_avg_time_per_request_ms | 13,555.763 |
[0;36m(APIServer pid=214609)[0;0m INFO 09-25 05:24:50 [stats.py:811] | e2e_avg_tokens_per_s        |     46.548 |
[0;36m(APIServer pid=214609)[0;0m INFO 09-25 05:24:50 [stats.py:811] | input_preprocess_time_ms    |      0.053 |
[0;36m(APIServer pid=214609)[0;0m INFO 09-25 05:24:50 [stats.py:811] | e2e_stage_0_wall_time_ms    | 13,520.272 |
[0;36m(APIServer pid=214609)[0;0m INFO 09-25 05:24:50 [stats.py:811] | e2e_stage_1_wall_time_ms    | 13,555.470 |
[0;36m(APIServer pid=214609)[0;0m INFO 09-25 05:24:50 [stats.py:811] +-----------------------------+------------+
[0;36m(APIServer pid=214609)[0;0m INFO 09-25 05:24:50 [stats.py:837] 
[0;36m(APIServer pid=214609)[0;0m INFO 09-25 05:24:50 [stats.py:837] [RequestE2EStats [request_id=speech-a5183e7062611090-953d0047]]
[0;36m(APIServer pid=214609)[0;0m INFO 09-25 05:24:50 [stats.py:837] +------------------+------------+
[0;36m(APIServer pid=214609)[0;0m INFO 09-25 05:24:50 [stats.py:837] | Field            |      Value |
[0;36m(APIServer pid=214609)[0;0m INFO 09-25 05:24:50 [stats.py:837] +------------------+------------+
[0;36m(APIServer pid=214609)[0;0m INFO 09-25 05:24:50 [stats.py:837] | e2e_total_ms     | 13,555.643 |
[0;36m(APIServer pid=214609)[0;0m INFO 09-25 05:24:50 [stats.py:837] | e2e_total_tokens |        631 |
[0;36m(APIServer pid=214609)[0;0m INFO 09-25 05:24:50 [stats.py:837] +------------------+------------+
[0;36m(APIServer pid=214609)[0;0m INFO 09-25 05:24:50 [stats.py:878] [OmniTiming] req=speech-a5183e7062611090-953d0047 total=13.56s preprocess=0.00s engine=13.56s stages=[0:13.52s,1:13.56s] transfers=[0->1=0.00ms]
[0;36m(APIServer pid=214609)[0;0m INFO 09-25 05:24:50 [stats.py:920] 
[0;36m(APIServer pid=214609)[0;0m INFO 09-25 05:24:50 [stats.py:920] [StageRequestStats [request_id=speech-a5183e7062611090-953d0047]]
[0;36m(APIServer pid=214609)[0;0m INFO 09-25 05:24:50 [stats.py:920] +---------------------------------+----------------+----------------+
[0;36m(APIServer pid=214609)[0;0m INFO 09-25 05:24:50 [stats.py:920] | Field                           |              0 |              1 |
[0;36m(APIServer pid=214609)[0;0m INFO 09-25 05:24:50 [stats.py:920] +---------------------------------+----------------+----------------+
[0;36m(APIServer pid=214609)[0;0m INFO 09-25 05:24:50 [stats.py:920] | audio_duration_s                |          0.000 |         26.400 |
[0;36m(APIServer pid=214609)[0;0m INFO 09-25 05:24:50 [stats.py:920] | audio_generated_frames          |              0 |        633,600 |
[0;36m(APIServer pid=214609)[0;0m INFO 09-25 05:24:50 [stats.py:920] | audio_sample_rate               |              0 |         24,000 |
[0;36m(APIServer pid=214609)[0;0m INFO 09-25 05:24:50 [stats.py:920] | batch_id                        |          2,369 |          2,450 |
[0;36m(APIServer pid=214609)[0;0m INFO 09-25 05:24:50 [stats.py:920] | batch_size                      |              1 |              1 |
[0;36m(APIServer pid=214609)[0;0m INFO 09-25 05:24:50 [stats.py:920] | inter_output_latencies_ms       |                |                |
[0;36m(APIServer pid=214609)[0;0m INFO 09-25 05:24:50 [stats.py:920] | num_tokens_in                   |            300 |              0 |
[0;36m(APIServer pid=214609)[0;0m INFO 09-25 05:24:50 [stats.py:920] | num_tokens_out                  |            331 |              0 |
[0;36m(APIServer pid=214609)[0;0m INFO 09-25 05:24:50 [stats.py:920] | output_unit_count               |            331 |        633,600 |
[0;36m(APIServer pid=214609)[0;0m INFO 09-25 05:24:50 [stats.py:920] | output_unit_type                |         stream |          audio |
[0;36m(APIServer pid=214609)[0;0m INFO 09-25 05:24:50 [stats.py:920] | serving_time_to_first_output_ms |     13,520.254 |     13,555.503 |
[0;36m(APIServer pid=214609)[0;0m INFO 09-25 05:24:50 [stats.py:920] | stage_gen_time_ms               |     13,520.097 |     13,555.306 |
[0;36m(APIServer pid=214609)[0;0m INFO 09-25 05:24:50 [stats.py:920] | time_per_output_unit_ms         |          0.000 |          0.000 |
[0;36m(APIServer pid=214609)[0;0m INFO 09-25 05:24:50 [stats.py:920] | vllm_itl_ms                     |         40.501 |        942.603 |
[0;36m(APIServer pid=214609)[0;0m INFO 09-25 05:24:50 [stats.py:920] | vllm_itls_ms                    | 40.501 (n=330) | 942.603 (n=14) |
[0;36m(APIServer pid=214609)[0;0m INFO 09-25 05:24:50 [stats.py:920] | vllm_tpot_ms                    |         40.501 |          0.000 |
[0;36m(APIServer pid=214609)[0;0m INFO 09-25 05:24:50 [stats.py:920] | vllm_ttft_ms                    |        154.783 |        356.258 |
[0;36m(APIServer pid=214609)[0;0m INFO 09-25 05:24:50 [stats.py:920] +---------------------------------+----------------+----------------+
[0;36m(APIServer pid=214609)[0;0m INFO 09-25 05:24:50 [serving_speech.py:3646] [SpeechE2E] request_id=speech-a5183e7062611090 stream=false status=ok total_ms=13563.24 response_bytes=1267244
[0;36m(APIServer pid=214609)[0;0m INFO:     127.0.0.1:39550 - "POST /v1/audio/speech HTTP/1.1" 200 OK
[0;36m(APIServer pid=214609)[0;0m INFO 09-25 05:24:53 [stats.py:811] 
[0;36m(APIServer pid=214609)[0;0m INFO 09-25 05:24:53 [stats.py:811] [Overall Summary]
[0;36m(APIServer pid=214609)[0;0m INFO 09-25 05:24:53 [stats.py:811] +-----------------------------+------------+
[0;36m(APIServer pid=214609)[0;0m INFO 09-25 05:24:53 [stats.py:811] | Field                       |      Value |
[0;36m(APIServer pid=214609)[0;0m INFO 09-25 05:24:53 [stats.py:811] +-----------------------------+------------+
[0;36m(APIServer pid=214609)[0;0m INFO 09-25 05:24:53 [stats.py:811] | e2e_requests                |          1 |
[0;36m(APIServer pid=214609)[0;0m INFO 09-25 05:24:53 [stats.py:811] | e2e_wall_time_ms            | 14,493.207 |
[0;36m(APIServer pid=214609)[0;0m INFO 09-25 05:24:53 [stats.py:811] | e2e_total_tokens            |        669 |
[0;36m(APIServer pid=214609)[0;0m INFO 09-25 05:24:53 [stats.py:811] | e2e_avg_time_per_request_ms | 14,493.207 |
[0;36m(APIServer pid=214609)[0;0m INFO 09-25 05:24:53 [stats.py:811] | e2e_avg_tokens_per_s        |     46.160 |
[0;36m(APIServer pid=214609)[0;0m INFO 09-25 05:24:53 [stats.py:811] | input_preprocess_time_ms    |      0.054 |
[0;36m(APIServer pid=214609)[0;0m INFO 09-25 05:24:53 [stats.py:811] | e2e_stage_0_wall_time_ms    | 14,453.292 |
[0;36m(APIServer pid=214609)[0;0m INFO 09-25 05:24:53 [stats.py:811] | e2e_stage_1_wall_time_ms    | 14,492.932 |
[0;36m(APIServer pid=214609)[0;0m INFO 09-25 05:24:53 [stats.py:811] +-----------------------------+------------+
[0;36m(APIServer pid=214609)[0;0m INFO 09-25 05:24:53 [stats.py:837] 
[0;36m(APIServer pid=214609)[0;0m INFO 09-25 05:24:53 [stats.py:837] [RequestE2EStats [request_id=speech-b5879765c238fccf-a34f7775]]
[0;36m(APIServer pid=214609)[0;0m INFO 09-25 05:24:53 [stats.py:837] +------------------+------------+
[0;36m(APIServer pid=214609)[0;0m INFO 09-25 05:24:53 [stats.py:837] | Field            |      Value |
[0;36m(APIServer pid=214609)[0;0m INFO 09-25 05:24:53 [stats.py:837] +------------------+------------+
[0;36m(APIServer pid=214609)[0;0m INFO 09-25 05:24:53 [stats.py:837] | e2e_total_ms     | 14,493.085 |
[0;36m(APIServer pid=214609)[0;0m INFO 09-25 05:24:53 [stats.py:837] | e2e_total_tokens |        669 |
[0;36m(APIServer pid=214609)[0;0m INFO 09-25 05:24:53 [stats.py:837] +------------------+------------+
[0;36m(APIServer pid=214609)[0;0m INFO 09-25 05:24:53 [stats.py:878] [OmniTiming] req=speech-b5879765c238fccf-a34f7775 total=14.49s preprocess=0.00s engine=14.49s stages=[0:14.45s,1:14.49s] transfers=[0->1=0.00ms]
[0;36m(APIServer pid=214609)[0;0m INFO 09-25 05:24:53 [stats.py:920] 
[0;36m(APIServer pid=214609)[0;0m INFO 09-25 05:24:53 [stats.py:920] [StageRequestStats [request_id=speech-b5879765c238fccf-a34f7775]]
[0;36m(APIServer pid=214609)[0;0m INFO 09-25 05:24:53 [stats.py:920] +---------------------------------+----------------+----------------+
[0;36m(APIServer pid=214609)[0;0m INFO 09-25 05:24:53 [stats.py:920] | Field                           |              0 |              1 |
[0;36m(APIServer pid=214609)[0;0m INFO 09-25 05:24:53 [stats.py:920] +---------------------------------+----------------+----------------+
[0;36m(APIServer pid=214609)[0;0m INFO 09-25 05:24:53 [stats.py:920] | audio_duration_s                |          0.000 |         29.440 |
[0;36m(APIServer pid=214609)[0;0m INFO 09-25 05:24:53 [stats.py:920] | audio_generated_frames          |              0 |        706,560 |
[0;36m(APIServer pid=214609)[0;0m INFO 09-25 05:24:53 [stats.py:920] | audio_sample_rate               |              0 |         24,000 |
[0;36m(APIServer pid=214609)[0;0m INFO 09-25 05:24:53 [stats.py:920] | batch_id                        |          2,370 |          2,451 |
[0;36m(APIServer pid=214609)[0;0m INFO 09-25 05:24:53 [stats.py:920] | batch_size                      |              1 |              1 |
[0;36m(APIServer pid=214609)[0;0m INFO 09-25 05:24:53 [stats.py:920] | inter_output_latencies_ms       |                |                |
[0;36m(APIServer pid=214609)[0;0m INFO 09-25 05:24:53 [stats.py:920] | num_tokens_in                   |            300 |              0 |
[0;36m(APIServer pid=214609)[0;0m INFO 09-25 05:24:53 [stats.py:920] | num_tokens_out                  |            369 |              0 |
[0;36m(APIServer pid=214609)[0;0m INFO 09-25 05:24:53 [stats.py:920] | output_unit_count               |            369 |        706,560 |
[0;36m(APIServer pid=214609)[0;0m INFO 09-25 05:24:53 [stats.py:920] | output_unit_type                |         stream |          audio |
[0;36m(APIServer pid=214609)[0;0m INFO 09-25 05:24:53 [stats.py:920] | serving_time_to_first_output_ms |     14,453.116 |     14,492.206 |
[0;36m(APIServer pid=214609)[0;0m INFO 09-25 05:24:53 [stats.py:920] | stage_gen_time_ms               |     14,452.981 |     14,492.016 |
[0;36m(APIServer pid=214609)[0;0m INFO 09-25 05:24:53 [stats.py:920] | time_per_output_unit_ms         |          0.000 |          0.000 |
[0;36m(APIServer pid=214609)[0;0m INFO 09-25 05:24:53 [stats.py:920] | vllm_itl_ms                     |         38.965 |        949.780 |
[0;36m(APIServer pid=214609)[0;0m INFO 09-25 05:24:53 [stats.py:920] | vllm_itls_ms                    | 38.965 (n=368) | 949.780 (n=15) |
[0;36m(APIServer pid=214609)[0;0m INFO 09-25 05:24:53 [stats.py:920] | vllm_tpot_ms                    |         38.965 |          0.000 |
[0;36m(APIServer pid=214609)[0;0m INFO 09-25 05:24:53 [stats.py:920] | vllm_ttft_ms                    |        112.675 |        245.639 |
[0;36m(APIServer pid=214609)[0;0m INFO 09-25 05:24:53 [stats.py:920] +---------------------------------+----------------+----------------+
[0;36m(APIServer pid=214609)[0;0m INFO 09-25 05:24:53 [serving_speech.py:3646] [SpeechE2E] request_id=speech-b5879765c238fccf stream=false status=ok total_ms=14501.66 response_bytes=1413164
[0;36m(APIServer pid=214609)[0;0m INFO:     127.0.0.1:39510 - "POST /v1/audio/speech HTTP/1.1" 200 OK
[0;36m(APIServer pid=214609)[0;0m INFO 09-25 05:24:53 [stats.py:811] 
[0;36m(APIServer pid=214609)[0;0m INFO 09-25 05:24:53 [stats.py:811] [Overall Summary]
[0;36m(APIServer pid=214609)[0;0m INFO 09-25 05:24:53 [stats.py:811] +-----------------------------+------------+
[0;36m(APIServer pid=214609)[0;0m INFO 09-25 05:24:53 [stats.py:811] | Field                       |      Value |
[0;36m(APIServer pid=214609)[0;0m INFO 09-25 05:24:53 [stats.py:811] +-----------------------------+------------+
[0;36m(APIServer pid=214609)[0;0m INFO 09-25 05:24:53 [stats.py:811] | e2e_requests                |          1 |
[0;36m(APIServer pid=214609)[0;0m INFO 09-25 05:24:53 [stats.py:811] | e2e_wall_time_ms            | 15,284.554 |
[0;36m(APIServer pid=214609)[0;0m INFO 09-25 05:24:53 [stats.py:811] | e2e_total_tokens            |        685 |
[0;36m(APIServer pid=214609)[0;0m INFO 09-25 05:24:53 [stats.py:811] | e2e_avg_time_per_request_ms | 15,284.554 |
[0;36m(APIServer pid=214609)[0;0m INFO 09-25 05:24:53 [stats.py:811] | e2e_avg_tokens_per_s        |     44.816 |
[0;36m(APIServer pid=214609)[0;0m INFO 09-25 05:24:53 [stats.py:811] | input_preprocess_time_ms    |      0.051 |
[0;36m(APIServer pid=214609)[0;0m INFO 09-25 05:24:53 [stats.py:811] | e2e_stage_0_wall_time_ms    | 15,248.875 |
[0;36m(APIServer pid=214609)[0;0m INFO 09-25 05:24:53 [stats.py:811] | e2e_stage_1_wall_time_ms    | 15,284.279 |
[0;36m(APIServer pid=214609)[0;0m INFO 09-25 05:24:53 [stats.py:811] +-----------------------------+------------+
[0;36m(APIServer pid=214609)[0;0m INFO 09-25 05:24:53 [stats.py:837] 
[0;36m(APIServer pid=214609)[0;0m INFO 09-25 05:24:53 [stats.py:837] [RequestE2EStats [request_id=speech-979d94ffb277d076-ba4ab9a6]]
[0;36m(APIServer pid=214609)[0;0m INFO 09-25 05:24:53 [stats.py:837] +------------------+------------+
[0;36m(APIServer pid=214609)[0;0m INFO 09-25 05:24:53 [stats.py:837] | Field            |      Value |
[0;36m(APIServer pid=214609)[0;0m INFO 09-25 05:24:53 [stats.py:837] +------------------+------------+
[0;36m(APIServer pid=214609)[0;0m INFO 09-25 05:24:53 [stats.py:837] | e2e_total_ms     | 15,284.437 |
[0;36m(APIServer pid=214609)[0;0m INFO 09-25 05:24:53 [stats.py:837] | e2e_total_tokens |        685 |
[0;36m(APIServer pid=214609)[0;0m INFO 09-25 05:24:53 [stats.py:837] +------------------+------------+
[0;36m(APIServer pid=214609)[0;0m INFO 09-25 05:24:53 [stats.py:878] [OmniTiming] req=speech-979d94ffb277d076-ba4ab9a6 total=15.28s preprocess=0.00s engine=15.28s stages=[0:15.25s,1:15.28s] transfers=[0->1=0.00ms]
[0;36m(APIServer pid=214609)[0;0m INFO 09-25 05:24:53 [stats.py:920] 
[0;36m(APIServer pid=214609)[0;0m INFO 09-25 05:24:53 [stats.py:920] [StageRequestStats [request_id=speech-979d94ffb277d076-ba4ab9a6]]
[0;36m(APIServer pid=214609)[0;0m INFO 09-25 05:24:53 [stats.py:920] +---------------------------------+----------------+----------------+
[0;36m(APIServer pid=214609)[0;0m INFO 09-25 05:24:53 [stats.py:920] | Field                           |              0 |              1 |
[0;36m(APIServer pid=214609)[0;0m INFO 09-25 05:24:53 [stats.py:920] +---------------------------------+----------------+----------------+
[0;36m(APIServer pid=214609)[0;0m INFO 09-25 05:24:53 [stats.py:920] | audio_duration_s                |          0.000 |         30.720 |
[0;36m(APIServer pid=214609)[0;0m INFO 09-25 05:24:53 [stats.py:920] | audio_generated_frames          |              0 |        737,280 |
[0;36m(APIServer pid=214609)[0;0m INFO 09-25 05:24:53 [stats.py:920] | audio_sample_rate               |              0 |         24,000 |
[0;36m(APIServer pid=214609)[0;0m INFO 09-25 05:24:53 [stats.py:920] | batch_id                        |          2,371 |          2,452 |
[0;36m(APIServer pid=214609)[0;0m INFO 09-25 05:24:53 [stats.py:920] | batch_size                      |              1 |              1 |
[0;36m(APIServer pid=214609)[0;0m INFO 09-25 05:24:53 [stats.py:920] | inter_output_latencies_ms       |                |                |
[0;36m(APIServer pid=214609)[0;0m INFO 09-25 05:24:53 [stats.py:920] | num_tokens_in                   |            300 |              0 |
[0;36m(APIServer pid=214609)[0;0m INFO 09-25 05:24:53 [stats.py:920] | num_tokens_out                  |            385 |              0 |
[0;36m(APIServer pid=214609)[0;0m INFO 09-25 05:24:53 [stats.py:920] | output_unit_count               |            385 |        737,280 |
[0;36m(APIServer pid=214609)[0;0m INFO 09-25 05:24:53 [stats.py:920] | output_unit_type                |         stream |          audio |
[0;36m(APIServer pid=214609)[0;0m INFO 09-25 05:24:53 [stats.py:920] | serving_time_to_first_output_ms |     15,248.837 |     15,284.295 |
[0;36m(APIServer pid=214609)[0;0m INFO 09-25 05:24:53 [stats.py:920] | stage_gen_time_ms               |     15,248.713 |     15,284.100 |
[0;36m(APIServer pid=214609)[0;0m INFO 09-25 05:24:53 [stats.py:920] | time_per_output_unit_ms         |          0.000 |          0.000 |
[0;36m(APIServer pid=214609)[0;0m INFO 09-25 05:24:53 [stats.py:920] | vllm_itl_ms                     |         39.288 |        932.964 |
[0;36m(APIServer pid=214609)[0;0m INFO 09-25 05:24:53 [stats.py:920] | vllm_itls_ms                    | 39.288 (n=384) | 932.964 (n=16) |
[0;36m(APIServer pid=214609)[0;0m INFO 09-25 05:24:53 [stats.py:920] | vllm_tpot_ms                    |         39.288 |          0.000 |
[0;36m(APIServer pid=214609)[0;0m INFO 09-25 05:24:53 [stats.py:920] | vllm_ttft_ms                    |        163.335 |        356.327 |
[0;36m(APIServer pid=214609)[0;0m INFO 09-25 05:24:53 [stats.py:920] +---------------------------------+----------------+----------------+
[0;36m(APIServer pid=214609)[0;0m INFO 09-25 05:24:53 [serving_speech.py:3646] [SpeechE2E] request_id=speech-979d94ffb277d076 stream=false status=ok total_ms=15293.56 response_bytes=1474604
[0;36m(APIServer pid=214609)[0;0m INFO:     127.0.0.1:39528 - "POST /v1/audio/speech HTTP/1.1" 200 OK
[0;36m(APIServer pid=214609)[0;0m INFO 09-25 05:24:53 [stats.py:811] 
[0;36m(APIServer pid=214609)[0;0m INFO 09-25 05:24:53 [stats.py:811] [Overall Summary]
[0;36m(APIServer pid=214609)[0;0m INFO 09-25 05:24:53 [stats.py:811] +-----------------------------+------------+
[0;36m(APIServer pid=214609)[0;0m INFO 09-25 05:24:53 [stats.py:811] | Field                       |      Value |
[0;36m(APIServer pid=214609)[0;0m INFO 09-25 05:24:53 [stats.py:811] +-----------------------------+------------+
[0;36m(APIServer pid=214609)[0;0m INFO 09-25 05:24:53 [stats.py:811] | e2e_requests                |          1 |
[0;36m(APIServer pid=214609)[0;0m INFO 09-25 05:24:53 [stats.py:811] | e2e_wall_time_ms            | 14,874.631 |
[0;36m(APIServer pid=214609)[0;0m INFO 09-25 05:24:53 [stats.py:811] | e2e_total_tokens            |        678 |
[0;36m(APIServer pid=214609)[0;0m INFO 09-25 05:24:53 [stats.py:811] | e2e_avg_time_per_request_ms | 14,874.631 |
[0;36m(APIServer pid=214609)[0;0m INFO 09-25 05:24:53 [stats.py:811] | e2e_avg_tokens_per_s        |     45.581 |
[0;36m(APIServer pid=214609)[0;0m INFO 09-25 05:24:53 [stats.py:811] | input_preprocess_time_ms    |      0.096 |
[0;36m(APIServer pid=214609)[0;0m INFO 09-25 05:24:53 [stats.py:811] | e2e_stage_0_wall_time_ms    | 14,839.711 |
[0;36m(APIServer pid=214609)[0;0m INFO 09-25 05:24:53 [stats.py:811] | e2e_stage_1_wall_time_ms    | 14,874.161 |
[0;36m(APIServer pid=214609)[0;0m INFO 09-25 05:24:53 [stats.py:811] +-----------------------------+------------+
[0;36m(APIServer pid=214609)[0;0m INFO 09-25 05:24:53 [stats.py:837] 
[0;36m(APIServer pid=214609)[0;0m INFO 09-25 05:24:53 [stats.py:837] [RequestE2EStats [request_id=speech-a8412092b1795c6a-aa44f99a]]
[0;36m(APIServer pid=214609)[0;0m INFO 09-25 05:24:53 [stats.py:837] +------------------+------------+
[0;36m(APIServer pid=214609)[0;0m INFO 09-25 05:24:53 [stats.py:837] | Field            |      Value |
[0;36m(APIServer pid=214609)[0;0m INFO 09-25 05:24:53 [stats.py:837] +------------------+------------+
[0;36m(APIServer pid=214609)[0;0m INFO 09-25 05:24:53 [stats.py:837] | e2e_total_ms     | 14,874.363 |
[0;36m(APIServer pid=214609)[0;0m INFO 09-25 05:24:53 [stats.py:837] | e2e_total_tokens |        678 |
[0;36m(APIServer pid=214609)[0;0m INFO 09-25 05:24:53 [stats.py:837] +------------------+------------+
[0;36m(APIServer pid=214609)[0;0m INFO 09-25 05:24:53 [stats.py:878] [OmniTiming] req=speech-a8412092b1795c6a-aa44f99a total=14.87s preprocess=0.00s engine=14.87s stages=[0:14.84s,1:14.87s] transfers=[0->1=0.00ms]
[0;36m(APIServer pid=214609)[0;0m INFO 09-25 05:24:53 [stats.py:920] 
[0;36m(APIServer pid=214609)[0;0m INFO 09-25 05:24:53 [stats.py:920] [StageRequestStats [request_id=speech-a8412092b1795c6a-aa44f99a]]
[0;36m(APIServer pid=214609)[0;0m INFO 09-25 05:24:53 [stats.py:920] +---------------------------------+----------------+----------------+
[0;36m(APIServer pid=214609)[0;0m INFO 09-25 05:24:53 [stats.py:920] | Field                           |              0 |              1 |
[0;36m(APIServer pid=214609)[0;0m INFO 09-25 05:24:53 [stats.py:920] +---------------------------------+----------------+----------------+
[0;36m(APIServer pid=214609)[0;0m INFO 09-25 05:24:53 [stats.py:920] | audio_duration_s                |          0.000 |         30.160 |
[0;36m(APIServer pid=214609)[0;0m INFO 09-25 05:24:53 [stats.py:920] | audio_generated_frames          |              0 |        723,840 |
[0;36m(APIServer pid=214609)[0;0m INFO 09-25 05:24:53 [stats.py:920] | audio_sample_rate               |              0 |         24,000 |
[0;36m(APIServer pid=214609)[0;0m INFO 09-25 05:24:53 [stats.py:920] | batch_id                        |          2,372 |          2,453 |
[0;36m(APIServer pid=214609)[0;0m INFO 09-25 05:24:53 [stats.py:920] | batch_size                      |              1 |              1 |
[0;36m(APIServer pid=214609)[0;0m INFO 09-25 05:24:53 [stats.py:920] | inter_output_latencies_ms       |                |                |
[0;36m(APIServer pid=214609)[0;0m INFO 09-25 05:24:53 [stats.py:920] | num_tokens_in                   |            300 |              0 |
[0;36m(APIServer pid=214609)[0;0m INFO 09-25 05:24:53 [stats.py:920] | num_tokens_out                  |            378 |              0 |
[0;36m(APIServer pid=214609)[0;0m INFO 09-25 05:24:53 [stats.py:920] | output_unit_count               |            378 |        723,840 |
[0;36m(APIServer pid=214609)[0;0m INFO 09-25 05:24:53 [stats.py:920] | output_unit_type                |         stream |          audio |
[0;36m(APIServer pid=214609)[0;0m INFO 09-25 05:24:53 [stats.py:920] | serving_time_to_first_output_ms |     14,839.704 |     14,874.052 |
[0;36m(APIServer pid=214609)[0;0m INFO 09-25 05:24:53 [stats.py:920] | stage_gen_time_ms               |     14,839.409 |     14,873.664 |
[0;36m(APIServer pid=214609)[0;0m INFO 09-25 05:24:53 [stats.py:920] | time_per_output_unit_ms         |          0.000 |          0.000 |
[0;36m(APIServer pid=214609)[0;0m INFO 09-25 05:24:53 [stats.py:920] | vllm_itl_ms                     |         39.030 |        915.348 |
[0;36m(APIServer pid=214609)[0;0m INFO 09-25 05:24:53 [stats.py:920] | vllm_itls_ms                    | 39.030 (n=377) | 915.348 (n=16) |
[0;36m(APIServer pid=214609)[0;0m INFO 09-25 05:24:53 [stats.py:920] | vllm_tpot_ms                    |         39.030 |          0.000 |
[0;36m(APIServer pid=214609)[0;0m INFO 09-25 05:24:53 [stats.py:920] | vllm_ttft_ms                    |        123.091 |        224.919 |
[0;36m(APIServer pid=214609)[0;0m INFO 09-25 05:24:53 [stats.py:920] +---------------------------------+----------------+----------------+
[0;36m(APIServer pid=214609)[0;0m INFO 09-25 05:24:53 [serving_speech.py:3646] [SpeechE2E] request_id=speech-a8412092b1795c6a stream=false status=ok total_ms=14887.46 response_bytes=1447724
[0;36m(APIServer pid=214609)[0;0m INFO:     127.0.0.1:42084 - "POST /v1/audio/speech HTTP/1.1" 200 OK
[0;36m(APIServer pid=214609)[0;0m INFO 09-25 05:24:53 [stats.py:811] 
[0;36m(APIServer pid=214609)[0;0m INFO 09-25 05:24:53 [stats.py:811] [Overall Summary]
[0;36m(APIServer pid=214609)[0;0m INFO 09-25 05:24:53 [stats.py:811] +-----------------------------+------------+
[0;36m(APIServer pid=214609)[0;0m INFO 09-25 05:24:53 [stats.py:811] | Field                       |      Value |
[0;36m(APIServer pid=214609)[0;0m INFO 09-25 05:24:53 [stats.py:811] +-----------------------------+------------+
[0;36m(APIServer pid=214609)[0;0m INFO 09-25 05:24:53 [stats.py:811] | e2e_requests                |          1 |
[0;36m(APIServer pid=214609)[0;0m INFO 09-25 05:24:53 [stats.py:811] | e2e_wall_time_ms            | 16,024.333 |
[0;36m(APIServer pid=214609)[0;0m INFO 09-25 05:24:53 [stats.py:811] | e2e_total_tokens            |        706 |
[0;36m(APIServer pid=214609)[0;0m INFO 09-25 05:24:53 [stats.py:811] | e2e_avg_time_per_request_ms | 16,024.333 |
[0;36m(APIServer pid=214609)[0;0m INFO 09-25 05:24:53 [stats.py:811] | e2e_avg_tokens_per_s        |     44.058 |
[0;36m(APIServer pid=214609)[0;0m INFO 09-25 05:24:53 [stats.py:811] | input_preprocess_time_ms    |      0.053 |
[0;36m(APIServer pid=214609)[0;0m INFO 09-25 05:24:53 [stats.py:811] | e2e_stage_0_wall_time_ms    | 15,987.497 |
[0;36m(APIServer pid=214609)[0;0m INFO 09-25 05:24:53 [stats.py:811] | e2e_stage_1_wall_time_ms    | 16,024.051 |
[0;36m(APIServer pid=214609)[0;0m INFO 09-25 05:24:53 [stats.py:811] +-----------------------------+------------+
[0;36m(APIServer pid=214609)[0;0m INFO 09-25 05:24:53 [stats.py:837] 
[0;36m(APIServer pid=214609)[0;0m INFO 09-25 05:24:53 [stats.py:837] [RequestE2EStats [request_id=speech-ae3d10ea4cd55bf0-b9b9d091]]
[0;36m(APIServer pid=214609)[0;0m INFO 09-25 05:24:53 [stats.py:837] +------------------+------------+
[0;36m(APIServer pid=214609)[0;0m INFO 09-25 05:24:53 [stats.py:837] | Field            |      Value |
[0;36m(APIServer pid=214609)[0;0m INFO 09-25 05:24:53 [stats.py:837] +------------------+------------+
[0;36m(APIServer pid=214609)[0;0m INFO 09-25 05:24:53 [stats.py:837] | e2e_total_ms     | 16,024.211 |
[0;36m(APIServer pid=214609)[0;0m INFO 09-25 05:24:53 [stats.py:837] | e2e_total_tokens |        706 |
[0;36m(APIServer pid=214609)[0;0m INFO 09-25 05:24:53 [stats.py:837] +------------------+------------+
[0;36m(APIServer pid=214609)[0;0m INFO 09-25 05:24:53 [stats.py:878] [OmniTiming] req=speech-ae3d10ea4cd55bf0-b9b9d091 total=16.02s preprocess=0.00s engine=16.02s stages=[0:15.99s,1:16.02s] transfers=[0->1=0.00ms]
[0;36m(APIServer pid=214609)[0;0m INFO 09-25 05:24:53 [stats.py:920] 
[0;36m(APIServer pid=214609)[0;0m INFO 09-25 05:24:53 [stats.py:920] [StageRequestStats [request_id=speech-ae3d10ea4cd55bf0-b9b9d091]]
[0;36m(APIServer pid=214609)[0;0m INFO 09-25 05:24:53 [stats.py:920] +---------------------------------+----------------+----------------+
[0;36m(APIServer pid=214609)[0;0m INFO 09-25 05:24:53 [stats.py:920] | Field                           |              0 |              1 |
[0;36m(APIServer pid=214609)[0;0m INFO 09-25 05:24:53 [stats.py:920] +---------------------------------+----------------+----------------+
[0;36m(APIServer pid=214609)[0;0m INFO 09-25 05:24:53 [stats.py:920] | audio_duration_s                |          0.000 |         32.400 |
[0;36m(APIServer pid=214609)[0;0m INFO 09-25 05:24:53 [stats.py:920] | audio_generated_frames          |              0 |        777,600 |
[0;36m(APIServer pid=214609)[0;0m INFO 09-25 05:24:53 [stats.py:920] | audio_sample_rate               |              0 |         24,000 |
[0;36m(APIServer pid=214609)[0;0m INFO 09-25 05:24:53 [stats.py:920] | batch_id                        |          2,373 |          2,454 |
[0;36m(APIServer pid=214609)[0;0m INFO 09-25 05:24:53 [stats.py:920] | batch_size                      |              1 |              1 |
[0;36m(APIServer pid=214609)[0;0m INFO 09-25 05:24:53 [stats.py:920] | inter_output_latencies_ms       |                |                |
[0;36m(APIServer pid=214609)[0;0m INFO 09-25 05:24:53 [stats.py:920] | num_tokens_in                   |            300 |              0 |
[0;36m(APIServer pid=214609)[0;0m INFO 09-25 05:24:53 [stats.py:920] | num_tokens_out                  |            406 |              0 |
[0;36m(APIServer pid=214609)[0;0m INFO 09-25 05:24:53 [stats.py:920] | output_unit_count               |            406 |        777,600 |
[0;36m(APIServer pid=214609)[0;0m INFO 09-25 05:24:53 [stats.py:920] | output_unit_type                |         stream |          audio |
[0;36m(APIServer pid=214609)[0;0m INFO 09-25 05:24:53 [stats.py:920] | serving_time_to_first_output_ms |     15,987.448 |     16,023.369 |
[0;36m(APIServer pid=214609)[0;0m INFO 09-25 05:24:53 [stats.py:920] | stage_gen_time_ms               |     15,987.302 |     16,023.183 |
[0;36m(APIServer pid=214609)[0;0m INFO 09-25 05:24:53 [stats.py:920] | time_per_output_unit_ms         |          0.000 |          0.000 |
[0;36m(APIServer pid=214609)[0;0m INFO 09-25 05:24:53 [stats.py:920] | vllm_itl_ms                     |         39.245 |        929.754 |
[0;36m(APIServer pid=214609)[0;0m INFO 09-25 05:24:53 [stats.py:920] | vllm_itls_ms                    | 39.245 (n=405) | 929.754 (n=17) |
[0;36m(APIServer pid=214609)[0;0m INFO 09-25 05:24:53 [stats.py:920] | vllm_tpot_ms                    |         39.245 |          0.000 |
[0;36m(APIServer pid=214609)[0;0m INFO 09-25 05:24:53 [stats.py:920] | vllm_ttft_ms                    |         94.151 |        217.716 |
[0;36m(APIServer pid=214609)[0;0m INFO 09-25 05:24:53 [stats.py:920] +---------------------------------+----------------+----------------+
[0;36m(APIServer pid=214609)[0;0m INFO 09-25 05:24:53 [serving_speech.py:3646] [SpeechE2E] request_id=speech-ae3d10ea4cd55bf0 stream=false status=ok total_ms=16033.40 response_bytes=1555244
[0;36m(APIServer pid=214609)[0;0m INFO:     127.0.0.1:39486 - "POST /v1/audio/speech HTTP/1.1" 200 OK
[0;36m(APIServer pid=214609)[0;0m INFO 09-25 05:24:54 [stats.py:811] 
[0;36m(APIServer pid=214609)[0;0m INFO 09-25 05:24:54 [stats.py:811] [Overall Summary]
[0;36m(APIServer pid=214609)[0;0m INFO 09-25 05:24:54 [stats.py:811] +-----------------------------+------------+
[0;36m(APIServer pid=214609)[0;0m INFO 09-25 05:24:54 [stats.py:811] | Field                       |      Value |
[0;36m(APIServer pid=214609)[0;0m INFO 09-25 05:24:54 [stats.py:811] +-----------------------------+------------+
[0;36m(APIServer pid=214609)[0;0m INFO 09-25 05:24:54 [stats.py:811] | e2e_requests                |          1 |
[0;36m(APIServer pid=214609)[0;0m INFO 09-25 05:24:54 [stats.py:811] | e2e_wall_time_ms            | 15,031.545 |
[0;36m(APIServer pid=214609)[0;0m INFO 09-25 05:24:54 [stats.py:811] | e2e_total_tokens            |        690 |
[0;36m(APIServer pid=214609)[0;0m INFO 09-25 05:24:54 [stats.py:811] | e2e_avg_time_per_request_ms | 15,031.545 |
[0;36m(APIServer pid=214609)[0;0m INFO 09-25 05:24:54 [stats.py:811] | e2e_avg_tokens_per_s        |     45.903 |
[0;36m(APIServer pid=214609)[0;0m INFO 09-25 05:24:54 [stats.py:811] | input_preprocess_time_ms    |      0.083 |
[0;36m(APIServer pid=214609)[0;0m INFO 09-25 05:24:54 [stats.py:811] | e2e_stage_0_wall_time_ms    | 14,993.555 |
[0;36m(APIServer pid=214609)[0;0m INFO 09-25 05:24:54 [stats.py:811] | e2e_stage_1_wall_time_ms    | 15,031.154 |
[0;36m(APIServer pid=214609)[0;0m INFO 09-25 05:24:54 [stats.py:811] +-----------------------------+------------+
[0;36m(APIServer pid=214609)[0;0m INFO 09-25 05:24:54 [stats.py:837] 
[0;36m(APIServer pid=214609)[0;0m INFO 09-25 05:24:54 [stats.py:837] [RequestE2EStats [request_id=speech-a93934770a17820b-8ad9eab9]]
[0;36m(APIServer pid=214609)[0;0m INFO 09-25 05:24:54 [stats.py:837] +------------------+------------+
[0;36m(APIServer pid=214609)[0;0m INFO 09-25 05:24:54 [stats.py:837] | Field            |      Value |
[0;36m(APIServer pid=214609)[0;0m INFO 09-25 05:24:54 [stats.py:837] +------------------+------------+
[0;36m(APIServer pid=214609)[0;0m INFO 09-25 05:24:54 [stats.py:837] | e2e_total_ms     | 15,031.303 |
[0;36m(APIServer pid=214609)[0;0m INFO 09-25 05:24:54 [stats.py:837] | e2e_total_tokens |        690 |
[0;36m(APIServer pid=214609)[0;0m INFO 09-25 05:24:54 [stats.py:837] +------------------+------------+
[0;36m(APIServer pid=214609)[0;0m INFO 09-25 05:24:54 [stats.py:878] [OmniTiming] req=speech-a93934770a17820b-8ad9eab9 total=15.03s preprocess=0.00s engine=15.03s stages=[0:14.99s,1:15.03s] transfers=[0->1=0.00ms]
[0;36m(APIServer pid=214609)[0;0m INFO 09-25 05:24:54 [stats.py:920] 
[0;36m(APIServer pid=214609)[0;0m INFO 09-25 05:24:54 [stats.py:920] [StageRequestStats [request_id=speech-a93934770a17820b-8ad9eab9]]
[0;36m(APIServer pid=214609)[0;0m INFO 09-25 05:24:54 [stats.py:920] +---------------------------------+----------------+----------------+
[0;36m(APIServer pid=214609)[0;0m INFO 09-25 05:24:54 [stats.py:920] | Field                           |              0 |              1 |
[0;36m(APIServer pid=214609)[0;0m INFO 09-25 05:24:54 [stats.py:920] +---------------------------------+----------------+----------------+
[0;36m(APIServer pid=214609)[0;0m INFO 09-25 05:24:54 [stats.py:920] | audio_duration_s                |          0.000 |         31.120 |
[0;36m(APIServer pid=214609)[0;0m INFO 09-25 05:24:54 [stats.py:920] | audio_generated_frames          |              0 |        746,880 |
[0;36m(APIServer pid=214609)[0;0m INFO 09-25 05:24:54 [stats.py:920] | audio_sample_rate               |              0 |         24,000 |
[0;36m(APIServer pid=214609)[0;0m INFO 09-25 05:24:54 [stats.py:920] | batch_id                        |          2,374 |          2,455 |
[0;36m(APIServer pid=214609)[0;0m INFO 09-25 05:24:54 [stats.py:920] | batch_size                      |              1 |              1 |
[0;36m(APIServer pid=214609)[0;0m INFO 09-25 05:24:54 [stats.py:920] | inter_output_latencies_ms       |                |                |
[0;36m(APIServer pid=214609)[0;0m INFO 09-25 05:24:54 [stats.py:920] | num_tokens_in                   |            300 |              0 |
[0;36m(APIServer pid=214609)[0;0m INFO 09-25 05:24:54 [stats.py:920] | num_tokens_out                  |            390 |              0 |
[0;36m(APIServer pid=214609)[0;0m INFO 09-25 05:24:54 [stats.py:920] | output_unit_count               |            390 |        746,880 |
[0;36m(APIServer pid=214609)[0;0m INFO 09-25 05:24:54 [stats.py:920] | output_unit_type                |         stream |          audio |
[0;36m(APIServer pid=214609)[0;0m INFO 09-25 05:24:54 [stats.py:920] | serving_time_to_first_output_ms |     14,993.522 |     15,030.566 |
[0;36m(APIServer pid=214609)[0;0m INFO 09-25 05:24:54 [stats.py:920] | stage_gen_time_ms               |     14,993.306 |     15,030.310 |
[0;36m(APIServer pid=214609)[0;0m INFO 09-25 05:24:54 [stats.py:920] | time_per_output_unit_ms         |          0.000 |          0.000 |
[0;36m(APIServer pid=214609)[0;0m INFO 09-25 05:24:54 [stats.py:920] | vllm_itl_ms                     |         38.109 |        915.386 |
[0;36m(APIServer pid=214609)[0;0m INFO 09-25 05:24:54 [stats.py:920] | vllm_itls_ms                    | 38.109 (n=389) | 915.386 (n=16) |
[0;36m(APIServer pid=214609)[0;0m INFO 09-25 05:24:54 [stats.py:920] | vllm_tpot_ms                    |         38.109 |          0.000 |
[0;36m(APIServer pid=214609)[0;0m INFO 09-25 05:24:54 [stats.py:920] | vllm_ttft_ms                    |        169.001 |        382.182 |
[0;36m(APIServer pid=214609)[0;0m INFO 09-25 05:24:54 [stats.py:920] +---------------------------------+----------------+----------------+
[0;36m(APIServer pid=214609)[0;0m INFO 09-25 05:24:54 [serving_speech.py:3646] [SpeechE2E] request_id=speech-a93934770a17820b stream=false status=ok total_ms=15041.83 response_bytes=1493804
[0;36m(APIServer pid=214609)[0;0m INFO:     127.0.0.1:39580 - "POST /v1/audio/speech HTTP/1.1" 200 OK
[0;36m(APIServer pid=214609)[0;0m INFO 09-25 05:24:54 [stats.py:811] 
[0;36m(APIServer pid=214609)[0;0m INFO 09-25 05:24:54 [stats.py:811] [Overall Summary]
[0;36m(APIServer pid=214609)[0;0m INFO 09-25 05:24:54 [stats.py:811] +-----------------------------+------------+
[0;36m(APIServer pid=214609)[0;0m INFO 09-25 05:24:54 [stats.py:811] | Field                       |      Value |
[0;36m(APIServer pid=214609)[0;0m INFO 09-25 05:24:54 [stats.py:811] +-----------------------------+------------+
[0;36m(APIServer pid=214609)[0;0m INFO 09-25 05:24:54 [stats.py:811] | e2e_requests                |          1 |
[0;36m(APIServer pid=214609)[0;0m INFO 09-25 05:24:54 [stats.py:811] | e2e_wall_time_ms            | 15,356.877 |
[0;36m(APIServer pid=214609)[0;0m INFO 09-25 05:24:54 [stats.py:811] | e2e_total_tokens            |        701 |
[0;36m(APIServer pid=214609)[0;0m INFO 09-25 05:24:54 [stats.py:811] | e2e_avg_time_per_request_ms | 15,356.877 |
[0;36m(APIServer pid=214609)[0;0m INFO 09-25 05:24:54 [stats.py:811] | e2e_avg_tokens_per_s        |     45.647 |
[0;36m(APIServer pid=214609)[0;0m INFO 09-25 05:24:54 [stats.py:811] | input_preprocess_time_ms    |      0.052 |
[0;36m(APIServer pid=214609)[0;0m INFO 09-25 05:24:54 [stats.py:811] | e2e_stage_0_wall_time_ms    | 15,317.619 |
[0;36m(APIServer pid=214609)[0;0m INFO 09-25 05:24:54 [stats.py:811] | e2e_stage_1_wall_time_ms    | 15,356.587 |
[0;36m(APIServer pid=214609)[0;0m INFO 09-25 05:24:54 [stats.py:811] +-----------------------------+------------+
[0;36m(APIServer pid=214609)[0;0m INFO 09-25 05:24:54 [stats.py:837] 
[0;36m(APIServer pid=214609)[0;0m INFO 09-25 05:24:54 [stats.py:837] [RequestE2EStats [request_id=speech-9141116e7c69dc32-b5c62103]]
[0;36m(APIServer pid=214609)[0;0m INFO 09-25 05:24:54 [stats.py:837] +------------------+------------+
[0;36m(APIServer pid=214609)[0;0m INFO 09-25 05:24:54 [stats.py:837] | Field            |      Value |
[0;36m(APIServer pid=214609)[0;0m INFO 09-25 05:24:54 [stats.py:837] +------------------+------------+
[0;36m(APIServer pid=214609)[0;0m INFO 09-25 05:24:54 [stats.py:837] | e2e_total_ms     | 15,356.757 |
[0;36m(APIServer pid=214609)[0;0m INFO 09-25 05:24:54 [stats.py:837] | e2e_total_tokens |        701 |
[0;36m(APIServer pid=214609)[0;0m INFO 09-25 05:24:54 [stats.py:837] +------------------+------------+
[0;36m(APIServer pid=214609)[0;0m INFO 09-25 05:24:54 [stats.py:878] [OmniTiming] req=speech-9141116e7c69dc32-b5c62103 total=15.36s preprocess=0.00s engine=15.36s stages=[0:15.32s,1:15.36s] transfers=[0->1=0.00ms]
[0;36m(APIServer pid=214609)[0;0m INFO 09-25 05:24:54 [stats.py:920] 
[0;36m(APIServer pid=214609)[0;0m INFO 09-25 05:24:54 [stats.py:920] [StageRequestStats [request_id=speech-9141116e7c69dc32-b5c62103]]
[0;36m(APIServer pid=214609)[0;0m INFO 09-25 05:24:54 [stats.py:920] +---------------------------------+----------------+----------------+
[0;36m(APIServer pid=214609)[0;0m INFO 09-25 05:24:54 [stats.py:920] | Field                           |              0 |              1 |
[0;36m(APIServer pid=214609)[0;0m INFO 09-25 05:24:54 [stats.py:920] +---------------------------------+----------------+----------------+
[0;36m(APIServer pid=214609)[0;0m INFO 09-25 05:24:54 [stats.py:920] | audio_duration_s                |          0.000 |         32.000 |
[0;36m(APIServer pid=214609)[0;0m INFO 09-25 05:24:54 [stats.py:920] | audio_generated_frames          |              0 |        768,000 |
[0;36m(APIServer pid=214609)[0;0m INFO 09-25 05:24:54 [stats.py:920] | audio_sample_rate               |              0 |         24,000 |
[0;36m(APIServer pid=214609)[0;0m INFO 09-25 05:24:54 [stats.py:920] | batch_id                        |          2,375 |          2,456 |
[0;36m(APIServer pid=214609)[0;0m INFO 09-25 05:24:54 [stats.py:920] | batch_size                      |              1 |              1 |
[0;36m(APIServer pid=214609)[0;0m INFO 09-25 05:24:54 [stats.py:920] | inter_output_latencies_ms       |                |                |
[0;36m(APIServer pid=214609)[0;0m INFO 09-25 05:24:54 [stats.py:920] | num_tokens_in                   |            300 |              0 |
[0;36m(APIServer pid=214609)[0;0m INFO 09-25 05:24:54 [stats.py:920] | num_tokens_out                  |            401 |              0 |
[0;36m(APIServer pid=214609)[0;0m INFO 09-25 05:24:54 [stats.py:920] | output_unit_count               |            401 |        768,000 |
[0;36m(APIServer pid=214609)[0;0m INFO 09-25 05:24:54 [stats.py:920] | output_unit_type                |         stream |          audio |
[0;36m(APIServer pid=214609)[0;0m INFO 09-25 05:24:54 [stats.py:920] | serving_time_to_first_output_ms |     15,316.940 |     15,356.029 |
[0;36m(APIServer pid=214609)[0;0m INFO 09-25 05:24:54 [stats.py:920] | stage_gen_time_ms               |     15,316.772 |     15,355.831 |
[0;36m(APIServer pid=214609)[0;0m INFO 09-25 05:24:54 [stats.py:920] | time_per_output_unit_ms         |          0.000 |          0.000 |
[0;36m(APIServer pid=214609)[0;0m INFO 09-25 05:24:54 [stats.py:920] | vllm_itl_ms                     |         37.991 |        944.737 |
[0;36m(APIServer pid=214609)[0;0m INFO 09-25 05:24:54 [stats.py:920] | vllm_itls_ms                    | 37.991 (n=400) | 944.737 (n=16) |
[0;36m(APIServer pid=214609)[0;0m INFO 09-25 05:24:54 [stats.py:920] | vllm_tpot_ms                    |         37.991 |          0.000 |
[0;36m(APIServer pid=214609)[0;0m INFO 09-25 05:24:54 [stats.py:920] | vllm_ttft_ms                    |        119.457 |        238.497 |
[0;36m(APIServer pid=214609)[0;0m INFO 09-25 05:24:54 [stats.py:920] +---------------------------------+----------------+----------------+
[0;36m(APIServer pid=214609)[0;0m INFO 09-25 05:24:54 [serving_speech.py:3646] [SpeechE2E] request_id=speech-9141116e7c69dc32 stream=false status=ok total_ms=15365.76 response_bytes=1536044
[0;36m(APIServer pid=214609)[0;0m INFO:     127.0.0.1:39544 - "POST /v1/audio/speech HTTP/1.1" 200 OK
[0;36m(APIServer pid=214609)[0;0m INFO 09-25 05:24:54 [stats.py:811] 
[0;36m(APIServer pid=214609)[0;0m INFO 09-25 05:24:54 [stats.py:811] [Overall Summary]
[0;36m(APIServer pid=214609)[0;0m INFO 09-25 05:24:54 [stats.py:811] +-----------------------------+------------+
[0;36m(APIServer pid=214609)[0;0m INFO 09-25 05:24:54 [stats.py:811] | Field                       |      Value |
[0;36m(APIServer pid=214609)[0;0m INFO 09-25 05:24:54 [stats.py:811] +-----------------------------+------------+
[0;36m(APIServer pid=214609)[0;0m INFO 09-25 05:24:54 [stats.py:811] | e2e_requests                |          1 |
[0;36m(APIServer pid=214609)[0;0m INFO 09-25 05:24:54 [stats.py:811] | e2e_wall_time_ms            | 15,140.157 |
[0;36m(APIServer pid=214609)[0;0m INFO 09-25 05:24:54 [stats.py:811] | e2e_total_tokens            |        709 |
[0;36m(APIServer pid=214609)[0;0m INFO 09-25 05:24:54 [stats.py:811] | e2e_avg_time_per_request_ms | 15,140.157 |
[0;36m(APIServer pid=214609)[0;0m INFO 09-25 05:24:54 [stats.py:811] | e2e_avg_tokens_per_s        |     46.829 |
[0;36m(APIServer pid=214609)[0;0m INFO 09-25 05:24:54 [stats.py:811] | input_preprocess_time_ms    |      0.054 |
[0;36m(APIServer pid=214609)[0;0m INFO 09-25 05:24:54 [stats.py:811] | e2e_stage_0_wall_time_ms    | 15,107.633 |
[0;36m(APIServer pid=214609)[0;0m INFO 09-25 05:24:54 [stats.py:811] | e2e_stage_1_wall_time_ms    | 15,139.884 |
[0;36m(APIServer pid=214609)[0;0m INFO 09-25 05:24:54 [stats.py:811] +-----------------------------+------------+
[0;36m(APIServer pid=214609)[0;0m INFO 09-25 05:24:54 [stats.py:837] 
[0;36m(APIServer pid=214609)[0;0m INFO 09-25 05:24:54 [stats.py:837] [RequestE2EStats [request_id=speech-aa4f106c151f680c-95344e07]]
[0;36m(APIServer pid=214609)[0;0m INFO 09-25 05:24:54 [stats.py:837] +------------------+------------+
[0;36m(APIServer pid=214609)[0;0m INFO 09-25 05:24:54 [stats.py:837] | Field            |      Value |
[0;36m(APIServer pid=214609)[0;0m INFO 09-25 05:24:54 [stats.py:837] +------------------+------------+
[0;36m(APIServer pid=214609)[0;0m INFO 09-25 05:24:54 [stats.py:837] | e2e_total_ms     | 15,140.036 |
[0;36m(APIServer pid=214609)[0;0m INFO 09-25 05:24:54 [stats.py:837] | e2e_total_tokens |        709 |
[0;36m(APIServer pid=214609)[0;0m INFO 09-25 05:24:54 [stats.py:837] +------------------+------------+
[0;36m(APIServer pid=214609)[0;0m INFO 09-25 05:24:54 [stats.py:878] [OmniTiming] req=speech-aa4f106c151f680c-95344e07 total=15.14s preprocess=0.00s engine=15.14s stages=[0:15.11s,1:15.14s] transfers=[0->1=0.00ms]
[0;36m(APIServer pid=214609)[0;0m INFO 09-25 05:24:54 [stats.py:920] 
[0;36m(APIServer pid=214609)[0;0m INFO 09-25 05:24:54 [stats.py:920] [StageRequestStats [request_id=speech-aa4f106c151f680c-95344e07]]
[0;36m(APIServer pid=214609)[0;0m INFO 09-25 05:24:54 [stats.py:920] +---------------------------------+----------------+----------------+
[0;36m(APIServer pid=214609)[0;0m INFO 09-25 05:24:54 [stats.py:920] | Field                           |              0 |              1 |
[0;36m(APIServer pid=214609)[0;0m INFO 09-25 05:24:54 [stats.py:920] +---------------------------------+----------------+----------------+
[0;36m(APIServer pid=214609)[0;0m INFO 09-25 05:24:54 [stats.py:920] | audio_duration_s                |          0.000 |         32.640 |
[0;36m(APIServer pid=214609)[0;0m INFO 09-25 05:24:54 [stats.py:920] | audio_generated_frames          |              0 |        783,360 |
[0;36m(APIServer pid=214609)[0;0m INFO 09-25 05:24:54 [stats.py:920] | audio_sample_rate               |              0 |         24,000 |
[0;36m(APIServer pid=214609)[0;0m INFO 09-25 05:24:54 [stats.py:920] | batch_id                        |          2,376 |          2,457 |
[0;36m(APIServer pid=214609)[0;0m INFO 09-25 05:24:54 [stats.py:920] | batch_size                      |              1 |              1 |
[0;36m(APIServer pid=214609)[0;0m INFO 09-25 05:24:54 [stats.py:920] | inter_output_latencies_ms       |                |                |
[0;36m(APIServer pid=214609)[0;0m INFO 09-25 05:24:54 [stats.py:920] | num_tokens_in                   |            300 |              0 |
[0;36m(APIServer pid=214609)[0;0m INFO 09-25 05:24:54 [stats.py:920] | num_tokens_out                  |            409 |              0 |
[0;36m(APIServer pid=214609)[0;0m INFO 09-25 05:24:54 [stats.py:920] | output_unit_count               |            409 |        783,360 |
[0;36m(APIServer pid=214609)[0;0m INFO 09-25 05:24:54 [stats.py:920] | output_unit_type                |         stream |          audio |
[0;36m(APIServer pid=214609)[0;0m INFO 09-25 05:24:54 [stats.py:920] | serving_time_to_first_output_ms |     15,107.266 |     15,139.188 |
[0;36m(APIServer pid=214609)[0;0m INFO 09-25 05:24:54 [stats.py:920] | stage_gen_time_ms               |     15,107.261 |     15,138.997 |
[0;36m(APIServer pid=214609)[0;0m INFO 09-25 05:24:54 [stats.py:920] | time_per_output_unit_ms         |          0.000 |          0.000 |
[0;36m(APIServer pid=214609)[0;0m INFO 09-25 05:24:54 [stats.py:920] | vllm_itl_ms                     |         36.745 |        877.335 |
[0;36m(APIServer pid=214609)[0;0m INFO 09-25 05:24:54 [stats.py:920] | vllm_itls_ms                    | 36.745 (n=408) | 877.335 (n=17) |
[0;36m(APIServer pid=214609)[0;0m INFO 09-25 05:24:54 [stats.py:920] | vllm_tpot_ms                    |         36.745 |          0.000 |
[0;36m(APIServer pid=214609)[0;0m INFO 09-25 05:24:54 [stats.py:920] | vllm_ttft_ms                    |        113.783 |        224.601 |
[0;36m(APIServer pid=214609)[0;0m INFO 09-25 05:24:54 [stats.py:920] +---------------------------------+----------------+----------------+
[0;36m(APIServer pid=214609)[0;0m INFO 09-25 05:24:54 [serving_speech.py:3646] [SpeechE2E] request_id=speech-aa4f106c151f680c stream=false status=ok total_ms=15156.63 response_bytes=1566764
[0;36m(APIServer pid=214609)[0;0m INFO:     127.0.0.1:39506 - "POST /v1/audio/speech HTTP/1.1" 200 OK
[0;36m(APIServer pid=214609)[0;0m INFO 09-25 05:24:55 [stats.py:811] 
[0;36m(APIServer pid=214609)[0;0m INFO 09-25 05:24:55 [stats.py:811] [Overall Summary]
[0;36m(APIServer pid=214609)[0;0m INFO 09-25 05:24:55 [stats.py:811] +-----------------------------+------------+
[0;36m(APIServer pid=214609)[0;0m INFO 09-25 05:24:55 [stats.py:811] | Field                       |      Value |
[0;36m(APIServer pid=214609)[0;0m INFO 09-25 05:24:55 [stats.py:811] +-----------------------------+------------+
[0;36m(APIServer pid=214609)[0;0m INFO 09-25 05:24:55 [stats.py:811] | e2e_requests                |          1 |
[0;36m(APIServer pid=214609)[0;0m INFO 09-25 05:24:55 [stats.py:811] | e2e_wall_time_ms            | 14,680.977 |
[0;36m(APIServer pid=214609)[0;0m INFO 09-25 05:24:55 [stats.py:811] | e2e_total_tokens            |        709 |
[0;36m(APIServer pid=214609)[0;0m INFO 09-25 05:24:55 [stats.py:811] | e2e_avg_time_per_request_ms | 14,680.977 |
[0;36m(APIServer pid=214609)[0;0m INFO 09-25 05:24:55 [stats.py:811] | e2e_avg_tokens_per_s        |     48.294 |
[0;36m(APIServer pid=214609)[0;0m INFO 09-25 05:24:55 [stats.py:811] | input_preprocess_time_ms    |      0.053 |
[0;36m(APIServer pid=214609)[0;0m INFO 09-25 05:24:55 [stats.py:811] | e2e_stage_0_wall_time_ms    | 14,647.413 |
[0;36m(APIServer pid=214609)[0;0m INFO 09-25 05:24:55 [stats.py:811] | e2e_stage_1_wall_time_ms    | 14,680.671 |
[0;36m(APIServer pid=214609)[0;0m INFO 09-25 05:24:55 [stats.py:811] +-----------------------------+------------+
[0;36m(APIServer pid=214609)[0;0m INFO 09-25 05:24:55 [stats.py:837] 
[0;36m(APIServer pid=214609)[0;0m INFO 09-25 05:24:55 [stats.py:837] [RequestE2EStats [request_id=speech-814938eb590581db-961be52c]]
[0;36m(APIServer pid=214609)[0;0m INFO 09-25 05:24:55 [stats.py:837] +------------------+------------+
[0;36m(APIServer pid=214609)[0;0m INFO 09-25 05:24:55 [stats.py:837] | Field            |      Value |
[0;36m(APIServer pid=214609)[0;0m INFO 09-25 05:24:55 [stats.py:837] +------------------+------------+
[0;36m(APIServer pid=214609)[0;0m INFO 09-25 05:24:55 [stats.py:837] | e2e_total_ms     | 14,680.855 |
[0;36m(APIServer pid=214609)[0;0m INFO 09-25 05:24:55 [stats.py:837] | e2e_total_tokens |        709 |
[0;36m(APIServer pid=214609)[0;0m INFO 09-25 05:24:55 [stats.py:837] +------------------+------------+
[0;36m(APIServer pid=214609)[0;0m INFO 09-25 05:24:55 [stats.py:878] [OmniTiming] req=speech-814938eb590581db-961be52c total=14.68s preprocess=0.00s engine=14.68s stages=[0:14.65s,1:14.68s] transfers=[0->1=0.00ms]
[0;36m(APIServer pid=214609)[0;0m INFO 09-25 05:24:55 [stats.py:920] 
[0;36m(APIServer pid=214609)[0;0m INFO 09-25 05:24:55 [stats.py:920] [StageRequestStats [request_id=speech-814938eb590581db-961be52c]]
[0;36m(APIServer pid=214609)[0;0m INFO 09-25 05:24:55 [stats.py:920] +---------------------------------+----------------+----------------+
[0;36m(APIServer pid=214609)[0;0m INFO 09-25 05:24:55 [stats.py:920] | Field                           |              0 |              1 |
[0;36m(APIServer pid=214609)[0;0m INFO 09-25 05:24:55 [stats.py:920] +---------------------------------+----------------+----------------+
[0;36m(APIServer pid=214609)[0;0m INFO 09-25 05:24:55 [stats.py:920] | audio_duration_s                |          0.000 |         32.640 |
[0;36m(APIServer pid=214609)[0;0m INFO 09-25 05:24:55 [stats.py:920] | audio_generated_frames          |              0 |        783,360 |
[0;36m(APIServer pid=214609)[0;0m INFO 09-25 05:24:55 [stats.py:920] | audio_sample_rate               |              0 |         24,000 |
[0;36m(APIServer pid=214609)[0;0m INFO 09-25 05:24:55 [stats.py:920] | batch_id                        |          2,377 |          2,458 |
[0;36m(APIServer pid=214609)[0;0m INFO 09-25 05:24:55 [stats.py:920] | batch_size                      |              1 |              1 |
[0;36m(APIServer pid=214609)[0;0m INFO 09-25 05:24:55 [stats.py:920] | inter_output_latencies_ms       |                |                |
[0;36m(APIServer pid=214609)[0;0m INFO 09-25 05:24:55 [stats.py:920] | num_tokens_in                   |            300 |              0 |
[0;36m(APIServer pid=214609)[0;0m INFO 09-25 05:24:55 [stats.py:920] | num_tokens_out                  |            409 |              0 |
[0;36m(APIServer pid=214609)[0;0m INFO 09-25 05:24:55 [stats.py:920] | output_unit_count               |            409 |        783,360 |
[0;36m(APIServer pid=214609)[0;0m INFO 09-25 05:24:55 [stats.py:920] | output_unit_type                |         stream |          audio |
[0;36m(APIServer pid=214609)[0;0m INFO 09-25 05:24:55 [stats.py:920] | serving_time_to_first_output_ms |     14,647.002 |     14,680.055 |
[0;36m(APIServer pid=214609)[0;0m INFO 09-25 05:24:55 [stats.py:920] | stage_gen_time_ms               |     14,646.844 |     14,679.888 |
[0;36m(APIServer pid=214609)[0;0m INFO 09-25 05:24:55 [stats.py:920] | time_per_output_unit_ms         |          0.000 |          0.000 |
[0;36m(APIServer pid=214609)[0;0m INFO 09-25 05:24:55 [stats.py:920] | vllm_itl_ms                     |         35.533 |        845.459 |
[0;36m(APIServer pid=214609)[0;0m INFO 09-25 05:24:55 [stats.py:920] | vllm_itls_ms                    | 35.533 (n=408) | 845.459 (n=17) |
[0;36m(APIServer pid=214609)[0;0m INFO 09-25 05:24:55 [stats.py:920] | vllm_tpot_ms                    |         35.533 |          0.000 |
[0;36m(APIServer pid=214609)[0;0m INFO 09-25 05:24:55 [stats.py:920] | vllm_ttft_ms                    |        150.738 |        309.192 |
[0;36m(APIServer pid=214609)[0;0m INFO 09-25 05:24:55 [stats.py:920] +---------------------------------+----------------+----------------+
[0;36m(APIServer pid=214609)[0;0m INFO 09-25 05:24:55 [serving_speech.py:3646] [SpeechE2E] request_id=speech-814938eb590581db stream=false status=ok total_ms=14689.67 response_bytes=1566764
[0;36m(APIServer pid=214609)[0;0m INFO:     127.0.0.1:39566 - "POST /v1/audio/speech HTTP/1.1" 200 OK
[0;36m(APIServer pid=214609)[0;0m INFO 09-25 05:24:55 [stats.py:811] 
[0;36m(APIServer pid=214609)[0;0m INFO 09-25 05:24:55 [stats.py:811] [Overall Summary]
[0;36m(APIServer pid=214609)[0;0m INFO 09-25 05:24:55 [stats.py:811] +-----------------------------+------------+
[0;36m(APIServer pid=214609)[0;0m INFO 09-25 05:24:55 [stats.py:811] | Field                       |      Value |
[0;36m(APIServer pid=214609)[0;0m INFO 09-25 05:24:55 [stats.py:811] +-----------------------------+------------+
[0;36m(APIServer pid=214609)[0;0m INFO 09-25 05:24:55 [stats.py:811] | e2e_requests                |          1 |
[0;36m(APIServer pid=214609)[0;0m INFO 09-25 05:24:55 [stats.py:811] | e2e_wall_time_ms            | 15,136.748 |
[0;36m(APIServer pid=214609)[0;0m INFO 09-25 05:24:55 [stats.py:811] | e2e_total_tokens            |        726 |
[0;36m(APIServer pid=214609)[0;0m INFO 09-25 05:24:55 [stats.py:811] | e2e_avg_time_per_request_ms | 15,136.748 |
[0;36m(APIServer pid=214609)[0;0m INFO 09-25 05:24:55 [stats.py:811] | e2e_avg_tokens_per_s        |     47.963 |
[0;36m(APIServer pid=214609)[0;0m INFO 09-25 05:24:55 [stats.py:811] | input_preprocess_time_ms    |      0.167 |
[0;36m(APIServer pid=214609)[0;0m INFO 09-25 05:24:55 [stats.py:811] | e2e_stage_0_wall_time_ms    | 15,102.200 |
[0;36m(APIServer pid=214609)[0;0m INFO 09-25 05:24:55 [stats.py:811] | e2e_stage_1_wall_time_ms    | 15,136.124 |
[0;36m(APIServer pid=214609)[0;0m INFO 09-25 05:24:55 [stats.py:811] +-----------------------------+------------+
[0;36m(APIServer pid=214609)[0;0m INFO 09-25 05:24:55 [stats.py:837] 
[0;36m(APIServer pid=214609)[0;0m INFO 09-25 05:24:55 [stats.py:837] [RequestE2EStats [request_id=speech-a25cc7c31757efef-ac856951]]
[0;36m(APIServer pid=214609)[0;0m INFO 09-25 05:24:55 [stats.py:837] +------------------+------------+
[0;36m(APIServer pid=214609)[0;0m INFO 09-25 05:24:55 [stats.py:837] | Field            |      Value |
[0;36m(APIServer pid=214609)[0;0m INFO 09-25 05:24:55 [stats.py:837] +------------------+------------+
[0;36m(APIServer pid=214609)[0;0m INFO 09-25 05:24:55 [stats.py:837] | e2e_total_ms     | 15,136.306 |
[0;36m(APIServer pid=214609)[0;0m INFO 09-25 05:24:55 [stats.py:837] | e2e_total_tokens |        726 |
[0;36m(APIServer pid=214609)[0;0m INFO 09-25 05:24:55 [stats.py:837] +------------------+------------+
[0;36m(APIServer pid=214609)[0;0m INFO 09-25 05:24:55 [stats.py:878] [OmniTiming] req=speech-a25cc7c31757efef-ac856951 total=15.14s preprocess=0.00s engine=15.14s stages=[0:15.10s,1:15.14s] transfers=[0->1=0.00ms]
[0;36m(APIServer pid=214609)[0;0m INFO 09-25 05:24:55 [stats.py:920] 
[0;36m(APIServer pid=214609)[0;0m INFO 09-25 05:24:55 [stats.py:920] [StageRequestStats [request_id=speech-a25cc7c31757efef-ac856951]]
[0;36m(APIServer pid=214609)[0;0m INFO 09-25 05:24:55 [stats.py:920] +---------------------------------+----------------+----------------+
[0;36m(APIServer pid=214609)[0;0m INFO 09-25 05:24:55 [stats.py:920] | Field                           |              0 |              1 |
[0;36m(APIServer pid=214609)[0;0m INFO 09-25 05:24:55 [stats.py:920] +---------------------------------+----------------+----------------+
[0;36m(APIServer pid=214609)[0;0m INFO 09-25 05:24:55 [stats.py:920] | audio_duration_s                |          0.000 |         34.000 |
[0;36m(APIServer pid=214609)[0;0m INFO 09-25 05:24:55 [stats.py:920] | audio_generated_frames          |              0 |        816,000 |
[0;36m(APIServer pid=214609)[0;0m INFO 09-25 05:24:55 [stats.py:920] | audio_sample_rate               |              0 |         24,000 |
[0;36m(APIServer pid=214609)[0;0m INFO 09-25 05:24:55 [stats.py:920] | batch_id                        |          2,378 |          2,459 |
[0;36m(APIServer pid=214609)[0;0m INFO 09-25 05:24:55 [stats.py:920] | batch_size                      |              1 |              1 |
[0;36m(APIServer pid=214609)[0;0m INFO 09-25 05:24:55 [stats.py:920] | inter_output_latencies_ms       |                |                |
[0;36m(APIServer pid=214609)[0;0m INFO 09-25 05:24:55 [stats.py:920] | num_tokens_in                   |            300 |              0 |
[0;36m(APIServer pid=214609)[0;0m INFO 09-25 05:24:55 [stats.py:920] | num_tokens_out                  |            426 |              0 |
[0;36m(APIServer pid=214609)[0;0m INFO 09-25 05:24:55 [stats.py:920] | output_unit_count               |            426 |        816,000 |
[0;36m(APIServer pid=214609)[0;0m INFO 09-25 05:24:55 [stats.py:920] | output_unit_type                |         stream |          audio |
[0;36m(APIServer pid=214609)[0;0m INFO 09-25 05:24:55 [stats.py:920] | serving_time_to_first_output_ms |     15,102.387 |     15,136.047 |
[0;36m(APIServer pid=214609)[0;0m INFO 09-25 05:24:55 [stats.py:920] | stage_gen_time_ms               |     15,101.990 |     15,135.549 |
[0;36m(APIServer pid=214609)[0;0m INFO 09-25 05:24:55 [stats.py:920] | time_per_output_unit_ms         |          0.000 |          0.000 |
[0;36m(APIServer pid=214609)[0;0m INFO 09-25 05:24:55 [stats.py:920] | vllm_itl_ms                     |         35.285 |        872.961 |
[0;36m(APIServer pid=214609)[0;0m INFO 09-25 05:24:55 [stats.py:920] | vllm_itls_ms                    | 35.285 (n=425) | 872.961 (n=17) |
[0;36m(APIServer pid=214609)[0;0m INFO 09-25 05:24:55 [stats.py:920] | vllm_tpot_ms                    |         35.285 |          0.000 |
[0;36m(APIServer pid=214609)[0;0m INFO 09-25 05:24:55 [stats.py:920] | vllm_ttft_ms                    |        105.318 |        294.225 |
[0;36m(APIServer pid=214609)[0;0m INFO 09-25 05:24:55 [stats.py:920] +---------------------------------+----------------+----------------+
[0;36m(APIServer pid=214609)[0;0m INFO 09-25 05:24:55 [serving_speech.py:3646] [SpeechE2E] request_id=speech-a25cc7c31757efef stream=false status=ok total_ms=15150.43 response_bytes=1632044
[0;36m(APIServer pid=214609)[0;0m INFO:     127.0.0.1:39514 - "POST /v1/audio/speech HTTP/1.1" 200 OK
[0;36m(APIServer pid=214609)[0;0m INFO 09-25 05:24:55 [stats.py:811] 
[0;36m(APIServer pid=214609)[0;0m INFO 09-25 05:24:55 [stats.py:811] [Overall Summary]
[0;36m(APIServer pid=214609)[0;0m INFO 09-25 05:24:55 [stats.py:811] +-----------------------------+------------+
[0;36m(APIServer pid=214609)[0;0m INFO 09-25 05:24:55 [stats.py:811] | Field                       |      Value |
[0;36m(APIServer pid=214609)[0;0m INFO 09-25 05:24:55 [stats.py:811] +-----------------------------+------------+
[0;36m(APIServer pid=214609)[0;0m INFO 09-25 05:24:55 [stats.py:811] | e2e_requests                |          1 |
[0;36m(APIServer pid=214609)[0;0m INFO 09-25 05:24:55 [stats.py:811] | e2e_wall_time_ms            | 14,553.176 |
[0;36m(APIServer pid=214609)[0;0m INFO 09-25 05:24:55 [stats.py:811] | e2e_total_tokens            |        723 |
[0;36m(APIServer pid=214609)[0;0m INFO 09-25 05:24:55 [stats.py:811] | e2e_avg_time_per_request_ms | 14,553.176 |
[0;36m(APIServer pid=214609)[0;0m INFO 09-25 05:24:55 [stats.py:811] | e2e_avg_tokens_per_s        |     49.680 |
[0;36m(APIServer pid=214609)[0;0m INFO 09-25 05:24:55 [stats.py:811] | input_preprocess_time_ms    |      0.052 |
[0;36m(APIServer pid=214609)[0;0m INFO 09-25 05:24:55 [stats.py:811] | e2e_stage_0_wall_time_ms    | 14,523.246 |
[0;36m(APIServer pid=214609)[0;0m INFO 09-25 05:24:55 [stats.py:811] | e2e_stage_1_wall_time_ms    | 14,552.896 |
[0;36m(APIServer pid=214609)[0;0m INFO 09-25 05:24:55 [stats.py:811] +-----------------------------+------------+
[0;36m(APIServer pid=214609)[0;0m INFO 09-25 05:24:55 [stats.py:837] 
[0;36m(APIServer pid=214609)[0;0m INFO 09-25 05:24:55 [stats.py:837] [RequestE2EStats [request_id=speech-8fbc22ab5362bdaf-9387f783]]
[0;36m(APIServer pid=214609)[0;0m INFO 09-25 05:24:55 [stats.py:837] +------------------+------------+
[0;36m(APIServer pid=214609)[0;0m INFO 09-25 05:24:55 [stats.py:837] | Field            |      Value |
[0;36m(APIServer pid=214609)[0;0m INFO 09-25 05:24:55 [stats.py:837] +------------------+------------+
[0;36m(APIServer pid=214609)[0;0m INFO 09-25 05:24:55 [stats.py:837] | e2e_total_ms     | 14,553.054 |
[0;36m(APIServer pid=214609)[0;0m INFO 09-25 05:24:55 [stats.py:837] | e2e_total_tokens |        723 |
[0;36m(APIServer pid=214609)[0;0m INFO 09-25 05:24:55 [stats.py:837] +------------------+------------+
[0;36m(APIServer pid=214609)[0;0m INFO 09-25 05:24:55 [stats.py:878] [OmniTiming] req=speech-8fbc22ab5362bdaf-9387f783 total=14.55s preprocess=0.00s engine=14.55s stages=[0:14.52s,1:14.55s] transfers=[0->1=0.00ms]
[0;36m(APIServer pid=214609)[0;0m INFO 09-25 05:24:55 [stats.py:920] 
[0;36m(APIServer pid=214609)[0;0m INFO 09-25 05:24:55 [stats.py:920] [StageRequestStats [request_id=speech-8fbc22ab5362bdaf-9387f783]]
[0;36m(APIServer pid=214609)[0;0m INFO 09-25 05:24:55 [stats.py:920] +---------------------------------+----------------+----------------+
[0;36m(APIServer pid=214609)[0;0m INFO 09-25 05:24:55 [stats.py:920] | Field                           |              0 |              1 |
[0;36m(APIServer pid=214609)[0;0m INFO 09-25 05:24:55 [stats.py:920] +---------------------------------+----------------+----------------+
[0;36m(APIServer pid=214609)[0;0m INFO 09-25 05:24:55 [stats.py:920] | audio_duration_s                |          0.000 |         33.760 |
[0;36m(APIServer pid=214609)[0;0m INFO 09-25 05:24:55 [stats.py:920] | audio_generated_frames          |              0 |        810,240 |
[0;36m(APIServer pid=214609)[0;0m INFO 09-25 05:24:55 [stats.py:920] | audio_sample_rate               |              0 |         24,000 |
[0;36m(APIServer pid=214609)[0;0m INFO 09-25 05:24:55 [stats.py:920] | batch_id                        |          2,379 |          2,460 |
[0;36m(APIServer pid=214609)[0;0m INFO 09-25 05:24:55 [stats.py:920] | batch_size                      |              1 |              1 |
[0;36m(APIServer pid=214609)[0;0m INFO 09-25 05:24:55 [stats.py:920] | inter_output_latencies_ms       |                |                |
[0;36m(APIServer pid=214609)[0;0m INFO 09-25 05:24:55 [stats.py:920] | num_tokens_in                   |            300 |              0 |
[0;36m(APIServer pid=214609)[0;0m INFO 09-25 05:24:55 [stats.py:920] | num_tokens_out                  |            423 |              0 |
[0;36m(APIServer pid=214609)[0;0m INFO 09-25 05:24:55 [stats.py:920] | output_unit_count               |            423 |        810,240 |
[0;36m(APIServer pid=214609)[0;0m INFO 09-25 05:24:55 [stats.py:920] | output_unit_type                |         stream |          audio |
[0;36m(APIServer pid=214609)[0;0m INFO 09-25 05:24:55 [stats.py:920] | serving_time_to_first_output_ms |     14,522.992 |     14,552.874 |
[0;36m(APIServer pid=214609)[0;0m INFO 09-25 05:24:55 [stats.py:920] | stage_gen_time_ms               |     14,522.859 |     14,552.683 |
[0;36m(APIServer pid=214609)[0;0m INFO 09-25 05:24:55 [stats.py:920] | time_per_output_unit_ms         |          0.000 |          0.000 |
[0;36m(APIServer pid=214609)[0;0m INFO 09-25 05:24:55 [stats.py:920] | vllm_itl_ms                     |         34.159 |        840.350 |
[0;36m(APIServer pid=214609)[0;0m INFO 09-25 05:24:55 [stats.py:920] | vllm_itls_ms                    | 34.159 (n=422) | 840.350 (n=17) |
[0;36m(APIServer pid=214609)[0;0m INFO 09-25 05:24:55 [stats.py:920] | vllm_tpot_ms                    |         34.159 |          0.000 |
[0;36m(APIServer pid=214609)[0;0m INFO 09-25 05:24:55 [stats.py:920] | vllm_ttft_ms                    |        110.241 |        266.565 |
[0;36m(APIServer pid=214609)[0;0m INFO 09-25 05:24:55 [stats.py:920] +---------------------------------+----------------+----------------+
[0;36m(APIServer pid=214609)[0;0m INFO 09-25 05:24:55 [serving_speech.py:3646] [SpeechE2E] request_id=speech-8fbc22ab5362bdaf stream=false status=ok total_ms=14563.87 response_bytes=1620524
[0;36m(APIServer pid=214609)[0;0m INFO:     127.0.0.1:39542 - "POST /v1/audio/speech HTTP/1.1" 200 OK
