[0;36m(APIServer pid=214609)[0;0m INFO:     127.0.0.1:40112 - "GET /v1/audio/voices HTTP/1.1" 200 OK
[0;36m(APIServer pid=214609)[0;0m INFO 09-25 05:30:53 [serving_speech.py:3070] TTS speech request speech-871d46bcea6ef7c7: model=Base
[0;36m(APIServer pid=214609)[0;0m INFO 09-25 05:30:53 [serving_speech.py:3100] Applied extra_params: {'temperature': 0.9, 'top_k': 50}
[0;36m(APIServer pid=214609)[0;0m INFO 09-25 05:30:54 [stats.py:811] 
[0;36m(APIServer pid=214609)[0;0m INFO 09-25 05:30:54 [stats.py:811] [Overall Summary]
[0;36m(APIServer pid=214609)[0;0m INFO 09-25 05:30:54 [stats.py:811] +-----------------------------+-----------+
[0;36m(APIServer pid=214609)[0;0m INFO 09-25 05:30:54 [stats.py:811] | Field                       |     Value |
[0;36m(APIServer pid=214609)[0;0m INFO 09-25 05:30:54 [stats.py:811] +-----------------------------+-----------+
[0;36m(APIServer pid=214609)[0;0m INFO 09-25 05:30:54 [stats.py:811] | e2e_requests                |         1 |
[0;36m(APIServer pid=214609)[0;0m INFO 09-25 05:30:54 [stats.py:811] | e2e_wall_time_ms            |   282.899 |
[0;36m(APIServer pid=214609)[0;0m INFO 09-25 05:30:54 [stats.py:811] | e2e_total_tokens            |       317 |
[0;36m(APIServer pid=214609)[0;0m INFO 09-25 05:30:54 [stats.py:811] | e2e_avg_time_per_request_ms |   282.899 |
[0;36m(APIServer pid=214609)[0;0m INFO 09-25 05:30:54 [stats.py:811] | e2e_avg_tokens_per_s        | 1,120.541 |
[0;36m(APIServer pid=214609)[0;0m INFO 09-25 05:30:54 [stats.py:811] | input_preprocess_time_ms    |     0.064 |
[0;36m(APIServer pid=214609)[0;0m INFO 09-25 05:30:54 [stats.py:811] | e2e_stage_0_wall_time_ms    |   258.129 |
[0;36m(APIServer pid=214609)[0;0m INFO 09-25 05:30:54 [stats.py:811] | e2e_stage_1_wall_time_ms    |   282.559 |
[0;36m(APIServer pid=214609)[0;0m INFO 09-25 05:30:54 [stats.py:811] +-----------------------------+-----------+
[0;36m(APIServer pid=214609)[0;0m INFO 09-25 05:30:54 [stats.py:837] 
[0;36m(APIServer pid=214609)[0;0m INFO 09-25 05:30:54 [stats.py:837] [RequestE2EStats [request_id=speech-871d46bcea6ef7c7-9e7d119b]]
[0;36m(APIServer pid=214609)[0;0m INFO 09-25 05:30:54 [stats.py:837] +------------------+---------+
[0;36m(APIServer pid=214609)[0;0m INFO 09-25 05:30:54 [stats.py:837] | Field            |   Value |
[0;36m(APIServer pid=214609)[0;0m INFO 09-25 05:30:54 [stats.py:837] +------------------+---------+
[0;36m(APIServer pid=214609)[0;0m INFO 09-25 05:30:54 [stats.py:837] | e2e_total_ms     | 282.740 |
[0;36m(APIServer pid=214609)[0;0m INFO 09-25 05:30:54 [stats.py:837] | e2e_total_tokens |     317 |
[0;36m(APIServer pid=214609)[0;0m INFO 09-25 05:30:54 [stats.py:837] +------------------+---------+
[0;36m(APIServer pid=214609)[0;0m INFO 09-25 05:30:54 [stats.py:878] [OmniTiming] req=speech-871d46bcea6ef7c7-9e7d119b total=0.28s preprocess=0.00s engine=0.28s stages=[0:0.26s,1:0.28s] transfers=[0->1=0.00ms]
[0;36m(APIServer pid=214609)[0;0m INFO 09-25 05:30:54 [stats.py:920] 
[0;36m(APIServer pid=214609)[0;0m INFO 09-25 05:30:54 [stats.py:920] [StageRequestStats [request_id=speech-871d46bcea6ef7c7-9e7d119b]]
[0;36m(APIServer pid=214609)[0;0m INFO 09-25 05:30:54 [stats.py:920] +---------------------------------+---------------+---------------+
[0;36m(APIServer pid=214609)[0;0m INFO 09-25 05:30:54 [stats.py:920] | Field                           |             0 |             1 |
[0;36m(APIServer pid=214609)[0;0m INFO 09-25 05:30:54 [stats.py:920] +---------------------------------+---------------+---------------+
[0;36m(APIServer pid=214609)[0;0m INFO 09-25 05:30:54 [stats.py:920] | audio_duration_s                |         0.000 |         1.200 |
[0;36m(APIServer pid=214609)[0;0m INFO 09-25 05:30:54 [stats.py:920] | audio_generated_frames          |             0 |        28,800 |
[0;36m(APIServer pid=214609)[0;0m INFO 09-25 05:30:54 [stats.py:920] | audio_sample_rate               |             0 |        24,000 |
[0;36m(APIServer pid=214609)[0;0m INFO 09-25 05:30:54 [stats.py:920] | batch_id                        |         2,569 |         2,650 |
[0;36m(APIServer pid=214609)[0;0m INFO 09-25 05:30:54 [stats.py:920] | batch_size                      |             1 |             1 |
[0;36m(APIServer pid=214609)[0;0m INFO 09-25 05:30:54 [stats.py:920] | inter_output_latencies_ms       |               |               |
[0;36m(APIServer pid=214609)[0;0m INFO 09-25 05:30:54 [stats.py:920] | num_tokens_in                   |           301 |             0 |
[0;36m(APIServer pid=214609)[0;0m INFO 09-25 05:30:54 [stats.py:920] | num_tokens_out                  |            16 |             0 |
[0;36m(APIServer pid=214609)[0;0m INFO 09-25 05:30:54 [stats.py:920] | output_unit_count               |            16 |        28,800 |
[0;36m(APIServer pid=214609)[0;0m INFO 09-25 05:30:54 [stats.py:920] | output_unit_type                |        stream |         audio |
[0;36m(APIServer pid=214609)[0;0m INFO 09-25 05:30:54 [stats.py:920] | serving_time_to_first_output_ms |       257.517 |       282.655 |
[0;36m(APIServer pid=214609)[0;0m INFO 09-25 05:30:54 [stats.py:920] | stage_gen_time_ms               |       257.321 |       282.388 |
[0;36m(APIServer pid=214609)[0;0m INFO 09-25 05:30:54 [stats.py:920] | time_per_output_unit_ms         |         0.003 |         0.000 |
[0;36m(APIServer pid=214609)[0;0m INFO 09-25 05:30:54 [stats.py:920] | vllm_itl_ms                     |        15.225 |       178.897 |
[0;36m(APIServer pid=214609)[0;0m INFO 09-25 05:30:54 [stats.py:920] | vllm_itls_ms                    | 15.225 (n=15) | 178.897 (n=1) |
[0;36m(APIServer pid=214609)[0;0m INFO 09-25 05:30:54 [stats.py:920] | vllm_tpot_ms                    |        15.225 |         0.000 |
[0;36m(APIServer pid=214609)[0;0m INFO 09-25 05:30:54 [stats.py:920] | vllm_ttft_ms                    |        29.206 |       105.304 |
[0;36m(APIServer pid=214609)[0;0m INFO 09-25 05:30:54 [stats.py:920] +---------------------------------+---------------+---------------+
[0;36m(APIServer pid=214609)[0;0m INFO 09-25 05:30:54 [serving_speech.py:3646] [SpeechE2E] request_id=speech-871d46bcea6ef7c7 stream=false status=ok total_ms=287.96 response_bytes=57644
[0;36m(APIServer pid=214609)[0;0m INFO:     127.0.0.1:40140 - "POST /v1/audio/speech HTTP/1.1" 200 OK
[0;36m(APIServer pid=214609)[0;0m INFO 09-25 05:30:54 [serving_speech.py:3070] TTS speech request speech-87dd5aba28a29ac8: model=Base
[0;36m(APIServer pid=214609)[0;0m INFO 09-25 05:30:54 [serving_speech.py:3100] Applied extra_params: {'temperature': 0.9, 'top_k': 50}
[0;36m(APIServer pid=214609)[0;0m INFO 09-25 05:30:54 [stats.py:811] 
[0;36m(APIServer pid=214609)[0;0m INFO 09-25 05:30:54 [stats.py:811] [Overall Summary]
[0;36m(APIServer pid=214609)[0;0m INFO 09-25 05:30:54 [stats.py:811] +-----------------------------+---------+
[0;36m(APIServer pid=214609)[0;0m INFO 09-25 05:30:54 [stats.py:811] | Field                       |   Value |
[0;36m(APIServer pid=214609)[0;0m INFO 09-25 05:30:54 [stats.py:811] +-----------------------------+---------+
[0;36m(APIServer pid=214609)[0;0m INFO 09-25 05:30:54 [stats.py:811] | e2e_requests                |       1 |
[0;36m(APIServer pid=214609)[0;0m INFO 09-25 05:30:54 [stats.py:811] | e2e_wall_time_ms            | 656.346 |
[0;36m(APIServer pid=214609)[0;0m INFO 09-25 05:30:54 [stats.py:811] | e2e_total_tokens            |     344 |
[0;36m(APIServer pid=214609)[0;0m INFO 09-25 05:30:54 [stats.py:811] | e2e_avg_time_per_request_ms | 656.346 |
[0;36m(APIServer pid=214609)[0;0m INFO 09-25 05:30:54 [stats.py:811] | e2e_avg_tokens_per_s        | 524.114 |
[0;36m(APIServer pid=214609)[0;0m INFO 09-25 05:30:54 [stats.py:811] | input_preprocess_time_ms    |   0.052 |
[0;36m(APIServer pid=214609)[0;0m INFO 09-25 05:30:54 [stats.py:811] | e2e_stage_0_wall_time_ms    | 626.948 |
[0;36m(APIServer pid=214609)[0;0m INFO 09-25 05:30:54 [stats.py:811] | e2e_stage_1_wall_time_ms    | 656.055 |
[0;36m(APIServer pid=214609)[0;0m INFO 09-25 05:30:54 [stats.py:811] +-----------------------------+---------+
[0;36m(APIServer pid=214609)[0;0m INFO 09-25 05:30:54 [stats.py:837] 
[0;36m(APIServer pid=214609)[0;0m INFO 09-25 05:30:54 [stats.py:837] [RequestE2EStats [request_id=speech-87dd5aba28a29ac8-bb227af9]]
[0;36m(APIServer pid=214609)[0;0m INFO 09-25 05:30:54 [stats.py:837] +------------------+---------+
[0;36m(APIServer pid=214609)[0;0m INFO 09-25 05:30:54 [stats.py:837] | Field            |   Value |
[0;36m(APIServer pid=214609)[0;0m INFO 09-25 05:30:54 [stats.py:837] +------------------+---------+
[0;36m(APIServer pid=214609)[0;0m INFO 09-25 05:30:54 [stats.py:837] | e2e_total_ms     | 656.224 |
[0;36m(APIServer pid=214609)[0;0m INFO 09-25 05:30:54 [stats.py:837] | e2e_total_tokens |     344 |
[0;36m(APIServer pid=214609)[0;0m INFO 09-25 05:30:54 [stats.py:837] +------------------+---------+
[0;36m(APIServer pid=214609)[0;0m INFO 09-25 05:30:54 [stats.py:878] [OmniTiming] req=speech-87dd5aba28a29ac8-bb227af9 total=0.66s preprocess=0.00s engine=0.66s stages=[0:0.63s,1:0.66s] transfers=[0->1=0.00ms]
[0;36m(APIServer pid=214609)[0;0m INFO 09-25 05:30:54 [stats.py:920] 
[0;36m(APIServer pid=214609)[0;0m INFO 09-25 05:30:54 [stats.py:920] [StageRequestStats [request_id=speech-87dd5aba28a29ac8-bb227af9]]
[0;36m(APIServer pid=214609)[0;0m INFO 09-25 05:30:54 [stats.py:920] +---------------------------------+---------------+---------------+
[0;36m(APIServer pid=214609)[0;0m INFO 09-25 05:30:54 [stats.py:920] | Field                           |             0 |             1 |
[0;36m(APIServer pid=214609)[0;0m INFO 09-25 05:30:54 [stats.py:920] +---------------------------------+---------------+---------------+
[0;36m(APIServer pid=214609)[0;0m INFO 09-25 05:30:54 [stats.py:920] | audio_duration_s                |         0.000 |         3.360 |
[0;36m(APIServer pid=214609)[0;0m INFO 09-25 05:30:54 [stats.py:920] | audio_generated_frames          |             0 |        80,640 |
[0;36m(APIServer pid=214609)[0;0m INFO 09-25 05:30:54 [stats.py:920] | audio_sample_rate               |             0 |        24,000 |
[0;36m(APIServer pid=214609)[0;0m INFO 09-25 05:30:54 [stats.py:920] | batch_id                        |         2,570 |         2,651 |
[0;36m(APIServer pid=214609)[0;0m INFO 09-25 05:30:54 [stats.py:920] | batch_size                      |             1 |             1 |
[0;36m(APIServer pid=214609)[0;0m INFO 09-25 05:30:54 [stats.py:920] | inter_output_latencies_ms       |               |               |
[0;36m(APIServer pid=214609)[0;0m INFO 09-25 05:30:54 [stats.py:920] | num_tokens_in                   |           301 |             0 |
[0;36m(APIServer pid=214609)[0;0m INFO 09-25 05:30:54 [stats.py:920] | num_tokens_out                  |            43 |             0 |
[0;36m(APIServer pid=214609)[0;0m INFO 09-25 05:30:54 [stats.py:920] | output_unit_count               |            43 |        80,640 |
[0;36m(APIServer pid=214609)[0;0m INFO 09-25 05:30:54 [stats.py:920] | output_unit_type                |        stream |         audio |
[0;36m(APIServer pid=214609)[0;0m INFO 09-25 05:30:54 [stats.py:920] | serving_time_to_first_output_ms |       626.893 |       655.497 |
[0;36m(APIServer pid=214609)[0;0m INFO 09-25 05:30:54 [stats.py:920] | stage_gen_time_ms               |       626.748 |       655.292 |
[0;36m(APIServer pid=214609)[0;0m INFO 09-25 05:30:54 [stats.py:920] | time_per_output_unit_ms         |         0.002 |         0.000 |
[0;36m(APIServer pid=214609)[0;0m INFO 09-25 05:30:54 [stats.py:920] | vllm_itl_ms                     |        14.268 |       274.759 |
[0;36m(APIServer pid=214609)[0;0m INFO 09-25 05:30:54 [stats.py:920] | vllm_itls_ms                    | 14.268 (n=42) | 274.759 (n=2) |
[0;36m(APIServer pid=214609)[0;0m INFO 09-25 05:30:54 [stats.py:920] | vllm_tpot_ms                    |        14.268 |         0.000 |
[0;36m(APIServer pid=214609)[0;0m INFO 09-25 05:30:54 [stats.py:920] | vllm_ttft_ms                    |        26.623 |       103.064 |
[0;36m(APIServer pid=214609)[0;0m INFO 09-25 05:30:54 [stats.py:920] +---------------------------------+---------------+---------------+
[0;36m(APIServer pid=214609)[0;0m INFO 09-25 05:30:54 [serving_speech.py:3646] [SpeechE2E] request_id=speech-87dd5aba28a29ac8 stream=false status=ok total_ms=661.69 response_bytes=161324
[0;36m(APIServer pid=214609)[0;0m INFO:     127.0.0.1:40140 - "POST /v1/audio/speech HTTP/1.1" 200 OK
[0;36m(APIServer pid=214609)[0;0m INFO 09-25 05:30:54 [serving_speech.py:3070] TTS speech request speech-b5f9a122c17cdd6c: model=Base
[0;36m(APIServer pid=214609)[0;0m INFO 09-25 05:30:54 [serving_speech.py:3100] Applied extra_params: {'temperature': 0.9, 'top_k': 50}
[0;36m(APIServer pid=214609)[0;0m INFO 09-25 05:30:55 [stats.py:811] 
[0;36m(APIServer pid=214609)[0;0m INFO 09-25 05:30:55 [stats.py:811] [Overall Summary]
[0;36m(APIServer pid=214609)[0;0m INFO 09-25 05:30:55 [stats.py:811] +-----------------------------+---------+
[0;36m(APIServer pid=214609)[0;0m INFO 09-25 05:30:55 [stats.py:811] | Field                       |   Value |
[0;36m(APIServer pid=214609)[0;0m INFO 09-25 05:30:55 [stats.py:811] +-----------------------------+---------+
[0;36m(APIServer pid=214609)[0;0m INFO 09-25 05:30:55 [stats.py:811] | e2e_requests                |       1 |
[0;36m(APIServer pid=214609)[0;0m INFO 09-25 05:30:55 [stats.py:811] | e2e_wall_time_ms            | 696.753 |
[0;36m(APIServer pid=214609)[0;0m INFO 09-25 05:30:55 [stats.py:811] | e2e_total_tokens            |     406 |
[0;36m(APIServer pid=214609)[0;0m INFO 09-25 05:30:55 [stats.py:811] | e2e_avg_time_per_request_ms | 696.753 |
[0;36m(APIServer pid=214609)[0;0m INFO 09-25 05:30:55 [stats.py:811] | e2e_avg_tokens_per_s        | 582.703 |
[0;36m(APIServer pid=214609)[0;0m INFO 09-25 05:30:55 [stats.py:811] | input_preprocess_time_ms    |   0.056 |
[0;36m(APIServer pid=214609)[0;0m INFO 09-25 05:30:55 [stats.py:811] | e2e_stage_0_wall_time_ms    | 669.148 |
[0;36m(APIServer pid=214609)[0;0m INFO 09-25 05:30:55 [stats.py:811] | e2e_stage_1_wall_time_ms    | 696.462 |
[0;36m(APIServer pid=214609)[0;0m INFO 09-25 05:30:55 [stats.py:811] +-----------------------------+---------+
[0;36m(APIServer pid=214609)[0;0m INFO 09-25 05:30:55 [stats.py:837] 
[0;36m(APIServer pid=214609)[0;0m INFO 09-25 05:30:55 [stats.py:837] [RequestE2EStats [request_id=speech-b5f9a122c17cdd6c-ba730bd3]]
[0;36m(APIServer pid=214609)[0;0m INFO 09-25 05:30:55 [stats.py:837] +------------------+---------+
[0;36m(APIServer pid=214609)[0;0m INFO 09-25 05:30:55 [stats.py:837] | Field            |   Value |
[0;36m(APIServer pid=214609)[0;0m INFO 09-25 05:30:55 [stats.py:837] +------------------+---------+
[0;36m(APIServer pid=214609)[0;0m INFO 09-25 05:30:55 [stats.py:837] | e2e_total_ms     | 696.595 |
[0;36m(APIServer pid=214609)[0;0m INFO 09-25 05:30:55 [stats.py:837] | e2e_total_tokens |     406 |
[0;36m(APIServer pid=214609)[0;0m INFO 09-25 05:30:55 [stats.py:837] +------------------+---------+
[0;36m(APIServer pid=214609)[0;0m INFO 09-25 05:30:55 [stats.py:878] [OmniTiming] req=speech-b5f9a122c17cdd6c-ba730bd3 total=0.70s preprocess=0.00s engine=0.70s stages=[0:0.67s,1:0.70s] transfers=[0->1=0.00ms]
[0;36m(APIServer pid=214609)[0;0m INFO 09-25 05:30:55 [stats.py:920] 
[0;36m(APIServer pid=214609)[0;0m INFO 09-25 05:30:55 [stats.py:920] [StageRequestStats [request_id=speech-b5f9a122c17cdd6c-ba730bd3]]
[0;36m(APIServer pid=214609)[0;0m INFO 09-25 05:30:55 [stats.py:920] +---------------------------------+---------------+---------------+
[0;36m(APIServer pid=214609)[0;0m INFO 09-25 05:30:55 [stats.py:920] | Field                           |             0 |             1 |
[0;36m(APIServer pid=214609)[0;0m INFO 09-25 05:30:55 [stats.py:920] +---------------------------------+---------------+---------------+
[0;36m(APIServer pid=214609)[0;0m INFO 09-25 05:30:55 [stats.py:920] | audio_duration_s                |         0.000 |         3.600 |
[0;36m(APIServer pid=214609)[0;0m INFO 09-25 05:30:55 [stats.py:920] | audio_generated_frames          |             0 |        86,400 |
[0;36m(APIServer pid=214609)[0;0m INFO 09-25 05:30:55 [stats.py:920] | audio_sample_rate               |             0 |        24,000 |
[0;36m(APIServer pid=214609)[0;0m INFO 09-25 05:30:55 [stats.py:920] | batch_id                        |         2,571 |         2,652 |
[0;36m(APIServer pid=214609)[0;0m INFO 09-25 05:30:55 [stats.py:920] | batch_size                      |             1 |             1 |
[0;36m(APIServer pid=214609)[0;0m INFO 09-25 05:30:55 [stats.py:920] | inter_output_latencies_ms       |               |               |
[0;36m(APIServer pid=214609)[0;0m INFO 09-25 05:30:55 [stats.py:920] | num_tokens_in                   |           360 |             0 |
[0;36m(APIServer pid=214609)[0;0m INFO 09-25 05:30:55 [stats.py:920] | num_tokens_out                  |            46 |             0 |
[0;36m(APIServer pid=214609)[0;0m INFO 09-25 05:30:55 [stats.py:920] | output_unit_count               |            46 |        86,400 |
[0;36m(APIServer pid=214609)[0;0m INFO 09-25 05:30:55 [stats.py:920] | output_unit_type                |        stream |         audio |
[0;36m(APIServer pid=214609)[0;0m INFO 09-25 05:30:55 [stats.py:920] | serving_time_to_first_output_ms |       668.988 |       696.104 |
[0;36m(APIServer pid=214609)[0;0m INFO 09-25 05:30:55 [stats.py:920] | stage_gen_time_ms               |       668.921 |       695.895 |
[0;36m(APIServer pid=214609)[0;0m INFO 09-25 05:30:55 [stats.py:920] | time_per_output_unit_ms         |         0.003 |         0.000 |
[0;36m(APIServer pid=214609)[0;0m INFO 09-25 05:30:55 [stats.py:920] | vllm_itl_ms                     |        14.222 |       295.124 |
[0;36m(APIServer pid=214609)[0;0m INFO 09-25 05:30:55 [stats.py:920] | vllm_itls_ms                    | 14.222 (n=45) | 295.124 (n=2) |
[0;36m(APIServer pid=214609)[0;0m INFO 09-25 05:30:55 [stats.py:920] | vllm_tpot_ms                    |        14.222 |         0.000 |
[0;36m(APIServer pid=214609)[0;0m INFO 09-25 05:30:55 [stats.py:920] | vllm_ttft_ms                    |        26.630 |       102.940 |
[0;36m(APIServer pid=214609)[0;0m INFO 09-25 05:30:55 [stats.py:920] +---------------------------------+---------------+---------------+
[0;36m(APIServer pid=214609)[0;0m INFO 09-25 05:30:55 [serving_speech.py:3646] [SpeechE2E] request_id=speech-b5f9a122c17cdd6c stream=false status=ok total_ms=704.73 response_bytes=172844
[0;36m(APIServer pid=214609)[0;0m INFO:     127.0.0.1:40140 - "POST /v1/audio/speech HTTP/1.1" 200 OK
[0;36m(APIServer pid=214609)[0;0m INFO 09-25 05:30:55 [serving_speech.py:3070] TTS speech request speech-98f08984a44f5165: model=Base
[0;36m(APIServer pid=214609)[0;0m INFO 09-25 05:30:55 [serving_speech.py:3100] Applied extra_params: {'temperature': 0.9, 'top_k': 50}
[0;36m(APIServer pid=214609)[0;0m INFO 09-25 05:30:56 [stats.py:811] 
[0;36m(APIServer pid=214609)[0;0m INFO 09-25 05:30:56 [stats.py:811] [Overall Summary]
[0;36m(APIServer pid=214609)[0;0m INFO 09-25 05:30:56 [stats.py:811] +-----------------------------+---------+
[0;36m(APIServer pid=214609)[0;0m INFO 09-25 05:30:56 [stats.py:811] | Field                       |   Value |
[0;36m(APIServer pid=214609)[0;0m INFO 09-25 05:30:56 [stats.py:811] +-----------------------------+---------+
[0;36m(APIServer pid=214609)[0;0m INFO 09-25 05:30:56 [stats.py:811] | e2e_requests                |       1 |
[0;36m(APIServer pid=214609)[0;0m INFO 09-25 05:30:56 [stats.py:811] | e2e_wall_time_ms            | 823.241 |
[0;36m(APIServer pid=214609)[0;0m INFO 09-25 05:30:56 [stats.py:811] | e2e_total_tokens            |     414 |
[0;36m(APIServer pid=214609)[0;0m INFO 09-25 05:30:56 [stats.py:811] | e2e_avg_time_per_request_ms | 823.241 |
[0;36m(APIServer pid=214609)[0;0m INFO 09-25 05:30:56 [stats.py:811] | e2e_avg_tokens_per_s        | 502.890 |
[0;36m(APIServer pid=214609)[0;0m INFO 09-25 05:30:56 [stats.py:811] | input_preprocess_time_ms    |   0.052 |
[0;36m(APIServer pid=214609)[0;0m INFO 09-25 05:30:56 [stats.py:811] | e2e_stage_0_wall_time_ms    | 793.933 |
[0;36m(APIServer pid=214609)[0;0m INFO 09-25 05:30:56 [stats.py:811] | e2e_stage_1_wall_time_ms    | 822.906 |
[0;36m(APIServer pid=214609)[0;0m INFO 09-25 05:30:56 [stats.py:811] +-----------------------------+---------+
[0;36m(APIServer pid=214609)[0;0m INFO 09-25 05:30:56 [stats.py:837] 
[0;36m(APIServer pid=214609)[0;0m INFO 09-25 05:30:56 [stats.py:837] [RequestE2EStats [request_id=speech-98f08984a44f5165-8c7bd3f1]]
[0;36m(APIServer pid=214609)[0;0m INFO 09-25 05:30:56 [stats.py:837] +------------------+---------+
[0;36m(APIServer pid=214609)[0;0m INFO 09-25 05:30:56 [stats.py:837] | Field            |   Value |
[0;36m(APIServer pid=214609)[0;0m INFO 09-25 05:30:56 [stats.py:837] +------------------+---------+
[0;36m(APIServer pid=214609)[0;0m INFO 09-25 05:30:56 [stats.py:837] | e2e_total_ms     | 823.116 |
[0;36m(APIServer pid=214609)[0;0m INFO 09-25 05:30:56 [stats.py:837] | e2e_total_tokens |     414 |
[0;36m(APIServer pid=214609)[0;0m INFO 09-25 05:30:56 [stats.py:837] +------------------+---------+
[0;36m(APIServer pid=214609)[0;0m INFO 09-25 05:30:56 [stats.py:878] [OmniTiming] req=speech-98f08984a44f5165-8c7bd3f1 total=0.82s preprocess=0.00s engine=0.82s stages=[0:0.79s,1:0.82s] transfers=[0->1=0.00ms]
[0;36m(APIServer pid=214609)[0;0m INFO 09-25 05:30:56 [stats.py:920] 
[0;36m(APIServer pid=214609)[0;0m INFO 09-25 05:30:56 [stats.py:920] [StageRequestStats [request_id=speech-98f08984a44f5165-8c7bd3f1]]
[0;36m(APIServer pid=214609)[0;0m INFO 09-25 05:30:56 [stats.py:920] +---------------------------------+---------------+---------------+
[0;36m(APIServer pid=214609)[0;0m INFO 09-25 05:30:56 [stats.py:920] | Field                           |             0 |             1 |
[0;36m(APIServer pid=214609)[0;0m INFO 09-25 05:30:56 [stats.py:920] +---------------------------------+---------------+---------------+
[0;36m(APIServer pid=214609)[0;0m INFO 09-25 05:30:56 [stats.py:920] | audio_duration_s                |         0.000 |         4.240 |
[0;36m(APIServer pid=214609)[0;0m INFO 09-25 05:30:56 [stats.py:920] | audio_generated_frames          |             0 |       101,760 |
[0;36m(APIServer pid=214609)[0;0m INFO 09-25 05:30:56 [stats.py:920] | audio_sample_rate               |             0 |        24,000 |
[0;36m(APIServer pid=214609)[0;0m INFO 09-25 05:30:56 [stats.py:920] | batch_id                        |         2,572 |         2,653 |
[0;36m(APIServer pid=214609)[0;0m INFO 09-25 05:30:56 [stats.py:920] | batch_size                      |             1 |             1 |
[0;36m(APIServer pid=214609)[0;0m INFO 09-25 05:30:56 [stats.py:920] | inter_output_latencies_ms       |               |               |
[0;36m(APIServer pid=214609)[0;0m INFO 09-25 05:30:56 [stats.py:920] | num_tokens_in                   |           360 |             0 |
[0;36m(APIServer pid=214609)[0;0m INFO 09-25 05:30:56 [stats.py:920] | num_tokens_out                  |            54 |             0 |
[0;36m(APIServer pid=214609)[0;0m INFO 09-25 05:30:56 [stats.py:920] | output_unit_count               |            54 |       101,760 |
[0;36m(APIServer pid=214609)[0;0m INFO 09-25 05:30:56 [stats.py:920] | output_unit_type                |        stream |         audio |
[0;36m(APIServer pid=214609)[0;0m INFO 09-25 05:30:56 [stats.py:920] | serving_time_to_first_output_ms |       793.272 |       822.654 |
[0;36m(APIServer pid=214609)[0;0m INFO 09-25 05:30:56 [stats.py:920] | stage_gen_time_ms               |       793.111 |       822.393 |
[0;36m(APIServer pid=214609)[0;0m INFO 09-25 05:30:56 [stats.py:920] | time_per_output_unit_ms         |         0.002 |         0.000 |
[0;36m(APIServer pid=214609)[0;0m INFO 09-25 05:30:56 [stats.py:920] | vllm_itl_ms                     |        14.445 |       238.194 |
[0;36m(APIServer pid=214609)[0;0m INFO 09-25 05:30:56 [stats.py:920] | vllm_itls_ms                    | 14.445 (n=53) | 238.194 (n=3) |
[0;36m(APIServer pid=214609)[0;0m INFO 09-25 05:30:56 [stats.py:920] | vllm_tpot_ms                    |        14.445 |         0.000 |
[0;36m(APIServer pid=214609)[0;0m INFO 09-25 05:30:56 [stats.py:920] | vllm_ttft_ms                    |        27.645 |       106.233 |
[0;36m(APIServer pid=214609)[0;0m INFO 09-25 05:30:56 [stats.py:920] +---------------------------------+---------------+---------------+
[0;36m(APIServer pid=214609)[0;0m INFO 09-25 05:30:56 [serving_speech.py:3646] [SpeechE2E] request_id=speech-98f08984a44f5165 stream=false status=ok total_ms=831.64 response_bytes=203564
[0;36m(APIServer pid=214609)[0;0m INFO:     127.0.0.1:40140 - "POST /v1/audio/speech HTTP/1.1" 200 OK
[0;36m(APIServer pid=214609)[0;0m INFO 09-25 05:30:56 [serving_speech.py:3070] TTS speech request speech-aa6fa8451268eb59: model=Base
[0;36m(APIServer pid=214609)[0;0m INFO 09-25 05:30:56 [serving_speech.py:3100] Applied extra_params: {'temperature': 0.9, 'top_k': 50}
[0;36m(APIServer pid=214609)[0;0m INFO 09-25 05:30:56 [serving_speech.py:3070] TTS speech request speech-a79e0ee9799f861a: model=Base
[0;36m(APIServer pid=214609)[0;0m INFO 09-25 05:30:56 [serving_speech.py:3100] Applied extra_params: {'temperature': 0.9, 'top_k': 50}
[0;36m(APIServer pid=214609)[0;0m INFO 09-25 05:30:56 [serving_speech.py:3070] TTS speech request speech-9f706f1b85a45061: model=Base
[0;36m(APIServer pid=214609)[0;0m INFO 09-25 05:30:56 [serving_speech.py:3100] Applied extra_params: {'temperature': 0.9, 'top_k': 50}
[0;36m(APIServer pid=214609)[0;0m INFO 09-25 05:30:56 [serving_speech.py:3070] TTS speech request speech-a8186b5ae8f6e029: model=Base
[0;36m(APIServer pid=214609)[0;0m INFO 09-25 05:30:56 [serving_speech.py:3100] Applied extra_params: {'temperature': 0.9, 'top_k': 50}
[0;36m(APIServer pid=214609)[0;0m INFO 09-25 05:30:56 [serving_speech.py:3070] TTS speech request speech-ab58a632910cb927: model=Base
[0;36m(APIServer pid=214609)[0;0m INFO 09-25 05:30:56 [serving_speech.py:3100] Applied extra_params: {'temperature': 0.9, 'top_k': 50}
[0;36m(APIServer pid=214609)[0;0m INFO 09-25 05:30:56 [serving_speech.py:3070] TTS speech request speech-aa6b51353c9d27ec: model=Base
[0;36m(APIServer pid=214609)[0;0m INFO 09-25 05:30:56 [serving_speech.py:3100] Applied extra_params: {'temperature': 0.9, 'top_k': 50}
[0;36m(APIServer pid=214609)[0;0m INFO 09-25 05:30:56 [serving_speech.py:3070] TTS speech request speech-9a8e9ffb1c9e22be: model=Base
[0;36m(APIServer pid=214609)[0;0m INFO 09-25 05:30:56 [serving_speech.py:3100] Applied extra_params: {'temperature': 0.9, 'top_k': 50}
[0;36m(APIServer pid=214609)[0;0m INFO 09-25 05:30:56 [serving_speech.py:3070] TTS speech request speech-bff151c766908c82: model=Base
[0;36m(APIServer pid=214609)[0;0m INFO 09-25 05:30:56 [serving_speech.py:3100] Applied extra_params: {'temperature': 0.9, 'top_k': 50}
[0;36m(APIServer pid=214609)[0;0m INFO 09-25 05:30:56 [serving_speech.py:3070] TTS speech request speech-b0d2129fb6b3929f: model=Base
[0;36m(APIServer pid=214609)[0;0m INFO 09-25 05:30:56 [serving_speech.py:3100] Applied extra_params: {'temperature': 0.9, 'top_k': 50}
[0;36m(APIServer pid=214609)[0;0m INFO 09-25 05:30:56 [serving_speech.py:3070] TTS speech request speech-9f2c9df1c8bf31fe: model=Base
[0;36m(APIServer pid=214609)[0;0m INFO 09-25 05:30:56 [serving_speech.py:3100] Applied extra_params: {'temperature': 0.9, 'top_k': 50}
[0;36m(APIServer pid=214609)[0;0m INFO 09-25 05:30:56 [serving_speech.py:3070] TTS speech request speech-a1001dedb31ff795: model=Base
[0;36m(APIServer pid=214609)[0;0m INFO 09-25 05:30:56 [serving_speech.py:3100] Applied extra_params: {'temperature': 0.9, 'top_k': 50}
[0;36m(APIServer pid=214609)[0;0m INFO 09-25 05:30:56 [serving_speech.py:3070] TTS speech request speech-a35e99701a72a919: model=Base
[0;36m(APIServer pid=214609)[0;0m INFO 09-25 05:30:56 [serving_speech.py:3100] Applied extra_params: {'temperature': 0.9, 'top_k': 50}
[0;36m(APIServer pid=214609)[0;0m INFO 09-25 05:30:56 [serving_speech.py:3070] TTS speech request speech-be651594be2d44f2: model=Base
[0;36m(APIServer pid=214609)[0;0m INFO 09-25 05:30:56 [serving_speech.py:3100] Applied extra_params: {'temperature': 0.9, 'top_k': 50}
[0;36m(APIServer pid=214609)[0;0m INFO 09-25 05:30:56 [serving_speech.py:3070] TTS speech request speech-b8001de5295a8e9a: model=Base
[0;36m(APIServer pid=214609)[0;0m INFO 09-25 05:30:56 [serving_speech.py:3100] Applied extra_params: {'temperature': 0.9, 'top_k': 50}
[0;36m(APIServer pid=214609)[0;0m INFO 09-25 05:30:56 [serving_speech.py:3070] TTS speech request speech-87407ec46b001b18: model=Base
[0;36m(APIServer pid=214609)[0;0m INFO 09-25 05:30:56 [serving_speech.py:3100] Applied extra_params: {'temperature': 0.9, 'top_k': 50}
[0;36m(APIServer pid=214609)[0;0m INFO 09-25 05:30:56 [serving_speech.py:3070] TTS speech request speech-9e2fbbece72b7d06: model=Base
[0;36m(APIServer pid=214609)[0;0m INFO 09-25 05:30:56 [serving_speech.py:3100] Applied extra_params: {'temperature': 0.9, 'top_k': 50}
[0;36m(APIServer pid=214609)[0;0m INFO 09-25 05:31:09 [stats.py:811] 
[0;36m(APIServer pid=214609)[0;0m INFO 09-25 05:31:09 [stats.py:811] [Overall Summary]
[0;36m(APIServer pid=214609)[0;0m INFO 09-25 05:31:09 [stats.py:811] +-----------------------------+------------+
[0;36m(APIServer pid=214609)[0;0m INFO 09-25 05:31:09 [stats.py:811] | Field                       |      Value |
[0;36m(APIServer pid=214609)[0;0m INFO 09-25 05:31:09 [stats.py:811] +-----------------------------+------------+
[0;36m(APIServer pid=214609)[0;0m INFO 09-25 05:31:09 [stats.py:811] | e2e_requests                |          1 |
[0;36m(APIServer pid=214609)[0;0m INFO 09-25 05:31:09 [stats.py:811] | e2e_wall_time_ms            | 13,546.185 |
[0;36m(APIServer pid=214609)[0;0m INFO 09-25 05:31:09 [stats.py:811] | e2e_total_tokens            |        685 |
[0;36m(APIServer pid=214609)[0;0m INFO 09-25 05:31:09 [stats.py:811] | e2e_avg_time_per_request_ms | 13,546.185 |
[0;36m(APIServer pid=214609)[0;0m INFO 09-25 05:31:09 [stats.py:811] | e2e_avg_tokens_per_s        |     50.568 |
[0;36m(APIServer pid=214609)[0;0m INFO 09-25 05:31:09 [stats.py:811] | input_preprocess_time_ms    |      0.030 |
[0;36m(APIServer pid=214609)[0;0m INFO 09-25 05:31:09 [stats.py:811] | e2e_stage_0_wall_time_ms    | 13,479.293 |
[0;36m(APIServer pid=214609)[0;0m INFO 09-25 05:31:09 [stats.py:811] | e2e_stage_1_wall_time_ms    | 13,543.869 |
[0;36m(APIServer pid=214609)[0;0m INFO 09-25 05:31:09 [stats.py:811] +-----------------------------+------------+
[0;36m(APIServer pid=214609)[0;0m INFO 09-25 05:31:09 [stats.py:837] 
[0;36m(APIServer pid=214609)[0;0m INFO 09-25 05:31:09 [stats.py:837] [RequestE2EStats [request_id=speech-bff151c766908c82-bde4e3d2]]
[0;36m(APIServer pid=214609)[0;0m INFO 09-25 05:31:09 [stats.py:837] +------------------+------------+
[0;36m(APIServer pid=214609)[0;0m INFO 09-25 05:31:09 [stats.py:837] | Field            |      Value |
[0;36m(APIServer pid=214609)[0;0m INFO 09-25 05:31:09 [stats.py:837] +------------------+------------+
[0;36m(APIServer pid=214609)[0;0m INFO 09-25 05:31:09 [stats.py:837] | e2e_total_ms     | 13,546.110 |
[0;36m(APIServer pid=214609)[0;0m INFO 09-25 05:31:09 [stats.py:837] | e2e_total_tokens |        685 |
[0;36m(APIServer pid=214609)[0;0m INFO 09-25 05:31:09 [stats.py:837] +------------------+------------+
[0;36m(APIServer pid=214609)[0;0m INFO 09-25 05:31:09 [stats.py:878] [OmniTiming] req=speech-bff151c766908c82-bde4e3d2 total=13.55s preprocess=0.00s engine=13.55s stages=[0:13.48s,1:13.54s] transfers=[0->1=0.00ms]
[0;36m(APIServer pid=214609)[0;0m INFO 09-25 05:31:09 [stats.py:920] 
[0;36m(APIServer pid=214609)[0;0m INFO 09-25 05:31:09 [stats.py:920] [StageRequestStats [request_id=speech-bff151c766908c82-bde4e3d2]]
[0;36m(APIServer pid=214609)[0;0m INFO 09-25 05:31:09 [stats.py:920] +---------------------------------+----------------+----------------+
[0;36m(APIServer pid=214609)[0;0m INFO 09-25 05:31:09 [stats.py:920] | Field                           |              0 |              1 |
[0;36m(APIServer pid=214609)[0;0m INFO 09-25 05:31:09 [stats.py:920] +---------------------------------+----------------+----------------+
[0;36m(APIServer pid=214609)[0;0m INFO 09-25 05:31:09 [stats.py:920] | audio_duration_s                |          0.000 |         25.920 |
[0;36m(APIServer pid=214609)[0;0m INFO 09-25 05:31:09 [stats.py:920] | audio_generated_frames          |              0 |        622,080 |
[0;36m(APIServer pid=214609)[0;0m INFO 09-25 05:31:09 [stats.py:920] | audio_sample_rate               |              0 |         24,000 |
[0;36m(APIServer pid=214609)[0;0m INFO 09-25 05:31:09 [stats.py:920] | batch_id                        |          2,573 |          2,654 |
[0;36m(APIServer pid=214609)[0;0m INFO 09-25 05:31:09 [stats.py:920] | batch_size                      |              1 |              1 |
[0;36m(APIServer pid=214609)[0;0m INFO 09-25 05:31:09 [stats.py:920] | inter_output_latencies_ms       |                |                |
[0;36m(APIServer pid=214609)[0;0m INFO 09-25 05:31:09 [stats.py:920] | num_tokens_in                   |            360 |              0 |
[0;36m(APIServer pid=214609)[0;0m INFO 09-25 05:31:09 [stats.py:920] | num_tokens_out                  |            325 |              0 |
[0;36m(APIServer pid=214609)[0;0m INFO 09-25 05:31:09 [stats.py:920] | output_unit_count               |            325 |        622,080 |
[0;36m(APIServer pid=214609)[0;0m INFO 09-25 05:31:09 [stats.py:920] | output_unit_type                |         stream |          audio |
[0;36m(APIServer pid=214609)[0;0m INFO 09-25 05:31:09 [stats.py:920] | serving_time_to_first_output_ms |     13,479.235 |     13,545.224 |
[0;36m(APIServer pid=214609)[0;0m INFO 09-25 05:31:09 [stats.py:920] | stage_gen_time_ms               |     13,478.650 |     13,542.997 |
[0;36m(APIServer pid=214609)[0;0m INFO 09-25 05:31:09 [stats.py:920] | time_per_output_unit_ms         |          0.000 |          0.000 |
[0;36m(APIServer pid=214609)[0;0m INFO 09-25 05:31:09 [stats.py:920] | vllm_itl_ms                     |         40.899 |        951.370 |
[0;36m(APIServer pid=214609)[0;0m INFO 09-25 05:31:09 [stats.py:920] | vllm_itls_ms                    | 40.899 (n=324) | 951.370 (n=13) |
[0;36m(APIServer pid=214609)[0;0m INFO 09-25 05:31:09 [stats.py:920] | vllm_tpot_ms                    |         40.899 |          0.000 |
[0;36m(APIServer pid=214609)[0;0m INFO 09-25 05:31:09 [stats.py:920] | vllm_ttft_ms                    |        227.852 |      1,174.874 |
[0;36m(APIServer pid=214609)[0;0m INFO 09-25 05:31:09 [stats.py:920] +---------------------------------+----------------+----------------+
[0;36m(APIServer pid=214609)[0;0m INFO 09-25 05:31:09 [serving_speech.py:3646] [SpeechE2E] request_id=speech-bff151c766908c82 stream=false status=ok total_ms=13577.78 response_bytes=1244204
[0;36m(APIServer pid=214609)[0;0m INFO:     127.0.0.1:33596 - "POST /v1/audio/speech HTTP/1.1" 200 OK
[0;36m(APIServer pid=214609)[0;0m INFO 09-25 05:31:09 [serving_speech.py:3070] TTS speech request speech-8837318a1c03c0fb: model=Base
[0;36m(APIServer pid=214609)[0;0m INFO 09-25 05:31:09 [serving_speech.py:3100] Applied extra_params: {'temperature': 0.9, 'top_k': 50}
[0;36m(APIServer pid=214609)[0;0m INFO 09-25 05:31:11 [stats.py:811] 
[0;36m(APIServer pid=214609)[0;0m INFO 09-25 05:31:11 [stats.py:811] [Overall Summary]
[0;36m(APIServer pid=214609)[0;0m INFO 09-25 05:31:11 [stats.py:811] +-----------------------------+------------+
[0;36m(APIServer pid=214609)[0;0m INFO 09-25 05:31:11 [stats.py:811] | Field                       |      Value |
[0;36m(APIServer pid=214609)[0;0m INFO 09-25 05:31:11 [stats.py:811] +-----------------------------+------------+
[0;36m(APIServer pid=214609)[0;0m INFO 09-25 05:31:11 [stats.py:811] | e2e_requests                |          1 |
[0;36m(APIServer pid=214609)[0;0m INFO 09-25 05:31:11 [stats.py:811] | e2e_wall_time_ms            | 15,639.932 |
[0;36m(APIServer pid=214609)[0;0m INFO 09-25 05:31:11 [stats.py:811] | e2e_total_tokens            |        677 |
[0;36m(APIServer pid=214609)[0;0m INFO 09-25 05:31:11 [stats.py:811] | e2e_avg_time_per_request_ms | 15,639.932 |
[0;36m(APIServer pid=214609)[0;0m INFO 09-25 05:31:11 [stats.py:811] | e2e_avg_tokens_per_s        |     43.287 |
[0;36m(APIServer pid=214609)[0;0m INFO 09-25 05:31:11 [stats.py:811] | input_preprocess_time_ms    |      0.028 |
[0;36m(APIServer pid=214609)[0;0m INFO 09-25 05:31:11 [stats.py:811] | e2e_stage_0_wall_time_ms    | 15,596.815 |
[0;36m(APIServer pid=214609)[0;0m INFO 09-25 05:31:11 [stats.py:811] | e2e_stage_1_wall_time_ms    | 15,639.757 |
[0;36m(APIServer pid=214609)[0;0m INFO 09-25 05:31:11 [stats.py:811] +-----------------------------+------------+
[0;36m(APIServer pid=214609)[0;0m INFO 09-25 05:31:11 [stats.py:837] 
[0;36m(APIServer pid=214609)[0;0m INFO 09-25 05:31:11 [stats.py:837] [RequestE2EStats [request_id=speech-aa6b51353c9d27ec-9b216693]]
[0;36m(APIServer pid=214609)[0;0m INFO 09-25 05:31:11 [stats.py:837] +------------------+------------+
[0;36m(APIServer pid=214609)[0;0m INFO 09-25 05:31:11 [stats.py:837] | Field            |      Value |
[0;36m(APIServer pid=214609)[0;0m INFO 09-25 05:31:11 [stats.py:837] +------------------+------------+
[0;36m(APIServer pid=214609)[0;0m INFO 09-25 05:31:11 [stats.py:837] | e2e_total_ms     | 15,639.861 |
[0;36m(APIServer pid=214609)[0;0m INFO 09-25 05:31:11 [stats.py:837] | e2e_total_tokens |        677 |
[0;36m(APIServer pid=214609)[0;0m INFO 09-25 05:31:11 [stats.py:837] +------------------+------------+
[0;36m(APIServer pid=214609)[0;0m INFO 09-25 05:31:11 [stats.py:878] [OmniTiming] req=speech-aa6b51353c9d27ec-9b216693 total=15.64s preprocess=0.00s engine=15.64s stages=[0:15.60s,1:15.64s] transfers=[0->1=0.00ms]
[0;36m(APIServer pid=214609)[0;0m INFO 09-25 05:31:11 [stats.py:920] 
[0;36m(APIServer pid=214609)[0;0m INFO 09-25 05:31:11 [stats.py:920] [StageRequestStats [request_id=speech-aa6b51353c9d27ec-9b216693]]
[0;36m(APIServer pid=214609)[0;0m INFO 09-25 05:31:11 [stats.py:920] +---------------------------------+----------------+----------------+
[0;36m(APIServer pid=214609)[0;0m INFO 09-25 05:31:11 [stats.py:920] | Field                           |              0 |              1 |
[0;36m(APIServer pid=214609)[0;0m INFO 09-25 05:31:11 [stats.py:920] +---------------------------------+----------------+----------------+
[0;36m(APIServer pid=214609)[0;0m INFO 09-25 05:31:11 [stats.py:920] | audio_duration_s                |          0.000 |         30.000 |
[0;36m(APIServer pid=214609)[0;0m INFO 09-25 05:31:11 [stats.py:920] | audio_generated_frames          |              0 |        720,000 |
[0;36m(APIServer pid=214609)[0;0m INFO 09-25 05:31:11 [stats.py:920] | audio_sample_rate               |              0 |         24,000 |
[0;36m(APIServer pid=214609)[0;0m INFO 09-25 05:31:11 [stats.py:920] | batch_id                        |          2,574 |          2,655 |
[0;36m(APIServer pid=214609)[0;0m INFO 09-25 05:31:11 [stats.py:920] | batch_size                      |              1 |              1 |
[0;36m(APIServer pid=214609)[0;0m INFO 09-25 05:31:11 [stats.py:920] | inter_output_latencies_ms       |                |                |
[0;36m(APIServer pid=214609)[0;0m INFO 09-25 05:31:11 [stats.py:920] | num_tokens_in                   |            301 |              0 |
[0;36m(APIServer pid=214609)[0;0m INFO 09-25 05:31:11 [stats.py:920] | num_tokens_out                  |            376 |              0 |
[0;36m(APIServer pid=214609)[0;0m INFO 09-25 05:31:11 [stats.py:920] | output_unit_count               |            376 |        720,000 |
[0;36m(APIServer pid=214609)[0;0m INFO 09-25 05:31:11 [stats.py:920] | output_unit_type                |         stream |          audio |
[0;36m(APIServer pid=214609)[0;0m INFO 09-25 05:31:11 [stats.py:920] | serving_time_to_first_output_ms |     15,596.689 |     15,639.339 |
[0;36m(APIServer pid=214609)[0;0m INFO 09-25 05:31:11 [stats.py:920] | stage_gen_time_ms               |     15,596.611 |     15,639.245 |
[0;36m(APIServer pid=214609)[0;0m INFO 09-25 05:31:11 [stats.py:920] | time_per_output_unit_ms         |          0.000 |          0.000 |
[0;36m(APIServer pid=214609)[0;0m INFO 09-25 05:31:11 [stats.py:920] | vllm_itl_ms                     |         40.969 |        963.640 |
[0;36m(APIServer pid=214609)[0;0m INFO 09-25 05:31:11 [stats.py:920] | vllm_itls_ms                    | 40.969 (n=375) | 963.640 (n=15) |
[0;36m(APIServer pid=214609)[0;0m INFO 09-25 05:31:11 [stats.py:920] | vllm_tpot_ms                    |         40.969 |          0.000 |
[0;36m(APIServer pid=214609)[0;0m INFO 09-25 05:31:11 [stats.py:920] | vllm_ttft_ms                    |        234.311 |      1,183.495 |
[0;36m(APIServer pid=214609)[0;0m INFO 09-25 05:31:11 [stats.py:920] +---------------------------------+----------------+----------------+
[0;36m(APIServer pid=214609)[0;0m INFO 09-25 05:31:11 [serving_speech.py:3646] [SpeechE2E] request_id=speech-aa6b51353c9d27ec stream=false status=ok total_ms=15675.12 response_bytes=1440044
[0;36m(APIServer pid=214609)[0;0m INFO:     127.0.0.1:33620 - "POST /v1/audio/speech HTTP/1.1" 200 OK
[0;36m(APIServer pid=214609)[0;0m INFO 09-25 05:31:11 [serving_speech.py:3070] TTS speech request speech-abfdfd25f20b0ae8: model=Base
[0;36m(APIServer pid=214609)[0;0m INFO 09-25 05:31:11 [serving_speech.py:3100] Applied extra_params: {'temperature': 0.9, 'top_k': 50}
[0;36m(APIServer pid=214609)[0;0m INFO 09-25 05:31:12 [stats.py:811] 
[0;36m(APIServer pid=214609)[0;0m INFO 09-25 05:31:12 [stats.py:811] [Overall Summary]
[0;36m(APIServer pid=214609)[0;0m INFO 09-25 05:31:12 [stats.py:811] +-----------------------------+------------+
[0;36m(APIServer pid=214609)[0;0m INFO 09-25 05:31:12 [stats.py:811] | Field                       |      Value |
[0;36m(APIServer pid=214609)[0;0m INFO 09-25 05:31:12 [stats.py:811] +-----------------------------+------------+
[0;36m(APIServer pid=214609)[0;0m INFO 09-25 05:31:12 [stats.py:811] | e2e_requests                |          1 |
[0;36m(APIServer pid=214609)[0;0m INFO 09-25 05:31:12 [stats.py:811] | e2e_wall_time_ms            | 16,176.930 |
[0;36m(APIServer pid=214609)[0;0m INFO 09-25 05:31:12 [stats.py:811] | e2e_total_tokens            |        682 |
[0;36m(APIServer pid=214609)[0;0m INFO 09-25 05:31:12 [stats.py:811] | e2e_avg_time_per_request_ms | 16,176.930 |
[0;36m(APIServer pid=214609)[0;0m INFO 09-25 05:31:12 [stats.py:811] | e2e_avg_tokens_per_s        |     42.159 |
[0;36m(APIServer pid=214609)[0;0m INFO 09-25 05:31:12 [stats.py:811] | input_preprocess_time_ms    |      0.059 |
[0;36m(APIServer pid=214609)[0;0m INFO 09-25 05:31:12 [stats.py:811] | e2e_stage_0_wall_time_ms    | 15,745.351 |
[0;36m(APIServer pid=214609)[0;0m INFO 09-25 05:31:12 [stats.py:811] | e2e_stage_1_wall_time_ms    | 16,175.066 |
[0;36m(APIServer pid=214609)[0;0m INFO 09-25 05:31:12 [stats.py:811] +-----------------------------+------------+
[0;36m(APIServer pid=214609)[0;0m INFO 09-25 05:31:12 [stats.py:837] 
[0;36m(APIServer pid=214609)[0;0m INFO 09-25 05:31:12 [stats.py:837] [RequestE2EStats [request_id=speech-aa6fa8451268eb59-ba39766b]]
[0;36m(APIServer pid=214609)[0;0m INFO 09-25 05:31:12 [stats.py:837] +------------------+------------+
[0;36m(APIServer pid=214609)[0;0m INFO 09-25 05:31:12 [stats.py:837] | Field            |      Value |
[0;36m(APIServer pid=214609)[0;0m INFO 09-25 05:31:12 [stats.py:837] +------------------+------------+
[0;36m(APIServer pid=214609)[0;0m INFO 09-25 05:31:12 [stats.py:837] | e2e_total_ms     | 16,176.796 |
[0;36m(APIServer pid=214609)[0;0m INFO 09-25 05:31:12 [stats.py:837] | e2e_total_tokens |        682 |
[0;36m(APIServer pid=214609)[0;0m INFO 09-25 05:31:12 [stats.py:837] +------------------+------------+
[0;36m(APIServer pid=214609)[0;0m INFO 09-25 05:31:12 [stats.py:878] [OmniTiming] req=speech-aa6fa8451268eb59-ba39766b total=16.18s preprocess=0.00s engine=16.18s stages=[0:15.75s,1:16.17s] transfers=[0->1=0.00ms]
[0;36m(APIServer pid=214609)[0;0m INFO 09-25 05:31:12 [stats.py:920] 
[0;36m(APIServer pid=214609)[0;0m INFO 09-25 05:31:12 [stats.py:920] [StageRequestStats [request_id=speech-aa6fa8451268eb59-ba39766b]]
[0;36m(APIServer pid=214609)[0;0m INFO 09-25 05:31:12 [stats.py:920] +---------------------------------+----------------+------------------+
[0;36m(APIServer pid=214609)[0;0m INFO 09-25 05:31:12 [stats.py:920] | Field                           |              0 |                1 |
[0;36m(APIServer pid=214609)[0;0m INFO 09-25 05:31:12 [stats.py:920] +---------------------------------+----------------+------------------+
[0;36m(APIServer pid=214609)[0;0m INFO 09-25 05:31:12 [stats.py:920] | audio_duration_s                |          0.000 |           30.400 |
[0;36m(APIServer pid=214609)[0;0m INFO 09-25 05:31:12 [stats.py:920] | audio_generated_frames          |              0 |          729,600 |
[0;36m(APIServer pid=214609)[0;0m INFO 09-25 05:31:12 [stats.py:920] | audio_sample_rate               |              0 |           24,000 |
[0;36m(APIServer pid=214609)[0;0m INFO 09-25 05:31:12 [stats.py:920] | batch_id                        |          2,575 |            2,656 |
[0;36m(APIServer pid=214609)[0;0m INFO 09-25 05:31:12 [stats.py:920] | batch_size                      |              1 |                1 |
[0;36m(APIServer pid=214609)[0;0m INFO 09-25 05:31:12 [stats.py:920] | inter_output_latencies_ms       |                |                  |
[0;36m(APIServer pid=214609)[0;0m INFO 09-25 05:31:12 [stats.py:920] | num_tokens_in                   |            301 |                0 |
[0;36m(APIServer pid=214609)[0;0m INFO 09-25 05:31:12 [stats.py:920] | num_tokens_out                  |            381 |                0 |
[0;36m(APIServer pid=214609)[0;0m INFO 09-25 05:31:12 [stats.py:920] | output_unit_count               |            381 |          729,600 |
[0;36m(APIServer pid=214609)[0;0m INFO 09-25 05:31:12 [stats.py:920] | output_unit_type                |         stream |            audio |
[0;36m(APIServer pid=214609)[0;0m INFO 09-25 05:31:12 [stats.py:920] | serving_time_to_first_output_ms |     15,745.270 |       16,176.649 |
[0;36m(APIServer pid=214609)[0;0m INFO 09-25 05:31:12 [stats.py:920] | stage_gen_time_ms               |     15,745.123 |       16,174.897 |
[0;36m(APIServer pid=214609)[0;0m INFO 09-25 05:31:12 [stats.py:920] | time_per_output_unit_ms         |          0.000 |            0.000 |
[0;36m(APIServer pid=214609)[0;0m INFO 09-25 05:31:12 [stats.py:920] | vllm_itl_ms                     |         41.336 |        1,004.250 |
[0;36m(APIServer pid=214609)[0;0m INFO 09-25 05:31:12 [stats.py:920] | vllm_itls_ms                    | 41.336 (n=380) | 1,004.250 (n=16) |
[0;36m(APIServer pid=214609)[0;0m INFO 09-25 05:31:12 [stats.py:920] | vllm_tpot_ms                    |         41.336 |            0.000 |
[0;36m(APIServer pid=214609)[0;0m INFO 09-25 05:31:12 [stats.py:920] | vllm_ttft_ms                    |         39.973 |          103.438 |
[0;36m(APIServer pid=214609)[0;0m INFO 09-25 05:31:12 [stats.py:920] +---------------------------------+----------------+------------------+
[0;36m(APIServer pid=214609)[0;0m INFO 09-25 05:31:12 [serving_speech.py:3646] [SpeechE2E] request_id=speech-aa6fa8451268eb59 stream=false status=ok total_ms=16185.48 response_bytes=1459244
[0;36m(APIServer pid=214609)[0;0m INFO:     127.0.0.1:40140 - "POST /v1/audio/speech HTTP/1.1" 200 OK
[0;36m(APIServer pid=214609)[0;0m INFO 09-25 05:31:12 [serving_speech.py:3070] TTS speech request speech-9506c37f71ca7ef0: model=Base
[0;36m(APIServer pid=214609)[0;0m INFO 09-25 05:31:12 [serving_speech.py:3100] Applied extra_params: {'temperature': 0.9, 'top_k': 50}
[0;36m(APIServer pid=214609)[0;0m INFO 09-25 05:31:12 [stats.py:811] 
[0;36m(APIServer pid=214609)[0;0m INFO 09-25 05:31:12 [stats.py:811] [Overall Summary]
[0;36m(APIServer pid=214609)[0;0m INFO 09-25 05:31:12 [stats.py:811] +-----------------------------+------------+
[0;36m(APIServer pid=214609)[0;0m INFO 09-25 05:31:12 [stats.py:811] | Field                       |      Value |
[0;36m(APIServer pid=214609)[0;0m INFO 09-25 05:31:12 [stats.py:811] +-----------------------------+------------+
[0;36m(APIServer pid=214609)[0;0m INFO 09-25 05:31:12 [stats.py:811] | e2e_requests                |          1 |
[0;36m(APIServer pid=214609)[0;0m INFO 09-25 05:31:12 [stats.py:811] | e2e_wall_time_ms            | 16,137.233 |
[0;36m(APIServer pid=214609)[0;0m INFO 09-25 05:31:12 [stats.py:811] | e2e_total_tokens            |        680 |
[0;36m(APIServer pid=214609)[0;0m INFO 09-25 05:31:12 [stats.py:811] | e2e_avg_time_per_request_ms | 16,137.233 |
[0;36m(APIServer pid=214609)[0;0m INFO 09-25 05:31:12 [stats.py:811] | e2e_avg_tokens_per_s        |     42.139 |
[0;36m(APIServer pid=214609)[0;0m INFO 09-25 05:31:12 [stats.py:811] | input_preprocess_time_ms    |      0.027 |
[0;36m(APIServer pid=214609)[0;0m INFO 09-25 05:31:12 [stats.py:811] | e2e_stage_0_wall_time_ms    | 15,860.702 |
[0;36m(APIServer pid=214609)[0;0m INFO 09-25 05:31:12 [stats.py:811] | e2e_stage_1_wall_time_ms    | 16,137.072 |
[0;36m(APIServer pid=214609)[0;0m INFO 09-25 05:31:12 [stats.py:811] +-----------------------------+------------+
[0;36m(APIServer pid=214609)[0;0m INFO 09-25 05:31:12 [stats.py:837] 
[0;36m(APIServer pid=214609)[0;0m INFO 09-25 05:31:12 [stats.py:837] [RequestE2EStats [request_id=speech-be651594be2d44f2-99e56d4d]]
[0;36m(APIServer pid=214609)[0;0m INFO 09-25 05:31:12 [stats.py:837] +------------------+------------+
[0;36m(APIServer pid=214609)[0;0m INFO 09-25 05:31:12 [stats.py:837] | Field            |      Value |
[0;36m(APIServer pid=214609)[0;0m INFO 09-25 05:31:12 [stats.py:837] +------------------+------------+
[0;36m(APIServer pid=214609)[0;0m INFO 09-25 05:31:12 [stats.py:837] | e2e_total_ms     | 16,137.165 |
[0;36m(APIServer pid=214609)[0;0m INFO 09-25 05:31:12 [stats.py:837] | e2e_total_tokens |        680 |
[0;36m(APIServer pid=214609)[0;0m INFO 09-25 05:31:12 [stats.py:837] +------------------+------------+
[0;36m(APIServer pid=214609)[0;0m INFO 09-25 05:31:12 [stats.py:878] [OmniTiming] req=speech-be651594be2d44f2-99e56d4d total=16.14s preprocess=0.00s engine=16.14s stages=[0:15.86s,1:16.14s] transfers=[0->1=0.00ms]
[0;36m(APIServer pid=214609)[0;0m INFO 09-25 05:31:12 [stats.py:920] 
[0;36m(APIServer pid=214609)[0;0m INFO 09-25 05:31:12 [stats.py:920] [StageRequestStats [request_id=speech-be651594be2d44f2-99e56d4d]]
[0;36m(APIServer pid=214609)[0;0m INFO 09-25 05:31:12 [stats.py:920] +---------------------------------+----------------+----------------+
[0;36m(APIServer pid=214609)[0;0m INFO 09-25 05:31:12 [stats.py:920] | Field                           |              0 |              1 |
[0;36m(APIServer pid=214609)[0;0m INFO 09-25 05:31:12 [stats.py:920] +---------------------------------+----------------+----------------+
[0;36m(APIServer pid=214609)[0;0m INFO 09-25 05:31:12 [stats.py:920] | audio_duration_s                |          0.000 |         30.240 |
[0;36m(APIServer pid=214609)[0;0m INFO 09-25 05:31:12 [stats.py:920] | audio_generated_frames          |              0 |        725,760 |
[0;36m(APIServer pid=214609)[0;0m INFO 09-25 05:31:12 [stats.py:920] | audio_sample_rate               |              0 |         24,000 |
[0;36m(APIServer pid=214609)[0;0m INFO 09-25 05:31:12 [stats.py:920] | batch_id                        |          2,576 |          2,657 |
[0;36m(APIServer pid=214609)[0;0m INFO 09-25 05:31:12 [stats.py:920] | batch_size                      |              1 |              1 |
[0;36m(APIServer pid=214609)[0;0m INFO 09-25 05:31:12 [stats.py:920] | inter_output_latencies_ms       |                |                |
[0;36m(APIServer pid=214609)[0;0m INFO 09-25 05:31:12 [stats.py:920] | num_tokens_in                   |            301 |              0 |
[0;36m(APIServer pid=214609)[0;0m INFO 09-25 05:31:12 [stats.py:920] | num_tokens_out                  |            379 |              0 |
[0;36m(APIServer pid=214609)[0;0m INFO 09-25 05:31:12 [stats.py:920] | output_unit_count               |            379 |        725,760 |
[0;36m(APIServer pid=214609)[0;0m INFO 09-25 05:31:12 [stats.py:920] | output_unit_type                |         stream |          audio |
[0;36m(APIServer pid=214609)[0;0m INFO 09-25 05:31:12 [stats.py:920] | serving_time_to_first_output_ms |     15,859.969 |     16,136.496 |
[0;36m(APIServer pid=214609)[0;0m INFO 09-25 05:31:12 [stats.py:920] | stage_gen_time_ms               |     15,859.905 |     16,136.434 |
[0;36m(APIServer pid=214609)[0;0m INFO 09-25 05:31:12 [stats.py:920] | time_per_output_unit_ms         |          0.000 |          0.000 |
[0;36m(APIServer pid=214609)[0;0m INFO 09-25 05:31:12 [stats.py:920] | vllm_itl_ms                     |         41.042 |        935.669 |
[0;36m(APIServer pid=214609)[0;0m INFO 09-25 05:31:12 [stats.py:920] | vllm_itls_ms                    | 41.042 (n=378) | 935.669 (n=16) |
[0;36m(APIServer pid=214609)[0;0m INFO 09-25 05:31:12 [stats.py:920] | vllm_tpot_ms                    |         41.042 |          0.000 |
[0;36m(APIServer pid=214609)[0;0m INFO 09-25 05:31:12 [stats.py:920] | vllm_ttft_ms                    |        344.012 |      1,165.328 |
[0;36m(APIServer pid=214609)[0;0m INFO 09-25 05:31:12 [stats.py:920] +---------------------------------+----------------+----------------+
[0;36m(APIServer pid=214609)[0;0m INFO 09-25 05:31:12 [serving_speech.py:3646] [SpeechE2E] request_id=speech-be651594be2d44f2 stream=false status=ok total_ms=16174.22 response_bytes=1451564
[0;36m(APIServer pid=214609)[0;0m INFO:     127.0.0.1:33664 - "POST /v1/audio/speech HTTP/1.1" 200 OK
[0;36m(APIServer pid=214609)[0;0m INFO 09-25 05:31:12 [serving_speech.py:3070] TTS speech request speech-b867156161026286: model=Base
[0;36m(APIServer pid=214609)[0;0m INFO 09-25 05:31:12 [serving_speech.py:3100] Applied extra_params: {'temperature': 0.9, 'top_k': 50}
[0;36m(APIServer pid=214609)[0;0m INFO 09-25 05:31:12 [stats.py:811] 
[0;36m(APIServer pid=214609)[0;0m INFO 09-25 05:31:12 [stats.py:811] [Overall Summary]
[0;36m(APIServer pid=214609)[0;0m INFO 09-25 05:31:12 [stats.py:811] +-----------------------------+------------+
[0;36m(APIServer pid=214609)[0;0m INFO 09-25 05:31:12 [stats.py:811] | Field                       |      Value |
[0;36m(APIServer pid=214609)[0;0m INFO 09-25 05:31:12 [stats.py:811] +-----------------------------+------------+
[0;36m(APIServer pid=214609)[0;0m INFO 09-25 05:31:12 [stats.py:811] | e2e_requests                |          1 |
[0;36m(APIServer pid=214609)[0;0m INFO 09-25 05:31:12 [stats.py:811] | e2e_wall_time_ms            | 16,651.719 |
[0;36m(APIServer pid=214609)[0;0m INFO 09-25 05:31:12 [stats.py:811] | e2e_total_tokens            |        697 |
[0;36m(APIServer pid=214609)[0;0m INFO 09-25 05:31:12 [stats.py:811] | e2e_avg_time_per_request_ms | 16,651.719 |
[0;36m(APIServer pid=214609)[0;0m INFO 09-25 05:31:12 [stats.py:811] | e2e_avg_tokens_per_s        |     41.858 |
[0;36m(APIServer pid=214609)[0;0m INFO 09-25 05:31:12 [stats.py:811] | input_preprocess_time_ms    |      0.030 |
[0;36m(APIServer pid=214609)[0;0m INFO 09-25 05:31:12 [stats.py:811] | e2e_stage_0_wall_time_ms    | 16,609.027 |
[0;36m(APIServer pid=214609)[0;0m INFO 09-25 05:31:12 [stats.py:811] | e2e_stage_1_wall_time_ms    | 16,650.391 |
[0;36m(APIServer pid=214609)[0;0m INFO 09-25 05:31:12 [stats.py:811] +-----------------------------+------------+
[0;36m(APIServer pid=214609)[0;0m INFO 09-25 05:31:12 [stats.py:837] 
[0;36m(APIServer pid=214609)[0;0m INFO 09-25 05:31:12 [stats.py:837] [RequestE2EStats [request_id=speech-ab58a632910cb927-b90dbfdc]]
[0;36m(APIServer pid=214609)[0;0m INFO 09-25 05:31:12 [stats.py:837] +------------------+------------+
[0;36m(APIServer pid=214609)[0;0m INFO 09-25 05:31:12 [stats.py:837] | Field            |      Value |
[0;36m(APIServer pid=214609)[0;0m INFO 09-25 05:31:12 [stats.py:837] +------------------+------------+
[0;36m(APIServer pid=214609)[0;0m INFO 09-25 05:31:12 [stats.py:837] | e2e_total_ms     | 16,651.643 |
[0;36m(APIServer pid=214609)[0;0m INFO 09-25 05:31:12 [stats.py:837] | e2e_total_tokens |        697 |
[0;36m(APIServer pid=214609)[0;0m INFO 09-25 05:31:12 [stats.py:837] +------------------+------------+
[0;36m(APIServer pid=214609)[0;0m INFO 09-25 05:31:12 [stats.py:878] [OmniTiming] req=speech-ab58a632910cb927-b90dbfdc total=16.65s preprocess=0.00s engine=16.65s stages=[0:16.61s,1:16.65s] transfers=[0->1=0.00ms]
[0;36m(APIServer pid=214609)[0;0m INFO 09-25 05:31:12 [stats.py:920] 
[0;36m(APIServer pid=214609)[0;0m INFO 09-25 05:31:12 [stats.py:920] [StageRequestStats [request_id=speech-ab58a632910cb927-b90dbfdc]]
[0;36m(APIServer pid=214609)[0;0m INFO 09-25 05:31:12 [stats.py:920] +---------------------------------+----------------+----------------+
[0;36m(APIServer pid=214609)[0;0m INFO 09-25 05:31:12 [stats.py:920] | Field                           |              0 |              1 |
[0;36m(APIServer pid=214609)[0;0m INFO 09-25 05:31:12 [stats.py:920] +---------------------------------+----------------+----------------+
[0;36m(APIServer pid=214609)[0;0m INFO 09-25 05:31:12 [stats.py:920] | audio_duration_s                |          0.000 |         31.600 |
[0;36m(APIServer pid=214609)[0;0m INFO 09-25 05:31:12 [stats.py:920] | audio_generated_frames          |              0 |        758,400 |
[0;36m(APIServer pid=214609)[0;0m INFO 09-25 05:31:12 [stats.py:920] | audio_sample_rate               |              0 |         24,000 |
[0;36m(APIServer pid=214609)[0;0m INFO 09-25 05:31:12 [stats.py:920] | batch_id                        |          2,577 |          2,658 |
[0;36m(APIServer pid=214609)[0;0m INFO 09-25 05:31:12 [stats.py:920] | batch_size                      |              1 |              1 |
[0;36m(APIServer pid=214609)[0;0m INFO 09-25 05:31:12 [stats.py:920] | inter_output_latencies_ms       |                |                |
[0;36m(APIServer pid=214609)[0;0m INFO 09-25 05:31:12 [stats.py:920] | num_tokens_in                   |            301 |              0 |
[0;36m(APIServer pid=214609)[0;0m INFO 09-25 05:31:12 [stats.py:920] | num_tokens_out                  |            396 |              0 |
[0;36m(APIServer pid=214609)[0;0m INFO 09-25 05:31:12 [stats.py:920] | output_unit_count               |            396 |        758,400 |
[0;36m(APIServer pid=214609)[0;0m INFO 09-25 05:31:12 [stats.py:920] | output_unit_type                |         stream |          audio |
[0;36m(APIServer pid=214609)[0;0m INFO 09-25 05:31:12 [stats.py:920] | serving_time_to_first_output_ms |     16,608.580 |     16,650.884 |
[0;36m(APIServer pid=214609)[0;0m INFO 09-25 05:31:12 [stats.py:920] | stage_gen_time_ms               |     16,607.399 |     16,649.637 |
[0;36m(APIServer pid=214609)[0;0m INFO 09-25 05:31:12 [stats.py:920] | time_per_output_unit_ms         |          0.000 |          0.000 |
[0;36m(APIServer pid=214609)[0;0m INFO 09-25 05:31:12 [stats.py:920] | vllm_itl_ms                     |         41.451 |        966.539 |
[0;36m(APIServer pid=214609)[0;0m INFO 09-25 05:31:12 [stats.py:920] | vllm_itls_ms                    | 41.451 (n=395) | 966.539 (n=16) |
[0;36m(APIServer pid=214609)[0;0m INFO 09-25 05:31:12 [stats.py:920] | vllm_tpot_ms                    |         41.451 |          0.000 |
[0;36m(APIServer pid=214609)[0;0m INFO 09-25 05:31:12 [stats.py:920] | vllm_ttft_ms                    |        236.259 |      1,183.091 |
[0;36m(APIServer pid=214609)[0;0m INFO 09-25 05:31:12 [stats.py:920] +---------------------------------+----------------+----------------+
[0;36m(APIServer pid=214609)[0;0m INFO 09-25 05:31:12 [serving_speech.py:3646] [SpeechE2E] request_id=speech-ab58a632910cb927 stream=false status=ok total_ms=16688.29 response_bytes=1516844
[0;36m(APIServer pid=214609)[0;0m INFO:     127.0.0.1:33606 - "POST /v1/audio/speech HTTP/1.1" 200 OK
[0;36m(APIServer pid=214609)[0;0m INFO 09-25 05:31:13 [serving_speech.py:3070] TTS speech request speech-b034da93922c95f2: model=Base
[0;36m(APIServer pid=214609)[0;0m INFO 09-25 05:31:13 [serving_speech.py:3100] Applied extra_params: {'temperature': 0.9, 'top_k': 50}
[0;36m(APIServer pid=214609)[0;0m INFO 09-25 05:31:13 [stats.py:811] 
[0;36m(APIServer pid=214609)[0;0m INFO 09-25 05:31:13 [stats.py:811] [Overall Summary]
[0;36m(APIServer pid=214609)[0;0m INFO 09-25 05:31:13 [stats.py:811] +-----------------------------+------------+
[0;36m(APIServer pid=214609)[0;0m INFO 09-25 05:31:13 [stats.py:811] | Field                       |      Value |
[0;36m(APIServer pid=214609)[0;0m INFO 09-25 05:31:13 [stats.py:811] +-----------------------------+------------+
[0;36m(APIServer pid=214609)[0;0m INFO 09-25 05:31:13 [stats.py:811] | e2e_requests                |          1 |
[0;36m(APIServer pid=214609)[0;0m INFO 09-25 05:31:13 [stats.py:811] | e2e_wall_time_ms            | 17,290.700 |
[0;36m(APIServer pid=214609)[0;0m INFO 09-25 05:31:13 [stats.py:811] | e2e_total_tokens            |        709 |
[0;36m(APIServer pid=214609)[0;0m INFO 09-25 05:31:13 [stats.py:811] | e2e_avg_time_per_request_ms | 17,290.700 |
[0;36m(APIServer pid=214609)[0;0m INFO 09-25 05:31:13 [stats.py:811] | e2e_avg_tokens_per_s        |     41.005 |
[0;36m(APIServer pid=214609)[0;0m INFO 09-25 05:31:13 [stats.py:811] | input_preprocess_time_ms    |      0.068 |
[0;36m(APIServer pid=214609)[0;0m INFO 09-25 05:31:13 [stats.py:811] | e2e_stage_0_wall_time_ms    | 17,257.381 |
[0;36m(APIServer pid=214609)[0;0m INFO 09-25 05:31:13 [stats.py:811] | e2e_stage_1_wall_time_ms    | 17,289.062 |
[0;36m(APIServer pid=214609)[0;0m INFO 09-25 05:31:13 [stats.py:811] +-----------------------------+------------+
[0;36m(APIServer pid=214609)[0;0m INFO 09-25 05:31:13 [stats.py:837] 
[0;36m(APIServer pid=214609)[0;0m INFO 09-25 05:31:13 [stats.py:837] [RequestE2EStats [request_id=speech-9f706f1b85a45061-8384d0d7]]
[0;36m(APIServer pid=214609)[0;0m INFO 09-25 05:31:13 [stats.py:837] +------------------+------------+
[0;36m(APIServer pid=214609)[0;0m INFO 09-25 05:31:13 [stats.py:837] | Field            |      Value |
[0;36m(APIServer pid=214609)[0;0m INFO 09-25 05:31:13 [stats.py:837] +------------------+------------+
[0;36m(APIServer pid=214609)[0;0m INFO 09-25 05:31:13 [stats.py:837] | e2e_total_ms     | 17,290.560 |
[0;36m(APIServer pid=214609)[0;0m INFO 09-25 05:31:13 [stats.py:837] | e2e_total_tokens |        709 |
[0;36m(APIServer pid=214609)[0;0m INFO 09-25 05:31:13 [stats.py:837] +------------------+------------+
[0;36m(APIServer pid=214609)[0;0m INFO 09-25 05:31:13 [stats.py:878] [OmniTiming] req=speech-9f706f1b85a45061-8384d0d7 total=17.29s preprocess=0.00s engine=17.29s stages=[0:17.26s,1:17.29s] transfers=[0->1=0.00ms]
[0;36m(APIServer pid=214609)[0;0m INFO 09-25 05:31:13 [stats.py:920] 
[0;36m(APIServer pid=214609)[0;0m INFO 09-25 05:31:13 [stats.py:920] [StageRequestStats [request_id=speech-9f706f1b85a45061-8384d0d7]]
[0;36m(APIServer pid=214609)[0;0m INFO 09-25 05:31:13 [stats.py:920] +---------------------------------+----------------+----------------+
[0;36m(APIServer pid=214609)[0;0m INFO 09-25 05:31:13 [stats.py:920] | Field                           |              0 |              1 |
[0;36m(APIServer pid=214609)[0;0m INFO 09-25 05:31:13 [stats.py:920] +---------------------------------+----------------+----------------+
[0;36m(APIServer pid=214609)[0;0m INFO 09-25 05:31:13 [stats.py:920] | audio_duration_s                |          0.000 |         32.560 |
[0;36m(APIServer pid=214609)[0;0m INFO 09-25 05:31:13 [stats.py:920] | audio_generated_frames          |              0 |        781,440 |
[0;36m(APIServer pid=214609)[0;0m INFO 09-25 05:31:13 [stats.py:920] | audio_sample_rate               |              0 |         24,000 |
[0;36m(APIServer pid=214609)[0;0m INFO 09-25 05:31:13 [stats.py:920] | batch_id                        |          2,578 |          2,659 |
[0;36m(APIServer pid=214609)[0;0m INFO 09-25 05:31:13 [stats.py:920] | batch_size                      |              1 |              1 |
[0;36m(APIServer pid=214609)[0;0m INFO 09-25 05:31:13 [stats.py:920] | inter_output_latencies_ms       |                |                |
[0;36m(APIServer pid=214609)[0;0m INFO 09-25 05:31:13 [stats.py:920] | num_tokens_in                   |            301 |              0 |
[0;36m(APIServer pid=214609)[0;0m INFO 09-25 05:31:13 [stats.py:920] | num_tokens_out                  |            408 |              0 |
[0;36m(APIServer pid=214609)[0;0m INFO 09-25 05:31:13 [stats.py:920] | output_unit_count               |            408 |        781,440 |
[0;36m(APIServer pid=214609)[0;0m INFO 09-25 05:31:13 [stats.py:920] | output_unit_type                |         stream |          audio |
[0;36m(APIServer pid=214609)[0;0m INFO 09-25 05:31:13 [stats.py:920] | serving_time_to_first_output_ms |     17,257.315 |     17,289.894 |
[0;36m(APIServer pid=214609)[0;0m INFO 09-25 05:31:13 [stats.py:920] | stage_gen_time_ms               |     17,255.902 |     17,288.354 |
[0;36m(APIServer pid=214609)[0;0m INFO 09-25 05:31:13 [stats.py:920] | time_per_output_unit_ms         |          0.000 |          0.000 |
[0;36m(APIServer pid=214609)[0;0m INFO 09-25 05:31:13 [stats.py:920] | vllm_itl_ms                     |         41.807 |        947.138 |
[0;36m(APIServer pid=214609)[0;0m INFO 09-25 05:31:13 [stats.py:920] | vllm_itls_ms                    | 41.807 (n=407) | 947.138 (n=17) |
[0;36m(APIServer pid=214609)[0;0m INFO 09-25 05:31:13 [stats.py:920] | vllm_tpot_ms                    |         41.807 |          0.000 |
[0;36m(APIServer pid=214609)[0;0m INFO 09-25 05:31:13 [stats.py:920] | vllm_ttft_ms                    |        240.437 |      1,186.952 |
[0;36m(APIServer pid=214609)[0;0m INFO 09-25 05:31:13 [stats.py:920] +---------------------------------+----------------+----------------+
[0;36m(APIServer pid=214609)[0;0m INFO 09-25 05:31:13 [serving_speech.py:3646] [SpeechE2E] request_id=speech-9f706f1b85a45061 stream=false status=ok total_ms=17321.34 response_bytes=1562924
[0;36m(APIServer pid=214609)[0;0m INFO:     127.0.0.1:33574 - "POST /v1/audio/speech HTTP/1.1" 200 OK
[0;36m(APIServer pid=214609)[0;0m INFO 09-25 05:31:13 [serving_speech.py:3070] TTS speech request speech-8fea9d3ff797cc9d: model=Base
[0;36m(APIServer pid=214609)[0;0m INFO 09-25 05:31:13 [serving_speech.py:3100] Applied extra_params: {'temperature': 0.9, 'top_k': 50}
[0;36m(APIServer pid=214609)[0;0m INFO 09-25 05:31:13 [stats.py:811] 
[0;36m(APIServer pid=214609)[0;0m INFO 09-25 05:31:13 [stats.py:811] [Overall Summary]
[0;36m(APIServer pid=214609)[0;0m INFO 09-25 05:31:13 [stats.py:811] +-----------------------------+------------+
[0;36m(APIServer pid=214609)[0;0m INFO 09-25 05:31:13 [stats.py:811] | Field                       |      Value |
[0;36m(APIServer pid=214609)[0;0m INFO 09-25 05:31:13 [stats.py:811] +-----------------------------+------------+
[0;36m(APIServer pid=214609)[0;0m INFO 09-25 05:31:13 [stats.py:811] | e2e_requests                |          1 |
[0;36m(APIServer pid=214609)[0;0m INFO 09-25 05:31:13 [stats.py:811] | e2e_wall_time_ms            | 17,568.454 |
[0;36m(APIServer pid=214609)[0;0m INFO 09-25 05:31:13 [stats.py:811] | e2e_total_tokens            |        713 |
[0;36m(APIServer pid=214609)[0;0m INFO 09-25 05:31:13 [stats.py:811] | e2e_avg_time_per_request_ms | 17,568.454 |
[0;36m(APIServer pid=214609)[0;0m INFO 09-25 05:31:13 [stats.py:811] | e2e_avg_tokens_per_s        |     40.584 |
[0;36m(APIServer pid=214609)[0;0m INFO 09-25 05:31:13 [stats.py:811] | input_preprocess_time_ms    |      0.027 |
[0;36m(APIServer pid=214609)[0;0m INFO 09-25 05:31:13 [stats.py:811] | e2e_stage_0_wall_time_ms    | 17,415.637 |
[0;36m(APIServer pid=214609)[0;0m INFO 09-25 05:31:13 [stats.py:811] | e2e_stage_1_wall_time_ms    | 17,566.776 |
[0;36m(APIServer pid=214609)[0;0m INFO 09-25 05:31:13 [stats.py:811] +-----------------------------+------------+
[0;36m(APIServer pid=214609)[0;0m INFO 09-25 05:31:13 [stats.py:837] 
[0;36m(APIServer pid=214609)[0;0m INFO 09-25 05:31:13 [stats.py:837] [RequestE2EStats [request_id=speech-a1001dedb31ff795-9965dead]]
[0;36m(APIServer pid=214609)[0;0m INFO 09-25 05:31:13 [stats.py:837] +------------------+------------+
[0;36m(APIServer pid=214609)[0;0m INFO 09-25 05:31:13 [stats.py:837] | Field            |      Value |
[0;36m(APIServer pid=214609)[0;0m INFO 09-25 05:31:13 [stats.py:837] +------------------+------------+
[0;36m(APIServer pid=214609)[0;0m INFO 09-25 05:31:13 [stats.py:837] | e2e_total_ms     | 17,568.383 |
[0;36m(APIServer pid=214609)[0;0m INFO 09-25 05:31:13 [stats.py:837] | e2e_total_tokens |        713 |
[0;36m(APIServer pid=214609)[0;0m INFO 09-25 05:31:13 [stats.py:837] +------------------+------------+
[0;36m(APIServer pid=214609)[0;0m INFO 09-25 05:31:13 [stats.py:878] [OmniTiming] req=speech-a1001dedb31ff795-9965dead total=17.57s preprocess=0.00s engine=17.57s stages=[0:17.41s,1:17.57s] transfers=[0->1=0.00ms]
[0;36m(APIServer pid=214609)[0;0m INFO 09-25 05:31:13 [stats.py:920] 
[0;36m(APIServer pid=214609)[0;0m INFO 09-25 05:31:13 [stats.py:920] [StageRequestStats [request_id=speech-a1001dedb31ff795-9965dead]]
[0;36m(APIServer pid=214609)[0;0m INFO 09-25 05:31:13 [stats.py:920] +---------------------------------+----------------+----------------+
[0;36m(APIServer pid=214609)[0;0m INFO 09-25 05:31:13 [stats.py:920] | Field                           |              0 |              1 |
[0;36m(APIServer pid=214609)[0;0m INFO 09-25 05:31:13 [stats.py:920] +---------------------------------+----------------+----------------+
[0;36m(APIServer pid=214609)[0;0m INFO 09-25 05:31:13 [stats.py:920] | audio_duration_s                |          0.000 |         32.880 |
[0;36m(APIServer pid=214609)[0;0m INFO 09-25 05:31:13 [stats.py:920] | audio_generated_frames          |              0 |        789,120 |
[0;36m(APIServer pid=214609)[0;0m INFO 09-25 05:31:13 [stats.py:920] | audio_sample_rate               |              0 |         24,000 |
[0;36m(APIServer pid=214609)[0;0m INFO 09-25 05:31:13 [stats.py:920] | batch_id                        |          2,579 |          2,660 |
[0;36m(APIServer pid=214609)[0;0m INFO 09-25 05:31:13 [stats.py:920] | batch_size                      |              1 |              1 |
[0;36m(APIServer pid=214609)[0;0m INFO 09-25 05:31:13 [stats.py:920] | inter_output_latencies_ms       |                |                |
[0;36m(APIServer pid=214609)[0;0m INFO 09-25 05:31:13 [stats.py:920] | num_tokens_in                   |            301 |              0 |
[0;36m(APIServer pid=214609)[0;0m INFO 09-25 05:31:13 [stats.py:920] | num_tokens_out                  |            412 |              0 |
[0;36m(APIServer pid=214609)[0;0m INFO 09-25 05:31:13 [stats.py:920] | output_unit_count               |            412 |        789,120 |
[0;36m(APIServer pid=214609)[0;0m INFO 09-25 05:31:13 [stats.py:920] | output_unit_type                |         stream |          audio |
[0;36m(APIServer pid=214609)[0;0m INFO 09-25 05:31:13 [stats.py:920] | serving_time_to_first_output_ms |     17,415.520 |     17,567.729 |
[0;36m(APIServer pid=214609)[0;0m INFO 09-25 05:31:13 [stats.py:920] | stage_gen_time_ms               |     17,414.014 |     17,566.144 |
[0;36m(APIServer pid=214609)[0;0m INFO 09-25 05:31:13 [stats.py:920] | time_per_output_unit_ms         |          0.000 |          0.000 |
[0;36m(APIServer pid=214609)[0;0m INFO 09-25 05:31:13 [stats.py:920] | vllm_itl_ms                     |         41.526 |        964.571 |
[0;36m(APIServer pid=214609)[0;0m INFO 09-25 05:31:13 [stats.py:920] | vllm_itls_ms                    | 41.526 (n=411) | 964.571 (n=17) |
[0;36m(APIServer pid=214609)[0;0m INFO 09-25 05:31:13 [stats.py:920] | vllm_tpot_ms                    |         41.526 |          0.000 |
[0;36m(APIServer pid=214609)[0;0m INFO 09-25 05:31:13 [stats.py:920] | vllm_ttft_ms                    |        348.284 |      1,168.082 |
[0;36m(APIServer pid=214609)[0;0m INFO 09-25 05:31:13 [stats.py:920] +---------------------------------+----------------+----------------+
[0;36m(APIServer pid=214609)[0;0m INFO 09-25 05:31:13 [serving_speech.py:3646] [SpeechE2E] request_id=speech-a1001dedb31ff795 stream=false status=ok total_ms=17606.78 response_bytes=1578284
[0;36m(APIServer pid=214609)[0;0m INFO:     127.0.0.1:33634 - "POST /v1/audio/speech HTTP/1.1" 200 OK
[0;36m(APIServer pid=214609)[0;0m INFO 09-25 05:31:13 [serving_speech.py:3070] TTS speech request speech-8be3abdb7a0cf84e: model=Base
[0;36m(APIServer pid=214609)[0;0m INFO 09-25 05:31:13 [serving_speech.py:3100] Applied extra_params: {'temperature': 0.9, 'top_k': 50}
[0;36m(APIServer pid=214609)[0;0m INFO 09-25 05:31:13 [stats.py:811] 
[0;36m(APIServer pid=214609)[0;0m INFO 09-25 05:31:13 [stats.py:811] [Overall Summary]
[0;36m(APIServer pid=214609)[0;0m INFO 09-25 05:31:13 [stats.py:811] +-----------------------------+------------+
[0;36m(APIServer pid=214609)[0;0m INFO 09-25 05:31:13 [stats.py:811] | Field                       |      Value |
[0;36m(APIServer pid=214609)[0;0m INFO 09-25 05:31:13 [stats.py:811] +-----------------------------+------------+
[0;36m(APIServer pid=214609)[0;0m INFO 09-25 05:31:13 [stats.py:811] | e2e_requests                |          1 |
[0;36m(APIServer pid=214609)[0;0m INFO 09-25 05:31:13 [stats.py:811] | e2e_wall_time_ms            | 17,655.154 |
[0;36m(APIServer pid=214609)[0;0m INFO 09-25 05:31:13 [stats.py:811] | e2e_total_tokens            |        777 |
[0;36m(APIServer pid=214609)[0;0m INFO 09-25 05:31:13 [stats.py:811] | e2e_avg_time_per_request_ms | 17,655.154 |
[0;36m(APIServer pid=214609)[0;0m INFO 09-25 05:31:13 [stats.py:811] | e2e_avg_tokens_per_s        |     44.010 |
[0;36m(APIServer pid=214609)[0;0m INFO 09-25 05:31:13 [stats.py:811] | input_preprocess_time_ms    |      0.052 |
[0;36m(APIServer pid=214609)[0;0m INFO 09-25 05:31:13 [stats.py:811] | e2e_stage_0_wall_time_ms    | 17,594.229 |
[0;36m(APIServer pid=214609)[0;0m INFO 09-25 05:31:13 [stats.py:811] | e2e_stage_1_wall_time_ms    | 17,654.589 |
[0;36m(APIServer pid=214609)[0;0m INFO 09-25 05:31:13 [stats.py:811] +-----------------------------+------------+
[0;36m(APIServer pid=214609)[0;0m INFO 09-25 05:31:13 [stats.py:837] 
[0;36m(APIServer pid=214609)[0;0m INFO 09-25 05:31:13 [stats.py:837] [RequestE2EStats [request_id=speech-a79e0ee9799f861a-8dea17f8]]
[0;36m(APIServer pid=214609)[0;0m INFO 09-25 05:31:13 [stats.py:837] +------------------+------------+
[0;36m(APIServer pid=214609)[0;0m INFO 09-25 05:31:13 [stats.py:837] | Field            |      Value |
[0;36m(APIServer pid=214609)[0;0m INFO 09-25 05:31:13 [stats.py:837] +------------------+------------+
[0;36m(APIServer pid=214609)[0;0m INFO 09-25 05:31:13 [stats.py:837] | e2e_total_ms     | 17,655.036 |
[0;36m(APIServer pid=214609)[0;0m INFO 09-25 05:31:13 [stats.py:837] | e2e_total_tokens |        777 |
[0;36m(APIServer pid=214609)[0;0m INFO 09-25 05:31:13 [stats.py:837] +------------------+------------+
[0;36m(APIServer pid=214609)[0;0m INFO 09-25 05:31:13 [stats.py:878] [OmniTiming] req=speech-a79e0ee9799f861a-8dea17f8 total=17.66s preprocess=0.00s engine=17.65s stages=[0:17.59s,1:17.65s] transfers=[0->1=0.00ms]
[0;36m(APIServer pid=214609)[0;0m INFO 09-25 05:31:13 [stats.py:920] 
[0;36m(APIServer pid=214609)[0;0m INFO 09-25 05:31:13 [stats.py:920] [StageRequestStats [request_id=speech-a79e0ee9799f861a-8dea17f8]]
[0;36m(APIServer pid=214609)[0;0m INFO 09-25 05:31:13 [stats.py:920] +---------------------------------+----------------+------------------+
[0;36m(APIServer pid=214609)[0;0m INFO 09-25 05:31:13 [stats.py:920] | Field                           |              0 |                1 |
[0;36m(APIServer pid=214609)[0;0m INFO 09-25 05:31:13 [stats.py:920] +---------------------------------+----------------+------------------+
[0;36m(APIServer pid=214609)[0;0m INFO 09-25 05:31:13 [stats.py:920] | audio_duration_s                |          0.000 |           33.280 |
[0;36m(APIServer pid=214609)[0;0m INFO 09-25 05:31:13 [stats.py:920] | audio_generated_frames          |              0 |          798,720 |
[0;36m(APIServer pid=214609)[0;0m INFO 09-25 05:31:13 [stats.py:920] | audio_sample_rate               |              0 |           24,000 |
[0;36m(APIServer pid=214609)[0;0m INFO 09-25 05:31:13 [stats.py:920] | batch_id                        |          2,580 |            2,661 |
[0;36m(APIServer pid=214609)[0;0m INFO 09-25 05:31:13 [stats.py:920] | batch_size                      |              1 |                1 |
[0;36m(APIServer pid=214609)[0;0m INFO 09-25 05:31:13 [stats.py:920] | inter_output_latencies_ms       |                |                  |
[0;36m(APIServer pid=214609)[0;0m INFO 09-25 05:31:13 [stats.py:920] | num_tokens_in                   |            360 |                0 |
[0;36m(APIServer pid=214609)[0;0m INFO 09-25 05:31:13 [stats.py:920] | num_tokens_out                  |            417 |                0 |
[0;36m(APIServer pid=214609)[0;0m INFO 09-25 05:31:13 [stats.py:920] | output_unit_count               |            417 |          798,720 |
[0;36m(APIServer pid=214609)[0;0m INFO 09-25 05:31:13 [stats.py:920] | output_unit_type                |         stream |            audio |
[0;36m(APIServer pid=214609)[0;0m INFO 09-25 05:31:13 [stats.py:920] | serving_time_to_first_output_ms |     17,594.179 |       17,654.678 |
[0;36m(APIServer pid=214609)[0;0m INFO 09-25 05:31:13 [stats.py:920] | stage_gen_time_ms               |     17,593.755 |       17,654.206 |
[0;36m(APIServer pid=214609)[0;0m INFO 09-25 05:31:13 [stats.py:920] | time_per_output_unit_ms         |          0.000 |            0.000 |
[0;36m(APIServer pid=214609)[0;0m INFO 09-25 05:31:13 [stats.py:920] | vllm_itl_ms                     |         42.166 |        1,027.747 |
[0;36m(APIServer pid=214609)[0;0m INFO 09-25 05:31:13 [stats.py:920] | vllm_itls_ms                    | 42.166 (n=416) | 1,027.747 (n=17) |
[0;36m(APIServer pid=214609)[0;0m INFO 09-25 05:31:13 [stats.py:920] | vllm_tpot_ms                    |         42.166 |            0.000 |
[0;36m(APIServer pid=214609)[0;0m INFO 09-25 05:31:13 [stats.py:920] | vllm_ttft_ms                    |         56.258 |          182.520 |
[0;36m(APIServer pid=214609)[0;0m INFO 09-25 05:31:13 [stats.py:920] +---------------------------------+----------------+------------------+
[0;36m(APIServer pid=214609)[0;0m INFO 09-25 05:31:13 [serving_speech.py:3646] [SpeechE2E] request_id=speech-a79e0ee9799f861a stream=false status=ok total_ms=17667.61 response_bytes=1597484
[0;36m(APIServer pid=214609)[0;0m INFO:     127.0.0.1:33570 - "POST /v1/audio/speech HTTP/1.1" 200 OK
[0;36m(APIServer pid=214609)[0;0m INFO 09-25 05:31:13 [serving_speech.py:3070] TTS speech request speech-9ca18493969eb36e: model=Base
[0;36m(APIServer pid=214609)[0;0m INFO 09-25 05:31:13 [serving_speech.py:3100] Applied extra_params: {'temperature': 0.9, 'top_k': 50}
[0;36m(APIServer pid=214609)[0;0m INFO 09-25 05:31:13 [stats.py:811] 
[0;36m(APIServer pid=214609)[0;0m INFO 09-25 05:31:13 [stats.py:811] [Overall Summary]
[0;36m(APIServer pid=214609)[0;0m INFO 09-25 05:31:13 [stats.py:811] +-----------------------------+------------+
[0;36m(APIServer pid=214609)[0;0m INFO 09-25 05:31:13 [stats.py:811] | Field                       |      Value |
[0;36m(APIServer pid=214609)[0;0m INFO 09-25 05:31:13 [stats.py:811] +-----------------------------+------------+
[0;36m(APIServer pid=214609)[0;0m INFO 09-25 05:31:13 [stats.py:811] | e2e_requests                |          1 |
[0;36m(APIServer pid=214609)[0;0m INFO 09-25 05:31:13 [stats.py:811] | e2e_wall_time_ms            | 17,648.905 |
[0;36m(APIServer pid=214609)[0;0m INFO 09-25 05:31:13 [stats.py:811] | e2e_total_tokens            |        776 |
[0;36m(APIServer pid=214609)[0;0m INFO 09-25 05:31:13 [stats.py:811] | e2e_avg_time_per_request_ms | 17,648.905 |
[0;36m(APIServer pid=214609)[0;0m INFO 09-25 05:31:13 [stats.py:811] | e2e_avg_tokens_per_s        |     43.969 |
[0;36m(APIServer pid=214609)[0;0m INFO 09-25 05:31:13 [stats.py:811] | input_preprocess_time_ms    |      0.030 |
[0;36m(APIServer pid=214609)[0;0m INFO 09-25 05:31:13 [stats.py:811] | e2e_stage_0_wall_time_ms    | 17,612.350 |
[0;36m(APIServer pid=214609)[0;0m INFO 09-25 05:31:13 [stats.py:811] | e2e_stage_1_wall_time_ms    | 17,647.149 |
[0;36m(APIServer pid=214609)[0;0m INFO 09-25 05:31:13 [stats.py:811] +-----------------------------+------------+
[0;36m(APIServer pid=214609)[0;0m INFO 09-25 05:31:13 [stats.py:837] 
[0;36m(APIServer pid=214609)[0;0m INFO 09-25 05:31:13 [stats.py:837] [RequestE2EStats [request_id=speech-b0d2129fb6b3929f-874b05c2]]
[0;36m(APIServer pid=214609)[0;0m INFO 09-25 05:31:13 [stats.py:837] +------------------+------------+
[0;36m(APIServer pid=214609)[0;0m INFO 09-25 05:31:13 [stats.py:837] | Field            |      Value |
[0;36m(APIServer pid=214609)[0;0m INFO 09-25 05:31:13 [stats.py:837] +------------------+------------+
[0;36m(APIServer pid=214609)[0;0m INFO 09-25 05:31:13 [stats.py:837] | e2e_total_ms     | 17,648.829 |
[0;36m(APIServer pid=214609)[0;0m INFO 09-25 05:31:13 [stats.py:837] | e2e_total_tokens |        776 |
[0;36m(APIServer pid=214609)[0;0m INFO 09-25 05:31:13 [stats.py:837] +------------------+------------+
[0;36m(APIServer pid=214609)[0;0m INFO 09-25 05:31:13 [stats.py:878] [OmniTiming] req=speech-b0d2129fb6b3929f-874b05c2 total=17.65s preprocess=0.00s engine=17.65s stages=[0:17.61s,1:17.65s] transfers=[0->1=0.00ms]
[0;36m(APIServer pid=214609)[0;0m INFO 09-25 05:31:13 [stats.py:920] 
[0;36m(APIServer pid=214609)[0;0m INFO 09-25 05:31:13 [stats.py:920] [StageRequestStats [request_id=speech-b0d2129fb6b3929f-874b05c2]]
[0;36m(APIServer pid=214609)[0;0m INFO 09-25 05:31:13 [stats.py:920] +---------------------------------+----------------+----------------+
[0;36m(APIServer pid=214609)[0;0m INFO 09-25 05:31:13 [stats.py:920] | Field                           |              0 |              1 |
[0;36m(APIServer pid=214609)[0;0m INFO 09-25 05:31:13 [stats.py:920] +---------------------------------+----------------+----------------+
[0;36m(APIServer pid=214609)[0;0m INFO 09-25 05:31:13 [stats.py:920] | audio_duration_s                |          0.000 |         33.200 |
[0;36m(APIServer pid=214609)[0;0m INFO 09-25 05:31:13 [stats.py:920] | audio_generated_frames          |              0 |        796,800 |
[0;36m(APIServer pid=214609)[0;0m INFO 09-25 05:31:13 [stats.py:920] | audio_sample_rate               |              0 |         24,000 |
[0;36m(APIServer pid=214609)[0;0m INFO 09-25 05:31:13 [stats.py:920] | batch_id                        |          2,581 |          2,662 |
[0;36m(APIServer pid=214609)[0;0m INFO 09-25 05:31:13 [stats.py:920] | batch_size                      |              1 |              1 |
[0;36m(APIServer pid=214609)[0;0m INFO 09-25 05:31:13 [stats.py:920] | inter_output_latencies_ms       |                |                |
[0;36m(APIServer pid=214609)[0;0m INFO 09-25 05:31:13 [stats.py:920] | num_tokens_in                   |            360 |              0 |
[0;36m(APIServer pid=214609)[0;0m INFO 09-25 05:31:13 [stats.py:920] | num_tokens_out                  |            416 |              0 |
[0;36m(APIServer pid=214609)[0;0m INFO 09-25 05:31:13 [stats.py:920] | output_unit_count               |            416 |        796,800 |
[0;36m(APIServer pid=214609)[0;0m INFO 09-25 05:31:13 [stats.py:920] | output_unit_type                |         stream |          audio |
[0;36m(APIServer pid=214609)[0;0m INFO 09-25 05:31:13 [stats.py:920] | serving_time_to_first_output_ms |     17,607.828 |     17,647.720 |
[0;36m(APIServer pid=214609)[0;0m INFO 09-25 05:31:13 [stats.py:920] | stage_gen_time_ms               |     17,606.265 |     17,646.108 |
[0;36m(APIServer pid=214609)[0;0m INFO 09-25 05:31:13 [stats.py:920] | time_per_output_unit_ms         |          0.000 |          0.000 |
[0;36m(APIServer pid=214609)[0;0m INFO 09-25 05:31:13 [stats.py:920] | vllm_itl_ms                     |         41.889 |        968.966 |
[0;36m(APIServer pid=214609)[0;0m INFO 09-25 05:31:13 [stats.py:920] | vllm_itls_ms                    | 41.889 (n=415) | 968.966 (n=17) |
[0;36m(APIServer pid=214609)[0;0m INFO 09-25 05:31:13 [stats.py:920] | vllm_tpot_ms                    |         41.889 |          0.000 |
[0;36m(APIServer pid=214609)[0;0m INFO 09-25 05:31:13 [stats.py:920] | vllm_ttft_ms                    |        224.737 |      1,172.321 |
[0;36m(APIServer pid=214609)[0;0m INFO 09-25 05:31:13 [stats.py:920] +---------------------------------+----------------+----------------+
[0;36m(APIServer pid=214609)[0;0m INFO 09-25 05:31:13 [serving_speech.py:3646] [SpeechE2E] request_id=speech-b0d2129fb6b3929f stream=false status=ok total_ms=17683.78 response_bytes=1593644
[0;36m(APIServer pid=214609)[0;0m INFO:     127.0.0.1:33618 - "POST /v1/audio/speech HTTP/1.1" 200 OK
[0;36m(APIServer pid=214609)[0;0m INFO 09-25 05:31:14 [serving_speech.py:3070] TTS speech request speech-bc138b46ce27b915: model=Base
[0;36m(APIServer pid=214609)[0;0m INFO 09-25 05:31:14 [serving_speech.py:3100] Applied extra_params: {'temperature': 0.9, 'top_k': 50}
[0;36m(APIServer pid=214609)[0;0m INFO 09-25 05:31:14 [stats.py:811] 
[0;36m(APIServer pid=214609)[0;0m INFO 09-25 05:31:14 [stats.py:811] [Overall Summary]
[0;36m(APIServer pid=214609)[0;0m INFO 09-25 05:31:14 [stats.py:811] +-----------------------------+------------+
[0;36m(APIServer pid=214609)[0;0m INFO 09-25 05:31:14 [stats.py:811] | Field                       |      Value |
[0;36m(APIServer pid=214609)[0;0m INFO 09-25 05:31:14 [stats.py:811] +-----------------------------+------------+
[0;36m(APIServer pid=214609)[0;0m INFO 09-25 05:31:14 [stats.py:811] | e2e_requests                |          1 |
[0;36m(APIServer pid=214609)[0;0m INFO 09-25 05:31:14 [stats.py:811] | e2e_wall_time_ms            | 18,071.507 |
[0;36m(APIServer pid=214609)[0;0m INFO 09-25 05:31:14 [stats.py:811] | e2e_total_tokens            |        725 |
[0;36m(APIServer pid=214609)[0;0m INFO 09-25 05:31:14 [stats.py:811] | e2e_avg_time_per_request_ms | 18,071.507 |
[0;36m(APIServer pid=214609)[0;0m INFO 09-25 05:31:14 [stats.py:811] | e2e_avg_tokens_per_s        |     40.118 |
[0;36m(APIServer pid=214609)[0;0m INFO 09-25 05:31:14 [stats.py:811] | input_preprocess_time_ms    |      0.028 |
[0;36m(APIServer pid=214609)[0;0m INFO 09-25 05:31:14 [stats.py:811] | e2e_stage_0_wall_time_ms    | 18,031.623 |
[0;36m(APIServer pid=214609)[0;0m INFO 09-25 05:31:14 [stats.py:811] | e2e_stage_1_wall_time_ms    | 18,069.943 |
[0;36m(APIServer pid=214609)[0;0m INFO 09-25 05:31:14 [stats.py:811] +-----------------------------+------------+
[0;36m(APIServer pid=214609)[0;0m INFO 09-25 05:31:14 [stats.py:837] 
[0;36m(APIServer pid=214609)[0;0m INFO 09-25 05:31:14 [stats.py:837] [RequestE2EStats [request_id=speech-87407ec46b001b18-b2e3141c]]
[0;36m(APIServer pid=214609)[0;0m INFO 09-25 05:31:14 [stats.py:837] +------------------+------------+
[0;36m(APIServer pid=214609)[0;0m INFO 09-25 05:31:14 [stats.py:837] | Field            |      Value |
[0;36m(APIServer pid=214609)[0;0m INFO 09-25 05:31:14 [stats.py:837] +------------------+------------+
[0;36m(APIServer pid=214609)[0;0m INFO 09-25 05:31:14 [stats.py:837] | e2e_total_ms     | 18,071.435 |
[0;36m(APIServer pid=214609)[0;0m INFO 09-25 05:31:14 [stats.py:837] | e2e_total_tokens |        725 |
[0;36m(APIServer pid=214609)[0;0m INFO 09-25 05:31:14 [stats.py:837] +------------------+------------+
[0;36m(APIServer pid=214609)[0;0m INFO 09-25 05:31:14 [stats.py:878] [OmniTiming] req=speech-87407ec46b001b18-b2e3141c total=18.07s preprocess=0.00s engine=18.07s stages=[0:18.03s,1:18.07s] transfers=[0->1=0.00ms]
[0;36m(APIServer pid=214609)[0;0m INFO 09-25 05:31:14 [stats.py:920] 
[0;36m(APIServer pid=214609)[0;0m INFO 09-25 05:31:14 [stats.py:920] [StageRequestStats [request_id=speech-87407ec46b001b18-b2e3141c]]
[0;36m(APIServer pid=214609)[0;0m INFO 09-25 05:31:14 [stats.py:920] +---------------------------------+----------------+----------------+
[0;36m(APIServer pid=214609)[0;0m INFO 09-25 05:31:14 [stats.py:920] | Field                           |              0 |              1 |
[0;36m(APIServer pid=214609)[0;0m INFO 09-25 05:31:14 [stats.py:920] +---------------------------------+----------------+----------------+
[0;36m(APIServer pid=214609)[0;0m INFO 09-25 05:31:14 [stats.py:920] | audio_duration_s                |          0.000 |         33.840 |
[0;36m(APIServer pid=214609)[0;0m INFO 09-25 05:31:14 [stats.py:920] | audio_generated_frames          |              0 |        812,160 |
[0;36m(APIServer pid=214609)[0;0m INFO 09-25 05:31:14 [stats.py:920] | audio_sample_rate               |              0 |         24,000 |
[0;36m(APIServer pid=214609)[0;0m INFO 09-25 05:31:14 [stats.py:920] | batch_id                        |          2,582 |          2,663 |
[0;36m(APIServer pid=214609)[0;0m INFO 09-25 05:31:14 [stats.py:920] | batch_size                      |              1 |              1 |
[0;36m(APIServer pid=214609)[0;0m INFO 09-25 05:31:14 [stats.py:920] | inter_output_latencies_ms       |                |                |
[0;36m(APIServer pid=214609)[0;0m INFO 09-25 05:31:14 [stats.py:920] | num_tokens_in                   |            301 |              0 |
[0;36m(APIServer pid=214609)[0;0m INFO 09-25 05:31:14 [stats.py:920] | num_tokens_out                  |            424 |              0 |
[0;36m(APIServer pid=214609)[0;0m INFO 09-25 05:31:14 [stats.py:920] | output_unit_count               |            424 |        812,160 |
[0;36m(APIServer pid=214609)[0;0m INFO 09-25 05:31:14 [stats.py:920] | output_unit_type                |         stream |          audio |
[0;36m(APIServer pid=214609)[0;0m INFO 09-25 05:31:14 [stats.py:920] | serving_time_to_first_output_ms |     18,031.565 |     18,071.166 |
[0;36m(APIServer pid=214609)[0;0m INFO 09-25 05:31:14 [stats.py:920] | stage_gen_time_ms               |     18,031.509 |     18,069.707 |
[0;36m(APIServer pid=214609)[0;0m INFO 09-25 05:31:14 [stats.py:920] | time_per_output_unit_ms         |          0.000 |          0.000 |
[0;36m(APIServer pid=214609)[0;0m INFO 09-25 05:31:14 [stats.py:920] | vllm_itl_ms                     |         41.820 |        994.709 |
[0;36m(APIServer pid=214609)[0;0m INFO 09-25 05:31:14 [stats.py:920] | vllm_itls_ms                    | 41.820 (n=423) | 994.709 (n=17) |
[0;36m(APIServer pid=214609)[0;0m INFO 09-25 05:31:14 [stats.py:920] | vllm_tpot_ms                    |         41.820 |          0.000 |
[0;36m(APIServer pid=214609)[0;0m INFO 09-25 05:31:14 [stats.py:920] | vllm_ttft_ms                    |        339.404 |      1,159.318 |
[0;36m(APIServer pid=214609)[0;0m INFO 09-25 05:31:14 [stats.py:920] +---------------------------------+----------------+----------------+
[0;36m(APIServer pid=214609)[0;0m INFO 09-25 05:31:14 [serving_speech.py:3646] [SpeechE2E] request_id=speech-87407ec46b001b18 stream=false status=ok total_ms=18108.70 response_bytes=1624364
[0;36m(APIServer pid=214609)[0;0m INFO:     127.0.0.1:33674 - "POST /v1/audio/speech HTTP/1.1" 200 OK
[0;36m(APIServer pid=214609)[0;0m INFO 09-25 05:31:14 [serving_speech.py:3070] TTS speech request speech-9d963081e08086f5: model=Base
[0;36m(APIServer pid=214609)[0;0m INFO 09-25 05:31:14 [serving_speech.py:3100] Applied extra_params: {'temperature': 0.9, 'top_k': 50}
[0;36m(APIServer pid=214609)[0;0m INFO 09-25 05:31:14 [stats.py:811] 
[0;36m(APIServer pid=214609)[0;0m INFO 09-25 05:31:14 [stats.py:811] [Overall Summary]
[0;36m(APIServer pid=214609)[0;0m INFO 09-25 05:31:14 [stats.py:811] +-----------------------------+------------+
[0;36m(APIServer pid=214609)[0;0m INFO 09-25 05:31:14 [stats.py:811] | Field                       |      Value |
[0;36m(APIServer pid=214609)[0;0m INFO 09-25 05:31:14 [stats.py:811] +-----------------------------+------------+
[0;36m(APIServer pid=214609)[0;0m INFO 09-25 05:31:14 [stats.py:811] | e2e_requests                |          1 |
[0;36m(APIServer pid=214609)[0;0m INFO 09-25 05:31:14 [stats.py:811] | e2e_wall_time_ms            | 18,640.934 |
[0;36m(APIServer pid=214609)[0;0m INFO 09-25 05:31:14 [stats.py:811] | e2e_total_tokens            |        737 |
[0;36m(APIServer pid=214609)[0;0m INFO 09-25 05:31:14 [stats.py:811] | e2e_avg_time_per_request_ms | 18,640.934 |
[0;36m(APIServer pid=214609)[0;0m INFO 09-25 05:31:14 [stats.py:811] | e2e_avg_tokens_per_s        |     39.537 |
[0;36m(APIServer pid=214609)[0;0m INFO 09-25 05:31:14 [stats.py:811] | input_preprocess_time_ms    |      0.036 |
[0;36m(APIServer pid=214609)[0;0m INFO 09-25 05:31:14 [stats.py:811] | e2e_stage_0_wall_time_ms    | 18,601.256 |
[0;36m(APIServer pid=214609)[0;0m INFO 09-25 05:31:14 [stats.py:811] | e2e_stage_1_wall_time_ms    | 18,639.463 |
[0;36m(APIServer pid=214609)[0;0m INFO 09-25 05:31:14 [stats.py:811] +-----------------------------+------------+
[0;36m(APIServer pid=214609)[0;0m INFO 09-25 05:31:14 [stats.py:837] 
[0;36m(APIServer pid=214609)[0;0m INFO 09-25 05:31:14 [stats.py:837] [RequestE2EStats [request_id=speech-a8186b5ae8f6e029-b780be0b]]
[0;36m(APIServer pid=214609)[0;0m INFO 09-25 05:31:14 [stats.py:837] +------------------+------------+
[0;36m(APIServer pid=214609)[0;0m INFO 09-25 05:31:14 [stats.py:837] | Field            |      Value |
[0;36m(APIServer pid=214609)[0;0m INFO 09-25 05:31:14 [stats.py:837] +------------------+------------+
[0;36m(APIServer pid=214609)[0;0m INFO 09-25 05:31:14 [stats.py:837] | e2e_total_ms     | 18,640.845 |
[0;36m(APIServer pid=214609)[0;0m INFO 09-25 05:31:14 [stats.py:837] | e2e_total_tokens |        737 |
[0;36m(APIServer pid=214609)[0;0m INFO 09-25 05:31:14 [stats.py:837] +------------------+------------+
[0;36m(APIServer pid=214609)[0;0m INFO 09-25 05:31:14 [stats.py:878] [OmniTiming] req=speech-a8186b5ae8f6e029-b780be0b total=18.64s preprocess=0.00s engine=18.64s stages=[0:18.60s,1:18.64s] transfers=[0->1=0.00ms]
[0;36m(APIServer pid=214609)[0;0m INFO 09-25 05:31:14 [stats.py:920] 
[0;36m(APIServer pid=214609)[0;0m INFO 09-25 05:31:14 [stats.py:920] [StageRequestStats [request_id=speech-a8186b5ae8f6e029-b780be0b]]
[0;36m(APIServer pid=214609)[0;0m INFO 09-25 05:31:14 [stats.py:920] +---------------------------------+----------------+----------------+
[0;36m(APIServer pid=214609)[0;0m INFO 09-25 05:31:14 [stats.py:920] | Field                           |              0 |              1 |
[0;36m(APIServer pid=214609)[0;0m INFO 09-25 05:31:14 [stats.py:920] +---------------------------------+----------------+----------------+
[0;36m(APIServer pid=214609)[0;0m INFO 09-25 05:31:14 [stats.py:920] | audio_duration_s                |          0.000 |         34.800 |
[0;36m(APIServer pid=214609)[0;0m INFO 09-25 05:31:14 [stats.py:920] | audio_generated_frames          |              0 |        835,200 |
[0;36m(APIServer pid=214609)[0;0m INFO 09-25 05:31:14 [stats.py:920] | audio_sample_rate               |              0 |         24,000 |
[0;36m(APIServer pid=214609)[0;0m INFO 09-25 05:31:14 [stats.py:920] | batch_id                        |          2,583 |          2,664 |
[0;36m(APIServer pid=214609)[0;0m INFO 09-25 05:31:14 [stats.py:920] | batch_size                      |              1 |              1 |
[0;36m(APIServer pid=214609)[0;0m INFO 09-25 05:31:14 [stats.py:920] | inter_output_latencies_ms       |                |                |
[0;36m(APIServer pid=214609)[0;0m INFO 09-25 05:31:14 [stats.py:920] | num_tokens_in                   |            301 |              0 |
[0;36m(APIServer pid=214609)[0;0m INFO 09-25 05:31:14 [stats.py:920] | num_tokens_out                  |            436 |              0 |
[0;36m(APIServer pid=214609)[0;0m INFO 09-25 05:31:14 [stats.py:920] | output_unit_count               |            436 |        835,200 |
[0;36m(APIServer pid=214609)[0;0m INFO 09-25 05:31:14 [stats.py:920] | output_unit_type                |         stream |          audio |
[0;36m(APIServer pid=214609)[0;0m INFO 09-25 05:31:14 [stats.py:920] | serving_time_to_first_output_ms |     18,600.642 |     18,639.769 |
[0;36m(APIServer pid=214609)[0;0m INFO 09-25 05:31:14 [stats.py:920] | stage_gen_time_ms               |     18,599.319 |     18,638.417 |
[0;36m(APIServer pid=214609)[0;0m INFO 09-25 05:31:14 [stats.py:920] | time_per_output_unit_ms         |          0.000 |          0.000 |
[0;36m(APIServer pid=214609)[0;0m INFO 09-25 05:31:14 [stats.py:920] | vllm_itl_ms                     |         42.212 |        969.522 |
[0;36m(APIServer pid=214609)[0;0m INFO 09-25 05:31:14 [stats.py:920] | vllm_itls_ms                    | 42.212 (n=435) | 969.522 (n=18) |
[0;36m(APIServer pid=214609)[0;0m INFO 09-25 05:31:14 [stats.py:920] | vllm_tpot_ms                    |         42.212 |          0.000 |
[0;36m(APIServer pid=214609)[0;0m INFO 09-25 05:31:14 [stats.py:920] | vllm_ttft_ms                    |        238.267 |      1,184.859 |
[0;36m(APIServer pid=214609)[0;0m INFO 09-25 05:31:14 [stats.py:920] +---------------------------------+----------------+----------------+
[0;36m(APIServer pid=214609)[0;0m INFO 09-25 05:31:14 [serving_speech.py:3646] [SpeechE2E] request_id=speech-a8186b5ae8f6e029 stream=false status=ok total_ms=18678.89 response_bytes=1670444
[0;36m(APIServer pid=214609)[0;0m INFO:     127.0.0.1:33586 - "POST /v1/audio/speech HTTP/1.1" 200 OK
[0;36m(APIServer pid=214609)[0;0m INFO 09-25 05:31:14 [serving_speech.py:3070] TTS speech request speech-a18b2a0320945b20: model=Base
[0;36m(APIServer pid=214609)[0;0m INFO 09-25 05:31:14 [serving_speech.py:3100] Applied extra_params: {'temperature': 0.9, 'top_k': 50}
[0;36m(APIServer pid=214609)[0;0m INFO 09-25 05:31:15 [stats.py:811] 
[0;36m(APIServer pid=214609)[0;0m INFO 09-25 05:31:15 [stats.py:811] [Overall Summary]
[0;36m(APIServer pid=214609)[0;0m INFO 09-25 05:31:15 [stats.py:811] +-----------------------------+------------+
[0;36m(APIServer pid=214609)[0;0m INFO 09-25 05:31:15 [stats.py:811] | Field                       |      Value |
[0;36m(APIServer pid=214609)[0;0m INFO 09-25 05:31:15 [stats.py:811] +-----------------------------+------------+
[0;36m(APIServer pid=214609)[0;0m INFO 09-25 05:31:15 [stats.py:811] | e2e_requests                |          1 |
[0;36m(APIServer pid=214609)[0;0m INFO 09-25 05:31:15 [stats.py:811] | e2e_wall_time_ms            | 18,759.736 |
[0;36m(APIServer pid=214609)[0;0m INFO 09-25 05:31:15 [stats.py:811] | e2e_total_tokens            |        797 |
[0;36m(APIServer pid=214609)[0;0m INFO 09-25 05:31:15 [stats.py:811] | e2e_avg_time_per_request_ms | 18,759.736 |
[0;36m(APIServer pid=214609)[0;0m INFO 09-25 05:31:15 [stats.py:811] | e2e_avg_tokens_per_s        |     42.485 |
[0;36m(APIServer pid=214609)[0;0m INFO 09-25 05:31:15 [stats.py:811] | input_preprocess_time_ms    |      0.028 |
[0;36m(APIServer pid=214609)[0;0m INFO 09-25 05:31:15 [stats.py:811] | e2e_stage_0_wall_time_ms    | 18,656.744 |
[0;36m(APIServer pid=214609)[0;0m INFO 09-25 05:31:15 [stats.py:811] | e2e_stage_1_wall_time_ms    | 18,758.237 |
[0;36m(APIServer pid=214609)[0;0m INFO 09-25 05:31:15 [stats.py:811] +-----------------------------+------------+
[0;36m(APIServer pid=214609)[0;0m INFO 09-25 05:31:15 [stats.py:837] 
[0;36m(APIServer pid=214609)[0;0m INFO 09-25 05:31:15 [stats.py:837] [RequestE2EStats [request_id=speech-a35e99701a72a919-b0a3feb1]]
[0;36m(APIServer pid=214609)[0;0m INFO 09-25 05:31:15 [stats.py:837] +------------------+------------+
[0;36m(APIServer pid=214609)[0;0m INFO 09-25 05:31:15 [stats.py:837] | Field            |      Value |
[0;36m(APIServer pid=214609)[0;0m INFO 09-25 05:31:15 [stats.py:837] +------------------+------------+
[0;36m(APIServer pid=214609)[0;0m INFO 09-25 05:31:15 [stats.py:837] | e2e_total_ms     | 18,759.664 |
[0;36m(APIServer pid=214609)[0;0m INFO 09-25 05:31:15 [stats.py:837] | e2e_total_tokens |        797 |
[0;36m(APIServer pid=214609)[0;0m INFO 09-25 05:31:15 [stats.py:837] +------------------+------------+
[0;36m(APIServer pid=214609)[0;0m INFO 09-25 05:31:15 [stats.py:878] [OmniTiming] req=speech-a35e99701a72a919-b0a3feb1 total=18.76s preprocess=0.00s engine=18.76s stages=[0:18.65s,1:18.76s] transfers=[0->1=0.00ms]
[0;36m(APIServer pid=214609)[0;0m INFO 09-25 05:31:15 [stats.py:920] 
[0;36m(APIServer pid=214609)[0;0m INFO 09-25 05:31:15 [stats.py:920] [StageRequestStats [request_id=speech-a35e99701a72a919-b0a3feb1]]
[0;36m(APIServer pid=214609)[0;0m INFO 09-25 05:31:15 [stats.py:920] +---------------------------------+----------------+----------------+
[0;36m(APIServer pid=214609)[0;0m INFO 09-25 05:31:15 [stats.py:920] | Field                           |              0 |              1 |
[0;36m(APIServer pid=214609)[0;0m INFO 09-25 05:31:15 [stats.py:920] +---------------------------------+----------------+----------------+
[0;36m(APIServer pid=214609)[0;0m INFO 09-25 05:31:15 [stats.py:920] | audio_duration_s                |          0.000 |         34.880 |
[0;36m(APIServer pid=214609)[0;0m INFO 09-25 05:31:15 [stats.py:920] | audio_generated_frames          |              0 |        837,120 |
[0;36m(APIServer pid=214609)[0;0m INFO 09-25 05:31:15 [stats.py:920] | audio_sample_rate               |              0 |         24,000 |
[0;36m(APIServer pid=214609)[0;0m INFO 09-25 05:31:15 [stats.py:920] | batch_id                        |          2,584 |          2,665 |
[0;36m(APIServer pid=214609)[0;0m INFO 09-25 05:31:15 [stats.py:920] | batch_size                      |              1 |              1 |
[0;36m(APIServer pid=214609)[0;0m INFO 09-25 05:31:15 [stats.py:920] | inter_output_latencies_ms       |                |                |
[0;36m(APIServer pid=214609)[0;0m INFO 09-25 05:31:15 [stats.py:920] | num_tokens_in                   |            360 |              0 |
[0;36m(APIServer pid=214609)[0;0m INFO 09-25 05:31:15 [stats.py:920] | num_tokens_out                  |            437 |              0 |
[0;36m(APIServer pid=214609)[0;0m INFO 09-25 05:31:15 [stats.py:920] | output_unit_count               |            437 |        837,120 |
[0;36m(APIServer pid=214609)[0;0m INFO 09-25 05:31:15 [stats.py:920] | output_unit_type                |         stream |          audio |
[0;36m(APIServer pid=214609)[0;0m INFO 09-25 05:31:15 [stats.py:920] | serving_time_to_first_output_ms |     18,655.990 |     18,758.853 |
[0;36m(APIServer pid=214609)[0;0m INFO 09-25 05:31:15 [stats.py:920] | stage_gen_time_ms               |     18,654.611 |     18,757.451 |
[0;36m(APIServer pid=214609)[0;0m INFO 09-25 05:31:15 [stats.py:920] | time_per_output_unit_ms         |          0.000 |          0.000 |
[0;36m(APIServer pid=214609)[0;0m INFO 09-25 05:31:15 [stats.py:920] | vllm_itl_ms                     |         41.995 |        977.347 |
[0;36m(APIServer pid=214609)[0;0m INFO 09-25 05:31:15 [stats.py:920] | vllm_itls_ms                    | 41.995 (n=436) | 977.347 (n=18) |
[0;36m(APIServer pid=214609)[0;0m INFO 09-25 05:31:15 [stats.py:920] | vllm_tpot_ms                    |         41.995 |          0.000 |
[0;36m(APIServer pid=214609)[0;0m INFO 09-25 05:31:15 [stats.py:920] | vllm_ttft_ms                    |        345.959 |      1,165.917 |
[0;36m(APIServer pid=214609)[0;0m INFO 09-25 05:31:15 [stats.py:920] +---------------------------------+----------------+----------------+
[0;36m(APIServer pid=214609)[0;0m INFO 09-25 05:31:15 [serving_speech.py:3646] [SpeechE2E] request_id=speech-a35e99701a72a919 stream=false status=ok total_ms=18795.88 response_bytes=1674284
[0;36m(APIServer pid=214609)[0;0m INFO:     127.0.0.1:33650 - "POST /v1/audio/speech HTTP/1.1" 200 OK
[0;36m(APIServer pid=214609)[0;0m INFO 09-25 05:31:15 [serving_speech.py:3070] TTS speech request speech-bd73fe7dafc5cd9e: model=Base
[0;36m(APIServer pid=214609)[0;0m INFO 09-25 05:31:15 [serving_speech.py:3100] Applied extra_params: {'temperature': 0.9, 'top_k': 50}
[0;36m(APIServer pid=214609)[0;0m INFO 09-25 05:31:15 [stats.py:811] 
[0;36m(APIServer pid=214609)[0;0m INFO 09-25 05:31:15 [stats.py:811] [Overall Summary]
[0;36m(APIServer pid=214609)[0;0m INFO 09-25 05:31:15 [stats.py:811] +-----------------------------+------------+
[0;36m(APIServer pid=214609)[0;0m INFO 09-25 05:31:15 [stats.py:811] | Field                       |      Value |
[0;36m(APIServer pid=214609)[0;0m INFO 09-25 05:31:15 [stats.py:811] +-----------------------------+------------+
[0;36m(APIServer pid=214609)[0;0m INFO 09-25 05:31:15 [stats.py:811] | e2e_requests                |          1 |
[0;36m(APIServer pid=214609)[0;0m INFO 09-25 05:31:15 [stats.py:811] | e2e_wall_time_ms            | 18,827.708 |
[0;36m(APIServer pid=214609)[0;0m INFO 09-25 05:31:15 [stats.py:811] | e2e_total_tokens            |        799 |
[0;36m(APIServer pid=214609)[0;0m INFO 09-25 05:31:15 [stats.py:811] | e2e_avg_time_per_request_ms | 18,827.708 |
[0;36m(APIServer pid=214609)[0;0m INFO 09-25 05:31:15 [stats.py:811] | e2e_avg_tokens_per_s        |     42.437 |
[0;36m(APIServer pid=214609)[0;0m INFO 09-25 05:31:15 [stats.py:811] | input_preprocess_time_ms    |      0.027 |
[0;36m(APIServer pid=214609)[0;0m INFO 09-25 05:31:15 [stats.py:811] | e2e_stage_0_wall_time_ms    | 18,787.982 |
[0;36m(APIServer pid=214609)[0;0m INFO 09-25 05:31:15 [stats.py:811] | e2e_stage_1_wall_time_ms    | 18,827.570 |
[0;36m(APIServer pid=214609)[0;0m INFO 09-25 05:31:15 [stats.py:811] +-----------------------------+------------+
[0;36m(APIServer pid=214609)[0;0m INFO 09-25 05:31:15 [stats.py:837] 
[0;36m(APIServer pid=214609)[0;0m INFO 09-25 05:31:15 [stats.py:837] [RequestE2EStats [request_id=speech-9e2fbbece72b7d06-846196db]]
[0;36m(APIServer pid=214609)[0;0m INFO 09-25 05:31:15 [stats.py:837] +------------------+------------+
[0;36m(APIServer pid=214609)[0;0m INFO 09-25 05:31:15 [stats.py:837] | Field            |      Value |
[0;36m(APIServer pid=214609)[0;0m INFO 09-25 05:31:15 [stats.py:837] +------------------+------------+
[0;36m(APIServer pid=214609)[0;0m INFO 09-25 05:31:15 [stats.py:837] | e2e_total_ms     | 18,827.640 |
[0;36m(APIServer pid=214609)[0;0m INFO 09-25 05:31:15 [stats.py:837] | e2e_total_tokens |        799 |
[0;36m(APIServer pid=214609)[0;0m INFO 09-25 05:31:15 [stats.py:837] +------------------+------------+
[0;36m(APIServer pid=214609)[0;0m INFO 09-25 05:31:15 [stats.py:878] [OmniTiming] req=speech-9e2fbbece72b7d06-846196db total=18.83s preprocess=0.00s engine=18.83s stages=[0:18.79s,1:18.83s] transfers=[0->1=0.00ms]
[0;36m(APIServer pid=214609)[0;0m INFO 09-25 05:31:15 [stats.py:920] 
[0;36m(APIServer pid=214609)[0;0m INFO 09-25 05:31:15 [stats.py:920] [StageRequestStats [request_id=speech-9e2fbbece72b7d06-846196db]]
[0;36m(APIServer pid=214609)[0;0m INFO 09-25 05:31:15 [stats.py:920] +---------------------------------+----------------+----------------+
[0;36m(APIServer pid=214609)[0;0m INFO 09-25 05:31:15 [stats.py:920] | Field                           |              0 |              1 |
[0;36m(APIServer pid=214609)[0;0m INFO 09-25 05:31:15 [stats.py:920] +---------------------------------+----------------+----------------+
[0;36m(APIServer pid=214609)[0;0m INFO 09-25 05:31:15 [stats.py:920] | audio_duration_s                |          0.000 |         35.040 |
[0;36m(APIServer pid=214609)[0;0m INFO 09-25 05:31:15 [stats.py:920] | audio_generated_frames          |              0 |        840,960 |
[0;36m(APIServer pid=214609)[0;0m INFO 09-25 05:31:15 [stats.py:920] | audio_sample_rate               |              0 |         24,000 |
[0;36m(APIServer pid=214609)[0;0m INFO 09-25 05:31:15 [stats.py:920] | batch_id                        |          2,585 |          2,666 |
[0;36m(APIServer pid=214609)[0;0m INFO 09-25 05:31:15 [stats.py:920] | batch_size                      |              1 |              1 |
[0;36m(APIServer pid=214609)[0;0m INFO 09-25 05:31:15 [stats.py:920] | inter_output_latencies_ms       |                |                |
[0;36m(APIServer pid=214609)[0;0m INFO 09-25 05:31:15 [stats.py:920] | num_tokens_in                   |            360 |              0 |
[0;36m(APIServer pid=214609)[0;0m INFO 09-25 05:31:15 [stats.py:920] | num_tokens_out                  |            439 |              0 |
[0;36m(APIServer pid=214609)[0;0m INFO 09-25 05:31:15 [stats.py:920] | output_unit_count               |            439 |        840,960 |
[0;36m(APIServer pid=214609)[0;0m INFO 09-25 05:31:15 [stats.py:920] | output_unit_type                |         stream |          audio |
[0;36m(APIServer pid=214609)[0;0m INFO 09-25 05:31:15 [stats.py:920] | serving_time_to_first_output_ms |     18,787.917 |     18,827.451 |
[0;36m(APIServer pid=214609)[0;0m INFO 09-25 05:31:15 [stats.py:920] | stage_gen_time_ms               |     18,787.878 |     18,827.412 |
[0;36m(APIServer pid=214609)[0;0m INFO 09-25 05:31:15 [stats.py:920] | time_per_output_unit_ms         |          0.000 |          0.000 |
[0;36m(APIServer pid=214609)[0;0m INFO 09-25 05:31:15 [stats.py:920] | vllm_itl_ms                     |         42.125 |        981.541 |
[0;36m(APIServer pid=214609)[0;0m INFO 09-25 05:31:15 [stats.py:920] | vllm_itls_ms                    | 42.125 (n=438) | 981.541 (n=18) |
[0;36m(APIServer pid=214609)[0;0m INFO 09-25 05:31:15 [stats.py:920] | vllm_tpot_ms                    |         42.125 |          0.000 |
[0;36m(APIServer pid=214609)[0;0m INFO 09-25 05:31:15 [stats.py:920] | vllm_ttft_ms                    |        337.021 |      1,158.344 |
[0;36m(APIServer pid=214609)[0;0m INFO 09-25 05:31:15 [stats.py:920] +---------------------------------+----------------+----------------+
[0;36m(APIServer pid=214609)[0;0m INFO 09-25 05:31:15 [serving_speech.py:3646] [SpeechE2E] request_id=speech-9e2fbbece72b7d06 stream=false status=ok total_ms=18851.51 response_bytes=1681964
[0;36m(APIServer pid=214609)[0;0m INFO:     127.0.0.1:33678 - "POST /v1/audio/speech HTTP/1.1" 200 OK
[0;36m(APIServer pid=214609)[0;0m INFO 09-25 05:31:15 [serving_speech.py:3070] TTS speech request speech-9066c6ed64565804: model=Base
[0;36m(APIServer pid=214609)[0;0m INFO 09-25 05:31:15 [serving_speech.py:3100] Applied extra_params: {'temperature': 0.9, 'top_k': 50}
[0;36m(APIServer pid=214609)[0;0m INFO 09-25 05:31:15 [stats.py:811] 
[0;36m(APIServer pid=214609)[0;0m INFO 09-25 05:31:15 [stats.py:811] [Overall Summary]
[0;36m(APIServer pid=214609)[0;0m INFO 09-25 05:31:15 [stats.py:811] +-----------------------------+------------+
[0;36m(APIServer pid=214609)[0;0m INFO 09-25 05:31:15 [stats.py:811] | Field                       |      Value |
[0;36m(APIServer pid=214609)[0;0m INFO 09-25 05:31:15 [stats.py:811] +-----------------------------+------------+
[0;36m(APIServer pid=214609)[0;0m INFO 09-25 05:31:15 [stats.py:811] | e2e_requests                |          1 |
[0;36m(APIServer pid=214609)[0;0m INFO 09-25 05:31:15 [stats.py:811] | e2e_wall_time_ms            | 19,630.345 |
[0;36m(APIServer pid=214609)[0;0m INFO 09-25 05:31:15 [stats.py:811] | e2e_total_tokens            |        815 |
[0;36m(APIServer pid=214609)[0;0m INFO 09-25 05:31:15 [stats.py:811] | e2e_avg_time_per_request_ms | 19,630.345 |
[0;36m(APIServer pid=214609)[0;0m INFO 09-25 05:31:15 [stats.py:811] | e2e_avg_tokens_per_s        |     41.517 |
[0;36m(APIServer pid=214609)[0;0m INFO 09-25 05:31:15 [stats.py:811] | input_preprocess_time_ms    |      0.027 |
[0;36m(APIServer pid=214609)[0;0m INFO 09-25 05:31:15 [stats.py:811] | e2e_stage_0_wall_time_ms    | 19,558.009 |
[0;36m(APIServer pid=214609)[0;0m INFO 09-25 05:31:15 [stats.py:811] | e2e_stage_1_wall_time_ms    | 19,628.920 |
[0;36m(APIServer pid=214609)[0;0m INFO 09-25 05:31:15 [stats.py:811] +-----------------------------+------------+
[0;36m(APIServer pid=214609)[0;0m INFO 09-25 05:31:15 [stats.py:837] 
[0;36m(APIServer pid=214609)[0;0m INFO 09-25 05:31:15 [stats.py:837] [RequestE2EStats [request_id=speech-b8001de5295a8e9a-a11d9f9f]]
[0;36m(APIServer pid=214609)[0;0m INFO 09-25 05:31:15 [stats.py:837] +------------------+------------+
[0;36m(APIServer pid=214609)[0;0m INFO 09-25 05:31:15 [stats.py:837] | Field            |      Value |
[0;36m(APIServer pid=214609)[0;0m INFO 09-25 05:31:15 [stats.py:837] +------------------+------------+
[0;36m(APIServer pid=214609)[0;0m INFO 09-25 05:31:15 [stats.py:837] | e2e_total_ms     | 19,630.277 |
[0;36m(APIServer pid=214609)[0;0m INFO 09-25 05:31:15 [stats.py:837] | e2e_total_tokens |        815 |
[0;36m(APIServer pid=214609)[0;0m INFO 09-25 05:31:15 [stats.py:837] +------------------+------------+
[0;36m(APIServer pid=214609)[0;0m INFO 09-25 05:31:15 [stats.py:878] [OmniTiming] req=speech-b8001de5295a8e9a-a11d9f9f total=19.63s preprocess=0.00s engine=19.63s stages=[0:19.56s,1:19.63s] transfers=[0->1=0.00ms]
[0;36m(APIServer pid=214609)[0;0m INFO 09-25 05:31:15 [stats.py:920] 
[0;36m(APIServer pid=214609)[0;0m INFO 09-25 05:31:15 [stats.py:920] [StageRequestStats [request_id=speech-b8001de5295a8e9a-a11d9f9f]]
[0;36m(APIServer pid=214609)[0;0m INFO 09-25 05:31:15 [stats.py:920] +---------------------------------+----------------+----------------+
[0;36m(APIServer pid=214609)[0;0m INFO 09-25 05:31:15 [stats.py:920] | Field                           |              0 |              1 |
[0;36m(APIServer pid=214609)[0;0m INFO 09-25 05:31:15 [stats.py:920] +---------------------------------+----------------+----------------+
[0;36m(APIServer pid=214609)[0;0m INFO 09-25 05:31:15 [stats.py:920] | audio_duration_s                |          0.000 |         36.320 |
[0;36m(APIServer pid=214609)[0;0m INFO 09-25 05:31:15 [stats.py:920] | audio_generated_frames          |              0 |        871,680 |
[0;36m(APIServer pid=214609)[0;0m INFO 09-25 05:31:15 [stats.py:920] | audio_sample_rate               |              0 |         24,000 |
[0;36m(APIServer pid=214609)[0;0m INFO 09-25 05:31:15 [stats.py:920] | batch_id                        |          2,586 |          2,667 |
[0;36m(APIServer pid=214609)[0;0m INFO 09-25 05:31:15 [stats.py:920] | batch_size                      |              1 |              1 |
[0;36m(APIServer pid=214609)[0;0m INFO 09-25 05:31:15 [stats.py:920] | inter_output_latencies_ms       |                |                |
[0;36m(APIServer pid=214609)[0;0m INFO 09-25 05:31:15 [stats.py:920] | num_tokens_in                   |            360 |              0 |
[0;36m(APIServer pid=214609)[0;0m INFO 09-25 05:31:15 [stats.py:920] | num_tokens_out                  |            455 |              0 |
[0;36m(APIServer pid=214609)[0;0m INFO 09-25 05:31:15 [stats.py:920] | output_unit_count               |            455 |        871,680 |
[0;36m(APIServer pid=214609)[0;0m INFO 09-25 05:31:15 [stats.py:920] | output_unit_type                |         stream |          audio |
[0;36m(APIServer pid=214609)[0;0m INFO 09-25 05:31:15 [stats.py:920] | serving_time_to_first_output_ms |     19,557.452 |     19,629.910 |
[0;36m(APIServer pid=214609)[0;0m INFO 09-25 05:31:15 [stats.py:920] | stage_gen_time_ms               |     19,556.136 |     19,628.566 |
[0;36m(APIServer pid=214609)[0;0m INFO 09-25 05:31:15 [stats.py:920] | time_per_output_unit_ms         |          0.000 |          0.000 |
[0;36m(APIServer pid=214609)[0;0m INFO 09-25 05:31:15 [stats.py:920] | vllm_itl_ms                     |         42.326 |        971.861 |
[0;36m(APIServer pid=214609)[0;0m INFO 09-25 05:31:15 [stats.py:920] | vllm_itls_ms                    | 42.326 (n=454) | 971.861 (n=19) |
[0;36m(APIServer pid=214609)[0;0m INFO 09-25 05:31:15 [stats.py:920] | vllm_tpot_ms                    |         42.326 |          0.000 |
[0;36m(APIServer pid=214609)[0;0m INFO 09-25 05:31:15 [stats.py:920] | vllm_ttft_ms                    |        341.446 |      1,161.472 |
[0;36m(APIServer pid=214609)[0;0m INFO 09-25 05:31:15 [stats.py:920] +---------------------------------+----------------+----------------+
[0;36m(APIServer pid=214609)[0;0m INFO 09-25 05:31:15 [serving_speech.py:3646] [SpeechE2E] request_id=speech-b8001de5295a8e9a stream=false status=ok total_ms=19666.15 response_bytes=1743404
[0;36m(APIServer pid=214609)[0;0m INFO:     127.0.0.1:33668 - "POST /v1/audio/speech HTTP/1.1" 200 OK
[0;36m(APIServer pid=214609)[0;0m INFO 09-25 05:31:16 [serving_speech.py:3070] TTS speech request speech-a259c831baa73021: model=Base
[0;36m(APIServer pid=214609)[0;0m INFO 09-25 05:31:16 [serving_speech.py:3100] Applied extra_params: {'temperature': 0.9, 'top_k': 50}
[0;36m(APIServer pid=214609)[0;0m INFO 09-25 05:31:17 [stats.py:811] 
[0;36m(APIServer pid=214609)[0;0m INFO 09-25 05:31:17 [stats.py:811] [Overall Summary]
[0;36m(APIServer pid=214609)[0;0m INFO 09-25 05:31:17 [stats.py:811] +-----------------------------+------------+
[0;36m(APIServer pid=214609)[0;0m INFO 09-25 05:31:17 [stats.py:811] | Field                       |      Value |
[0;36m(APIServer pid=214609)[0;0m INFO 09-25 05:31:17 [stats.py:811] +-----------------------------+------------+
[0;36m(APIServer pid=214609)[0;0m INFO 09-25 05:31:17 [stats.py:811] | e2e_requests                |          1 |
[0;36m(APIServer pid=214609)[0;0m INFO 09-25 05:31:17 [stats.py:811] | e2e_wall_time_ms            | 20,700.104 |
[0;36m(APIServer pid=214609)[0;0m INFO 09-25 05:31:17 [stats.py:811] | e2e_total_tokens            |        840 |
[0;36m(APIServer pid=214609)[0;0m INFO 09-25 05:31:17 [stats.py:811] | e2e_avg_time_per_request_ms | 20,700.104 |
[0;36m(APIServer pid=214609)[0;0m INFO 09-25 05:31:17 [stats.py:811] | e2e_avg_tokens_per_s        |     40.580 |
[0;36m(APIServer pid=214609)[0;0m INFO 09-25 05:31:17 [stats.py:811] | input_preprocess_time_ms    |      0.032 |
[0;36m(APIServer pid=214609)[0;0m INFO 09-25 05:31:17 [stats.py:811] | e2e_stage_0_wall_time_ms    | 20,565.178 |
[0;36m(APIServer pid=214609)[0;0m INFO 09-25 05:31:17 [stats.py:811] | e2e_stage_1_wall_time_ms    | 20,698.533 |
[0;36m(APIServer pid=214609)[0;0m INFO 09-25 05:31:17 [stats.py:811] +-----------------------------+------------+
[0;36m(APIServer pid=214609)[0;0m INFO 09-25 05:31:17 [stats.py:837] 
[0;36m(APIServer pid=214609)[0;0m INFO 09-25 05:31:17 [stats.py:837] [RequestE2EStats [request_id=speech-9a8e9ffb1c9e22be-8c97bcd5]]
[0;36m(APIServer pid=214609)[0;0m INFO 09-25 05:31:17 [stats.py:837] +------------------+------------+
[0;36m(APIServer pid=214609)[0;0m INFO 09-25 05:31:17 [stats.py:837] | Field            |      Value |
[0;36m(APIServer pid=214609)[0;0m INFO 09-25 05:31:17 [stats.py:837] +------------------+------------+
[0;36m(APIServer pid=214609)[0;0m INFO 09-25 05:31:17 [stats.py:837] | e2e_total_ms     | 20,700.026 |
[0;36m(APIServer pid=214609)[0;0m INFO 09-25 05:31:17 [stats.py:837] | e2e_total_tokens |        840 |
[0;36m(APIServer pid=214609)[0;0m INFO 09-25 05:31:17 [stats.py:837] +------------------+------------+
[0;36m(APIServer pid=214609)[0;0m INFO 09-25 05:31:17 [stats.py:878] [OmniTiming] req=speech-9a8e9ffb1c9e22be-8c97bcd5 total=20.70s preprocess=0.00s engine=20.70s stages=[0:20.56s,1:20.70s] transfers=[0->1=0.00ms]
[0;36m(APIServer pid=214609)[0;0m INFO 09-25 05:31:17 [stats.py:920] 
[0;36m(APIServer pid=214609)[0;0m INFO 09-25 05:31:17 [stats.py:920] [StageRequestStats [request_id=speech-9a8e9ffb1c9e22be-8c97bcd5]]
[0;36m(APIServer pid=214609)[0;0m INFO 09-25 05:31:17 [stats.py:920] +---------------------------------+----------------+----------------+
[0;36m(APIServer pid=214609)[0;0m INFO 09-25 05:31:17 [stats.py:920] | Field                           |              0 |              1 |
[0;36m(APIServer pid=214609)[0;0m INFO 09-25 05:31:17 [stats.py:920] +---------------------------------+----------------+----------------+
[0;36m(APIServer pid=214609)[0;0m INFO 09-25 05:31:17 [stats.py:920] | audio_duration_s                |          0.000 |         38.320 |
[0;36m(APIServer pid=214609)[0;0m INFO 09-25 05:31:17 [stats.py:920] | audio_generated_frames          |              0 |        919,680 |
[0;36m(APIServer pid=214609)[0;0m INFO 09-25 05:31:17 [stats.py:920] | audio_sample_rate               |              0 |         24,000 |
[0;36m(APIServer pid=214609)[0;0m INFO 09-25 05:31:17 [stats.py:920] | batch_id                        |          2,587 |          2,668 |
[0;36m(APIServer pid=214609)[0;0m INFO 09-25 05:31:17 [stats.py:920] | batch_size                      |              1 |              1 |
[0;36m(APIServer pid=214609)[0;0m INFO 09-25 05:31:17 [stats.py:920] | inter_output_latencies_ms       |                |                |
[0;36m(APIServer pid=214609)[0;0m INFO 09-25 05:31:17 [stats.py:920] | num_tokens_in                   |            360 |              0 |
[0;36m(APIServer pid=214609)[0;0m INFO 09-25 05:31:17 [stats.py:920] | num_tokens_out                  |            480 |              0 |
[0;36m(APIServer pid=214609)[0;0m INFO 09-25 05:31:17 [stats.py:920] | output_unit_count               |            480 |        919,680 |
[0;36m(APIServer pid=214609)[0;0m INFO 09-25 05:31:17 [stats.py:920] | output_unit_type                |         stream |          audio |
[0;36m(APIServer pid=214609)[0;0m INFO 09-25 05:31:17 [stats.py:920] | serving_time_to_first_output_ms |     20,564.725 |     20,699.092 |
[0;36m(APIServer pid=214609)[0;0m INFO 09-25 05:31:17 [stats.py:920] | stage_gen_time_ms               |     20,563.251 |     20,697.611 |
[0;36m(APIServer pid=214609)[0;0m INFO 09-25 05:31:17 [stats.py:920] | time_per_output_unit_ms         |          0.000 |          0.000 |
[0;36m(APIServer pid=214609)[0;0m INFO 09-25 05:31:17 [stats.py:920] | vllm_itl_ms                     |         42.454 |        975.904 |
[0;36m(APIServer pid=214609)[0;0m INFO 09-25 05:31:17 [stats.py:920] | vllm_itls_ms                    | 42.454 (n=479) | 975.904 (n=20) |
[0;36m(APIServer pid=214609)[0;0m INFO 09-25 05:31:17 [stats.py:920] | vllm_tpot_ms                    |         42.454 |          0.000 |
[0;36m(APIServer pid=214609)[0;0m INFO 09-25 05:31:17 [stats.py:920] | vllm_ttft_ms                    |        230.174 |      1,177.945 |
[0;36m(APIServer pid=214609)[0;0m INFO 09-25 05:31:17 [stats.py:920] +---------------------------------+----------------+----------------+
[0;36m(APIServer pid=214609)[0;0m INFO 09-25 05:31:17 [serving_speech.py:3646] [SpeechE2E] request_id=speech-9a8e9ffb1c9e22be stream=false status=ok total_ms=20731.19 response_bytes=1839404
[0;36m(APIServer pid=214609)[0;0m INFO:     127.0.0.1:33584 - "POST /v1/audio/speech HTTP/1.1" 200 OK
[0;36m(APIServer pid=214609)[0;0m INFO 09-25 05:31:17 [serving_speech.py:3070] TTS speech request speech-91eea2f89b3058e4: model=Base
[0;36m(APIServer pid=214609)[0;0m INFO 09-25 05:31:17 [serving_speech.py:3100] Applied extra_params: {'temperature': 0.9, 'top_k': 50}
[0;36m(APIServer pid=214609)[0;0m INFO 09-25 05:31:17 [stats.py:811] 
[0;36m(APIServer pid=214609)[0;0m INFO 09-25 05:31:17 [stats.py:811] [Overall Summary]
[0;36m(APIServer pid=214609)[0;0m INFO 09-25 05:31:17 [stats.py:811] +-----------------------------+------------+
[0;36m(APIServer pid=214609)[0;0m INFO 09-25 05:31:17 [stats.py:811] | Field                       |      Value |
[0;36m(APIServer pid=214609)[0;0m INFO 09-25 05:31:17 [stats.py:811] +-----------------------------+------------+
[0;36m(APIServer pid=214609)[0;0m INFO 09-25 05:31:17 [stats.py:811] | e2e_requests                |          1 |
[0;36m(APIServer pid=214609)[0;0m INFO 09-25 05:31:17 [stats.py:811] | e2e_wall_time_ms            | 21,524.625 |
[0;36m(APIServer pid=214609)[0;0m INFO 09-25 05:31:17 [stats.py:811] | e2e_total_tokens            |        860 |
[0;36m(APIServer pid=214609)[0;0m INFO 09-25 05:31:17 [stats.py:811] | e2e_avg_time_per_request_ms | 21,524.625 |
[0;36m(APIServer pid=214609)[0;0m INFO 09-25 05:31:17 [stats.py:811] | e2e_avg_tokens_per_s        |     39.954 |
[0;36m(APIServer pid=214609)[0;0m INFO 09-25 05:31:17 [stats.py:811] | input_preprocess_time_ms    |      0.028 |
[0;36m(APIServer pid=214609)[0;0m INFO 09-25 05:31:17 [stats.py:811] | e2e_stage_0_wall_time_ms    | 21,455.183 |
[0;36m(APIServer pid=214609)[0;0m INFO 09-25 05:31:17 [stats.py:811] | e2e_stage_1_wall_time_ms    | 21,523.224 |
[0;36m(APIServer pid=214609)[0;0m INFO 09-25 05:31:17 [stats.py:811] +-----------------------------+------------+
[0;36m(APIServer pid=214609)[0;0m INFO 09-25 05:31:17 [stats.py:837] 
[0;36m(APIServer pid=214609)[0;0m INFO 09-25 05:31:17 [stats.py:837] [RequestE2EStats [request_id=speech-9f2c9df1c8bf31fe-946952eb]]
[0;36m(APIServer pid=214609)[0;0m INFO 09-25 05:31:17 [stats.py:837] +------------------+------------+
[0;36m(APIServer pid=214609)[0;0m INFO 09-25 05:31:17 [stats.py:837] | Field            |      Value |
[0;36m(APIServer pid=214609)[0;0m INFO 09-25 05:31:17 [stats.py:837] +------------------+------------+
[0;36m(APIServer pid=214609)[0;0m INFO 09-25 05:31:17 [stats.py:837] | e2e_total_ms     | 21,524.552 |
[0;36m(APIServer pid=214609)[0;0m INFO 09-25 05:31:17 [stats.py:837] | e2e_total_tokens |        860 |
[0;36m(APIServer pid=214609)[0;0m INFO 09-25 05:31:17 [stats.py:837] +------------------+------------+
[0;36m(APIServer pid=214609)[0;0m INFO 09-25 05:31:17 [stats.py:878] [OmniTiming] req=speech-9f2c9df1c8bf31fe-946952eb total=21.52s preprocess=0.00s engine=21.52s stages=[0:21.45s,1:21.52s] transfers=[0->1=0.00ms]
[0;36m(APIServer pid=214609)[0;0m INFO 09-25 05:31:17 [stats.py:920] 
[0;36m(APIServer pid=214609)[0;0m INFO 09-25 05:31:17 [stats.py:920] [StageRequestStats [request_id=speech-9f2c9df1c8bf31fe-946952eb]]
[0;36m(APIServer pid=214609)[0;0m INFO 09-25 05:31:17 [stats.py:920] +---------------------------------+----------------+------------------+
[0;36m(APIServer pid=214609)[0;0m INFO 09-25 05:31:17 [stats.py:920] | Field                           |              0 |                1 |
[0;36m(APIServer pid=214609)[0;0m INFO 09-25 05:31:17 [stats.py:920] +---------------------------------+----------------+------------------+
[0;36m(APIServer pid=214609)[0;0m INFO 09-25 05:31:17 [stats.py:920] | audio_duration_s                |          0.000 |           39.920 |
[0;36m(APIServer pid=214609)[0;0m INFO 09-25 05:31:17 [stats.py:920] | audio_generated_frames          |              0 |          958,080 |
[0;36m(APIServer pid=214609)[0;0m INFO 09-25 05:31:17 [stats.py:920] | audio_sample_rate               |              0 |           24,000 |
[0;36m(APIServer pid=214609)[0;0m INFO 09-25 05:31:17 [stats.py:920] | batch_id                        |          2,588 |            2,669 |
[0;36m(APIServer pid=214609)[0;0m INFO 09-25 05:31:17 [stats.py:920] | batch_size                      |              1 |                1 |
[0;36m(APIServer pid=214609)[0;0m INFO 09-25 05:31:17 [stats.py:920] | inter_output_latencies_ms       |                |                  |
[0;36m(APIServer pid=214609)[0;0m INFO 09-25 05:31:17 [stats.py:920] | num_tokens_in                   |            360 |                0 |
[0;36m(APIServer pid=214609)[0;0m INFO 09-25 05:31:17 [stats.py:920] | num_tokens_out                  |            500 |                0 |
[0;36m(APIServer pid=214609)[0;0m INFO 09-25 05:31:17 [stats.py:920] | output_unit_count               |            500 |          958,080 |
[0;36m(APIServer pid=214609)[0;0m INFO 09-25 05:31:17 [stats.py:920] | output_unit_type                |         stream |            audio |
[0;36m(APIServer pid=214609)[0;0m INFO 09-25 05:31:17 [stats.py:920] | serving_time_to_first_output_ms |     21,454.464 |       21,524.362 |
[0;36m(APIServer pid=214609)[0;0m INFO 09-25 05:31:17 [stats.py:920] | stage_gen_time_ms               |     21,453.155 |       21,523.046 |
[0;36m(APIServer pid=214609)[0;0m INFO 09-25 05:31:17 [stats.py:920] | time_per_output_unit_ms         |          0.000 |            0.000 |
[0;36m(APIServer pid=214609)[0;0m INFO 09-25 05:31:17 [stats.py:920] | vllm_itl_ms                     |         42.293 |        1,017.561 |
[0;36m(APIServer pid=214609)[0;0m INFO 09-25 05:31:17 [stats.py:920] | vllm_itls_ms                    | 42.293 (n=499) | 1,017.561 (n=20) |
[0;36m(APIServer pid=214609)[0;0m INFO 09-25 05:31:17 [stats.py:920] | vllm_tpot_ms                    |         42.293 |            0.000 |
[0;36m(APIServer pid=214609)[0;0m INFO 09-25 05:31:17 [stats.py:920] | vllm_ttft_ms                    |        350.275 |        1,170.332 |
[0;36m(APIServer pid=214609)[0;0m INFO 09-25 05:31:17 [stats.py:920] +---------------------------------+----------------+------------------+
[0;36m(APIServer pid=214609)[0;0m INFO 09-25 05:31:17 [serving_speech.py:3646] [SpeechE2E] request_id=speech-9f2c9df1c8bf31fe stream=false status=ok total_ms=21562.27 response_bytes=1916204
[0;36m(APIServer pid=214609)[0;0m INFO:     127.0.0.1:33630 - "POST /v1/audio/speech HTTP/1.1" 200 OK
[0;36m(APIServer pid=214609)[0;0m INFO 09-25 05:31:17 [serving_speech.py:3070] TTS speech request speech-80167cab7545b408: model=Base
[0;36m(APIServer pid=214609)[0;0m INFO 09-25 05:31:17 [serving_speech.py:3100] Applied extra_params: {'temperature': 0.9, 'top_k': 50}
[0;36m(APIServer pid=214609)[0;0m INFO 09-25 05:31:25 [stats.py:811] 
[0;36m(APIServer pid=214609)[0;0m INFO 09-25 05:31:25 [stats.py:811] [Overall Summary]
[0;36m(APIServer pid=214609)[0;0m INFO 09-25 05:31:25 [stats.py:811] +-----------------------------+------------+
[0;36m(APIServer pid=214609)[0;0m INFO 09-25 05:31:25 [stats.py:811] | Field                       |      Value |
[0;36m(APIServer pid=214609)[0;0m INFO 09-25 05:31:25 [stats.py:811] +-----------------------------+------------+
[0;36m(APIServer pid=214609)[0;0m INFO 09-25 05:31:25 [stats.py:811] | e2e_requests                |          1 |
[0;36m(APIServer pid=214609)[0;0m INFO 09-25 05:31:25 [stats.py:811] | e2e_wall_time_ms            | 12,025.617 |
[0;36m(APIServer pid=214609)[0;0m INFO 09-25 05:31:25 [stats.py:811] | e2e_total_tokens            |        642 |
[0;36m(APIServer pid=214609)[0;0m INFO 09-25 05:31:25 [stats.py:811] | e2e_avg_time_per_request_ms | 12,025.617 |
[0;36m(APIServer pid=214609)[0;0m INFO 09-25 05:31:25 [stats.py:811] | e2e_avg_tokens_per_s        |     53.386 |
[0;36m(APIServer pid=214609)[0;0m INFO 09-25 05:31:25 [stats.py:811] | input_preprocess_time_ms    |      0.066 |
[0;36m(APIServer pid=214609)[0;0m INFO 09-25 05:31:25 [stats.py:811] | e2e_stage_0_wall_time_ms    | 11,958.286 |
[0;36m(APIServer pid=214609)[0;0m INFO 09-25 05:31:25 [stats.py:811] | e2e_stage_1_wall_time_ms    | 12,025.254 |
[0;36m(APIServer pid=214609)[0;0m INFO 09-25 05:31:25 [stats.py:811] +-----------------------------+------------+
[0;36m(APIServer pid=214609)[0;0m INFO 09-25 05:31:25 [stats.py:837] 
[0;36m(APIServer pid=214609)[0;0m INFO 09-25 05:31:25 [stats.py:837] [RequestE2EStats [request_id=speech-8fea9d3ff797cc9d-aa9bb19b]]
[0;36m(APIServer pid=214609)[0;0m INFO 09-25 05:31:25 [stats.py:837] +------------------+------------+
[0;36m(APIServer pid=214609)[0;0m INFO 09-25 05:31:25 [stats.py:837] | Field            |      Value |
[0;36m(APIServer pid=214609)[0;0m INFO 09-25 05:31:25 [stats.py:837] +------------------+------------+
[0;36m(APIServer pid=214609)[0;0m INFO 09-25 05:31:25 [stats.py:837] | e2e_total_ms     | 12,025.465 |
[0;36m(APIServer pid=214609)[0;0m INFO 09-25 05:31:25 [stats.py:837] | e2e_total_tokens |        642 |
[0;36m(APIServer pid=214609)[0;0m INFO 09-25 05:31:25 [stats.py:837] +------------------+------------+
[0;36m(APIServer pid=214609)[0;0m INFO 09-25 05:31:25 [stats.py:878] [OmniTiming] req=speech-8fea9d3ff797cc9d-aa9bb19b total=12.03s preprocess=0.00s engine=12.03s stages=[0:11.96s,1:12.02s] transfers=[0->1=0.00ms]
[0;36m(APIServer pid=214609)[0;0m INFO 09-25 05:31:25 [stats.py:920] 
[0;36m(APIServer pid=214609)[0;0m INFO 09-25 05:31:25 [stats.py:920] [StageRequestStats [request_id=speech-8fea9d3ff797cc9d-aa9bb19b]]
[0;36m(APIServer pid=214609)[0;0m INFO 09-25 05:31:25 [stats.py:920] +---------------------------------+----------------+----------------+
[0;36m(APIServer pid=214609)[0;0m INFO 09-25 05:31:25 [stats.py:920] | Field                           |              0 |              1 |
[0;36m(APIServer pid=214609)[0;0m INFO 09-25 05:31:25 [stats.py:920] +---------------------------------+----------------+----------------+
[0;36m(APIServer pid=214609)[0;0m INFO 09-25 05:31:25 [stats.py:920] | audio_duration_s                |          0.000 |         22.480 |
[0;36m(APIServer pid=214609)[0;0m INFO 09-25 05:31:25 [stats.py:920] | audio_generated_frames          |              0 |        539,520 |
[0;36m(APIServer pid=214609)[0;0m INFO 09-25 05:31:25 [stats.py:920] | audio_sample_rate               |              0 |         24,000 |
[0;36m(APIServer pid=214609)[0;0m INFO 09-25 05:31:25 [stats.py:920] | batch_id                        |          2,589 |          2,670 |
[0;36m(APIServer pid=214609)[0;0m INFO 09-25 05:31:25 [stats.py:920] | batch_size                      |              1 |              1 |
[0;36m(APIServer pid=214609)[0;0m INFO 09-25 05:31:25 [stats.py:920] | inter_output_latencies_ms       |                |                |
[0;36m(APIServer pid=214609)[0;0m INFO 09-25 05:31:25 [stats.py:920] | num_tokens_in                   |            360 |              0 |
[0;36m(APIServer pid=214609)[0;0m INFO 09-25 05:31:25 [stats.py:920] | num_tokens_out                  |            282 |              0 |
[0;36m(APIServer pid=214609)[0;0m INFO 09-25 05:31:25 [stats.py:920] | output_unit_count               |            282 |        539,520 |
[0;36m(APIServer pid=214609)[0;0m INFO 09-25 05:31:25 [stats.py:920] | output_unit_type                |         stream |          audio |
[0;36m(APIServer pid=214609)[0;0m INFO 09-25 05:31:25 [stats.py:920] | serving_time_to_first_output_ms |     11,958.196 |     12,024.582 |
[0;36m(APIServer pid=214609)[0;0m INFO 09-25 05:31:25 [stats.py:920] | stage_gen_time_ms               |     11,958.065 |     12,024.300 |
[0;36m(APIServer pid=214609)[0;0m INFO 09-25 05:31:25 [stats.py:920] | time_per_output_unit_ms         |          0.001 |          0.000 |
[0;36m(APIServer pid=214609)[0;0m INFO 09-25 05:31:25 [stats.py:920] | vllm_itl_ms                     |         42.208 |        975.910 |
[0;36m(APIServer pid=214609)[0;0m INFO 09-25 05:31:25 [stats.py:920] | vllm_itls_ms                    | 42.208 (n=281) | 975.910 (n=12) |
[0;36m(APIServer pid=214609)[0;0m INFO 09-25 05:31:25 [stats.py:920] | vllm_tpot_ms                    |         42.208 |          0.000 |
[0;36m(APIServer pid=214609)[0;0m INFO 09-25 05:31:25 [stats.py:920] | vllm_ttft_ms                    |         98.166 |        310.578 |
[0;36m(APIServer pid=214609)[0;0m INFO 09-25 05:31:25 [stats.py:920] +---------------------------------+----------------+----------------+
[0;36m(APIServer pid=214609)[0;0m INFO 09-25 05:31:25 [serving_speech.py:3646] [SpeechE2E] request_id=speech-8fea9d3ff797cc9d stream=false status=ok total_ms=12034.41 response_bytes=1079084
[0;36m(APIServer pid=214609)[0;0m INFO:     127.0.0.1:33574 - "POST /v1/audio/speech HTTP/1.1" 200 OK
[0;36m(APIServer pid=214609)[0;0m INFO 09-25 05:31:27 [stats.py:811] 
[0;36m(APIServer pid=214609)[0;0m INFO 09-25 05:31:27 [stats.py:811] [Overall Summary]
[0;36m(APIServer pid=214609)[0;0m INFO 09-25 05:31:27 [stats.py:811] +-----------------------------+------------+
[0;36m(APIServer pid=214609)[0;0m INFO 09-25 05:31:27 [stats.py:811] | Field                       |      Value |
[0;36m(APIServer pid=214609)[0;0m INFO 09-25 05:31:27 [stats.py:811] +-----------------------------+------------+
[0;36m(APIServer pid=214609)[0;0m INFO 09-25 05:31:27 [stats.py:811] | e2e_requests                |          1 |
[0;36m(APIServer pid=214609)[0;0m INFO 09-25 05:31:27 [stats.py:811] | e2e_wall_time_ms            | 17,808.600 |
[0;36m(APIServer pid=214609)[0;0m INFO 09-25 05:31:27 [stats.py:811] | e2e_total_tokens            |        716 |
[0;36m(APIServer pid=214609)[0;0m INFO 09-25 05:31:27 [stats.py:811] | e2e_avg_time_per_request_ms | 17,808.600 |
[0;36m(APIServer pid=214609)[0;0m INFO 09-25 05:31:27 [stats.py:811] | e2e_avg_tokens_per_s        |     40.205 |
[0;36m(APIServer pid=214609)[0;0m INFO 09-25 05:31:27 [stats.py:811] | input_preprocess_time_ms    |      0.086 |
[0;36m(APIServer pid=214609)[0;0m INFO 09-25 05:31:27 [stats.py:811] | e2e_stage_0_wall_time_ms    | 17,703.656 |
[0;36m(APIServer pid=214609)[0;0m INFO 09-25 05:31:27 [stats.py:811] | e2e_stage_1_wall_time_ms    | 17,808.227 |
[0;36m(APIServer pid=214609)[0;0m INFO 09-25 05:31:27 [stats.py:811] +-----------------------------+------------+
[0;36m(APIServer pid=214609)[0;0m INFO 09-25 05:31:27 [stats.py:837] 
[0;36m(APIServer pid=214609)[0;0m INFO 09-25 05:31:27 [stats.py:837] [RequestE2EStats [request_id=speech-8837318a1c03c0fb-a08fb506]]
[0;36m(APIServer pid=214609)[0;0m INFO 09-25 05:31:27 [stats.py:837] +------------------+------------+
[0;36m(APIServer pid=214609)[0;0m INFO 09-25 05:31:27 [stats.py:837] | Field            |      Value |
[0;36m(APIServer pid=214609)[0;0m INFO 09-25 05:31:27 [stats.py:837] +------------------+------------+
[0;36m(APIServer pid=214609)[0;0m INFO 09-25 05:31:27 [stats.py:837] | e2e_total_ms     | 17,808.367 |
[0;36m(APIServer pid=214609)[0;0m INFO 09-25 05:31:27 [stats.py:837] | e2e_total_tokens |        716 |
[0;36m(APIServer pid=214609)[0;0m INFO 09-25 05:31:27 [stats.py:837] +------------------+------------+
[0;36m(APIServer pid=214609)[0;0m INFO 09-25 05:31:27 [stats.py:878] [OmniTiming] req=speech-8837318a1c03c0fb-a08fb506 total=17.81s preprocess=0.00s engine=17.81s stages=[0:17.70s,1:17.81s] transfers=[0->1=0.00ms]
[0;36m(APIServer pid=214609)[0;0m INFO 09-25 05:31:27 [stats.py:920] 
[0;36m(APIServer pid=214609)[0;0m INFO 09-25 05:31:27 [stats.py:920] [StageRequestStats [request_id=speech-8837318a1c03c0fb-a08fb506]]
[0;36m(APIServer pid=214609)[0;0m INFO 09-25 05:31:27 [stats.py:920] +---------------------------------+----------------+------------------+
[0;36m(APIServer pid=214609)[0;0m INFO 09-25 05:31:27 [stats.py:920] | Field                           |              0 |                1 |
[0;36m(APIServer pid=214609)[0;0m INFO 09-25 05:31:27 [stats.py:920] +---------------------------------+----------------+------------------+
[0;36m(APIServer pid=214609)[0;0m INFO 09-25 05:31:27 [stats.py:920] | audio_duration_s                |          0.000 |           33.120 |
[0;36m(APIServer pid=214609)[0;0m INFO 09-25 05:31:27 [stats.py:920] | audio_generated_frames          |              0 |          794,880 |
[0;36m(APIServer pid=214609)[0;0m INFO 09-25 05:31:27 [stats.py:920] | audio_sample_rate               |              0 |           24,000 |
[0;36m(APIServer pid=214609)[0;0m INFO 09-25 05:31:27 [stats.py:920] | batch_id                        |          2,590 |            2,671 |
[0;36m(APIServer pid=214609)[0;0m INFO 09-25 05:31:27 [stats.py:920] | batch_size                      |              1 |                1 |
[0;36m(APIServer pid=214609)[0;0m INFO 09-25 05:31:27 [stats.py:920] | inter_output_latencies_ms       |                |                  |
[0;36m(APIServer pid=214609)[0;0m INFO 09-25 05:31:27 [stats.py:920] | num_tokens_in                   |            301 |                0 |
[0;36m(APIServer pid=214609)[0;0m INFO 09-25 05:31:27 [stats.py:920] | num_tokens_out                  |            415 |                0 |
[0;36m(APIServer pid=214609)[0;0m INFO 09-25 05:31:27 [stats.py:920] | output_unit_count               |            415 |          794,880 |
[0;36m(APIServer pid=214609)[0;0m INFO 09-25 05:31:27 [stats.py:920] | output_unit_type                |         stream |            audio |
[0;36m(APIServer pid=214609)[0;0m INFO 09-25 05:31:27 [stats.py:920] | serving_time_to_first_output_ms |     17,703.173 |       17,808.197 |
[0;36m(APIServer pid=214609)[0;0m INFO 09-25 05:31:27 [stats.py:920] | stage_gen_time_ms               |     17,702.962 |       17,807.973 |
[0;36m(APIServer pid=214609)[0;0m INFO 09-25 05:31:27 [stats.py:920] | time_per_output_unit_ms         |          0.000 |            0.000 |
[0;36m(APIServer pid=214609)[0;0m INFO 09-25 05:31:27 [stats.py:920] | vllm_itl_ms                     |         42.296 |        1,021.189 |
[0;36m(APIServer pid=214609)[0;0m INFO 09-25 05:31:27 [stats.py:920] | vllm_itls_ms                    | 42.296 (n=414) | 1,021.189 (n=17) |
[0;36m(APIServer pid=214609)[0;0m INFO 09-25 05:31:27 [stats.py:920] | vllm_tpot_ms                    |         42.296 |            0.000 |
[0;36m(APIServer pid=214609)[0;0m INFO 09-25 05:31:27 [stats.py:920] | vllm_ttft_ms                    |        193.517 |          447.113 |
[0;36m(APIServer pid=214609)[0;0m INFO 09-25 05:31:27 [stats.py:920] +---------------------------------+----------------+------------------+
[0;36m(APIServer pid=214609)[0;0m INFO 09-25 05:31:27 [serving_speech.py:3646] [SpeechE2E] request_id=speech-8837318a1c03c0fb stream=false status=ok total_ms=17821.48 response_bytes=1589804
[0;36m(APIServer pid=214609)[0;0m INFO:     127.0.0.1:33596 - "POST /v1/audio/speech HTTP/1.1" 200 OK
[0;36m(APIServer pid=214609)[0;0m INFO 09-25 05:31:29 [stats.py:811] 
[0;36m(APIServer pid=214609)[0;0m INFO 09-25 05:31:29 [stats.py:811] [Overall Summary]
[0;36m(APIServer pid=214609)[0;0m INFO 09-25 05:31:29 [stats.py:811] +-----------------------------+------------+
[0;36m(APIServer pid=214609)[0;0m INFO 09-25 05:31:29 [stats.py:811] | Field                       |      Value |
[0;36m(APIServer pid=214609)[0;0m INFO 09-25 05:31:29 [stats.py:811] +-----------------------------+------------+
[0;36m(APIServer pid=214609)[0;0m INFO 09-25 05:31:29 [stats.py:811] | e2e_requests                |          1 |
[0;36m(APIServer pid=214609)[0;0m INFO 09-25 05:31:29 [stats.py:811] | e2e_wall_time_ms            | 14,807.001 |
[0;36m(APIServer pid=214609)[0;0m INFO 09-25 05:31:29 [stats.py:811] | e2e_total_tokens            |        658 |
[0;36m(APIServer pid=214609)[0;0m INFO 09-25 05:31:29 [stats.py:811] | e2e_avg_time_per_request_ms | 14,807.001 |
[0;36m(APIServer pid=214609)[0;0m INFO 09-25 05:31:29 [stats.py:811] | e2e_avg_tokens_per_s        |     44.438 |
[0;36m(APIServer pid=214609)[0;0m INFO 09-25 05:31:29 [stats.py:811] | input_preprocess_time_ms    |      0.059 |
[0;36m(APIServer pid=214609)[0;0m INFO 09-25 05:31:29 [stats.py:811] | e2e_stage_0_wall_time_ms    | 14,739.616 |
[0;36m(APIServer pid=214609)[0;0m INFO 09-25 05:31:29 [stats.py:811] | e2e_stage_1_wall_time_ms    | 14,806.678 |
[0;36m(APIServer pid=214609)[0;0m INFO 09-25 05:31:29 [stats.py:811] +-----------------------------+------------+
[0;36m(APIServer pid=214609)[0;0m INFO 09-25 05:31:29 [stats.py:837] 
[0;36m(APIServer pid=214609)[0;0m INFO 09-25 05:31:29 [stats.py:837] [RequestE2EStats [request_id=speech-a18b2a0320945b20-888cd3b4]]
[0;36m(APIServer pid=214609)[0;0m INFO 09-25 05:31:29 [stats.py:837] +------------------+------------+
[0;36m(APIServer pid=214609)[0;0m INFO 09-25 05:31:29 [stats.py:837] | Field            |      Value |
[0;36m(APIServer pid=214609)[0;0m INFO 09-25 05:31:29 [stats.py:837] +------------------+------------+
[0;36m(APIServer pid=214609)[0;0m INFO 09-25 05:31:29 [stats.py:837] | e2e_total_ms     | 14,806.836 |
[0;36m(APIServer pid=214609)[0;0m INFO 09-25 05:31:29 [stats.py:837] | e2e_total_tokens |        658 |
[0;36m(APIServer pid=214609)[0;0m INFO 09-25 05:31:29 [stats.py:837] +------------------+------------+
[0;36m(APIServer pid=214609)[0;0m INFO 09-25 05:31:29 [stats.py:878] [OmniTiming] req=speech-a18b2a0320945b20-888cd3b4 total=14.81s preprocess=0.00s engine=14.81s stages=[0:14.74s,1:14.81s] transfers=[0->1=0.00ms]
[0;36m(APIServer pid=214609)[0;0m INFO 09-25 05:31:29 [stats.py:920] 
[0;36m(APIServer pid=214609)[0;0m INFO 09-25 05:31:29 [stats.py:920] [StageRequestStats [request_id=speech-a18b2a0320945b20-888cd3b4]]
[0;36m(APIServer pid=214609)[0;0m INFO 09-25 05:31:29 [stats.py:920] +---------------------------------+----------------+----------------+
[0;36m(APIServer pid=214609)[0;0m INFO 09-25 05:31:29 [stats.py:920] | Field                           |              0 |              1 |
[0;36m(APIServer pid=214609)[0;0m INFO 09-25 05:31:29 [stats.py:920] +---------------------------------+----------------+----------------+
[0;36m(APIServer pid=214609)[0;0m INFO 09-25 05:31:29 [stats.py:920] | audio_duration_s                |          0.000 |         28.480 |
[0;36m(APIServer pid=214609)[0;0m INFO 09-25 05:31:29 [stats.py:920] | audio_generated_frames          |              0 |        683,520 |
[0;36m(APIServer pid=214609)[0;0m INFO 09-25 05:31:29 [stats.py:920] | audio_sample_rate               |              0 |         24,000 |
[0;36m(APIServer pid=214609)[0;0m INFO 09-25 05:31:29 [stats.py:920] | batch_id                        |          2,591 |          2,672 |
[0;36m(APIServer pid=214609)[0;0m INFO 09-25 05:31:29 [stats.py:920] | batch_size                      |              1 |              1 |
[0;36m(APIServer pid=214609)[0;0m INFO 09-25 05:31:29 [stats.py:920] | inter_output_latencies_ms       |                |                |
[0;36m(APIServer pid=214609)[0;0m INFO 09-25 05:31:29 [stats.py:920] | num_tokens_in                   |            301 |              0 |
[0;36m(APIServer pid=214609)[0;0m INFO 09-25 05:31:29 [stats.py:920] | num_tokens_out                  |            357 |              0 |
[0;36m(APIServer pid=214609)[0;0m INFO 09-25 05:31:29 [stats.py:920] | output_unit_count               |            357 |        683,520 |
[0;36m(APIServer pid=214609)[0;0m INFO 09-25 05:31:29 [stats.py:920] | output_unit_type                |         stream |          audio |
[0;36m(APIServer pid=214609)[0;0m INFO 09-25 05:31:29 [stats.py:920] | serving_time_to_first_output_ms |     14,739.076 |     14,806.016 |
[0;36m(APIServer pid=214609)[0;0m INFO 09-25 05:31:29 [stats.py:920] | stage_gen_time_ms               |     14,738.943 |     14,805.782 |
[0;36m(APIServer pid=214609)[0;0m INFO 09-25 05:31:29 [stats.py:920] | time_per_output_unit_ms         |          0.000 |          0.000 |
[0;36m(APIServer pid=214609)[0;0m INFO 09-25 05:31:29 [stats.py:920] | vllm_itl_ms                     |         40.963 |        968.578 |
[0;36m(APIServer pid=214609)[0;0m INFO 09-25 05:31:29 [stats.py:920] | vllm_itls_ms                    | 40.963 (n=356) | 968.578 (n=15) |
[0;36m(APIServer pid=214609)[0;0m INFO 09-25 05:31:29 [stats.py:920] | vllm_tpot_ms                    |         40.963 |          0.000 |
[0;36m(APIServer pid=214609)[0;0m INFO 09-25 05:31:29 [stats.py:920] | vllm_ttft_ms                    |        155.083 |        277.139 |
[0;36m(APIServer pid=214609)[0;0m INFO 09-25 05:31:29 [stats.py:920] +---------------------------------+----------------+----------------+
[0;36m(APIServer pid=214609)[0;0m INFO 09-25 05:31:29 [serving_speech.py:3646] [SpeechE2E] request_id=speech-a18b2a0320945b20 stream=false status=ok total_ms=14815.46 response_bytes=1367084
[0;36m(APIServer pid=214609)[0;0m INFO:     127.0.0.1:33586 - "POST /v1/audio/speech HTTP/1.1" 200 OK
[0;36m(APIServer pid=214609)[0;0m INFO 09-25 05:31:29 [stats.py:811] 
[0;36m(APIServer pid=214609)[0;0m INFO 09-25 05:31:29 [stats.py:811] [Overall Summary]
[0;36m(APIServer pid=214609)[0;0m INFO 09-25 05:31:29 [stats.py:811] +-----------------------------+------------+
[0;36m(APIServer pid=214609)[0;0m INFO 09-25 05:31:29 [stats.py:811] | Field                       |      Value |
[0;36m(APIServer pid=214609)[0;0m INFO 09-25 05:31:29 [stats.py:811] +-----------------------------+------------+
[0;36m(APIServer pid=214609)[0;0m INFO 09-25 05:31:29 [stats.py:811] | e2e_requests                |          1 |
[0;36m(APIServer pid=214609)[0;0m INFO 09-25 05:31:29 [stats.py:811] | e2e_wall_time_ms            | 16,919.811 |
[0;36m(APIServer pid=214609)[0;0m INFO 09-25 05:31:29 [stats.py:811] | e2e_total_tokens            |        702 |
[0;36m(APIServer pid=214609)[0;0m INFO 09-25 05:31:29 [stats.py:811] | e2e_avg_time_per_request_ms | 16,919.811 |
[0;36m(APIServer pid=214609)[0;0m INFO 09-25 05:31:29 [stats.py:811] | e2e_avg_tokens_per_s        |     41.490 |
[0;36m(APIServer pid=214609)[0;0m INFO 09-25 05:31:29 [stats.py:811] | input_preprocess_time_ms    |      0.054 |
[0;36m(APIServer pid=214609)[0;0m INFO 09-25 05:31:29 [stats.py:811] | e2e_stage_0_wall_time_ms    | 16,879.214 |
[0;36m(APIServer pid=214609)[0;0m INFO 09-25 05:31:29 [stats.py:811] | e2e_stage_1_wall_time_ms    | 16,919.468 |
[0;36m(APIServer pid=214609)[0;0m INFO 09-25 05:31:29 [stats.py:811] +-----------------------------+------------+
[0;36m(APIServer pid=214609)[0;0m INFO 09-25 05:31:29 [stats.py:837] 
[0;36m(APIServer pid=214609)[0;0m INFO 09-25 05:31:29 [stats.py:837] [RequestE2EStats [request_id=speech-b034da93922c95f2-911723df]]
[0;36m(APIServer pid=214609)[0;0m INFO 09-25 05:31:29 [stats.py:837] +------------------+------------+
[0;36m(APIServer pid=214609)[0;0m INFO 09-25 05:31:29 [stats.py:837] | Field            |      Value |
[0;36m(APIServer pid=214609)[0;0m INFO 09-25 05:31:29 [stats.py:837] +------------------+------------+
[0;36m(APIServer pid=214609)[0;0m INFO 09-25 05:31:29 [stats.py:837] | e2e_total_ms     | 16,919.681 |
[0;36m(APIServer pid=214609)[0;0m INFO 09-25 05:31:29 [stats.py:837] | e2e_total_tokens |        702 |
[0;36m(APIServer pid=214609)[0;0m INFO 09-25 05:31:29 [stats.py:837] +------------------+------------+
[0;36m(APIServer pid=214609)[0;0m INFO 09-25 05:31:29 [stats.py:878] [OmniTiming] req=speech-b034da93922c95f2-911723df total=16.92s preprocess=0.00s engine=16.92s stages=[0:16.88s,1:16.92s] transfers=[0->1=0.00ms]
[0;36m(APIServer pid=214609)[0;0m INFO 09-25 05:31:29 [stats.py:920] 
[0;36m(APIServer pid=214609)[0;0m INFO 09-25 05:31:29 [stats.py:920] [StageRequestStats [request_id=speech-b034da93922c95f2-911723df]]
[0;36m(APIServer pid=214609)[0;0m INFO 09-25 05:31:29 [stats.py:920] +---------------------------------+----------------+------------------+
[0;36m(APIServer pid=214609)[0;0m INFO 09-25 05:31:29 [stats.py:920] | Field                           |              0 |                1 |
[0;36m(APIServer pid=214609)[0;0m INFO 09-25 05:31:29 [stats.py:920] +---------------------------------+----------------+------------------+
[0;36m(APIServer pid=214609)[0;0m INFO 09-25 05:31:29 [stats.py:920] | audio_duration_s                |          0.000 |           32.000 |
[0;36m(APIServer pid=214609)[0;0m INFO 09-25 05:31:29 [stats.py:920] | audio_generated_frames          |              0 |          768,000 |
[0;36m(APIServer pid=214609)[0;0m INFO 09-25 05:31:29 [stats.py:920] | audio_sample_rate               |              0 |           24,000 |
[0;36m(APIServer pid=214609)[0;0m INFO 09-25 05:31:29 [stats.py:920] | batch_id                        |          2,592 |            2,673 |
[0;36m(APIServer pid=214609)[0;0m INFO 09-25 05:31:29 [stats.py:920] | batch_size                      |              1 |                1 |
[0;36m(APIServer pid=214609)[0;0m INFO 09-25 05:31:29 [stats.py:920] | inter_output_latencies_ms       |                |                  |
[0;36m(APIServer pid=214609)[0;0m INFO 09-25 05:31:29 [stats.py:920] | num_tokens_in                   |            301 |                0 |
[0;36m(APIServer pid=214609)[0;0m INFO 09-25 05:31:29 [stats.py:920] | num_tokens_out                  |            401 |                0 |
[0;36m(APIServer pid=214609)[0;0m INFO 09-25 05:31:29 [stats.py:920] | output_unit_count               |            401 |          768,000 |
[0;36m(APIServer pid=214609)[0;0m INFO 09-25 05:31:29 [stats.py:920] | output_unit_type                |         stream |            audio |
[0;36m(APIServer pid=214609)[0;0m INFO 09-25 05:31:29 [stats.py:920] | serving_time_to_first_output_ms |     16,879.190 |       16,918.837 |
[0;36m(APIServer pid=214609)[0;0m INFO 09-25 05:31:29 [stats.py:920] | stage_gen_time_ms               |     16,879.014 |       16,918.592 |
[0;36m(APIServer pid=214609)[0;0m INFO 09-25 05:31:29 [stats.py:920] | time_per_output_unit_ms         |          0.000 |            0.000 |
[0;36m(APIServer pid=214609)[0;0m INFO 09-25 05:31:29 [stats.py:920] | vllm_itl_ms                     |         41.975 |        1,037.377 |
[0;36m(APIServer pid=214609)[0;0m INFO 09-25 05:31:29 [stats.py:920] | vllm_itls_ms                    | 41.975 (n=400) | 1,037.377 (n=16) |
[0;36m(APIServer pid=214609)[0;0m INFO 09-25 05:31:29 [stats.py:920] | vllm_tpot_ms                    |         41.975 |            0.000 |
[0;36m(APIServer pid=214609)[0;0m INFO 09-25 05:31:29 [stats.py:920] | vllm_ttft_ms                    |         89.053 |          320.744 |
[0;36m(APIServer pid=214609)[0;0m INFO 09-25 05:31:29 [stats.py:920] +---------------------------------+----------------+------------------+
[0;36m(APIServer pid=214609)[0;0m INFO 09-25 05:31:29 [serving_speech.py:3646] [SpeechE2E] request_id=speech-b034da93922c95f2 stream=false status=ok total_ms=16932.05 response_bytes=1536044
[0;36m(APIServer pid=214609)[0;0m INFO:     127.0.0.1:33606 - "POST /v1/audio/speech HTTP/1.1" 200 OK
[0;36m(APIServer pid=214609)[0;0m INFO 09-25 05:31:30 [stats.py:811] 
[0;36m(APIServer pid=214609)[0;0m INFO 09-25 05:31:30 [stats.py:811] [Overall Summary]
[0;36m(APIServer pid=214609)[0;0m INFO 09-25 05:31:30 [stats.py:811] +-----------------------------+------------+
[0;36m(APIServer pid=214609)[0;0m INFO 09-25 05:31:30 [stats.py:811] | Field                       |      Value |
[0;36m(APIServer pid=214609)[0;0m INFO 09-25 05:31:30 [stats.py:811] +-----------------------------+------------+
[0;36m(APIServer pid=214609)[0;0m INFO 09-25 05:31:30 [stats.py:811] | e2e_requests                |          1 |
[0;36m(APIServer pid=214609)[0;0m INFO 09-25 05:31:30 [stats.py:811] | e2e_wall_time_ms            | 18,007.828 |
[0;36m(APIServer pid=214609)[0;0m INFO 09-25 05:31:30 [stats.py:811] | e2e_total_tokens            |        783 |
[0;36m(APIServer pid=214609)[0;0m INFO 09-25 05:31:30 [stats.py:811] | e2e_avg_time_per_request_ms | 18,007.828 |
[0;36m(APIServer pid=214609)[0;0m INFO 09-25 05:31:30 [stats.py:811] | e2e_avg_tokens_per_s        |     43.481 |
[0;36m(APIServer pid=214609)[0;0m INFO 09-25 05:31:30 [stats.py:811] | input_preprocess_time_ms    |      0.057 |
[0;36m(APIServer pid=214609)[0;0m INFO 09-25 05:31:30 [stats.py:811] | e2e_stage_0_wall_time_ms    | 17,968.408 |
[0;36m(APIServer pid=214609)[0;0m INFO 09-25 05:31:30 [stats.py:811] | e2e_stage_1_wall_time_ms    | 18,007.520 |
[0;36m(APIServer pid=214609)[0;0m INFO 09-25 05:31:30 [stats.py:811] +-----------------------------+------------+
[0;36m(APIServer pid=214609)[0;0m INFO 09-25 05:31:30 [stats.py:837] 
[0;36m(APIServer pid=214609)[0;0m INFO 09-25 05:31:30 [stats.py:837] [RequestE2EStats [request_id=speech-abfdfd25f20b0ae8-a8f9148b]]
[0;36m(APIServer pid=214609)[0;0m INFO 09-25 05:31:30 [stats.py:837] +------------------+------------+
[0;36m(APIServer pid=214609)[0;0m INFO 09-25 05:31:30 [stats.py:837] | Field            |      Value |
[0;36m(APIServer pid=214609)[0;0m INFO 09-25 05:31:30 [stats.py:837] +------------------+------------+
[0;36m(APIServer pid=214609)[0;0m INFO 09-25 05:31:30 [stats.py:837] | e2e_total_ms     | 18,007.703 |
[0;36m(APIServer pid=214609)[0;0m INFO 09-25 05:31:30 [stats.py:837] | e2e_total_tokens |        783 |
[0;36m(APIServer pid=214609)[0;0m INFO 09-25 05:31:30 [stats.py:837] +------------------+------------+
[0;36m(APIServer pid=214609)[0;0m INFO 09-25 05:31:30 [stats.py:878] [OmniTiming] req=speech-abfdfd25f20b0ae8-a8f9148b total=18.01s preprocess=0.00s engine=18.01s stages=[0:17.97s,1:18.01s] transfers=[0->1=0.00ms]
[0;36m(APIServer pid=214609)[0;0m INFO 09-25 05:31:30 [stats.py:920] 
[0;36m(APIServer pid=214609)[0;0m INFO 09-25 05:31:30 [stats.py:920] [StageRequestStats [request_id=speech-abfdfd25f20b0ae8-a8f9148b]]
[0;36m(APIServer pid=214609)[0;0m INFO 09-25 05:31:30 [stats.py:920] +---------------------------------+----------------+------------------+
[0;36m(APIServer pid=214609)[0;0m INFO 09-25 05:31:30 [stats.py:920] | Field                           |              0 |                1 |
[0;36m(APIServer pid=214609)[0;0m INFO 09-25 05:31:30 [stats.py:920] +---------------------------------+----------------+------------------+
[0;36m(APIServer pid=214609)[0;0m INFO 09-25 05:31:30 [stats.py:920] | audio_duration_s                |          0.000 |           33.760 |
[0;36m(APIServer pid=214609)[0;0m INFO 09-25 05:31:30 [stats.py:920] | audio_generated_frames          |              0 |          810,240 |
[0;36m(APIServer pid=214609)[0;0m INFO 09-25 05:31:30 [stats.py:920] | audio_sample_rate               |              0 |           24,000 |
[0;36m(APIServer pid=214609)[0;0m INFO 09-25 05:31:30 [stats.py:920] | batch_id                        |          2,593 |            2,674 |
[0;36m(APIServer pid=214609)[0;0m INFO 09-25 05:31:30 [stats.py:920] | batch_size                      |              1 |                1 |
[0;36m(APIServer pid=214609)[0;0m INFO 09-25 05:31:30 [stats.py:920] | inter_output_latencies_ms       |                |                  |
[0;36m(APIServer pid=214609)[0;0m INFO 09-25 05:31:30 [stats.py:920] | num_tokens_in                   |            360 |                0 |
[0;36m(APIServer pid=214609)[0;0m INFO 09-25 05:31:30 [stats.py:920] | num_tokens_out                  |            423 |                0 |
[0;36m(APIServer pid=214609)[0;0m INFO 09-25 05:31:30 [stats.py:920] | output_unit_count               |            423 |          810,240 |
[0;36m(APIServer pid=214609)[0;0m INFO 09-25 05:31:30 [stats.py:920] | output_unit_type                |         stream |            audio |
[0;36m(APIServer pid=214609)[0;0m INFO 09-25 05:31:30 [stats.py:920] | serving_time_to_first_output_ms |     17,968.002 |       18,007.297 |
[0;36m(APIServer pid=214609)[0;0m INFO 09-25 05:31:30 [stats.py:920] | stage_gen_time_ms               |     17,967.839 |       18,007.083 |
[0;36m(APIServer pid=214609)[0;0m INFO 09-25 05:31:30 [stats.py:920] | time_per_output_unit_ms         |          0.000 |            0.000 |
[0;36m(APIServer pid=214609)[0;0m INFO 09-25 05:31:30 [stats.py:920] | vllm_itl_ms                     |         42.064 |        1,030.262 |
[0;36m(APIServer pid=214609)[0;0m INFO 09-25 05:31:30 [stats.py:920] | vllm_itls_ms                    | 42.064 (n=422) | 1,030.262 (n=17) |
[0;36m(APIServer pid=214609)[0;0m INFO 09-25 05:31:30 [stats.py:920] | vllm_tpot_ms                    |         42.064 |            0.000 |
[0;36m(APIServer pid=214609)[0;0m INFO 09-25 05:31:30 [stats.py:920] | vllm_ttft_ms                    |        217.758 |          492.111 |
[0;36m(APIServer pid=214609)[0;0m INFO 09-25 05:31:30 [stats.py:920] +---------------------------------+----------------+------------------+
[0;36m(APIServer pid=214609)[0;0m INFO 09-25 05:31:30 [serving_speech.py:3646] [SpeechE2E] request_id=speech-abfdfd25f20b0ae8 stream=false status=ok total_ms=18020.11 response_bytes=1620524
[0;36m(APIServer pid=214609)[0;0m INFO:     127.0.0.1:33620 - "POST /v1/audio/speech HTTP/1.1" 200 OK
[0;36m(APIServer pid=214609)[0;0m INFO 09-25 05:31:30 [stats.py:811] 
[0;36m(APIServer pid=214609)[0;0m INFO 09-25 05:31:30 [stats.py:811] [Overall Summary]
[0;36m(APIServer pid=214609)[0;0m INFO 09-25 05:31:30 [stats.py:811] +-----------------------------+------------+
[0;36m(APIServer pid=214609)[0;0m INFO 09-25 05:31:30 [stats.py:811] | Field                       |      Value |
[0;36m(APIServer pid=214609)[0;0m INFO 09-25 05:31:30 [stats.py:811] +-----------------------------+------------+
[0;36m(APIServer pid=214609)[0;0m INFO 09-25 05:31:30 [stats.py:811] | e2e_requests                |          1 |
[0;36m(APIServer pid=214609)[0;0m INFO 09-25 05:31:30 [stats.py:811] | e2e_wall_time_ms            | 16,523.663 |
[0;36m(APIServer pid=214609)[0;0m INFO 09-25 05:31:30 [stats.py:811] | e2e_total_tokens            |        698 |
[0;36m(APIServer pid=214609)[0;0m INFO 09-25 05:31:30 [stats.py:811] | e2e_avg_time_per_request_ms | 16,523.663 |
[0;36m(APIServer pid=214609)[0;0m INFO 09-25 05:31:30 [stats.py:811] | e2e_avg_tokens_per_s        |     42.242 |
[0;36m(APIServer pid=214609)[0;0m INFO 09-25 05:31:30 [stats.py:811] | input_preprocess_time_ms    |      0.053 |
[0;36m(APIServer pid=214609)[0;0m INFO 09-25 05:31:30 [stats.py:811] | e2e_stage_0_wall_time_ms    | 16,483.714 |
[0;36m(APIServer pid=214609)[0;0m INFO 09-25 05:31:30 [stats.py:811] | e2e_stage_1_wall_time_ms    | 16,522.918 |
[0;36m(APIServer pid=214609)[0;0m INFO 09-25 05:31:30 [stats.py:811] +-----------------------------+------------+
[0;36m(APIServer pid=214609)[0;0m INFO 09-25 05:31:30 [stats.py:837] 
[0;36m(APIServer pid=214609)[0;0m INFO 09-25 05:31:30 [stats.py:837] [RequestE2EStats [request_id=speech-bc138b46ce27b915-b50c8ae6]]
[0;36m(APIServer pid=214609)[0;0m INFO 09-25 05:31:30 [stats.py:837] +------------------+------------+
[0;36m(APIServer pid=214609)[0;0m INFO 09-25 05:31:30 [stats.py:837] | Field            |      Value |
[0;36m(APIServer pid=214609)[0;0m INFO 09-25 05:31:30 [stats.py:837] +------------------+------------+
[0;36m(APIServer pid=214609)[0;0m INFO 09-25 05:31:30 [stats.py:837] | e2e_total_ms     | 16,523.545 |
[0;36m(APIServer pid=214609)[0;0m INFO 09-25 05:31:30 [stats.py:837] | e2e_total_tokens |        698 |
[0;36m(APIServer pid=214609)[0;0m INFO 09-25 05:31:30 [stats.py:837] +------------------+------------+
[0;36m(APIServer pid=214609)[0;0m INFO 09-25 05:31:30 [stats.py:878] [OmniTiming] req=speech-bc138b46ce27b915-b50c8ae6 total=16.52s preprocess=0.00s engine=16.52s stages=[0:16.48s,1:16.52s] transfers=[0->1=0.00ms]
[0;36m(APIServer pid=214609)[0;0m INFO 09-25 05:31:30 [stats.py:920] 
[0;36m(APIServer pid=214609)[0;0m INFO 09-25 05:31:30 [stats.py:920] [StageRequestStats [request_id=speech-bc138b46ce27b915-b50c8ae6]]
[0;36m(APIServer pid=214609)[0;0m INFO 09-25 05:31:30 [stats.py:920] +---------------------------------+----------------+------------------+
[0;36m(APIServer pid=214609)[0;0m INFO 09-25 05:31:30 [stats.py:920] | Field                           |              0 |                1 |
[0;36m(APIServer pid=214609)[0;0m INFO 09-25 05:31:30 [stats.py:920] +---------------------------------+----------------+------------------+
[0;36m(APIServer pid=214609)[0;0m INFO 09-25 05:31:30 [stats.py:920] | audio_duration_s                |          0.000 |           31.680 |
[0;36m(APIServer pid=214609)[0;0m INFO 09-25 05:31:30 [stats.py:920] | audio_generated_frames          |              0 |          760,320 |
[0;36m(APIServer pid=214609)[0;0m INFO 09-25 05:31:30 [stats.py:920] | audio_sample_rate               |              0 |           24,000 |
[0;36m(APIServer pid=214609)[0;0m INFO 09-25 05:31:30 [stats.py:920] | batch_id                        |          2,594 |            2,675 |
[0;36m(APIServer pid=214609)[0;0m INFO 09-25 05:31:30 [stats.py:920] | batch_size                      |              1 |                1 |
[0;36m(APIServer pid=214609)[0;0m INFO 09-25 05:31:30 [stats.py:920] | inter_output_latencies_ms       |                |                  |
[0;36m(APIServer pid=214609)[0;0m INFO 09-25 05:31:30 [stats.py:920] | num_tokens_in                   |            301 |                0 |
[0;36m(APIServer pid=214609)[0;0m INFO 09-25 05:31:30 [stats.py:920] | num_tokens_out                  |            397 |                0 |
[0;36m(APIServer pid=214609)[0;0m INFO 09-25 05:31:30 [stats.py:920] | output_unit_count               |            397 |          760,320 |
[0;36m(APIServer pid=214609)[0;0m INFO 09-25 05:31:30 [stats.py:920] | output_unit_type                |         stream |            audio |
[0;36m(APIServer pid=214609)[0;0m INFO 09-25 05:31:30 [stats.py:920] | serving_time_to_first_output_ms |     16,483.705 |       16,522.495 |
[0;36m(APIServer pid=214609)[0;0m INFO 09-25 05:31:30 [stats.py:920] | stage_gen_time_ms               |     16,483.576 |       16,521.867 |
[0;36m(APIServer pid=214609)[0;0m INFO 09-25 05:31:30 [stats.py:920] | time_per_output_unit_ms         |          0.000 |            0.000 |
[0;36m(APIServer pid=214609)[0;0m INFO 09-25 05:31:30 [stats.py:920] | vllm_itl_ms                     |         41.201 |        1,014.517 |
[0;36m(APIServer pid=214609)[0;0m INFO 09-25 05:31:30 [stats.py:920] | vllm_itls_ms                    | 41.201 (n=396) | 1,014.517 (n=16) |
[0;36m(APIServer pid=214609)[0;0m INFO 09-25 05:31:30 [stats.py:920] | vllm_tpot_ms                    |         41.201 |            0.000 |
[0;36m(APIServer pid=214609)[0;0m INFO 09-25 05:31:30 [stats.py:920] | vllm_ttft_ms                    |        165.814 |          287.951 |
[0;36m(APIServer pid=214609)[0;0m INFO 09-25 05:31:30 [stats.py:920] +---------------------------------+----------------+------------------+
[0;36m(APIServer pid=214609)[0;0m INFO 09-25 05:31:30 [serving_speech.py:3646] [SpeechE2E] request_id=speech-bc138b46ce27b915 stream=false status=ok total_ms=16532.63 response_bytes=1520684
[0;36m(APIServer pid=214609)[0;0m INFO:     127.0.0.1:33618 - "POST /v1/audio/speech HTTP/1.1" 200 OK
[0;36m(APIServer pid=214609)[0;0m INFO 09-25 05:31:30 [stats.py:811] 
[0;36m(APIServer pid=214609)[0;0m INFO 09-25 05:31:30 [stats.py:811] [Overall Summary]
[0;36m(APIServer pid=214609)[0;0m INFO 09-25 05:31:30 [stats.py:811] +-----------------------------+------------+
[0;36m(APIServer pid=214609)[0;0m INFO 09-25 05:31:30 [stats.py:811] | Field                       |      Value |
[0;36m(APIServer pid=214609)[0;0m INFO 09-25 05:31:30 [stats.py:811] +-----------------------------+------------+
[0;36m(APIServer pid=214609)[0;0m INFO 09-25 05:31:30 [stats.py:811] | e2e_requests                |          1 |
[0;36m(APIServer pid=214609)[0;0m INFO 09-25 05:31:30 [stats.py:811] | e2e_wall_time_ms            | 18,089.716 |
[0;36m(APIServer pid=214609)[0;0m INFO 09-25 05:31:30 [stats.py:811] | e2e_total_tokens            |        732 |
[0;36m(APIServer pid=214609)[0;0m INFO 09-25 05:31:30 [stats.py:811] | e2e_avg_time_per_request_ms | 18,089.716 |
[0;36m(APIServer pid=214609)[0;0m INFO 09-25 05:31:30 [stats.py:811] | e2e_avg_tokens_per_s        |     40.465 |
[0;36m(APIServer pid=214609)[0;0m INFO 09-25 05:31:30 [stats.py:811] | input_preprocess_time_ms    |      0.052 |
[0;36m(APIServer pid=214609)[0;0m INFO 09-25 05:31:30 [stats.py:811] | e2e_stage_0_wall_time_ms    | 18,056.046 |
[0;36m(APIServer pid=214609)[0;0m INFO 09-25 05:31:30 [stats.py:811] | e2e_stage_1_wall_time_ms    | 18,089.426 |
[0;36m(APIServer pid=214609)[0;0m INFO 09-25 05:31:30 [stats.py:811] +-----------------------------+------------+
[0;36m(APIServer pid=214609)[0;0m INFO 09-25 05:31:30 [stats.py:837] 
[0;36m(APIServer pid=214609)[0;0m INFO 09-25 05:31:30 [stats.py:837] [RequestE2EStats [request_id=speech-9506c37f71ca7ef0-97b318c6]]
[0;36m(APIServer pid=214609)[0;0m INFO 09-25 05:31:30 [stats.py:837] +------------------+------------+
[0;36m(APIServer pid=214609)[0;0m INFO 09-25 05:31:30 [stats.py:837] | Field            |      Value |
[0;36m(APIServer pid=214609)[0;0m INFO 09-25 05:31:30 [stats.py:837] +------------------+------------+
[0;36m(APIServer pid=214609)[0;0m INFO 09-25 05:31:30 [stats.py:837] | e2e_total_ms     | 18,089.596 |
[0;36m(APIServer pid=214609)[0;0m INFO 09-25 05:31:30 [stats.py:837] | e2e_total_tokens |        732 |
[0;36m(APIServer pid=214609)[0;0m INFO 09-25 05:31:30 [stats.py:837] +------------------+------------+
[0;36m(APIServer pid=214609)[0;0m INFO 09-25 05:31:30 [stats.py:878] [OmniTiming] req=speech-9506c37f71ca7ef0-97b318c6 total=18.09s preprocess=0.00s engine=18.09s stages=[0:18.06s,1:18.09s] transfers=[0->1=0.00ms]
[0;36m(APIServer pid=214609)[0;0m INFO 09-25 05:31:30 [stats.py:920] 
[0;36m(APIServer pid=214609)[0;0m INFO 09-25 05:31:30 [stats.py:920] [StageRequestStats [request_id=speech-9506c37f71ca7ef0-97b318c6]]
[0;36m(APIServer pid=214609)[0;0m INFO 09-25 05:31:30 [stats.py:920] +---------------------------------+----------------+----------------+
[0;36m(APIServer pid=214609)[0;0m INFO 09-25 05:31:30 [stats.py:920] | Field                           |              0 |              1 |
[0;36m(APIServer pid=214609)[0;0m INFO 09-25 05:31:30 [stats.py:920] +---------------------------------+----------------+----------------+
[0;36m(APIServer pid=214609)[0;0m INFO 09-25 05:31:30 [stats.py:920] | audio_duration_s                |          0.000 |         34.400 |
[0;36m(APIServer pid=214609)[0;0m INFO 09-25 05:31:30 [stats.py:920] | audio_generated_frames          |              0 |        825,600 |
[0;36m(APIServer pid=214609)[0;0m INFO 09-25 05:31:30 [stats.py:920] | audio_sample_rate               |              0 |         24,000 |
[0;36m(APIServer pid=214609)[0;0m INFO 09-25 05:31:30 [stats.py:920] | batch_id                        |          2,595 |          2,676 |
[0;36m(APIServer pid=214609)[0;0m INFO 09-25 05:31:30 [stats.py:920] | batch_size                      |              1 |              1 |
[0;36m(APIServer pid=214609)[0;0m INFO 09-25 05:31:30 [stats.py:920] | inter_output_latencies_ms       |                |                |
[0;36m(APIServer pid=214609)[0;0m INFO 09-25 05:31:30 [stats.py:920] | num_tokens_in                   |            301 |              0 |
[0;36m(APIServer pid=214609)[0;0m INFO 09-25 05:31:30 [stats.py:920] | num_tokens_out                  |            431 |              0 |
[0;36m(APIServer pid=214609)[0;0m INFO 09-25 05:31:30 [stats.py:920] | output_unit_count               |            431 |        825,600 |
[0;36m(APIServer pid=214609)[0;0m INFO 09-25 05:31:30 [stats.py:920] | output_unit_type                |         stream |          audio |
[0;36m(APIServer pid=214609)[0;0m INFO 09-25 05:31:30 [stats.py:920] | serving_time_to_first_output_ms |     18,055.630 |     18,088.685 |
[0;36m(APIServer pid=214609)[0;0m INFO 09-25 05:31:30 [stats.py:920] | stage_gen_time_ms               |     18,055.532 |     18,088.521 |
[0;36m(APIServer pid=214609)[0;0m INFO 09-25 05:31:30 [stats.py:920] | time_per_output_unit_ms         |          0.000 |          0.000 |
[0;36m(APIServer pid=214609)[0;0m INFO 09-25 05:31:30 [stats.py:920] | vllm_itl_ms                     |         41.690 |        989.432 |
[0;36m(APIServer pid=214609)[0;0m INFO 09-25 05:31:30 [stats.py:920] | vllm_itls_ms                    | 41.690 (n=430) | 989.432 (n=18) |
[0;36m(APIServer pid=214609)[0;0m INFO 09-25 05:31:30 [stats.py:920] | vllm_tpot_ms                    |         41.690 |          0.000 |
[0;36m(APIServer pid=214609)[0;0m INFO 09-25 05:31:30 [stats.py:920] | vllm_ttft_ms                    |        128.534 |        279.639 |
[0;36m(APIServer pid=214609)[0;0m INFO 09-25 05:31:30 [stats.py:920] +---------------------------------+----------------+----------------+
[0;36m(APIServer pid=214609)[0;0m INFO 09-25 05:31:30 [serving_speech.py:3646] [SpeechE2E] request_id=speech-9506c37f71ca7ef0 stream=false status=ok total_ms=18099.31 response_bytes=1651244
[0;36m(APIServer pid=214609)[0;0m INFO:     127.0.0.1:40140 - "POST /v1/audio/speech HTTP/1.1" 200 OK
[0;36m(APIServer pid=214609)[0;0m INFO 09-25 05:31:30 [stats.py:811] 
[0;36m(APIServer pid=214609)[0;0m INFO 09-25 05:31:30 [stats.py:811] [Overall Summary]
[0;36m(APIServer pid=214609)[0;0m INFO 09-25 05:31:30 [stats.py:811] +-----------------------------+------------+
[0;36m(APIServer pid=214609)[0;0m INFO 09-25 05:31:30 [stats.py:811] | Field                       |      Value |
[0;36m(APIServer pid=214609)[0;0m INFO 09-25 05:31:30 [stats.py:811] +-----------------------------+------------+
[0;36m(APIServer pid=214609)[0;0m INFO 09-25 05:31:30 [stats.py:811] | e2e_requests                |          1 |
[0;36m(APIServer pid=214609)[0;0m INFO 09-25 05:31:30 [stats.py:811] | e2e_wall_time_ms            | 16,726.705 |
[0;36m(APIServer pid=214609)[0;0m INFO 09-25 05:31:30 [stats.py:811] | e2e_total_tokens            |        702 |
[0;36m(APIServer pid=214609)[0;0m INFO 09-25 05:31:30 [stats.py:811] | e2e_avg_time_per_request_ms | 16,726.705 |
[0;36m(APIServer pid=214609)[0;0m INFO 09-25 05:31:30 [stats.py:811] | e2e_avg_tokens_per_s        |     41.969 |
[0;36m(APIServer pid=214609)[0;0m INFO 09-25 05:31:30 [stats.py:811] | input_preprocess_time_ms    |      0.053 |
[0;36m(APIServer pid=214609)[0;0m INFO 09-25 05:31:30 [stats.py:811] | e2e_stage_0_wall_time_ms    | 16,653.328 |
[0;36m(APIServer pid=214609)[0;0m INFO 09-25 05:31:30 [stats.py:811] | e2e_stage_1_wall_time_ms    | 16,726.425 |
[0;36m(APIServer pid=214609)[0;0m INFO 09-25 05:31:30 [stats.py:811] +-----------------------------+------------+
[0;36m(APIServer pid=214609)[0;0m INFO 09-25 05:31:30 [stats.py:837] 
[0;36m(APIServer pid=214609)[0;0m INFO 09-25 05:31:30 [stats.py:837] [RequestE2EStats [request_id=speech-8be3abdb7a0cf84e-abd60db2]]
[0;36m(APIServer pid=214609)[0;0m INFO 09-25 05:31:30 [stats.py:837] +------------------+------------+
[0;36m(APIServer pid=214609)[0;0m INFO 09-25 05:31:30 [stats.py:837] | Field            |      Value |
[0;36m(APIServer pid=214609)[0;0m INFO 09-25 05:31:30 [stats.py:837] +------------------+------------+
[0;36m(APIServer pid=214609)[0;0m INFO 09-25 05:31:30 [stats.py:837] | e2e_total_ms     | 16,726.584 |
[0;36m(APIServer pid=214609)[0;0m INFO 09-25 05:31:30 [stats.py:837] | e2e_total_tokens |        702 |
[0;36m(APIServer pid=214609)[0;0m INFO 09-25 05:31:30 [stats.py:837] +------------------+------------+
[0;36m(APIServer pid=214609)[0;0m INFO 09-25 05:31:30 [stats.py:878] [OmniTiming] req=speech-8be3abdb7a0cf84e-abd60db2 total=16.73s preprocess=0.00s engine=16.73s stages=[0:16.65s,1:16.73s] transfers=[0->1=0.00ms]
[0;36m(APIServer pid=214609)[0;0m INFO 09-25 05:31:30 [stats.py:920] 
[0;36m(APIServer pid=214609)[0;0m INFO 09-25 05:31:30 [stats.py:920] [StageRequestStats [request_id=speech-8be3abdb7a0cf84e-abd60db2]]
[0;36m(APIServer pid=214609)[0;0m INFO 09-25 05:31:30 [stats.py:920] +---------------------------------+----------------+------------------+
[0;36m(APIServer pid=214609)[0;0m INFO 09-25 05:31:30 [stats.py:920] | Field                           |              0 |                1 |
[0;36m(APIServer pid=214609)[0;0m INFO 09-25 05:31:30 [stats.py:920] +---------------------------------+----------------+------------------+
[0;36m(APIServer pid=214609)[0;0m INFO 09-25 05:31:30 [stats.py:920] | audio_duration_s                |          0.000 |           32.000 |
[0;36m(APIServer pid=214609)[0;0m INFO 09-25 05:31:30 [stats.py:920] | audio_generated_frames          |              0 |          768,000 |
[0;36m(APIServer pid=214609)[0;0m INFO 09-25 05:31:30 [stats.py:920] | audio_sample_rate               |              0 |           24,000 |
[0;36m(APIServer pid=214609)[0;0m INFO 09-25 05:31:30 [stats.py:920] | batch_id                        |          2,596 |            2,677 |
[0;36m(APIServer pid=214609)[0;0m INFO 09-25 05:31:30 [stats.py:920] | batch_size                      |              1 |                1 |
[0;36m(APIServer pid=214609)[0;0m INFO 09-25 05:31:30 [stats.py:920] | inter_output_latencies_ms       |                |                  |
[0;36m(APIServer pid=214609)[0;0m INFO 09-25 05:31:30 [stats.py:920] | num_tokens_in                   |            301 |                0 |
[0;36m(APIServer pid=214609)[0;0m INFO 09-25 05:31:30 [stats.py:920] | num_tokens_out                  |            401 |                0 |
[0;36m(APIServer pid=214609)[0;0m INFO 09-25 05:31:30 [stats.py:920] | output_unit_count               |            401 |          768,000 |
[0;36m(APIServer pid=214609)[0;0m INFO 09-25 05:31:30 [stats.py:920] | output_unit_type                |         stream |            audio |
[0;36m(APIServer pid=214609)[0;0m INFO 09-25 05:31:30 [stats.py:920] | serving_time_to_first_output_ms |     16,653.322 |       16,726.404 |
[0;36m(APIServer pid=214609)[0;0m INFO 09-25 05:31:30 [stats.py:920] | stage_gen_time_ms               |     16,653.192 |       16,726.236 |
[0;36m(APIServer pid=214609)[0;0m INFO 09-25 05:31:30 [stats.py:920] | time_per_output_unit_ms         |          0.000 |            0.000 |
[0;36m(APIServer pid=214609)[0;0m INFO 09-25 05:31:30 [stats.py:920] | vllm_itl_ms                     |         41.330 |        1,030.566 |
[0;36m(APIServer pid=214609)[0;0m INFO 09-25 05:31:30 [stats.py:920] | vllm_itls_ms                    | 41.330 (n=400) | 1,030.566 (n=16) |
[0;36m(APIServer pid=214609)[0;0m INFO 09-25 05:31:30 [stats.py:920] | vllm_tpot_ms                    |         41.330 |            0.000 |
[0;36m(APIServer pid=214609)[0;0m INFO 09-25 05:31:30 [stats.py:920] | vllm_ttft_ms                    |        120.233 |          234.633 |
[0;36m(APIServer pid=214609)[0;0m INFO 09-25 05:31:30 [stats.py:920] +---------------------------------+----------------+------------------+
[0;36m(APIServer pid=214609)[0;0m INFO 09-25 05:31:30 [serving_speech.py:3646] [SpeechE2E] request_id=speech-8be3abdb7a0cf84e stream=false status=ok total_ms=16735.39 response_bytes=1536044
[0;36m(APIServer pid=214609)[0;0m INFO:     127.0.0.1:33634 - "POST /v1/audio/speech HTTP/1.1" 200 OK
[0;36m(APIServer pid=214609)[0;0m INFO 09-25 05:31:31 [stats.py:811] 
[0;36m(APIServer pid=214609)[0;0m INFO 09-25 05:31:31 [stats.py:811] [Overall Summary]
[0;36m(APIServer pid=214609)[0;0m INFO 09-25 05:31:31 [stats.py:811] +-----------------------------+------------+
[0;36m(APIServer pid=214609)[0;0m INFO 09-25 05:31:31 [stats.py:811] | Field                       |      Value |
[0;36m(APIServer pid=214609)[0;0m INFO 09-25 05:31:31 [stats.py:811] +-----------------------------+------------+
[0;36m(APIServer pid=214609)[0;0m INFO 09-25 05:31:31 [stats.py:811] | e2e_requests                |          1 |
[0;36m(APIServer pid=214609)[0;0m INFO 09-25 05:31:31 [stats.py:811] | e2e_wall_time_ms            | 17,366.297 |
[0;36m(APIServer pid=214609)[0;0m INFO 09-25 05:31:31 [stats.py:811] | e2e_total_tokens            |        783 |
[0;36m(APIServer pid=214609)[0;0m INFO 09-25 05:31:31 [stats.py:811] | e2e_avg_time_per_request_ms | 17,366.297 |
[0;36m(APIServer pid=214609)[0;0m INFO 09-25 05:31:31 [stats.py:811] | e2e_avg_tokens_per_s        |     45.087 |
[0;36m(APIServer pid=214609)[0;0m INFO 09-25 05:31:31 [stats.py:811] | input_preprocess_time_ms    |      0.055 |
[0;36m(APIServer pid=214609)[0;0m INFO 09-25 05:31:31 [stats.py:811] | e2e_stage_0_wall_time_ms    | 17,326.743 |
[0;36m(APIServer pid=214609)[0;0m INFO 09-25 05:31:31 [stats.py:811] | e2e_stage_1_wall_time_ms    | 17,365.999 |
[0;36m(APIServer pid=214609)[0;0m INFO 09-25 05:31:31 [stats.py:811] +-----------------------------+------------+
[0;36m(APIServer pid=214609)[0;0m INFO 09-25 05:31:31 [stats.py:837] 
[0;36m(APIServer pid=214609)[0;0m INFO 09-25 05:31:31 [stats.py:837] [RequestE2EStats [request_id=speech-9ca18493969eb36e-99ec76de]]
[0;36m(APIServer pid=214609)[0;0m INFO 09-25 05:31:31 [stats.py:837] +------------------+------------+
[0;36m(APIServer pid=214609)[0;0m INFO 09-25 05:31:31 [stats.py:837] | Field            |      Value |
[0;36m(APIServer pid=214609)[0;0m INFO 09-25 05:31:31 [stats.py:837] +------------------+------------+
[0;36m(APIServer pid=214609)[0;0m INFO 09-25 05:31:31 [stats.py:837] | e2e_total_ms     | 17,366.173 |
[0;36m(APIServer pid=214609)[0;0m INFO 09-25 05:31:31 [stats.py:837] | e2e_total_tokens |        783 |
[0;36m(APIServer pid=214609)[0;0m INFO 09-25 05:31:31 [stats.py:837] +------------------+------------+
[0;36m(APIServer pid=214609)[0;0m INFO 09-25 05:31:31 [stats.py:878] [OmniTiming] req=speech-9ca18493969eb36e-99ec76de total=17.37s preprocess=0.00s engine=17.37s stages=[0:17.33s,1:17.37s] transfers=[0->1=0.00ms]
[0;36m(APIServer pid=214609)[0;0m INFO 09-25 05:31:31 [stats.py:920] 
[0;36m(APIServer pid=214609)[0;0m INFO 09-25 05:31:31 [stats.py:920] [StageRequestStats [request_id=speech-9ca18493969eb36e-99ec76de]]
[0;36m(APIServer pid=214609)[0;0m INFO 09-25 05:31:31 [stats.py:920] +---------------------------------+----------------+------------------+
[0;36m(APIServer pid=214609)[0;0m INFO 09-25 05:31:31 [stats.py:920] | Field                           |              0 |                1 |
[0;36m(APIServer pid=214609)[0;0m INFO 09-25 05:31:31 [stats.py:920] +---------------------------------+----------------+------------------+
[0;36m(APIServer pid=214609)[0;0m INFO 09-25 05:31:31 [stats.py:920] | audio_duration_s                |          0.000 |           33.760 |
[0;36m(APIServer pid=214609)[0;0m INFO 09-25 05:31:31 [stats.py:920] | audio_generated_frames          |              0 |          810,240 |
[0;36m(APIServer pid=214609)[0;0m INFO 09-25 05:31:31 [stats.py:920] | audio_sample_rate               |              0 |           24,000 |
[0;36m(APIServer pid=214609)[0;0m INFO 09-25 05:31:31 [stats.py:920] | batch_id                        |          2,597 |            2,678 |
[0;36m(APIServer pid=214609)[0;0m INFO 09-25 05:31:31 [stats.py:920] | batch_size                      |              1 |                1 |
[0;36m(APIServer pid=214609)[0;0m INFO 09-25 05:31:31 [stats.py:920] | inter_output_latencies_ms       |                |                  |
[0;36m(APIServer pid=214609)[0;0m INFO 09-25 05:31:31 [stats.py:920] | num_tokens_in                   |            360 |                0 |
[0;36m(APIServer pid=214609)[0;0m INFO 09-25 05:31:31 [stats.py:920] | num_tokens_out                  |            423 |                0 |
[0;36m(APIServer pid=214609)[0;0m INFO 09-25 05:31:31 [stats.py:920] | output_unit_count               |            423 |          810,240 |
[0;36m(APIServer pid=214609)[0;0m INFO 09-25 05:31:31 [stats.py:920] | output_unit_type                |         stream |            audio |
[0;36m(APIServer pid=214609)[0;0m INFO 09-25 05:31:31 [stats.py:920] | serving_time_to_first_output_ms |     17,326.658 |       17,365.835 |
[0;36m(APIServer pid=214609)[0;0m INFO 09-25 05:31:31 [stats.py:920] | stage_gen_time_ms               |     17,326.500 |       17,365.630 |
[0;36m(APIServer pid=214609)[0;0m INFO 09-25 05:31:31 [stats.py:920] | time_per_output_unit_ms         |          0.000 |            0.000 |
[0;36m(APIServer pid=214609)[0;0m INFO 09-25 05:31:31 [stats.py:920] | vllm_itl_ms                     |         40.745 |        1,002.132 |
[0;36m(APIServer pid=214609)[0;0m INFO 09-25 05:31:31 [stats.py:920] | vllm_itls_ms                    | 40.745 (n=422) | 1,002.132 (n=17) |
[0;36m(APIServer pid=214609)[0;0m INFO 09-25 05:31:31 [stats.py:920] | vllm_tpot_ms                    |         40.745 |            0.000 |
[0;36m(APIServer pid=214609)[0;0m INFO 09-25 05:31:31 [stats.py:920] | vllm_ttft_ms                    |        129.814 |          326.868 |
[0;36m(APIServer pid=214609)[0;0m INFO 09-25 05:31:31 [stats.py:920] +---------------------------------+----------------+------------------+
[0;36m(APIServer pid=214609)[0;0m INFO 09-25 05:31:31 [serving_speech.py:3646] [SpeechE2E] request_id=speech-9ca18493969eb36e stream=false status=ok total_ms=17375.96 response_bytes=1620524
[0;36m(APIServer pid=214609)[0;0m INFO:     127.0.0.1:33570 - "POST /v1/audio/speech HTTP/1.1" 200 OK
[0;36m(APIServer pid=214609)[0;0m INFO 09-25 05:31:31 [stats.py:811] 
[0;36m(APIServer pid=214609)[0;0m INFO 09-25 05:31:31 [stats.py:811] [Overall Summary]
[0;36m(APIServer pid=214609)[0;0m INFO 09-25 05:31:31 [stats.py:811] +-----------------------------+------------+
[0;36m(APIServer pid=214609)[0;0m INFO 09-25 05:31:31 [stats.py:811] | Field                       |      Value |
[0;36m(APIServer pid=214609)[0;0m INFO 09-25 05:31:31 [stats.py:811] +-----------------------------+------------+
[0;36m(APIServer pid=214609)[0;0m INFO 09-25 05:31:31 [stats.py:811] | e2e_requests                |          1 |
[0;36m(APIServer pid=214609)[0;0m INFO 09-25 05:31:31 [stats.py:811] | e2e_wall_time_ms            | 16,370.918 |
[0;36m(APIServer pid=214609)[0;0m INFO 09-25 05:31:31 [stats.py:811] | e2e_total_tokens            |        707 |
[0;36m(APIServer pid=214609)[0;0m INFO 09-25 05:31:31 [stats.py:811] | e2e_avg_time_per_request_ms | 16,370.918 |
[0;36m(APIServer pid=214609)[0;0m INFO 09-25 05:31:31 [stats.py:811] | e2e_avg_tokens_per_s        |     43.186 |
[0;36m(APIServer pid=214609)[0;0m INFO 09-25 05:31:31 [stats.py:811] | input_preprocess_time_ms    |      0.052 |
[0;36m(APIServer pid=214609)[0;0m INFO 09-25 05:31:31 [stats.py:811] | e2e_stage_0_wall_time_ms    | 16,335.651 |
[0;36m(APIServer pid=214609)[0;0m INFO 09-25 05:31:31 [stats.py:811] | e2e_stage_1_wall_time_ms    | 16,370.632 |
[0;36m(APIServer pid=214609)[0;0m INFO 09-25 05:31:31 [stats.py:811] +-----------------------------+------------+
[0;36m(APIServer pid=214609)[0;0m INFO 09-25 05:31:31 [stats.py:837] 
[0;36m(APIServer pid=214609)[0;0m INFO 09-25 05:31:31 [stats.py:837] [RequestE2EStats [request_id=speech-9066c6ed64565804-b3e088b8]]
[0;36m(APIServer pid=214609)[0;0m INFO 09-25 05:31:31 [stats.py:837] +------------------+------------+
[0;36m(APIServer pid=214609)[0;0m INFO 09-25 05:31:31 [stats.py:837] | Field            |      Value |
[0;36m(APIServer pid=214609)[0;0m INFO 09-25 05:31:31 [stats.py:837] +------------------+------------+
[0;36m(APIServer pid=214609)[0;0m INFO 09-25 05:31:31 [stats.py:837] | e2e_total_ms     | 16,370.796 |
[0;36m(APIServer pid=214609)[0;0m INFO 09-25 05:31:31 [stats.py:837] | e2e_total_tokens |        707 |
[0;36m(APIServer pid=214609)[0;0m INFO 09-25 05:31:31 [stats.py:837] +------------------+------------+
[0;36m(APIServer pid=214609)[0;0m INFO 09-25 05:31:31 [stats.py:878] [OmniTiming] req=speech-9066c6ed64565804-b3e088b8 total=16.37s preprocess=0.00s engine=16.37s stages=[0:16.33s,1:16.37s] transfers=[0->1=0.00ms]
[0;36m(APIServer pid=214609)[0;0m INFO 09-25 05:31:31 [stats.py:920] 
[0;36m(APIServer pid=214609)[0;0m INFO 09-25 05:31:31 [stats.py:920] [StageRequestStats [request_id=speech-9066c6ed64565804-b3e088b8]]
[0;36m(APIServer pid=214609)[0;0m INFO 09-25 05:31:31 [stats.py:920] +---------------------------------+----------------+----------------+
[0;36m(APIServer pid=214609)[0;0m INFO 09-25 05:31:31 [stats.py:920] | Field                           |              0 |              1 |
[0;36m(APIServer pid=214609)[0;0m INFO 09-25 05:31:31 [stats.py:920] +---------------------------------+----------------+----------------+
[0;36m(APIServer pid=214609)[0;0m INFO 09-25 05:31:31 [stats.py:920] | audio_duration_s                |          0.000 |         32.400 |
[0;36m(APIServer pid=214609)[0;0m INFO 09-25 05:31:31 [stats.py:920] | audio_generated_frames          |              0 |        777,600 |
[0;36m(APIServer pid=214609)[0;0m INFO 09-25 05:31:31 [stats.py:920] | audio_sample_rate               |              0 |         24,000 |
[0;36m(APIServer pid=214609)[0;0m INFO 09-25 05:31:31 [stats.py:920] | batch_id                        |          2,598 |          2,679 |
[0;36m(APIServer pid=214609)[0;0m INFO 09-25 05:31:31 [stats.py:920] | batch_size                      |              1 |              1 |
[0;36m(APIServer pid=214609)[0;0m INFO 09-25 05:31:31 [stats.py:920] | inter_output_latencies_ms       |                |                |
[0;36m(APIServer pid=214609)[0;0m INFO 09-25 05:31:31 [stats.py:920] | num_tokens_in                   |            301 |              0 |
[0;36m(APIServer pid=214609)[0;0m INFO 09-25 05:31:31 [stats.py:920] | num_tokens_out                  |            406 |              0 |
[0;36m(APIServer pid=214609)[0;0m INFO 09-25 05:31:31 [stats.py:920] | output_unit_count               |            406 |        777,600 |
[0;36m(APIServer pid=214609)[0;0m INFO 09-25 05:31:31 [stats.py:920] | output_unit_type                |         stream |          audio |
[0;36m(APIServer pid=214609)[0;0m INFO 09-25 05:31:31 [stats.py:920] | serving_time_to_first_output_ms |     16,335.137 |     16,370.010 |
[0;36m(APIServer pid=214609)[0;0m INFO 09-25 05:31:31 [stats.py:920] | stage_gen_time_ms               |     16,334.977 |     16,369.811 |
[0;36m(APIServer pid=214609)[0;0m INFO 09-25 05:31:31 [stats.py:920] | time_per_output_unit_ms         |          0.000 |          0.000 |
[0;36m(APIServer pid=214609)[0;0m INFO 09-25 05:31:31 [stats.py:920] | vllm_itl_ms                     |         39.883 |        941.977 |
[0;36m(APIServer pid=214609)[0;0m INFO 09-25 05:31:31 [stats.py:920] | vllm_itls_ms                    | 39.883 (n=405) | 941.977 (n=17) |
[0;36m(APIServer pid=214609)[0;0m INFO 09-25 05:31:31 [stats.py:920] | vllm_tpot_ms                    |         39.883 |          0.000 |
[0;36m(APIServer pid=214609)[0;0m INFO 09-25 05:31:31 [stats.py:920] | vllm_ttft_ms                    |        180.516 |        355.560 |
[0;36m(APIServer pid=214609)[0;0m INFO 09-25 05:31:31 [stats.py:920] +---------------------------------+----------------+----------------+
[0;36m(APIServer pid=214609)[0;0m INFO 09-25 05:31:31 [serving_speech.py:3646] [SpeechE2E] request_id=speech-9066c6ed64565804 stream=false status=ok total_ms=16380.89 response_bytes=1555244
[0;36m(APIServer pid=214609)[0;0m INFO:     127.0.0.1:33678 - "POST /v1/audio/speech HTTP/1.1" 200 OK
[0;36m(APIServer pid=214609)[0;0m INFO 09-25 05:31:32 [stats.py:811] 
[0;36m(APIServer pid=214609)[0;0m INFO 09-25 05:31:32 [stats.py:811] [Overall Summary]
[0;36m(APIServer pid=214609)[0;0m INFO 09-25 05:31:32 [stats.py:811] +-----------------------------+------------+
[0;36m(APIServer pid=214609)[0;0m INFO 09-25 05:31:32 [stats.py:811] | Field                       |      Value |
[0;36m(APIServer pid=214609)[0;0m INFO 09-25 05:31:32 [stats.py:811] +-----------------------------+------------+
[0;36m(APIServer pid=214609)[0;0m INFO 09-25 05:31:32 [stats.py:811] | e2e_requests                |          1 |
[0;36m(APIServer pid=214609)[0;0m INFO 09-25 05:31:32 [stats.py:811] | e2e_wall_time_ms            | 17,588.086 |
[0;36m(APIServer pid=214609)[0;0m INFO 09-25 05:31:32 [stats.py:811] | e2e_total_tokens            |        796 |
[0;36m(APIServer pid=214609)[0;0m INFO 09-25 05:31:32 [stats.py:811] | e2e_avg_time_per_request_ms | 17,588.086 |
[0;36m(APIServer pid=214609)[0;0m INFO 09-25 05:31:32 [stats.py:811] | e2e_avg_tokens_per_s        |     45.258 |
[0;36m(APIServer pid=214609)[0;0m INFO 09-25 05:31:32 [stats.py:811] | input_preprocess_time_ms    |      0.060 |
[0;36m(APIServer pid=214609)[0;0m INFO 09-25 05:31:32 [stats.py:811] | e2e_stage_0_wall_time_ms    | 17,549.059 |
[0;36m(APIServer pid=214609)[0;0m INFO 09-25 05:31:32 [stats.py:811] | e2e_stage_1_wall_time_ms    | 17,587.595 |
[0;36m(APIServer pid=214609)[0;0m INFO 09-25 05:31:32 [stats.py:811] +-----------------------------+------------+
[0;36m(APIServer pid=214609)[0;0m INFO 09-25 05:31:32 [stats.py:837] 
[0;36m(APIServer pid=214609)[0;0m INFO 09-25 05:31:32 [stats.py:837] [RequestE2EStats [request_id=speech-9d963081e08086f5-b6d8a37e]]
[0;36m(APIServer pid=214609)[0;0m INFO 09-25 05:31:32 [stats.py:837] +------------------+------------+
[0;36m(APIServer pid=214609)[0;0m INFO 09-25 05:31:32 [stats.py:837] | Field            |      Value |
[0;36m(APIServer pid=214609)[0;0m INFO 09-25 05:31:32 [stats.py:837] +------------------+------------+
[0;36m(APIServer pid=214609)[0;0m INFO 09-25 05:31:32 [stats.py:837] | e2e_total_ms     | 17,587.954 |
[0;36m(APIServer pid=214609)[0;0m INFO 09-25 05:31:32 [stats.py:837] | e2e_total_tokens |        796 |
[0;36m(APIServer pid=214609)[0;0m INFO 09-25 05:31:32 [stats.py:837] +------------------+------------+
[0;36m(APIServer pid=214609)[0;0m INFO 09-25 05:31:32 [stats.py:878] [OmniTiming] req=speech-9d963081e08086f5-b6d8a37e total=17.59s preprocess=0.00s engine=17.59s stages=[0:17.55s,1:17.59s] transfers=[0->1=0.00ms]
[0;36m(APIServer pid=214609)[0;0m INFO 09-25 05:31:32 [stats.py:920] 
[0;36m(APIServer pid=214609)[0;0m INFO 09-25 05:31:32 [stats.py:920] [StageRequestStats [request_id=speech-9d963081e08086f5-b6d8a37e]]
[0;36m(APIServer pid=214609)[0;0m INFO 09-25 05:31:32 [stats.py:920] +---------------------------------+----------------+----------------+
[0;36m(APIServer pid=214609)[0;0m INFO 09-25 05:31:32 [stats.py:920] | Field                           |              0 |              1 |
[0;36m(APIServer pid=214609)[0;0m INFO 09-25 05:31:32 [stats.py:920] +---------------------------------+----------------+----------------+
[0;36m(APIServer pid=214609)[0;0m INFO 09-25 05:31:32 [stats.py:920] | audio_duration_s                |          0.000 |         34.800 |
[0;36m(APIServer pid=214609)[0;0m INFO 09-25 05:31:32 [stats.py:920] | audio_generated_frames          |              0 |        835,200 |
[0;36m(APIServer pid=214609)[0;0m INFO 09-25 05:31:32 [stats.py:920] | audio_sample_rate               |              0 |         24,000 |
[0;36m(APIServer pid=214609)[0;0m INFO 09-25 05:31:32 [stats.py:920] | batch_id                        |          2,599 |          2,680 |
[0;36m(APIServer pid=214609)[0;0m INFO 09-25 05:31:32 [stats.py:920] | batch_size                      |              1 |              1 |
[0;36m(APIServer pid=214609)[0;0m INFO 09-25 05:31:32 [stats.py:920] | inter_output_latencies_ms       |                |                |
[0;36m(APIServer pid=214609)[0;0m INFO 09-25 05:31:32 [stats.py:920] | num_tokens_in                   |            360 |              0 |
[0;36m(APIServer pid=214609)[0;0m INFO 09-25 05:31:32 [stats.py:920] | num_tokens_out                  |            436 |              0 |
[0;36m(APIServer pid=214609)[0;0m INFO 09-25 05:31:32 [stats.py:920] | output_unit_count               |            436 |        835,200 |
[0;36m(APIServer pid=214609)[0;0m INFO 09-25 05:31:32 [stats.py:920] | output_unit_type                |         stream |          audio |
[0;36m(APIServer pid=214609)[0;0m INFO 09-25 05:31:32 [stats.py:920] | serving_time_to_first_output_ms |     17,548.708 |     17,587.752 |
[0;36m(APIServer pid=214609)[0;0m INFO 09-25 05:31:32 [stats.py:920] | stage_gen_time_ms               |     17,548.420 |     17,587.361 |
[0;36m(APIServer pid=214609)[0;0m INFO 09-25 05:31:32 [stats.py:920] | time_per_output_unit_ms         |          0.000 |          0.000 |
[0;36m(APIServer pid=214609)[0;0m INFO 09-25 05:31:32 [stats.py:920] | vllm_itl_ms                     |         39.917 |        956.624 |
[0;36m(APIServer pid=214609)[0;0m INFO 09-25 05:31:32 [stats.py:920] | vllm_itls_ms                    | 39.917 (n=435) | 956.624 (n=18) |
[0;36m(APIServer pid=214609)[0;0m INFO 09-25 05:31:32 [stats.py:920] | vllm_tpot_ms                    |         39.917 |          0.000 |
[0;36m(APIServer pid=214609)[0;0m INFO 09-25 05:31:32 [stats.py:920] | vllm_ttft_ms                    |        184.911 |        366.424 |
[0;36m(APIServer pid=214609)[0;0m INFO 09-25 05:31:32 [stats.py:920] +---------------------------------+----------------+----------------+
[0;36m(APIServer pid=214609)[0;0m INFO 09-25 05:31:32 [serving_speech.py:3646] [SpeechE2E] request_id=speech-9d963081e08086f5 stream=false status=ok total_ms=17598.08 response_bytes=1670444
[0;36m(APIServer pid=214609)[0;0m INFO:     127.0.0.1:33674 - "POST /v1/audio/speech HTTP/1.1" 200 OK
[0;36m(APIServer pid=214609)[0;0m INFO 09-25 05:31:32 [stats.py:811] 
[0;36m(APIServer pid=214609)[0;0m INFO 09-25 05:31:32 [stats.py:811] [Overall Summary]
[0;36m(APIServer pid=214609)[0;0m INFO 09-25 05:31:32 [stats.py:811] +-----------------------------+------------+
[0;36m(APIServer pid=214609)[0;0m INFO 09-25 05:31:32 [stats.py:811] | Field                       |      Value |
[0;36m(APIServer pid=214609)[0;0m INFO 09-25 05:31:32 [stats.py:811] +-----------------------------+------------+
[0;36m(APIServer pid=214609)[0;0m INFO 09-25 05:31:32 [stats.py:811] | e2e_requests                |          1 |
[0;36m(APIServer pid=214609)[0;0m INFO 09-25 05:31:32 [stats.py:811] | e2e_wall_time_ms            | 16,164.489 |
[0;36m(APIServer pid=214609)[0;0m INFO 09-25 05:31:32 [stats.py:811] | e2e_total_tokens            |        768 |
[0;36m(APIServer pid=214609)[0;0m INFO 09-25 05:31:32 [stats.py:811] | e2e_avg_time_per_request_ms | 16,164.489 |
[0;36m(APIServer pid=214609)[0;0m INFO 09-25 05:31:32 [stats.py:811] | e2e_avg_tokens_per_s        |     47.512 |
[0;36m(APIServer pid=214609)[0;0m INFO 09-25 05:31:32 [stats.py:811] | input_preprocess_time_ms    |      0.098 |
[0;36m(APIServer pid=214609)[0;0m INFO 09-25 05:31:32 [stats.py:811] | e2e_stage_0_wall_time_ms    | 16,099.194 |
[0;36m(APIServer pid=214609)[0;0m INFO 09-25 05:31:32 [stats.py:811] | e2e_stage_1_wall_time_ms    | 16,163.855 |
[0;36m(APIServer pid=214609)[0;0m INFO 09-25 05:31:32 [stats.py:811] +-----------------------------+------------+
[0;36m(APIServer pid=214609)[0;0m INFO 09-25 05:31:32 [stats.py:837] 
[0;36m(APIServer pid=214609)[0;0m INFO 09-25 05:31:32 [stats.py:837] [RequestE2EStats [request_id=speech-a259c831baa73021-b0d93dd9]]
[0;36m(APIServer pid=214609)[0;0m INFO 09-25 05:31:32 [stats.py:837] +------------------+------------+
[0;36m(APIServer pid=214609)[0;0m INFO 09-25 05:31:32 [stats.py:837] | Field            |      Value |
[0;36m(APIServer pid=214609)[0;0m INFO 09-25 05:31:32 [stats.py:837] +------------------+------------+
[0;36m(APIServer pid=214609)[0;0m INFO 09-25 05:31:32 [stats.py:837] | e2e_total_ms     | 16,163.990 |
[0;36m(APIServer pid=214609)[0;0m INFO 09-25 05:31:32 [stats.py:837] | e2e_total_tokens |        768 |
[0;36m(APIServer pid=214609)[0;0m INFO 09-25 05:31:32 [stats.py:837] +------------------+------------+
[0;36m(APIServer pid=214609)[0;0m INFO 09-25 05:31:32 [stats.py:878] [OmniTiming] req=speech-a259c831baa73021-b0d93dd9 total=16.16s preprocess=0.00s engine=16.16s stages=[0:16.10s,1:16.16s] transfers=[0->1=0.00ms]
[0;36m(APIServer pid=214609)[0;0m INFO 09-25 05:31:32 [stats.py:920] 
[0;36m(APIServer pid=214609)[0;0m INFO 09-25 05:31:32 [stats.py:920] [StageRequestStats [request_id=speech-a259c831baa73021-b0d93dd9]]
[0;36m(APIServer pid=214609)[0;0m INFO 09-25 05:31:32 [stats.py:920] +---------------------------------+----------------+----------------+
[0;36m(APIServer pid=214609)[0;0m INFO 09-25 05:31:32 [stats.py:920] | Field                           |              0 |              1 |
[0;36m(APIServer pid=214609)[0;0m INFO 09-25 05:31:32 [stats.py:920] +---------------------------------+----------------+----------------+
[0;36m(APIServer pid=214609)[0;0m INFO 09-25 05:31:32 [stats.py:920] | audio_duration_s                |          0.000 |         32.560 |
[0;36m(APIServer pid=214609)[0;0m INFO 09-25 05:31:32 [stats.py:920] | audio_generated_frames          |              0 |        781,440 |
[0;36m(APIServer pid=214609)[0;0m INFO 09-25 05:31:32 [stats.py:920] | audio_sample_rate               |              0 |         24,000 |
[0;36m(APIServer pid=214609)[0;0m INFO 09-25 05:31:32 [stats.py:920] | batch_id                        |          2,600 |          2,681 |
[0;36m(APIServer pid=214609)[0;0m INFO 09-25 05:31:32 [stats.py:920] | batch_size                      |              1 |              1 |
[0;36m(APIServer pid=214609)[0;0m INFO 09-25 05:31:32 [stats.py:920] | inter_output_latencies_ms       |                |                |
[0;36m(APIServer pid=214609)[0;0m INFO 09-25 05:31:32 [stats.py:920] | num_tokens_in                   |            360 |              0 |
[0;36m(APIServer pid=214609)[0;0m INFO 09-25 05:31:32 [stats.py:920] | num_tokens_out                  |            408 |              0 |
[0;36m(APIServer pid=214609)[0;0m INFO 09-25 05:31:32 [stats.py:920] | output_unit_count               |            408 |        781,440 |
[0;36m(APIServer pid=214609)[0;0m INFO 09-25 05:31:32 [stats.py:920] | output_unit_type                |         stream |          audio |
[0;36m(APIServer pid=214609)[0;0m INFO 09-25 05:31:32 [stats.py:920] | serving_time_to_first_output_ms |     16,098.794 |     16,163.811 |
[0;36m(APIServer pid=214609)[0;0m INFO 09-25 05:31:32 [stats.py:920] | stage_gen_time_ms               |     16,098.293 |     16,163.269 |
[0;36m(APIServer pid=214609)[0;0m INFO 09-25 05:31:32 [stats.py:920] | time_per_output_unit_ms         |          0.000 |          0.000 |
[0;36m(APIServer pid=214609)[0;0m INFO 09-25 05:31:32 [stats.py:920] | vllm_itl_ms                     |         39.303 |        933.642 |
[0;36m(APIServer pid=214609)[0;0m INFO 09-25 05:31:32 [stats.py:920] | vllm_itls_ms                    | 39.303 (n=407) | 933.642 (n=17) |
[0;36m(APIServer pid=214609)[0;0m INFO 09-25 05:31:32 [stats.py:920] | vllm_tpot_ms                    |         39.303 |          0.000 |
[0;36m(APIServer pid=214609)[0;0m INFO 09-25 05:31:32 [stats.py:920] | vllm_ttft_ms                    |        103.776 |        291.888 |
[0;36m(APIServer pid=214609)[0;0m INFO 09-25 05:31:32 [stats.py:920] +---------------------------------+----------------+----------------+
[0;36m(APIServer pid=214609)[0;0m INFO 09-25 05:31:32 [serving_speech.py:3646] [SpeechE2E] request_id=speech-a259c831baa73021 stream=false status=ok total_ms=16176.38 response_bytes=1562924
[0;36m(APIServer pid=214609)[0;0m INFO:     127.0.0.1:33668 - "POST /v1/audio/speech HTTP/1.1" 200 OK
[0;36m(APIServer pid=214609)[0;0m INFO 09-25 05:31:32 [stats.py:811] 
[0;36m(APIServer pid=214609)[0;0m INFO 09-25 05:31:32 [stats.py:811] [Overall Summary]
[0;36m(APIServer pid=214609)[0;0m INFO 09-25 05:31:32 [stats.py:811] +-----------------------------+------------+
[0;36m(APIServer pid=214609)[0;0m INFO 09-25 05:31:32 [stats.py:811] | Field                       |      Value |
[0;36m(APIServer pid=214609)[0;0m INFO 09-25 05:31:32 [stats.py:811] +-----------------------------+------------+
[0;36m(APIServer pid=214609)[0;0m INFO 09-25 05:31:32 [stats.py:811] | e2e_requests                |          1 |
[0;36m(APIServer pid=214609)[0;0m INFO 09-25 05:31:32 [stats.py:811] | e2e_wall_time_ms            | 17,106.072 |
[0;36m(APIServer pid=214609)[0;0m INFO 09-25 05:31:32 [stats.py:811] | e2e_total_tokens            |        790 |
[0;36m(APIServer pid=214609)[0;0m INFO 09-25 05:31:32 [stats.py:811] | e2e_avg_time_per_request_ms | 17,106.072 |
[0;36m(APIServer pid=214609)[0;0m INFO 09-25 05:31:32 [stats.py:811] | e2e_avg_tokens_per_s        |     46.182 |
[0;36m(APIServer pid=214609)[0;0m INFO 09-25 05:31:32 [stats.py:811] | input_preprocess_time_ms    |      0.056 |
[0;36m(APIServer pid=214609)[0;0m INFO 09-25 05:31:32 [stats.py:811] | e2e_stage_0_wall_time_ms    | 17,073.297 |
[0;36m(APIServer pid=214609)[0;0m INFO 09-25 05:31:32 [stats.py:811] | e2e_stage_1_wall_time_ms    | 17,105.779 |
[0;36m(APIServer pid=214609)[0;0m INFO 09-25 05:31:32 [stats.py:811] +-----------------------------+------------+
[0;36m(APIServer pid=214609)[0;0m INFO 09-25 05:31:32 [stats.py:837] 
[0;36m(APIServer pid=214609)[0;0m INFO 09-25 05:31:32 [stats.py:837] [RequestE2EStats [request_id=speech-bd73fe7dafc5cd9e-9e47273a]]
[0;36m(APIServer pid=214609)[0;0m INFO 09-25 05:31:32 [stats.py:837] +------------------+------------+
[0;36m(APIServer pid=214609)[0;0m INFO 09-25 05:31:32 [stats.py:837] | Field            |      Value |
[0;36m(APIServer pid=214609)[0;0m INFO 09-25 05:31:32 [stats.py:837] +------------------+------------+
[0;36m(APIServer pid=214609)[0;0m INFO 09-25 05:31:32 [stats.py:837] | e2e_total_ms     | 17,105.948 |
[0;36m(APIServer pid=214609)[0;0m INFO 09-25 05:31:32 [stats.py:837] | e2e_total_tokens |        790 |
[0;36m(APIServer pid=214609)[0;0m INFO 09-25 05:31:32 [stats.py:837] +------------------+------------+
[0;36m(APIServer pid=214609)[0;0m INFO 09-25 05:31:32 [stats.py:878] [OmniTiming] req=speech-bd73fe7dafc5cd9e-9e47273a total=17.11s preprocess=0.00s engine=17.11s stages=[0:17.07s,1:17.11s] transfers=[0->1=0.00ms]
[0;36m(APIServer pid=214609)[0;0m INFO 09-25 05:31:32 [stats.py:920] 
[0;36m(APIServer pid=214609)[0;0m INFO 09-25 05:31:32 [stats.py:920] [StageRequestStats [request_id=speech-bd73fe7dafc5cd9e-9e47273a]]
[0;36m(APIServer pid=214609)[0;0m INFO 09-25 05:31:32 [stats.py:920] +---------------------------------+----------------+----------------+
[0;36m(APIServer pid=214609)[0;0m INFO 09-25 05:31:32 [stats.py:920] | Field                           |              0 |              1 |
[0;36m(APIServer pid=214609)[0;0m INFO 09-25 05:31:32 [stats.py:920] +---------------------------------+----------------+----------------+
[0;36m(APIServer pid=214609)[0;0m INFO 09-25 05:31:32 [stats.py:920] | audio_duration_s                |          0.000 |         34.320 |
[0;36m(APIServer pid=214609)[0;0m INFO 09-25 05:31:32 [stats.py:920] | audio_generated_frames          |              0 |        823,680 |
[0;36m(APIServer pid=214609)[0;0m INFO 09-25 05:31:32 [stats.py:920] | audio_sample_rate               |              0 |         24,000 |
[0;36m(APIServer pid=214609)[0;0m INFO 09-25 05:31:32 [stats.py:920] | batch_id                        |          2,601 |          2,682 |
[0;36m(APIServer pid=214609)[0;0m INFO 09-25 05:31:32 [stats.py:920] | batch_size                      |              1 |              1 |
[0;36m(APIServer pid=214609)[0;0m INFO 09-25 05:31:32 [stats.py:920] | inter_output_latencies_ms       |                |                |
[0;36m(APIServer pid=214609)[0;0m INFO 09-25 05:31:32 [stats.py:920] | num_tokens_in                   |            360 |              0 |
[0;36m(APIServer pid=214609)[0;0m INFO 09-25 05:31:32 [stats.py:920] | num_tokens_out                  |            430 |              0 |
[0;36m(APIServer pid=214609)[0;0m INFO 09-25 05:31:32 [stats.py:920] | output_unit_count               |            430 |        823,680 |
[0;36m(APIServer pid=214609)[0;0m INFO 09-25 05:31:32 [stats.py:920] | output_unit_type                |         stream |          audio |
[0;36m(APIServer pid=214609)[0;0m INFO 09-25 05:31:32 [stats.py:920] | serving_time_to_first_output_ms |     17,072.779 |     17,105.735 |
[0;36m(APIServer pid=214609)[0;0m INFO 09-25 05:31:32 [stats.py:920] | stage_gen_time_ms               |     17,072.621 |     17,105.565 |
[0;36m(APIServer pid=214609)[0;0m INFO 09-25 05:31:32 [stats.py:920] | time_per_output_unit_ms         |          0.000 |          0.000 |
[0;36m(APIServer pid=214609)[0;0m INFO 09-25 05:31:32 [stats.py:920] | vllm_itl_ms                     |         39.460 |        936.530 |
[0;36m(APIServer pid=214609)[0;0m INFO 09-25 05:31:32 [stats.py:920] | vllm_itls_ms                    | 39.460 (n=429) | 936.530 (n=18) |
[0;36m(APIServer pid=214609)[0;0m INFO 09-25 05:31:32 [stats.py:920] | vllm_tpot_ms                    |         39.460 |          0.000 |
[0;36m(APIServer pid=214609)[0;0m INFO 09-25 05:31:32 [stats.py:920] | vllm_ttft_ms                    |        146.586 |        246.923 |
[0;36m(APIServer pid=214609)[0;0m INFO 09-25 05:31:32 [stats.py:920] +---------------------------------+----------------+----------------+
[0;36m(APIServer pid=214609)[0;0m INFO 09-25 05:31:32 [serving_speech.py:3646] [SpeechE2E] request_id=speech-bd73fe7dafc5cd9e stream=false status=ok total_ms=17118.13 response_bytes=1647404
[0;36m(APIServer pid=214609)[0;0m INFO:     127.0.0.1:33650 - "POST /v1/audio/speech HTTP/1.1" 200 OK
[0;36m(APIServer pid=214609)[0;0m INFO 09-25 05:31:32 [stats.py:811] 
[0;36m(APIServer pid=214609)[0;0m INFO 09-25 05:31:32 [stats.py:811] [Overall Summary]
[0;36m(APIServer pid=214609)[0;0m INFO 09-25 05:31:32 [stats.py:811] +-----------------------------+------------+
[0;36m(APIServer pid=214609)[0;0m INFO 09-25 05:31:32 [stats.py:811] | Field                       |      Value |
[0;36m(APIServer pid=214609)[0;0m INFO 09-25 05:31:32 [stats.py:811] +-----------------------------+------------+
[0;36m(APIServer pid=214609)[0;0m INFO 09-25 05:31:32 [stats.py:811] | e2e_requests                |          1 |
[0;36m(APIServer pid=214609)[0;0m INFO 09-25 05:31:32 [stats.py:811] | e2e_wall_time_ms            | 15,248.327 |
[0;36m(APIServer pid=214609)[0;0m INFO 09-25 05:31:32 [stats.py:811] | e2e_total_tokens            |        691 |
[0;36m(APIServer pid=214609)[0;0m INFO 09-25 05:31:32 [stats.py:811] | e2e_avg_time_per_request_ms | 15,248.327 |
[0;36m(APIServer pid=214609)[0;0m INFO 09-25 05:31:32 [stats.py:811] | e2e_avg_tokens_per_s        |     45.316 |
[0;36m(APIServer pid=214609)[0;0m INFO 09-25 05:31:32 [stats.py:811] | input_preprocess_time_ms    |      0.061 |
[0;36m(APIServer pid=214609)[0;0m INFO 09-25 05:31:32 [stats.py:811] | e2e_stage_0_wall_time_ms    | 15,216.495 |
[0;36m(APIServer pid=214609)[0;0m INFO 09-25 05:31:32 [stats.py:811] | e2e_stage_1_wall_time_ms    | 15,247.991 |
[0;36m(APIServer pid=214609)[0;0m INFO 09-25 05:31:32 [stats.py:811] +-----------------------------+------------+
[0;36m(APIServer pid=214609)[0;0m INFO 09-25 05:31:32 [stats.py:837] 
[0;36m(APIServer pid=214609)[0;0m INFO 09-25 05:31:32 [stats.py:837] [RequestE2EStats [request_id=speech-91eea2f89b3058e4-89464936]]
[0;36m(APIServer pid=214609)[0;0m INFO 09-25 05:31:32 [stats.py:837] +------------------+------------+
[0;36m(APIServer pid=214609)[0;0m INFO 09-25 05:31:32 [stats.py:837] | Field            |      Value |
[0;36m(APIServer pid=214609)[0;0m INFO 09-25 05:31:32 [stats.py:837] +------------------+------------+
[0;36m(APIServer pid=214609)[0;0m INFO 09-25 05:31:32 [stats.py:837] | e2e_total_ms     | 15,248.194 |
[0;36m(APIServer pid=214609)[0;0m INFO 09-25 05:31:32 [stats.py:837] | e2e_total_tokens |        691 |
[0;36m(APIServer pid=214609)[0;0m INFO 09-25 05:31:32 [stats.py:837] +------------------+------------+
[0;36m(APIServer pid=214609)[0;0m INFO 09-25 05:31:32 [stats.py:878] [OmniTiming] req=speech-91eea2f89b3058e4-89464936 total=15.25s preprocess=0.00s engine=15.25s stages=[0:15.22s,1:15.25s] transfers=[0->1=0.00ms]
[0;36m(APIServer pid=214609)[0;0m INFO 09-25 05:31:32 [stats.py:920] 
[0;36m(APIServer pid=214609)[0;0m INFO 09-25 05:31:32 [stats.py:920] [StageRequestStats [request_id=speech-91eea2f89b3058e4-89464936]]
[0;36m(APIServer pid=214609)[0;0m INFO 09-25 05:31:32 [stats.py:920] +---------------------------------+----------------+----------------+
[0;36m(APIServer pid=214609)[0;0m INFO 09-25 05:31:32 [stats.py:920] | Field                           |              0 |              1 |
[0;36m(APIServer pid=214609)[0;0m INFO 09-25 05:31:32 [stats.py:920] +---------------------------------+----------------+----------------+
[0;36m(APIServer pid=214609)[0;0m INFO 09-25 05:31:32 [stats.py:920] | audio_duration_s                |          0.000 |         31.120 |
[0;36m(APIServer pid=214609)[0;0m INFO 09-25 05:31:32 [stats.py:920] | audio_generated_frames          |              0 |        746,880 |
[0;36m(APIServer pid=214609)[0;0m INFO 09-25 05:31:32 [stats.py:920] | audio_sample_rate               |              0 |         24,000 |
[0;36m(APIServer pid=214609)[0;0m INFO 09-25 05:31:32 [stats.py:920] | batch_id                        |          2,602 |          2,683 |
[0;36m(APIServer pid=214609)[0;0m INFO 09-25 05:31:32 [stats.py:920] | batch_size                      |              1 |              1 |
[0;36m(APIServer pid=214609)[0;0m INFO 09-25 05:31:32 [stats.py:920] | inter_output_latencies_ms       |                |                |
[0;36m(APIServer pid=214609)[0;0m INFO 09-25 05:31:32 [stats.py:920] | num_tokens_in                   |            301 |              0 |
[0;36m(APIServer pid=214609)[0;0m INFO 09-25 05:31:32 [stats.py:920] | num_tokens_out                  |            390 |              0 |
[0;36m(APIServer pid=214609)[0;0m INFO 09-25 05:31:32 [stats.py:920] | output_unit_count               |            390 |        746,880 |
[0;36m(APIServer pid=214609)[0;0m INFO 09-25 05:31:32 [stats.py:920] | output_unit_type                |         stream |          audio |
[0;36m(APIServer pid=214609)[0;0m INFO 09-25 05:31:32 [stats.py:920] | serving_time_to_first_output_ms |     15,216.371 |     15,247.891 |
[0;36m(APIServer pid=214609)[0;0m INFO 09-25 05:31:32 [stats.py:920] | stage_gen_time_ms               |     15,216.213 |     15,247.665 |
[0;36m(APIServer pid=214609)[0;0m INFO 09-25 05:31:32 [stats.py:920] | time_per_output_unit_ms         |          0.000 |          0.000 |
[0;36m(APIServer pid=214609)[0;0m INFO 09-25 05:31:32 [stats.py:920] | vllm_itl_ms                     |         38.909 |        939.894 |
[0;36m(APIServer pid=214609)[0;0m INFO 09-25 05:31:32 [stats.py:920] | vllm_itls_ms                    | 38.909 (n=389) | 939.894 (n=16) |
[0;36m(APIServer pid=214609)[0;0m INFO 09-25 05:31:32 [stats.py:920] | vllm_tpot_ms                    |         38.909 |          0.000 |
[0;36m(APIServer pid=214609)[0;0m INFO 09-25 05:31:32 [stats.py:920] | vllm_ttft_ms                    |         79.527 |        208.771 |
[0;36m(APIServer pid=214609)[0;0m INFO 09-25 05:31:32 [stats.py:920] +---------------------------------+----------------+----------------+
[0;36m(APIServer pid=214609)[0;0m INFO 09-25 05:31:32 [serving_speech.py:3646] [SpeechE2E] request_id=speech-91eea2f89b3058e4 stream=false status=ok total_ms=15259.06 response_bytes=1493804
[0;36m(APIServer pid=214609)[0;0m INFO:     127.0.0.1:33584 - "POST /v1/audio/speech HTTP/1.1" 200 OK
[0;36m(APIServer pid=214609)[0;0m INFO 09-25 05:31:33 [stats.py:811] 
[0;36m(APIServer pid=214609)[0;0m INFO 09-25 05:31:33 [stats.py:811] [Overall Summary]
[0;36m(APIServer pid=214609)[0;0m INFO 09-25 05:31:33 [stats.py:811] +-----------------------------+------------+
[0;36m(APIServer pid=214609)[0;0m INFO 09-25 05:31:33 [stats.py:811] | Field                       |      Value |
[0;36m(APIServer pid=214609)[0;0m INFO 09-25 05:31:33 [stats.py:811] +-----------------------------+------------+
[0;36m(APIServer pid=214609)[0;0m INFO 09-25 05:31:33 [stats.py:811] | e2e_requests                |          1 |
[0;36m(APIServer pid=214609)[0;0m INFO 09-25 05:31:33 [stats.py:811] | e2e_wall_time_ms            | 20,672.823 |
[0;36m(APIServer pid=214609)[0;0m INFO 09-25 05:31:33 [stats.py:811] | e2e_total_tokens            |        904 |
[0;36m(APIServer pid=214609)[0;0m INFO 09-25 05:31:33 [stats.py:811] | e2e_avg_time_per_request_ms | 20,672.823 |
[0;36m(APIServer pid=214609)[0;0m INFO 09-25 05:31:33 [stats.py:811] | e2e_avg_tokens_per_s        |     43.729 |
[0;36m(APIServer pid=214609)[0;0m INFO 09-25 05:31:33 [stats.py:811] | input_preprocess_time_ms    |      0.057 |
[0;36m(APIServer pid=214609)[0;0m INFO 09-25 05:31:33 [stats.py:811] | e2e_stage_0_wall_time_ms    | 20,603.669 |
[0;36m(APIServer pid=214609)[0;0m INFO 09-25 05:31:33 [stats.py:811] | e2e_stage_1_wall_time_ms    | 20,672.493 |
[0;36m(APIServer pid=214609)[0;0m INFO 09-25 05:31:33 [stats.py:811] +-----------------------------+------------+
[0;36m(APIServer pid=214609)[0;0m INFO 09-25 05:31:33 [stats.py:837] 
[0;36m(APIServer pid=214609)[0;0m INFO 09-25 05:31:33 [stats.py:837] [RequestE2EStats [request_id=speech-b867156161026286-912d3355]]
[0;36m(APIServer pid=214609)[0;0m INFO 09-25 05:31:33 [stats.py:837] +------------------+------------+
[0;36m(APIServer pid=214609)[0;0m INFO 09-25 05:31:33 [stats.py:837] | Field            |      Value |
[0;36m(APIServer pid=214609)[0;0m INFO 09-25 05:31:33 [stats.py:837] +------------------+------------+
[0;36m(APIServer pid=214609)[0;0m INFO 09-25 05:31:33 [stats.py:837] | e2e_total_ms     | 20,672.697 |
[0;36m(APIServer pid=214609)[0;0m INFO 09-25 05:31:33 [stats.py:837] | e2e_total_tokens |        904 |
[0;36m(APIServer pid=214609)[0;0m INFO 09-25 05:31:33 [stats.py:837] +------------------+------------+
[0;36m(APIServer pid=214609)[0;0m INFO 09-25 05:31:33 [stats.py:878] [OmniTiming] req=speech-b867156161026286-912d3355 total=20.67s preprocess=0.00s engine=20.67s stages=[0:20.60s,1:20.67s] transfers=[0->1=0.00ms]
[0;36m(APIServer pid=214609)[0;0m INFO 09-25 05:31:33 [stats.py:920] 
[0;36m(APIServer pid=214609)[0;0m INFO 09-25 05:31:33 [stats.py:920] [StageRequestStats [request_id=speech-b867156161026286-912d3355]]
[0;36m(APIServer pid=214609)[0;0m INFO 09-25 05:31:33 [stats.py:920] +---------------------------------+----------------+----------------+
[0;36m(APIServer pid=214609)[0;0m INFO 09-25 05:31:33 [stats.py:920] | Field                           |              0 |              1 |
[0;36m(APIServer pid=214609)[0;0m INFO 09-25 05:31:33 [stats.py:920] +---------------------------------+----------------+----------------+
[0;36m(APIServer pid=214609)[0;0m INFO 09-25 05:31:33 [stats.py:920] | audio_duration_s                |          0.000 |         43.440 |
[0;36m(APIServer pid=214609)[0;0m INFO 09-25 05:31:33 [stats.py:920] | audio_generated_frames          |              0 |      1,042,560 |
[0;36m(APIServer pid=214609)[0;0m INFO 09-25 05:31:33 [stats.py:920] | audio_sample_rate               |              0 |         24,000 |
[0;36m(APIServer pid=214609)[0;0m INFO 09-25 05:31:33 [stats.py:920] | batch_id                        |          2,603 |          2,684 |
[0;36m(APIServer pid=214609)[0;0m INFO 09-25 05:31:33 [stats.py:920] | batch_size                      |              1 |              1 |
[0;36m(APIServer pid=214609)[0;0m INFO 09-25 05:31:33 [stats.py:920] | inter_output_latencies_ms       |                |                |
[0;36m(APIServer pid=214609)[0;0m INFO 09-25 05:31:33 [stats.py:920] | num_tokens_in                   |            360 |              0 |
[0;36m(APIServer pid=214609)[0;0m INFO 09-25 05:31:33 [stats.py:920] | num_tokens_out                  |            544 |              0 |
[0;36m(APIServer pid=214609)[0;0m INFO 09-25 05:31:33 [stats.py:920] | output_unit_count               |            544 |      1,042,560 |
[0;36m(APIServer pid=214609)[0;0m INFO 09-25 05:31:33 [stats.py:920] | output_unit_type                |         stream |          audio |
[0;36m(APIServer pid=214609)[0;0m INFO 09-25 05:31:33 [stats.py:920] | serving_time_to_first_output_ms |     20,603.628 |     20,672.318 |
[0;36m(APIServer pid=214609)[0;0m INFO 09-25 05:31:33 [stats.py:920] | stage_gen_time_ms               |     20,603.484 |     20,672.085 |
[0;36m(APIServer pid=214609)[0;0m INFO 09-25 05:31:33 [stats.py:920] | time_per_output_unit_ms         |          0.000 |          0.000 |
[0;36m(APIServer pid=214609)[0;0m INFO 09-25 05:31:33 [stats.py:920] | vllm_itl_ms                     |         37.759 |        928.254 |
[0;36m(APIServer pid=214609)[0;0m INFO 09-25 05:31:33 [stats.py:920] | vllm_itls_ms                    | 37.759 (n=543) | 928.254 (n=22) |
[0;36m(APIServer pid=214609)[0;0m INFO 09-25 05:31:33 [stats.py:920] | vllm_tpot_ms                    |         37.759 |          0.000 |
[0;36m(APIServer pid=214609)[0;0m INFO 09-25 05:31:33 [stats.py:920] | vllm_ttft_ms                    |         99.389 |        250.509 |
[0;36m(APIServer pid=214609)[0;0m INFO 09-25 05:31:33 [stats.py:920] +---------------------------------+----------------+----------------+
[0;36m(APIServer pid=214609)[0;0m INFO 09-25 05:31:33 [serving_speech.py:3646] [SpeechE2E] request_id=speech-b867156161026286 stream=false status=ok total_ms=20685.51 response_bytes=2085164
[0;36m(APIServer pid=214609)[0;0m INFO:     127.0.0.1:33664 - "POST /v1/audio/speech HTTP/1.1" 200 OK
[0;36m(APIServer pid=214609)[0;0m INFO 09-25 05:31:33 [stats.py:811] 
[0;36m(APIServer pid=214609)[0;0m INFO 09-25 05:31:33 [stats.py:811] [Overall Summary]
[0;36m(APIServer pid=214609)[0;0m INFO 09-25 05:31:33 [stats.py:811] +-----------------------------+------------+
[0;36m(APIServer pid=214609)[0;0m INFO 09-25 05:31:33 [stats.py:811] | Field                       |      Value |
[0;36m(APIServer pid=214609)[0;0m INFO 09-25 05:31:33 [stats.py:811] +-----------------------------+------------+
[0;36m(APIServer pid=214609)[0;0m INFO 09-25 05:31:33 [stats.py:811] | e2e_requests                |          1 |
[0;36m(APIServer pid=214609)[0;0m INFO 09-25 05:31:33 [stats.py:811] | e2e_wall_time_ms            | 15,445.533 |
[0;36m(APIServer pid=214609)[0;0m INFO 09-25 05:31:33 [stats.py:811] | e2e_total_tokens            |        798 |
[0;36m(APIServer pid=214609)[0;0m INFO 09-25 05:31:33 [stats.py:811] | e2e_avg_time_per_request_ms | 15,445.533 |
[0;36m(APIServer pid=214609)[0;0m INFO 09-25 05:31:33 [stats.py:811] | e2e_avg_tokens_per_s        |     51.665 |
[0;36m(APIServer pid=214609)[0;0m INFO 09-25 05:31:33 [stats.py:811] | input_preprocess_time_ms    |      0.055 |
[0;36m(APIServer pid=214609)[0;0m INFO 09-25 05:31:33 [stats.py:811] | e2e_stage_0_wall_time_ms    | 15,418.419 |
[0;36m(APIServer pid=214609)[0;0m INFO 09-25 05:31:33 [stats.py:811] | e2e_stage_1_wall_time_ms    | 15,445.225 |
[0;36m(APIServer pid=214609)[0;0m INFO 09-25 05:31:33 [stats.py:811] +-----------------------------+------------+
[0;36m(APIServer pid=214609)[0;0m INFO 09-25 05:31:33 [stats.py:837] 
[0;36m(APIServer pid=214609)[0;0m INFO 09-25 05:31:33 [stats.py:837] [RequestE2EStats [request_id=speech-80167cab7545b408-a47239ae]]
[0;36m(APIServer pid=214609)[0;0m INFO 09-25 05:31:33 [stats.py:837] +------------------+------------+
[0;36m(APIServer pid=214609)[0;0m INFO 09-25 05:31:33 [stats.py:837] | Field            |      Value |
[0;36m(APIServer pid=214609)[0;0m INFO 09-25 05:31:33 [stats.py:837] +------------------+------------+
[0;36m(APIServer pid=214609)[0;0m INFO 09-25 05:31:33 [stats.py:837] | e2e_total_ms     | 15,445.407 |
[0;36m(APIServer pid=214609)[0;0m INFO 09-25 05:31:33 [stats.py:837] | e2e_total_tokens |        798 |
[0;36m(APIServer pid=214609)[0;0m INFO 09-25 05:31:33 [stats.py:837] +------------------+------------+
[0;36m(APIServer pid=214609)[0;0m INFO 09-25 05:31:33 [stats.py:878] [OmniTiming] req=speech-80167cab7545b408-a47239ae total=15.45s preprocess=0.00s engine=15.45s stages=[0:15.42s,1:15.44s] transfers=[0->1=0.00ms]
[0;36m(APIServer pid=214609)[0;0m INFO 09-25 05:31:33 [stats.py:920] 
[0;36m(APIServer pid=214609)[0;0m INFO 09-25 05:31:33 [stats.py:920] [StageRequestStats [request_id=speech-80167cab7545b408-a47239ae]]
[0;36m(APIServer pid=214609)[0;0m INFO 09-25 05:31:33 [stats.py:920] +---------------------------------+----------------+----------------+
[0;36m(APIServer pid=214609)[0;0m INFO 09-25 05:31:33 [stats.py:920] | Field                           |              0 |              1 |
[0;36m(APIServer pid=214609)[0;0m INFO 09-25 05:31:33 [stats.py:920] +---------------------------------+----------------+----------------+
[0;36m(APIServer pid=214609)[0;0m INFO 09-25 05:31:33 [stats.py:920] | audio_duration_s                |          0.000 |         34.960 |
[0;36m(APIServer pid=214609)[0;0m INFO 09-25 05:31:33 [stats.py:920] | audio_generated_frames          |              0 |        839,040 |
[0;36m(APIServer pid=214609)[0;0m INFO 09-25 05:31:33 [stats.py:920] | audio_sample_rate               |              0 |         24,000 |
[0;36m(APIServer pid=214609)[0;0m INFO 09-25 05:31:33 [stats.py:920] | batch_id                        |          2,604 |          2,685 |
[0;36m(APIServer pid=214609)[0;0m INFO 09-25 05:31:33 [stats.py:920] | batch_size                      |              1 |              1 |
[0;36m(APIServer pid=214609)[0;0m INFO 09-25 05:31:33 [stats.py:920] | inter_output_latencies_ms       |                |                |
[0;36m(APIServer pid=214609)[0;0m INFO 09-25 05:31:33 [stats.py:920] | num_tokens_in                   |            360 |              0 |
[0;36m(APIServer pid=214609)[0;0m INFO 09-25 05:31:33 [stats.py:920] | num_tokens_out                  |            438 |              0 |
[0;36m(APIServer pid=214609)[0;0m INFO 09-25 05:31:33 [stats.py:920] | output_unit_count               |            438 |        839,040 |
[0;36m(APIServer pid=214609)[0;0m INFO 09-25 05:31:33 [stats.py:920] | output_unit_type                |         stream |          audio |
[0;36m(APIServer pid=214609)[0;0m INFO 09-25 05:31:33 [stats.py:920] | serving_time_to_first_output_ms |     15,418.346 |     15,444.373 |
[0;36m(APIServer pid=214609)[0;0m INFO 09-25 05:31:33 [stats.py:920] | stage_gen_time_ms               |     15,418.211 |     15,444.185 |
[0;36m(APIServer pid=214609)[0;0m INFO 09-25 05:31:33 [stats.py:920] | time_per_output_unit_ms         |          0.000 |          0.000 |
[0;36m(APIServer pid=214609)[0;0m INFO 09-25 05:31:33 [stats.py:920] | vllm_itl_ms                     |         35.099 |        844.845 |
[0;36m(APIServer pid=214609)[0;0m INFO 09-25 05:31:33 [stats.py:920] | vllm_itls_ms                    | 35.099 (n=437) | 844.845 (n=18) |
[0;36m(APIServer pid=214609)[0;0m INFO 09-25 05:31:33 [stats.py:920] | vllm_tpot_ms                    |         35.099 |          0.000 |
[0;36m(APIServer pid=214609)[0;0m INFO 09-25 05:31:33 [stats.py:920] | vllm_ttft_ms                    |         80.223 |        239.706 |
[0;36m(APIServer pid=214609)[0;0m INFO 09-25 05:31:33 [stats.py:920] +---------------------------------+----------------+----------------+
[0;36m(APIServer pid=214609)[0;0m INFO 09-25 05:31:33 [serving_speech.py:3646] [SpeechE2E] request_id=speech-80167cab7545b408 stream=false status=ok total_ms=15457.42 response_bytes=1678124
[0;36m(APIServer pid=214609)[0;0m INFO:     127.0.0.1:33630 - "POST /v1/audio/speech HTTP/1.1" 200 OK
[0;36m(APIServer pid=214609)[0;0m INFO 09-25 05:31:33 [serving_speech.py:3070] TTS speech request speech-b26555770e1b6cbd: model=Base
[0;36m(APIServer pid=214609)[0;0m INFO 09-25 05:31:33 [serving_speech.py:3100] Applied extra_params: {'temperature': 0.9, 'top_k': 50}
[0;36m(APIServer pid=214609)[0;0m INFO 09-25 05:31:34 [stats.py:811] 
[0;36m(APIServer pid=214609)[0;0m INFO 09-25 05:31:34 [stats.py:811] [Overall Summary]
[0;36m(APIServer pid=214609)[0;0m INFO 09-25 05:31:34 [stats.py:811] +-----------------------------+---------+
[0;36m(APIServer pid=214609)[0;0m INFO 09-25 05:31:34 [stats.py:811] | Field                       |   Value |
[0;36m(APIServer pid=214609)[0;0m INFO 09-25 05:31:34 [stats.py:811] +-----------------------------+---------+
[0;36m(APIServer pid=214609)[0;0m INFO 09-25 05:31:34 [stats.py:811] | e2e_requests                |       1 |
[0;36m(APIServer pid=214609)[0;0m INFO 09-25 05:31:34 [stats.py:811] | e2e_wall_time_ms            | 417.967 |
[0;36m(APIServer pid=214609)[0;0m INFO 09-25 05:31:34 [stats.py:811] | e2e_total_tokens            |     327 |
[0;36m(APIServer pid=214609)[0;0m INFO 09-25 05:31:34 [stats.py:811] | e2e_avg_time_per_request_ms | 417.967 |
[0;36m(APIServer pid=214609)[0;0m INFO 09-25 05:31:34 [stats.py:811] | e2e_avg_tokens_per_s        | 782.358 |
[0;36m(APIServer pid=214609)[0;0m INFO 09-25 05:31:34 [stats.py:811] | input_preprocess_time_ms    |   0.059 |
[0;36m(APIServer pid=214609)[0;0m INFO 09-25 05:31:34 [stats.py:811] | e2e_stage_0_wall_time_ms    | 395.233 |
[0;36m(APIServer pid=214609)[0;0m INFO 09-25 05:31:34 [stats.py:811] | e2e_stage_1_wall_time_ms    | 417.673 |
[0;36m(APIServer pid=214609)[0;0m INFO 09-25 05:31:34 [stats.py:811] +-----------------------------+---------+
[0;36m(APIServer pid=214609)[0;0m INFO 09-25 05:31:34 [stats.py:837] 
[0;36m(APIServer pid=214609)[0;0m INFO 09-25 05:31:34 [stats.py:837] [RequestE2EStats [request_id=speech-b26555770e1b6cbd-977e4241]]
[0;36m(APIServer pid=214609)[0;0m INFO 09-25 05:31:34 [stats.py:837] +------------------+---------+
[0;36m(APIServer pid=214609)[0;0m INFO 09-25 05:31:34 [stats.py:837] | Field            |   Value |
[0;36m(APIServer pid=214609)[0;0m INFO 09-25 05:31:34 [stats.py:837] +------------------+---------+
[0;36m(APIServer pid=214609)[0;0m INFO 09-25 05:31:34 [stats.py:837] | e2e_total_ms     | 417.838 |
[0;36m(APIServer pid=214609)[0;0m INFO 09-25 05:31:34 [stats.py:837] | e2e_total_tokens |     327 |
[0;36m(APIServer pid=214609)[0;0m INFO 09-25 05:31:34 [stats.py:837] +------------------+---------+
[0;36m(APIServer pid=214609)[0;0m INFO 09-25 05:31:34 [stats.py:878] [OmniTiming] req=speech-b26555770e1b6cbd-977e4241 total=0.42s preprocess=0.00s engine=0.42s stages=[0:0.39s,1:0.42s] transfers=[0->1=0.00ms]
[0;36m(APIServer pid=214609)[0;0m INFO 09-25 05:31:34 [stats.py:920] 
[0;36m(APIServer pid=214609)[0;0m INFO 09-25 05:31:34 [stats.py:920] [StageRequestStats [request_id=speech-b26555770e1b6cbd-977e4241]]
[0;36m(APIServer pid=214609)[0;0m INFO 09-25 05:31:34 [stats.py:920] +---------------------------------+---------------+---------------+
[0;36m(APIServer pid=214609)[0;0m INFO 09-25 05:31:34 [stats.py:920] | Field                           |             0 |             1 |
[0;36m(APIServer pid=214609)[0;0m INFO 09-25 05:31:34 [stats.py:920] +---------------------------------+---------------+---------------+
[0;36m(APIServer pid=214609)[0;0m INFO 09-25 05:31:34 [stats.py:920] | audio_duration_s                |         0.000 |         2.000 |
[0;36m(APIServer pid=214609)[0;0m INFO 09-25 05:31:34 [stats.py:920] | audio_generated_frames          |             0 |        48,000 |
[0;36m(APIServer pid=214609)[0;0m INFO 09-25 05:31:34 [stats.py:920] | audio_sample_rate               |             0 |        24,000 |
[0;36m(APIServer pid=214609)[0;0m INFO 09-25 05:31:34 [stats.py:920] | batch_id                        |         2,605 |         2,686 |
[0;36m(APIServer pid=214609)[0;0m INFO 09-25 05:31:34 [stats.py:920] | batch_size                      |             1 |             1 |
[0;36m(APIServer pid=214609)[0;0m INFO 09-25 05:31:34 [stats.py:920] | inter_output_latencies_ms       |               |               |
[0;36m(APIServer pid=214609)[0;0m INFO 09-25 05:31:34 [stats.py:920] | num_tokens_in                   |           301 |             0 |
[0;36m(APIServer pid=214609)[0;0m INFO 09-25 05:31:34 [stats.py:920] | num_tokens_out                  |            26 |             0 |
[0;36m(APIServer pid=214609)[0;0m INFO 09-25 05:31:34 [stats.py:920] | output_unit_count               |            26 |        48,000 |
[0;36m(APIServer pid=214609)[0;0m INFO 09-25 05:31:34 [stats.py:920] | output_unit_type                |        stream |         audio |
[0;36m(APIServer pid=214609)[0;0m INFO 09-25 05:31:34 [stats.py:920] | serving_time_to_first_output_ms |       394.603 |       417.720 |
[0;36m(APIServer pid=214609)[0;0m INFO 09-25 05:31:34 [stats.py:920] | stage_gen_time_ms               |       394.528 |       417.516 |
[0;36m(APIServer pid=214609)[0;0m INFO 09-25 05:31:34 [stats.py:920] | time_per_output_unit_ms         |         0.005 |         0.000 |
[0;36m(APIServer pid=214609)[0;0m INFO 09-25 05:31:34 [stats.py:920] | vllm_itl_ms                     |        14.608 |       312.582 |
[0;36m(APIServer pid=214609)[0;0m INFO 09-25 05:31:34 [stats.py:920] | vllm_itls_ms                    | 14.608 (n=25) | 312.582 (n=1) |
[0;36m(APIServer pid=214609)[0;0m INFO 09-25 05:31:34 [stats.py:920] | vllm_tpot_ms                    |        14.608 |         0.000 |
[0;36m(APIServer pid=214609)[0;0m INFO 09-25 05:31:34 [stats.py:920] | vllm_ttft_ms                    |        26.874 |       104.405 |
[0;36m(APIServer pid=214609)[0;0m INFO 09-25 05:31:34 [stats.py:920] +---------------------------------+---------------+---------------+
[0;36m(APIServer pid=214609)[0;0m INFO 09-25 05:31:34 [serving_speech.py:3646] [SpeechE2E] request_id=speech-b26555770e1b6cbd stream=false status=ok total_ms=423.83 response_bytes=96044
[0;36m(APIServer pid=214609)[0;0m INFO:     127.0.0.1:42928 - "POST /v1/audio/speech HTTP/1.1" 200 OK
[0;36m(APIServer pid=214609)[0;0m INFO 09-25 05:31:34 [serving_speech.py:3070] TTS speech request speech-8fcdab40156d1120: model=Base
[0;36m(APIServer pid=214609)[0;0m INFO 09-25 05:31:34 [serving_speech.py:3100] Applied extra_params: {'temperature': 0.9, 'top_k': 50}
[0;36m(APIServer pid=214609)[0;0m INFO 09-25 05:31:34 [stats.py:811] 
[0;36m(APIServer pid=214609)[0;0m INFO 09-25 05:31:34 [stats.py:811] [Overall Summary]
[0;36m(APIServer pid=214609)[0;0m INFO 09-25 05:31:34 [stats.py:811] +-----------------------------+---------+
[0;36m(APIServer pid=214609)[0;0m INFO 09-25 05:31:34 [stats.py:811] | Field                       |   Value |
[0;36m(APIServer pid=214609)[0;0m INFO 09-25 05:31:34 [stats.py:811] +-----------------------------+---------+
[0;36m(APIServer pid=214609)[0;0m INFO 09-25 05:31:34 [stats.py:811] | e2e_requests                |       1 |
[0;36m(APIServer pid=214609)[0;0m INFO 09-25 05:31:34 [stats.py:811] | e2e_wall_time_ms            | 665.087 |
[0;36m(APIServer pid=214609)[0;0m INFO 09-25 05:31:34 [stats.py:811] | e2e_total_tokens            |     344 |
[0;36m(APIServer pid=214609)[0;0m INFO 09-25 05:31:34 [stats.py:811] | e2e_avg_time_per_request_ms | 665.087 |
[0;36m(APIServer pid=214609)[0;0m INFO 09-25 05:31:34 [stats.py:811] | e2e_avg_tokens_per_s        | 517.226 |
[0;36m(APIServer pid=214609)[0;0m INFO 09-25 05:31:34 [stats.py:811] | input_preprocess_time_ms    |   0.054 |
[0;36m(APIServer pid=214609)[0;0m INFO 09-25 05:31:34 [stats.py:811] | e2e_stage_0_wall_time_ms    | 637.549 |
[0;36m(APIServer pid=214609)[0;0m INFO 09-25 05:31:34 [stats.py:811] | e2e_stage_1_wall_time_ms    | 664.821 |
[0;36m(APIServer pid=214609)[0;0m INFO 09-25 05:31:34 [stats.py:811] +-----------------------------+---------+
[0;36m(APIServer pid=214609)[0;0m INFO 09-25 05:31:34 [stats.py:837] 
[0;36m(APIServer pid=214609)[0;0m INFO 09-25 05:31:34 [stats.py:837] [RequestE2EStats [request_id=speech-8fcdab40156d1120-a978e979]]
[0;36m(APIServer pid=214609)[0;0m INFO 09-25 05:31:34 [stats.py:837] +------------------+---------+
[0;36m(APIServer pid=214609)[0;0m INFO 09-25 05:31:34 [stats.py:837] | Field            |   Value |
[0;36m(APIServer pid=214609)[0;0m INFO 09-25 05:31:34 [stats.py:837] +------------------+---------+
[0;36m(APIServer pid=214609)[0;0m INFO 09-25 05:31:34 [stats.py:837] | e2e_total_ms     | 664.969 |
[0;36m(APIServer pid=214609)[0;0m INFO 09-25 05:31:34 [stats.py:837] | e2e_total_tokens |     344 |
[0;36m(APIServer pid=214609)[0;0m INFO 09-25 05:31:34 [stats.py:837] +------------------+---------+
[0;36m(APIServer pid=214609)[0;0m INFO 09-25 05:31:34 [stats.py:878] [OmniTiming] req=speech-8fcdab40156d1120-a978e979 total=0.66s preprocess=0.00s engine=0.66s stages=[0:0.64s,1:0.66s] transfers=[0->1=0.00ms]
[0;36m(APIServer pid=214609)[0;0m INFO 09-25 05:31:34 [stats.py:920] 
[0;36m(APIServer pid=214609)[0;0m INFO 09-25 05:31:34 [stats.py:920] [StageRequestStats [request_id=speech-8fcdab40156d1120-a978e979]]
[0;36m(APIServer pid=214609)[0;0m INFO 09-25 05:31:34 [stats.py:920] +---------------------------------+---------------+---------------+
[0;36m(APIServer pid=214609)[0;0m INFO 09-25 05:31:34 [stats.py:920] | Field                           |             0 |             1 |
[0;36m(APIServer pid=214609)[0;0m INFO 09-25 05:31:34 [stats.py:920] +---------------------------------+---------------+---------------+
[0;36m(APIServer pid=214609)[0;0m INFO 09-25 05:31:34 [stats.py:920] | audio_duration_s                |         0.000 |         3.360 |
[0;36m(APIServer pid=214609)[0;0m INFO 09-25 05:31:34 [stats.py:920] | audio_generated_frames          |             0 |        80,640 |
[0;36m(APIServer pid=214609)[0;0m INFO 09-25 05:31:34 [stats.py:920] | audio_sample_rate               |             0 |        24,000 |
[0;36m(APIServer pid=214609)[0;0m INFO 09-25 05:31:34 [stats.py:920] | batch_id                        |         2,606 |         2,687 |
[0;36m(APIServer pid=214609)[0;0m INFO 09-25 05:31:34 [stats.py:920] | batch_size                      |             1 |             1 |
[0;36m(APIServer pid=214609)[0;0m INFO 09-25 05:31:34 [stats.py:920] | inter_output_latencies_ms       |               |               |
[0;36m(APIServer pid=214609)[0;0m INFO 09-25 05:31:34 [stats.py:920] | num_tokens_in                   |           301 |             0 |
[0;36m(APIServer pid=214609)[0;0m INFO 09-25 05:31:34 [stats.py:920] | num_tokens_out                  |            43 |             0 |
[0;36m(APIServer pid=214609)[0;0m INFO 09-25 05:31:34 [stats.py:920] | output_unit_count               |            43 |        80,640 |
[0;36m(APIServer pid=214609)[0;0m INFO 09-25 05:31:34 [stats.py:920] | output_unit_type                |        stream |         audio |
[0;36m(APIServer pid=214609)[0;0m INFO 09-25 05:31:34 [stats.py:920] | serving_time_to_first_output_ms |       637.365 |       664.144 |
[0;36m(APIServer pid=214609)[0;0m INFO 09-25 05:31:34 [stats.py:920] | stage_gen_time_ms               |       637.293 |       663.999 |
[0;36m(APIServer pid=214609)[0;0m INFO 09-25 05:31:34 [stats.py:920] | time_per_output_unit_ms         |         0.003 |         0.000 |
[0;36m(APIServer pid=214609)[0;0m INFO 09-25 05:31:34 [stats.py:920] | vllm_itl_ms                     |        14.532 |       279.653 |
[0;36m(APIServer pid=214609)[0;0m INFO 09-25 05:31:34 [stats.py:920] | vllm_itls_ms                    | 14.532 (n=42) | 279.653 (n=2) |
[0;36m(APIServer pid=214609)[0;0m INFO 09-25 05:31:34 [stats.py:920] | vllm_tpot_ms                    |        14.532 |         0.000 |
[0;36m(APIServer pid=214609)[0;0m INFO 09-25 05:31:34 [stats.py:920] | vllm_ttft_ms                    |        28.740 |       103.039 |
[0;36m(APIServer pid=214609)[0;0m INFO 09-25 05:31:34 [stats.py:920] +---------------------------------+---------------+---------------+
[0;36m(APIServer pid=214609)[0;0m INFO 09-25 05:31:34 [serving_speech.py:3646] [SpeechE2E] request_id=speech-8fcdab40156d1120 stream=false status=ok total_ms=675.16 response_bytes=161324
[0;36m(APIServer pid=214609)[0;0m INFO:     127.0.0.1:42928 - "POST /v1/audio/speech HTTP/1.1" 200 OK
[0;36m(APIServer pid=214609)[0;0m INFO 09-25 05:31:34 [serving_speech.py:3070] TTS speech request speech-b2ff1c8784a50dd5: model=Base
[0;36m(APIServer pid=214609)[0;0m INFO 09-25 05:31:34 [serving_speech.py:3100] Applied extra_params: {'temperature': 0.9, 'top_k': 50}
[0;36m(APIServer pid=214609)[0;0m INFO 09-25 05:31:35 [stats.py:811] 
[0;36m(APIServer pid=214609)[0;0m INFO 09-25 05:31:35 [stats.py:811] [Overall Summary]
[0;36m(APIServer pid=214609)[0;0m INFO 09-25 05:31:35 [stats.py:811] +-----------------------------+---------+
[0;36m(APIServer pid=214609)[0;0m INFO 09-25 05:31:35 [stats.py:811] | Field                       |   Value |
[0;36m(APIServer pid=214609)[0;0m INFO 09-25 05:31:35 [stats.py:811] +-----------------------------+---------+
[0;36m(APIServer pid=214609)[0;0m INFO 09-25 05:31:35 [stats.py:811] | e2e_requests                |       1 |
[0;36m(APIServer pid=214609)[0;0m INFO 09-25 05:31:35 [stats.py:811] | e2e_wall_time_ms            | 707.375 |
[0;36m(APIServer pid=214609)[0;0m INFO 09-25 05:31:35 [stats.py:811] | e2e_total_tokens            |     406 |
[0;36m(APIServer pid=214609)[0;0m INFO 09-25 05:31:35 [stats.py:811] | e2e_avg_time_per_request_ms | 707.375 |
[0;36m(APIServer pid=214609)[0;0m INFO 09-25 05:31:35 [stats.py:811] | e2e_avg_tokens_per_s        | 573.953 |
[0;36m(APIServer pid=214609)[0;0m INFO 09-25 05:31:35 [stats.py:811] | input_preprocess_time_ms    |   0.059 |
[0;36m(APIServer pid=214609)[0;0m INFO 09-25 05:31:35 [stats.py:811] | e2e_stage_0_wall_time_ms    | 679.989 |
[0;36m(APIServer pid=214609)[0;0m INFO 09-25 05:31:35 [stats.py:811] | e2e_stage_1_wall_time_ms    | 707.036 |
[0;36m(APIServer pid=214609)[0;0m INFO 09-25 05:31:35 [stats.py:811] +-----------------------------+---------+
[0;36m(APIServer pid=214609)[0;0m INFO 09-25 05:31:35 [stats.py:837] 
[0;36m(APIServer pid=214609)[0;0m INFO 09-25 05:31:35 [stats.py:837] [RequestE2EStats [request_id=speech-b2ff1c8784a50dd5-b09f4ec8]]
[0;36m(APIServer pid=214609)[0;0m INFO 09-25 05:31:35 [stats.py:837] +------------------+---------+
[0;36m(APIServer pid=214609)[0;0m INFO 09-25 05:31:35 [stats.py:837] | Field            |   Value |
[0;36m(APIServer pid=214609)[0;0m INFO 09-25 05:31:35 [stats.py:837] +------------------+---------+
[0;36m(APIServer pid=214609)[0;0m INFO 09-25 05:31:35 [stats.py:837] | e2e_total_ms     | 707.197 |
[0;36m(APIServer pid=214609)[0;0m INFO 09-25 05:31:35 [stats.py:837] | e2e_total_tokens |     406 |
[0;36m(APIServer pid=214609)[0;0m INFO 09-25 05:31:35 [stats.py:837] +------------------+---------+
[0;36m(APIServer pid=214609)[0;0m INFO 09-25 05:31:35 [stats.py:878] [OmniTiming] req=speech-b2ff1c8784a50dd5-b09f4ec8 total=0.71s preprocess=0.00s engine=0.71s stages=[0:0.68s,1:0.71s] transfers=[0->1=0.00ms]
[0;36m(APIServer pid=214609)[0;0m INFO 09-25 05:31:35 [stats.py:920] 
[0;36m(APIServer pid=214609)[0;0m INFO 09-25 05:31:35 [stats.py:920] [StageRequestStats [request_id=speech-b2ff1c8784a50dd5-b09f4ec8]]
[0;36m(APIServer pid=214609)[0;0m INFO 09-25 05:31:35 [stats.py:920] +---------------------------------+---------------+---------------+
[0;36m(APIServer pid=214609)[0;0m INFO 09-25 05:31:35 [stats.py:920] | Field                           |             0 |             1 |
[0;36m(APIServer pid=214609)[0;0m INFO 09-25 05:31:35 [stats.py:920] +---------------------------------+---------------+---------------+
[0;36m(APIServer pid=214609)[0;0m INFO 09-25 05:31:35 [stats.py:920] | audio_duration_s                |         0.000 |         3.600 |
[0;36m(APIServer pid=214609)[0;0m INFO 09-25 05:31:35 [stats.py:920] | audio_generated_frames          |             0 |        86,400 |
[0;36m(APIServer pid=214609)[0;0m INFO 09-25 05:31:35 [stats.py:920] | audio_sample_rate               |             0 |        24,000 |
[0;36m(APIServer pid=214609)[0;0m INFO 09-25 05:31:35 [stats.py:920] | batch_id                        |         2,607 |         2,688 |
[0;36m(APIServer pid=214609)[0;0m INFO 09-25 05:31:35 [stats.py:920] | batch_size                      |             1 |             1 |
[0;36m(APIServer pid=214609)[0;0m INFO 09-25 05:31:35 [stats.py:920] | inter_output_latencies_ms       |               |               |
[0;36m(APIServer pid=214609)[0;0m INFO 09-25 05:31:35 [stats.py:920] | num_tokens_in                   |           360 |             0 |
[0;36m(APIServer pid=214609)[0;0m INFO 09-25 05:31:35 [stats.py:920] | num_tokens_out                  |            46 |             0 |
[0;36m(APIServer pid=214609)[0;0m INFO 09-25 05:31:35 [stats.py:920] | output_unit_count               |            46 |        86,400 |
[0;36m(APIServer pid=214609)[0;0m INFO 09-25 05:31:35 [stats.py:920] | output_unit_type                |        stream |         audio |
[0;36m(APIServer pid=214609)[0;0m INFO 09-25 05:31:35 [stats.py:920] | serving_time_to_first_output_ms |       679.874 |       706.450 |
[0;36m(APIServer pid=214609)[0;0m INFO 09-25 05:31:35 [stats.py:920] | stage_gen_time_ms               |       679.767 |       706.234 |
[0;36m(APIServer pid=214609)[0;0m INFO 09-25 05:31:35 [stats.py:920] | time_per_output_unit_ms         |         0.003 |         0.000 |
[0;36m(APIServer pid=214609)[0;0m INFO 09-25 05:31:35 [stats.py:920] | vllm_itl_ms                     |        14.456 |       299.677 |
[0;36m(APIServer pid=214609)[0;0m INFO 09-25 05:31:35 [stats.py:920] | vllm_itls_ms                    | 14.456 (n=45) | 299.677 (n=2) |
[0;36m(APIServer pid=214609)[0;0m INFO 09-25 05:31:35 [stats.py:920] | vllm_tpot_ms                    |        14.456 |         0.000 |
[0;36m(APIServer pid=214609)[0;0m INFO 09-25 05:31:35 [stats.py:920] | vllm_ttft_ms                    |        30.106 |       104.927 |
[0;36m(APIServer pid=214609)[0;0m INFO 09-25 05:31:35 [stats.py:920] +---------------------------------+---------------+---------------+
[0;36m(APIServer pid=214609)[0;0m INFO 09-25 05:31:35 [serving_speech.py:3646] [SpeechE2E] request_id=speech-b2ff1c8784a50dd5 stream=false status=ok total_ms=717.08 response_bytes=172844
[0;36m(APIServer pid=214609)[0;0m INFO:     127.0.0.1:42928 - "POST /v1/audio/speech HTTP/1.1" 200 OK
[0;36m(APIServer pid=214609)[0;0m INFO 09-25 05:31:35 [serving_speech.py:3070] TTS speech request speech-99cbf7921ed73fb6: model=Base
[0;36m(APIServer pid=214609)[0;0m INFO 09-25 05:31:35 [serving_speech.py:3100] Applied extra_params: {'temperature': 0.9, 'top_k': 50}
[0;36m(APIServer pid=214609)[0;0m INFO 09-25 05:31:36 [stats.py:811] 
[0;36m(APIServer pid=214609)[0;0m INFO 09-25 05:31:36 [stats.py:811] [Overall Summary]
[0;36m(APIServer pid=214609)[0;0m INFO 09-25 05:31:36 [stats.py:811] +-----------------------------+---------+
[0;36m(APIServer pid=214609)[0;0m INFO 09-25 05:31:36 [stats.py:811] | Field                       |   Value |
[0;36m(APIServer pid=214609)[0;0m INFO 09-25 05:31:36 [stats.py:811] +-----------------------------+---------+
[0;36m(APIServer pid=214609)[0;0m INFO 09-25 05:31:36 [stats.py:811] | e2e_requests                |       1 |
[0;36m(APIServer pid=214609)[0;0m INFO 09-25 05:31:36 [stats.py:811] | e2e_wall_time_ms            | 840.282 |
[0;36m(APIServer pid=214609)[0;0m INFO 09-25 05:31:36 [stats.py:811] | e2e_total_tokens            |     415 |
[0;36m(APIServer pid=214609)[0;0m INFO 09-25 05:31:36 [stats.py:811] | e2e_avg_time_per_request_ms | 840.282 |
[0;36m(APIServer pid=214609)[0;0m INFO 09-25 05:31:36 [stats.py:811] | e2e_avg_tokens_per_s        | 493.882 |
[0;36m(APIServer pid=214609)[0;0m INFO 09-25 05:31:36 [stats.py:811] | input_preprocess_time_ms    |   0.050 |
[0;36m(APIServer pid=214609)[0;0m INFO 09-25 05:31:36 [stats.py:811] | e2e_stage_0_wall_time_ms    | 811.073 |
[0;36m(APIServer pid=214609)[0;0m INFO 09-25 05:31:36 [stats.py:811] | e2e_stage_1_wall_time_ms    | 839.961 |
[0;36m(APIServer pid=214609)[0;0m INFO 09-25 05:31:36 [stats.py:811] +-----------------------------+---------+
[0;36m(APIServer pid=214609)[0;0m INFO 09-25 05:31:36 [stats.py:837] 
[0;36m(APIServer pid=214609)[0;0m INFO 09-25 05:31:36 [stats.py:837] [RequestE2EStats [request_id=speech-99cbf7921ed73fb6-ab7fc074]]
[0;36m(APIServer pid=214609)[0;0m INFO 09-25 05:31:36 [stats.py:837] +------------------+---------+
[0;36m(APIServer pid=214609)[0;0m INFO 09-25 05:31:36 [stats.py:837] | Field            |   Value |
[0;36m(APIServer pid=214609)[0;0m INFO 09-25 05:31:36 [stats.py:837] +------------------+---------+
[0;36m(APIServer pid=214609)[0;0m INFO 09-25 05:31:36 [stats.py:837] | e2e_total_ms     | 840.158 |
[0;36m(APIServer pid=214609)[0;0m INFO 09-25 05:31:36 [stats.py:837] | e2e_total_tokens |     415 |
[0;36m(APIServer pid=214609)[0;0m INFO 09-25 05:31:36 [stats.py:837] +------------------+---------+
[0;36m(APIServer pid=214609)[0;0m INFO 09-25 05:31:36 [stats.py:878] [OmniTiming] req=speech-99cbf7921ed73fb6-ab7fc074 total=0.84s preprocess=0.00s engine=0.84s stages=[0:0.81s,1:0.84s] transfers=[0->1=0.00ms]
[0;36m(APIServer pid=214609)[0;0m INFO 09-25 05:31:36 [stats.py:920] 
[0;36m(APIServer pid=214609)[0;0m INFO 09-25 05:31:36 [stats.py:920] [StageRequestStats [request_id=speech-99cbf7921ed73fb6-ab7fc074]]
[0;36m(APIServer pid=214609)[0;0m INFO 09-25 05:31:36 [stats.py:920] +---------------------------------+---------------+---------------+
[0;36m(APIServer pid=214609)[0;0m INFO 09-25 05:31:36 [stats.py:920] | Field                           |             0 |             1 |
[0;36m(APIServer pid=214609)[0;0m INFO 09-25 05:31:36 [stats.py:920] +---------------------------------+---------------+---------------+
[0;36m(APIServer pid=214609)[0;0m INFO 09-25 05:31:36 [stats.py:920] | audio_duration_s                |         0.000 |         4.320 |
[0;36m(APIServer pid=214609)[0;0m INFO 09-25 05:31:36 [stats.py:920] | audio_generated_frames          |             0 |       103,680 |
[0;36m(APIServer pid=214609)[0;0m INFO 09-25 05:31:36 [stats.py:920] | audio_sample_rate               |             0 |        24,000 |
[0;36m(APIServer pid=214609)[0;0m INFO 09-25 05:31:36 [stats.py:920] | batch_id                        |         2,608 |         2,689 |
[0;36m(APIServer pid=214609)[0;0m INFO 09-25 05:31:36 [stats.py:920] | batch_size                      |             1 |             1 |
[0;36m(APIServer pid=214609)[0;0m INFO 09-25 05:31:36 [stats.py:920] | inter_output_latencies_ms       |               |               |
[0;36m(APIServer pid=214609)[0;0m INFO 09-25 05:31:36 [stats.py:920] | num_tokens_in                   |           360 |             0 |
[0;36m(APIServer pid=214609)[0;0m INFO 09-25 05:31:36 [stats.py:920] | num_tokens_out                  |            55 |             0 |
[0;36m(APIServer pid=214609)[0;0m INFO 09-25 05:31:36 [stats.py:920] | output_unit_count               |            55 |       103,680 |
[0;36m(APIServer pid=214609)[0;0m INFO 09-25 05:31:36 [stats.py:920] | output_unit_type                |        stream |         audio |
[0;36m(APIServer pid=214609)[0;0m INFO 09-25 05:31:36 [stats.py:920] | serving_time_to_first_output_ms |       811.003 |       839.874 |
[0;36m(APIServer pid=214609)[0;0m INFO 09-25 05:31:36 [stats.py:920] | stage_gen_time_ms               |       810.850 |       839.635 |
[0;36m(APIServer pid=214609)[0;0m INFO 09-25 05:31:36 [stats.py:920] | time_per_output_unit_ms         |         0.001 |         0.000 |
[0;36m(APIServer pid=214609)[0;0m INFO 09-25 05:31:36 [stats.py:920] | vllm_itl_ms                     |        14.489 |       244.292 |
[0;36m(APIServer pid=214609)[0;0m INFO 09-25 05:31:36 [stats.py:920] | vllm_itls_ms                    | 14.489 (n=54) | 244.292 (n=3) |
[0;36m(APIServer pid=214609)[0;0m INFO 09-25 05:31:36 [stats.py:920] | vllm_tpot_ms                    |        14.489 |         0.000 |
[0;36m(APIServer pid=214609)[0;0m INFO 09-25 05:31:36 [stats.py:920] | vllm_ttft_ms                    |        29.711 |       104.200 |
[0;36m(APIServer pid=214609)[0;0m INFO 09-25 05:31:36 [stats.py:920] +---------------------------------+---------------+---------------+
[0;36m(APIServer pid=214609)[0;0m INFO 09-25 05:31:36 [serving_speech.py:3646] [SpeechE2E] request_id=speech-99cbf7921ed73fb6 stream=false status=ok total_ms=881.02 response_bytes=207404
[0;36m(APIServer pid=214609)[0;0m INFO:     127.0.0.1:42928 - "POST /v1/audio/speech HTTP/1.1" 200 OK
[0;36m(APIServer pid=214609)[0;0m INFO 09-25 05:31:36 [serving_speech.py:3070] TTS speech request speech-bab7c618ebbbdf74: model=Base
[0;36m(APIServer pid=214609)[0;0m INFO 09-25 05:31:36 [serving_speech.py:3100] Applied extra_params: {'temperature': 0.9, 'top_k': 50}
[0;36m(APIServer pid=214609)[0;0m INFO 09-25 05:31:36 [serving_speech.py:3070] TTS speech request speech-b43cbaab0619e9c9: model=Base
[0;36m(APIServer pid=214609)[0;0m INFO 09-25 05:31:36 [serving_speech.py:3100] Applied extra_params: {'temperature': 0.9, 'top_k': 50}
[0;36m(APIServer pid=214609)[0;0m INFO 09-25 05:31:36 [serving_speech.py:3070] TTS speech request speech-a5468bdc1a7dd2f9: model=Base
[0;36m(APIServer pid=214609)[0;0m INFO 09-25 05:31:36 [serving_speech.py:3100] Applied extra_params: {'temperature': 0.9, 'top_k': 50}
[0;36m(APIServer pid=214609)[0;0m INFO 09-25 05:31:36 [serving_speech.py:3070] TTS speech request speech-bb85c57e22ca47ad: model=Base
[0;36m(APIServer pid=214609)[0;0m INFO 09-25 05:31:36 [serving_speech.py:3100] Applied extra_params: {'temperature': 0.9, 'top_k': 50}
[0;36m(APIServer pid=214609)[0;0m INFO 09-25 05:31:36 [serving_speech.py:3070] TTS speech request speech-930e18a413ccf3e2: model=Base
[0;36m(APIServer pid=214609)[0;0m INFO 09-25 05:31:36 [serving_speech.py:3100] Applied extra_params: {'temperature': 0.9, 'top_k': 50}
[0;36m(APIServer pid=214609)[0;0m INFO 09-25 05:31:36 [serving_speech.py:3070] TTS speech request speech-8d2cbfd4c4ebde71: model=Base
[0;36m(APIServer pid=214609)[0;0m INFO 09-25 05:31:36 [serving_speech.py:3100] Applied extra_params: {'temperature': 0.9, 'top_k': 50}
[0;36m(APIServer pid=214609)[0;0m INFO 09-25 05:31:36 [serving_speech.py:3070] TTS speech request speech-94c8b44812a3cdf7: model=Base
[0;36m(APIServer pid=214609)[0;0m INFO 09-25 05:31:36 [serving_speech.py:3100] Applied extra_params: {'temperature': 0.9, 'top_k': 50}
[0;36m(APIServer pid=214609)[0;0m INFO 09-25 05:31:36 [serving_speech.py:3070] TTS speech request speech-b7bdfdff6e1248bf: model=Base
[0;36m(APIServer pid=214609)[0;0m INFO 09-25 05:31:36 [serving_speech.py:3100] Applied extra_params: {'temperature': 0.9, 'top_k': 50}
[0;36m(APIServer pid=214609)[0;0m INFO 09-25 05:31:36 [serving_speech.py:3070] TTS speech request speech-885eee6d8b7fd897: model=Base
[0;36m(APIServer pid=214609)[0;0m INFO 09-25 05:31:36 [serving_speech.py:3100] Applied extra_params: {'temperature': 0.9, 'top_k': 50}
[0;36m(APIServer pid=214609)[0;0m INFO 09-25 05:31:36 [serving_speech.py:3070] TTS speech request speech-b34ac8920078bae3: model=Base
[0;36m(APIServer pid=214609)[0;0m INFO 09-25 05:31:36 [serving_speech.py:3100] Applied extra_params: {'temperature': 0.9, 'top_k': 50}
[0;36m(APIServer pid=214609)[0;0m INFO 09-25 05:31:36 [serving_speech.py:3070] TTS speech request speech-b6f70623bfd70b12: model=Base
[0;36m(APIServer pid=214609)[0;0m INFO 09-25 05:31:36 [serving_speech.py:3100] Applied extra_params: {'temperature': 0.9, 'top_k': 50}
[0;36m(APIServer pid=214609)[0;0m INFO 09-25 05:31:36 [serving_speech.py:3070] TTS speech request speech-90bcca43ae1114d9: model=Base
[0;36m(APIServer pid=214609)[0;0m INFO 09-25 05:31:36 [serving_speech.py:3100] Applied extra_params: {'temperature': 0.9, 'top_k': 50}
[0;36m(APIServer pid=214609)[0;0m INFO 09-25 05:31:36 [serving_speech.py:3070] TTS speech request speech-9f370ce7b3656438: model=Base
[0;36m(APIServer pid=214609)[0;0m INFO 09-25 05:31:36 [serving_speech.py:3100] Applied extra_params: {'temperature': 0.9, 'top_k': 50}
[0;36m(APIServer pid=214609)[0;0m INFO 09-25 05:31:36 [serving_speech.py:3070] TTS speech request speech-b3fb320f14ce4546: model=Base
[0;36m(APIServer pid=214609)[0;0m INFO 09-25 05:31:36 [serving_speech.py:3100] Applied extra_params: {'temperature': 0.9, 'top_k': 50}
[0;36m(APIServer pid=214609)[0;0m INFO 09-25 05:31:36 [serving_speech.py:3070] TTS speech request speech-b46cd7653ef7679f: model=Base
[0;36m(APIServer pid=214609)[0;0m INFO 09-25 05:31:36 [serving_speech.py:3100] Applied extra_params: {'temperature': 0.9, 'top_k': 50}
[0;36m(APIServer pid=214609)[0;0m INFO 09-25 05:31:36 [serving_speech.py:3070] TTS speech request speech-80987dd8adb6775a: model=Base
[0;36m(APIServer pid=214609)[0;0m INFO 09-25 05:31:36 [serving_speech.py:3100] Applied extra_params: {'temperature': 0.9, 'top_k': 50}
[0;36m(APIServer pid=214609)[0;0m INFO 09-25 05:31:37 [stats.py:811] 
[0;36m(APIServer pid=214609)[0;0m INFO 09-25 05:31:37 [stats.py:811] [Overall Summary]
[0;36m(APIServer pid=214609)[0;0m INFO 09-25 05:31:37 [stats.py:811] +-----------------------------+-----------+
[0;36m(APIServer pid=214609)[0;0m INFO 09-25 05:31:37 [stats.py:811] | Field                       |     Value |
[0;36m(APIServer pid=214609)[0;0m INFO 09-25 05:31:37 [stats.py:811] +-----------------------------+-----------+
[0;36m(APIServer pid=214609)[0;0m INFO 09-25 05:31:37 [stats.py:811] | e2e_requests                |         1 |
[0;36m(APIServer pid=214609)[0;0m INFO 09-25 05:31:37 [stats.py:811] | e2e_wall_time_ms            | 1,336.158 |
[0;36m(APIServer pid=214609)[0;0m INFO 09-25 05:31:37 [stats.py:811] | e2e_total_tokens            |       319 |
[0;36m(APIServer pid=214609)[0;0m INFO 09-25 05:31:37 [stats.py:811] | e2e_avg_time_per_request_ms | 1,336.158 |
[0;36m(APIServer pid=214609)[0;0m INFO 09-25 05:31:37 [stats.py:811] | e2e_avg_tokens_per_s        |   238.744 |
[0;36m(APIServer pid=214609)[0;0m INFO 09-25 05:31:37 [stats.py:811] | input_preprocess_time_ms    |     0.041 |
[0;36m(APIServer pid=214609)[0;0m INFO 09-25 05:31:37 [stats.py:811] | e2e_stage_0_wall_time_ms    | 1,300.321 |
[0;36m(APIServer pid=214609)[0;0m INFO 09-25 05:31:37 [stats.py:811] | e2e_stage_1_wall_time_ms    | 1,335.854 |
[0;36m(APIServer pid=214609)[0;0m INFO 09-25 05:31:37 [stats.py:811] +-----------------------------+-----------+
[0;36m(APIServer pid=214609)[0;0m INFO 09-25 05:31:37 [stats.py:837] 
[0;36m(APIServer pid=214609)[0;0m INFO 09-25 05:31:37 [stats.py:837] [RequestE2EStats [request_id=speech-885eee6d8b7fd897-8f93cf49]]
[0;36m(APIServer pid=214609)[0;0m INFO 09-25 05:31:37 [stats.py:837] +------------------+-----------+
[0;36m(APIServer pid=214609)[0;0m INFO 09-25 05:31:37 [stats.py:837] | Field            |     Value |
[0;36m(APIServer pid=214609)[0;0m INFO 09-25 05:31:37 [stats.py:837] +------------------+-----------+
[0;36m(APIServer pid=214609)[0;0m INFO 09-25 05:31:37 [stats.py:837] | e2e_total_ms     | 1,335.988 |
[0;36m(APIServer pid=214609)[0;0m INFO 09-25 05:31:37 [stats.py:837] | e2e_total_tokens |       319 |
[0;36m(APIServer pid=214609)[0;0m INFO 09-25 05:31:37 [stats.py:837] +------------------+-----------+
[0;36m(APIServer pid=214609)[0;0m INFO 09-25 05:31:37 [stats.py:878] [OmniTiming] req=speech-885eee6d8b7fd897-8f93cf49 total=1.34s preprocess=0.00s engine=1.34s stages=[0:1.30s,1:1.34s] transfers=[0->1=0.00ms]
[0;36m(APIServer pid=214609)[0;0m INFO 09-25 05:31:37 [stats.py:920] 
[0;36m(APIServer pid=214609)[0;0m INFO 09-25 05:31:37 [stats.py:920] [StageRequestStats [request_id=speech-885eee6d8b7fd897-8f93cf49]]
[0;36m(APIServer pid=214609)[0;0m INFO 09-25 05:31:37 [stats.py:920] +---------------------------------+---------------+---------------+
[0;36m(APIServer pid=214609)[0;0m INFO 09-25 05:31:37 [stats.py:920] | Field                           |             0 |             1 |
[0;36m(APIServer pid=214609)[0;0m INFO 09-25 05:31:37 [stats.py:920] +---------------------------------+---------------+---------------+
[0;36m(APIServer pid=214609)[0;0m INFO 09-25 05:31:37 [stats.py:920] | audio_duration_s                |         0.000 |         1.360 |
[0;36m(APIServer pid=214609)[0;0m INFO 09-25 05:31:37 [stats.py:920] | audio_generated_frames          |             0 |        32,640 |
[0;36m(APIServer pid=214609)[0;0m INFO 09-25 05:31:37 [stats.py:920] | audio_sample_rate               |             0 |        24,000 |
[0;36m(APIServer pid=214609)[0;0m INFO 09-25 05:31:37 [stats.py:920] | batch_id                        |         2,609 |         2,690 |
[0;36m(APIServer pid=214609)[0;0m INFO 09-25 05:31:37 [stats.py:920] | batch_size                      |             1 |             1 |
[0;36m(APIServer pid=214609)[0;0m INFO 09-25 05:31:37 [stats.py:920] | inter_output_latencies_ms       |               |               |
[0;36m(APIServer pid=214609)[0;0m INFO 09-25 05:31:37 [stats.py:920] | num_tokens_in                   |           301 |             0 |
[0;36m(APIServer pid=214609)[0;0m INFO 09-25 05:31:37 [stats.py:920] | num_tokens_out                  |            18 |             0 |
[0;36m(APIServer pid=214609)[0;0m INFO 09-25 05:31:37 [stats.py:920] | output_unit_count               |            18 |        32,640 |
[0;36m(APIServer pid=214609)[0;0m INFO 09-25 05:31:37 [stats.py:920] | output_unit_type                |        stream |         audio |
[0;36m(APIServer pid=214609)[0;0m INFO 09-25 05:31:37 [stats.py:920] | serving_time_to_first_output_ms |     1,300.276 |     1,335.310 |
[0;36m(APIServer pid=214609)[0;0m INFO 09-25 05:31:37 [stats.py:920] | stage_gen_time_ms               |     1,300.148 |     1,335.073 |
[0;36m(APIServer pid=214609)[0;0m INFO 09-25 05:31:37 [stats.py:920] | time_per_output_unit_ms         |         0.006 |         0.000 |
[0;36m(APIServer pid=214609)[0;0m INFO 09-25 05:31:37 [stats.py:920] | vllm_itl_ms                     |        53.550 |       181.219 |
[0;36m(APIServer pid=214609)[0;0m INFO 09-25 05:31:37 [stats.py:920] | vllm_itls_ms                    | 53.550 (n=17) | 181.219 (n=1) |
[0;36m(APIServer pid=214609)[0;0m INFO 09-25 05:31:37 [stats.py:920] | vllm_tpot_ms                    |        53.550 |         0.000 |
[0;36m(APIServer pid=214609)[0;0m INFO 09-25 05:31:37 [stats.py:920] | vllm_ttft_ms                    |       389.746 |     1,153.574 |
[0;36m(APIServer pid=214609)[0;0m INFO 09-25 05:31:37 [stats.py:920] +---------------------------------+---------------+---------------+
[0;36m(APIServer pid=214609)[0;0m INFO 09-25 05:31:37 [serving_speech.py:3646] [SpeechE2E] request_id=speech-885eee6d8b7fd897 stream=false status=ok total_ms=1359.67 response_bytes=65324
[0;36m(APIServer pid=214609)[0;0m INFO:     127.0.0.1:34904 - "POST /v1/audio/speech HTTP/1.1" 200 OK
[0;36m(APIServer pid=214609)[0;0m INFO 09-25 05:31:37 [serving_speech.py:3070] TTS speech request speech-ae5513ced7895eef: model=Base
[0;36m(APIServer pid=214609)[0;0m INFO 09-25 05:31:37 [serving_speech.py:3100] Applied extra_params: {'temperature': 0.9, 'top_k': 50}
[0;36m(APIServer pid=214609)[0;0m INFO 09-25 05:31:38 [stats.py:811] 
[0;36m(APIServer pid=214609)[0;0m INFO 09-25 05:31:38 [stats.py:811] [Overall Summary]
[0;36m(APIServer pid=214609)[0;0m INFO 09-25 05:31:38 [stats.py:811] +-----------------------------+-----------+
[0;36m(APIServer pid=214609)[0;0m INFO 09-25 05:31:38 [stats.py:811] | Field                       |     Value |
[0;36m(APIServer pid=214609)[0;0m INFO 09-25 05:31:38 [stats.py:811] +-----------------------------+-----------+
[0;36m(APIServer pid=214609)[0;0m INFO 09-25 05:31:38 [stats.py:811] | e2e_requests                |         1 |
[0;36m(APIServer pid=214609)[0;0m INFO 09-25 05:31:38 [stats.py:811] | e2e_wall_time_ms            | 2,091.065 |
[0;36m(APIServer pid=214609)[0;0m INFO 09-25 05:31:38 [stats.py:811] | e2e_total_tokens            |       333 |
[0;36m(APIServer pid=214609)[0;0m INFO 09-25 05:31:38 [stats.py:811] | e2e_avg_time_per_request_ms | 2,091.065 |
[0;36m(APIServer pid=214609)[0;0m INFO 09-25 05:31:38 [stats.py:811] | e2e_avg_tokens_per_s        |   159.249 |
[0;36m(APIServer pid=214609)[0;0m INFO 09-25 05:31:38 [stats.py:811] | input_preprocess_time_ms    |     0.033 |
[0;36m(APIServer pid=214609)[0;0m INFO 09-25 05:31:38 [stats.py:811] | e2e_stage_0_wall_time_ms    | 1,985.330 |
[0;36m(APIServer pid=214609)[0;0m INFO 09-25 05:31:38 [stats.py:811] | e2e_stage_1_wall_time_ms    | 2,090.730 |
[0;36m(APIServer pid=214609)[0;0m INFO 09-25 05:31:38 [stats.py:811] +-----------------------------+-----------+
[0;36m(APIServer pid=214609)[0;0m INFO 09-25 05:31:38 [stats.py:837] 
[0;36m(APIServer pid=214609)[0;0m INFO 09-25 05:31:38 [stats.py:837] [RequestE2EStats [request_id=speech-8d2cbfd4c4ebde71-8ba28047]]
[0;36m(APIServer pid=214609)[0;0m INFO 09-25 05:31:38 [stats.py:837] +------------------+-----------+
[0;36m(APIServer pid=214609)[0;0m INFO 09-25 05:31:38 [stats.py:837] | Field            |     Value |
[0;36m(APIServer pid=214609)[0;0m INFO 09-25 05:31:38 [stats.py:837] +------------------+-----------+
[0;36m(APIServer pid=214609)[0;0m INFO 09-25 05:31:38 [stats.py:837] | e2e_total_ms     | 2,090.986 |
[0;36m(APIServer pid=214609)[0;0m INFO 09-25 05:31:38 [stats.py:837] | e2e_total_tokens |       333 |
[0;36m(APIServer pid=214609)[0;0m INFO 09-25 05:31:38 [stats.py:837] +------------------+-----------+
[0;36m(APIServer pid=214609)[0;0m INFO 09-25 05:31:38 [stats.py:878] [OmniTiming] req=speech-8d2cbfd4c4ebde71-8ba28047 total=2.09s preprocess=0.00s engine=2.09s stages=[0:1.99s,1:2.09s] transfers=[0->1=0.00ms]
[0;36m(APIServer pid=214609)[0;0m INFO 09-25 05:31:38 [stats.py:920] 
[0;36m(APIServer pid=214609)[0;0m INFO 09-25 05:31:38 [stats.py:920] [StageRequestStats [request_id=speech-8d2cbfd4c4ebde71-8ba28047]]
[0;36m(APIServer pid=214609)[0;0m INFO 09-25 05:31:38 [stats.py:920] +---------------------------------+---------------+---------------+
[0;36m(APIServer pid=214609)[0;0m INFO 09-25 05:31:38 [stats.py:920] | Field                           |             0 |             1 |
[0;36m(APIServer pid=214609)[0;0m INFO 09-25 05:31:38 [stats.py:920] +---------------------------------+---------------+---------------+
[0;36m(APIServer pid=214609)[0;0m INFO 09-25 05:31:38 [stats.py:920] | audio_duration_s                |         0.000 |         2.480 |
[0;36m(APIServer pid=214609)[0;0m INFO 09-25 05:31:38 [stats.py:920] | audio_generated_frames          |             0 |        59,520 |
[0;36m(APIServer pid=214609)[0;0m INFO 09-25 05:31:38 [stats.py:920] | audio_sample_rate               |             0 |        24,000 |
[0;36m(APIServer pid=214609)[0;0m INFO 09-25 05:31:38 [stats.py:920] | batch_id                        |         2,611 |         2,691 |
[0;36m(APIServer pid=214609)[0;0m INFO 09-25 05:31:38 [stats.py:920] | batch_size                      |             1 |             1 |
[0;36m(APIServer pid=214609)[0;0m INFO 09-25 05:31:38 [stats.py:920] | inter_output_latencies_ms       |               |               |
[0;36m(APIServer pid=214609)[0;0m INFO 09-25 05:31:38 [stats.py:920] | num_tokens_in                   |           301 |             0 |
[0;36m(APIServer pid=214609)[0;0m INFO 09-25 05:31:38 [stats.py:920] | num_tokens_out                  |            32 |             0 |
[0;36m(APIServer pid=214609)[0;0m INFO 09-25 05:31:38 [stats.py:920] | output_unit_count               |            32 |        59,520 |
[0;36m(APIServer pid=214609)[0;0m INFO 09-25 05:31:38 [stats.py:920] | output_unit_type                |        stream |         audio |
[0;36m(APIServer pid=214609)[0;0m INFO 09-25 05:31:38 [stats.py:920] | serving_time_to_first_output_ms |     1,985.300 |     2,090.670 |
[0;36m(APIServer pid=214609)[0;0m INFO 09-25 05:31:38 [stats.py:920] | stage_gen_time_ms               |     1,985.049 |     2,090.440 |
[0;36m(APIServer pid=214609)[0;0m INFO 09-25 05:31:38 [stats.py:920] | time_per_output_unit_ms         |         0.002 |         0.000 |
[0;36m(APIServer pid=214609)[0;0m INFO 09-25 05:31:38 [stats.py:920] | vllm_itl_ms                     |        58.006 |       455.994 |
[0;36m(APIServer pid=214609)[0;0m INFO 09-25 05:31:38 [stats.py:920] | vllm_itls_ms                    | 58.006 (n=31) | 455.994 (n=2) |
[0;36m(APIServer pid=214609)[0;0m INFO 09-25 05:31:38 [stats.py:920] | vllm_tpot_ms                    |        58.006 |         0.000 |
[0;36m(APIServer pid=214609)[0;0m INFO 09-25 05:31:38 [stats.py:920] | vllm_ttft_ms                    |       187.253 |     1,177.065 |
[0;36m(APIServer pid=214609)[0;0m INFO 09-25 05:31:38 [stats.py:920] +---------------------------------+---------------+---------------+
[0;36m(APIServer pid=214609)[0;0m INFO 09-25 05:31:38 [serving_speech.py:3646] [SpeechE2E] request_id=speech-8d2cbfd4c4ebde71 stream=false status=ok total_ms=2112.40 response_bytes=119084
[0;36m(APIServer pid=214609)[0;0m INFO 09-25 05:31:38 [stats.py:811] 
[0;36m(APIServer pid=214609)[0;0m INFO 09-25 05:31:38 [stats.py:811] [Overall Summary]
[0;36m(APIServer pid=214609)[0;0m INFO 09-25 05:31:38 [stats.py:811] +-----------------------------+-----------+
[0;36m(APIServer pid=214609)[0;0m INFO 09-25 05:31:38 [stats.py:811] | Field                       |     Value |
[0;36m(APIServer pid=214609)[0;0m INFO 09-25 05:31:38 [stats.py:811] +-----------------------------+-----------+
[0;36m(APIServer pid=214609)[0;0m INFO 09-25 05:31:38 [stats.py:811] | e2e_requests                |         1 |
[0;36m(APIServer pid=214609)[0;0m INFO 09-25 05:31:38 [stats.py:811] | e2e_wall_time_ms            | 2,104.578 |
[0;36m(APIServer pid=214609)[0;0m INFO 09-25 05:31:38 [stats.py:811] | e2e_total_tokens            |       333 |
[0;36m(APIServer pid=214609)[0;0m INFO 09-25 05:31:38 [stats.py:811] | e2e_avg_time_per_request_ms | 2,104.578 |
[0;36m(APIServer pid=214609)[0;0m INFO 09-25 05:31:38 [stats.py:811] | e2e_avg_tokens_per_s        |   158.227 |
[0;36m(APIServer pid=214609)[0;0m INFO 09-25 05:31:38 [stats.py:811] | input_preprocess_time_ms    |     0.049 |
[0;36m(APIServer pid=214609)[0;0m INFO 09-25 05:31:38 [stats.py:811] | e2e_stage_0_wall_time_ms    | 1,930.153 |
[0;36m(APIServer pid=214609)[0;0m INFO 09-25 05:31:38 [stats.py:811] | e2e_stage_1_wall_time_ms    | 2,103.162 |
[0;36m(APIServer pid=214609)[0;0m INFO 09-25 05:31:38 [stats.py:811] +-----------------------------+-----------+
[0;36m(APIServer pid=214609)[0;0m INFO 09-25 05:31:38 [stats.py:837] 
[0;36m(APIServer pid=214609)[0;0m INFO 09-25 05:31:38 [stats.py:837] [RequestE2EStats [request_id=speech-b43cbaab0619e9c9-a507ead0]]
[0;36m(APIServer pid=214609)[0;0m INFO 09-25 05:31:38 [stats.py:837] +------------------+-----------+
[0;36m(APIServer pid=214609)[0;0m INFO 09-25 05:31:38 [stats.py:837] | Field            |     Value |
[0;36m(APIServer pid=214609)[0;0m INFO 09-25 05:31:38 [stats.py:837] +------------------+-----------+
[0;36m(APIServer pid=214609)[0;0m INFO 09-25 05:31:38 [stats.py:837] | e2e_total_ms     | 2,104.456 |
[0;36m(APIServer pid=214609)[0;0m INFO 09-25 05:31:38 [stats.py:837] | e2e_total_tokens |       333 |
[0;36m(APIServer pid=214609)[0;0m INFO 09-25 05:31:38 [stats.py:837] +------------------+-----------+
[0;36m(APIServer pid=214609)[0;0m INFO 09-25 05:31:38 [stats.py:878] [OmniTiming] req=speech-b43cbaab0619e9c9-a507ead0 total=2.10s preprocess=0.00s engine=2.10s stages=[0:1.93s,1:2.10s] transfers=[0->1=0.00ms]
[0;36m(APIServer pid=214609)[0;0m INFO 09-25 05:31:38 [stats.py:920] 
[0;36m(APIServer pid=214609)[0;0m INFO 09-25 05:31:38 [stats.py:920] [StageRequestStats [request_id=speech-b43cbaab0619e9c9-a507ead0]]
[0;36m(APIServer pid=214609)[0;0m INFO 09-25 05:31:38 [stats.py:920] +---------------------------------+---------------+---------------+
[0;36m(APIServer pid=214609)[0;0m INFO 09-25 05:31:38 [stats.py:920] | Field                           |             0 |             1 |
[0;36m(APIServer pid=214609)[0;0m INFO 09-25 05:31:38 [stats.py:920] +---------------------------------+---------------+---------------+
[0;36m(APIServer pid=214609)[0;0m INFO 09-25 05:31:38 [stats.py:920] | audio_duration_s                |         0.000 |         2.480 |
[0;36m(APIServer pid=214609)[0;0m INFO 09-25 05:31:38 [stats.py:920] | audio_generated_frames          |             0 |        59,520 |
[0;36m(APIServer pid=214609)[0;0m INFO 09-25 05:31:38 [stats.py:920] | audio_sample_rate               |             0 |        24,000 |
[0;36m(APIServer pid=214609)[0;0m INFO 09-25 05:31:38 [stats.py:920] | batch_id                        |         2,610 |         2,692 |
[0;36m(APIServer pid=214609)[0;0m INFO 09-25 05:31:38 [stats.py:920] | batch_size                      |             1 |             1 |
[0;36m(APIServer pid=214609)[0;0m INFO 09-25 05:31:38 [stats.py:920] | inter_output_latencies_ms       |               |               |
[0;36m(APIServer pid=214609)[0;0m INFO 09-25 05:31:38 [stats.py:920] | num_tokens_in                   |           301 |             0 |
[0;36m(APIServer pid=214609)[0;0m INFO 09-25 05:31:38 [stats.py:920] | num_tokens_out                  |            32 |             0 |
[0;36m(APIServer pid=214609)[0;0m INFO 09-25 05:31:38 [stats.py:920] | output_unit_count               |            32 |        59,520 |
[0;36m(APIServer pid=214609)[0;0m INFO 09-25 05:31:38 [stats.py:920] | output_unit_type                |        stream |         audio |
[0;36m(APIServer pid=214609)[0;0m INFO 09-25 05:31:38 [stats.py:920] | serving_time_to_first_output_ms |     1,929.869 |     2,102.388 |
[0;36m(APIServer pid=214609)[0;0m INFO 09-25 05:31:38 [stats.py:920] | stage_gen_time_ms               |     1,928.579 |     2,101.141 |
[0;36m(APIServer pid=214609)[0;0m INFO 09-25 05:31:38 [stats.py:920] | time_per_output_unit_ms         |         0.002 |         0.000 |
[0;36m(APIServer pid=214609)[0;0m INFO 09-25 05:31:38 [stats.py:920] | vllm_itl_ms                     |        58.844 |       886.542 |
[0;36m(APIServer pid=214609)[0;0m INFO 09-25 05:31:38 [stats.py:920] | vllm_itls_ms                    | 58.844 (n=31) | 886.542 (n=2) |
[0;36m(APIServer pid=214609)[0;0m INFO 09-25 05:31:38 [stats.py:920] | vllm_tpot_ms                    |        58.844 |         0.000 |
[0;36m(APIServer pid=214609)[0;0m INFO 09-25 05:31:38 [stats.py:920] | vllm_ttft_ms                    |       106.872 |       325.729 |
[0;36m(APIServer pid=214609)[0;0m INFO 09-25 05:31:38 [stats.py:920] +---------------------------------+---------------+---------------+
[0;36m(APIServer pid=214609)[0;0m INFO 09-25 05:31:38 [serving_speech.py:3646] [SpeechE2E] request_id=speech-b43cbaab0619e9c9 stream=false status=ok total_ms=2120.98 response_bytes=119084
[0;36m(APIServer pid=214609)[0;0m INFO:     127.0.0.1:34876 - "POST /v1/audio/speech HTTP/1.1" 200 OK
[0;36m(APIServer pid=214609)[0;0m INFO:     127.0.0.1:34838 - "POST /v1/audio/speech HTTP/1.1" 200 OK
[0;36m(APIServer pid=214609)[0;0m INFO 09-25 05:31:38 [serving_speech.py:3070] TTS speech request speech-8146c914049b6db3: model=Base
[0;36m(APIServer pid=214609)[0;0m INFO 09-25 05:31:38 [serving_speech.py:3100] Applied extra_params: {'temperature': 0.9, 'top_k': 50}
[0;36m(APIServer pid=214609)[0;0m INFO 09-25 05:31:38 [serving_speech.py:3070] TTS speech request speech-a96be15227e0b326: model=Base
[0;36m(APIServer pid=214609)[0;0m INFO 09-25 05:31:38 [serving_speech.py:3100] Applied extra_params: {'temperature': 0.9, 'top_k': 50}
[0;36m(APIServer pid=214609)[0;0m INFO 09-25 05:31:38 [stats.py:811] 
[0;36m(APIServer pid=214609)[0;0m INFO 09-25 05:31:38 [stats.py:811] [Overall Summary]
[0;36m(APIServer pid=214609)[0;0m INFO 09-25 05:31:38 [stats.py:811] +-----------------------------+-----------+
[0;36m(APIServer pid=214609)[0;0m INFO 09-25 05:31:38 [stats.py:811] | Field                       |     Value |
[0;36m(APIServer pid=214609)[0;0m INFO 09-25 05:31:38 [stats.py:811] +-----------------------------+-----------+
[0;36m(APIServer pid=214609)[0;0m INFO 09-25 05:31:38 [stats.py:811] | e2e_requests                |         1 |
[0;36m(APIServer pid=214609)[0;0m INFO 09-25 05:31:38 [stats.py:811] | e2e_wall_time_ms            | 2,440.086 |
[0;36m(APIServer pid=214609)[0;0m INFO 09-25 05:31:38 [stats.py:811] | e2e_total_tokens            |       401 |
[0;36m(APIServer pid=214609)[0;0m INFO 09-25 05:31:38 [stats.py:811] | e2e_avg_time_per_request_ms | 2,440.086 |
[0;36m(APIServer pid=214609)[0;0m INFO 09-25 05:31:38 [stats.py:811] | e2e_avg_tokens_per_s        |   164.338 |
[0;36m(APIServer pid=214609)[0;0m INFO 09-25 05:31:38 [stats.py:811] | input_preprocess_time_ms    |     0.039 |
[0;36m(APIServer pid=214609)[0;0m INFO 09-25 05:31:38 [stats.py:811] | e2e_stage_0_wall_time_ms    | 2,407.480 |
[0;36m(APIServer pid=214609)[0;0m INFO 09-25 05:31:38 [stats.py:811] | e2e_stage_1_wall_time_ms    | 2,438.721 |
[0;36m(APIServer pid=214609)[0;0m INFO 09-25 05:31:38 [stats.py:811] +-----------------------------+-----------+
[0;36m(APIServer pid=214609)[0;0m INFO 09-25 05:31:38 [stats.py:837] 
[0;36m(APIServer pid=214609)[0;0m INFO 09-25 05:31:38 [stats.py:837] [RequestE2EStats [request_id=speech-930e18a413ccf3e2-8bf86563]]
[0;36m(APIServer pid=214609)[0;0m INFO 09-25 05:31:38 [stats.py:837] +------------------+-----------+
[0;36m(APIServer pid=214609)[0;0m INFO 09-25 05:31:38 [stats.py:837] | Field            |     Value |
[0;36m(APIServer pid=214609)[0;0m INFO 09-25 05:31:38 [stats.py:837] +------------------+-----------+
[0;36m(APIServer pid=214609)[0;0m INFO 09-25 05:31:38 [stats.py:837] | e2e_total_ms     | 2,439.996 |
[0;36m(APIServer pid=214609)[0;0m INFO 09-25 05:31:38 [stats.py:837] | e2e_total_tokens |       401 |
[0;36m(APIServer pid=214609)[0;0m INFO 09-25 05:31:38 [stats.py:837] +------------------+-----------+
[0;36m(APIServer pid=214609)[0;0m INFO 09-25 05:31:38 [stats.py:878] [OmniTiming] req=speech-930e18a413ccf3e2-8bf86563 total=2.44s preprocess=0.00s engine=2.44s stages=[0:2.41s,1:2.44s] transfers=[0->1=0.00ms]
[0;36m(APIServer pid=214609)[0;0m INFO 09-25 05:31:38 [stats.py:920] 
[0;36m(APIServer pid=214609)[0;0m INFO 09-25 05:31:38 [stats.py:920] [StageRequestStats [request_id=speech-930e18a413ccf3e2-8bf86563]]
[0;36m(APIServer pid=214609)[0;0m INFO 09-25 05:31:38 [stats.py:920] +---------------------------------+---------------+---------------+
[0;36m(APIServer pid=214609)[0;0m INFO 09-25 05:31:38 [stats.py:920] | Field                           |             0 |             1 |
[0;36m(APIServer pid=214609)[0;0m INFO 09-25 05:31:38 [stats.py:920] +---------------------------------+---------------+---------------+
[0;36m(APIServer pid=214609)[0;0m INFO 09-25 05:31:38 [stats.py:920] | audio_duration_s                |         0.000 |         3.200 |
[0;36m(APIServer pid=214609)[0;0m INFO 09-25 05:31:38 [stats.py:920] | audio_generated_frames          |             0 |        76,800 |
[0;36m(APIServer pid=214609)[0;0m INFO 09-25 05:31:38 [stats.py:920] | audio_sample_rate               |             0 |        24,000 |
[0;36m(APIServer pid=214609)[0;0m INFO 09-25 05:31:38 [stats.py:920] | batch_id                        |         2,612 |         2,693 |
[0;36m(APIServer pid=214609)[0;0m INFO 09-25 05:31:38 [stats.py:920] | batch_size                      |             1 |             1 |
[0;36m(APIServer pid=214609)[0;0m INFO 09-25 05:31:38 [stats.py:920] | inter_output_latencies_ms       |               |               |
[0;36m(APIServer pid=214609)[0;0m INFO 09-25 05:31:38 [stats.py:920] | num_tokens_in                   |           360 |             0 |
[0;36m(APIServer pid=214609)[0;0m INFO 09-25 05:31:38 [stats.py:920] | num_tokens_out                  |            41 |             0 |
[0;36m(APIServer pid=214609)[0;0m INFO 09-25 05:31:38 [stats.py:920] | output_unit_count               |            41 |        76,800 |
[0;36m(APIServer pid=214609)[0;0m INFO 09-25 05:31:38 [stats.py:920] | output_unit_type                |        stream |         audio |
[0;36m(APIServer pid=214609)[0;0m INFO 09-25 05:31:38 [stats.py:920] | serving_time_to_first_output_ms |     2,407.015 |     2,439.650 |
[0;36m(APIServer pid=214609)[0;0m INFO 09-25 05:31:38 [stats.py:920] | stage_gen_time_ms               |     2,405.737 |     2,438.366 |
[0;36m(APIServer pid=214609)[0;0m INFO 09-25 05:31:38 [stats.py:920] | time_per_output_unit_ms         |         0.001 |         0.000 |
[0;36m(APIServer pid=214609)[0;0m INFO 09-25 05:31:38 [stats.py:920] | vllm_itl_ms                     |        55.421 |       630.185 |
[0;36m(APIServer pid=214609)[0;0m INFO 09-25 05:31:38 [stats.py:920] | vllm_itls_ms                    | 55.421 (n=40) | 630.185 (n=2) |
[0;36m(APIServer pid=214609)[0;0m INFO 09-25 05:31:38 [stats.py:920] | vllm_tpot_ms                    |        55.421 |         0.000 |
[0;36m(APIServer pid=214609)[0;0m INFO 09-25 05:31:38 [stats.py:920] | vllm_ttft_ms                    |       189.271 |     1,178.036 |
[0;36m(APIServer pid=214609)[0;0m INFO 09-25 05:31:38 [stats.py:920] +---------------------------------+---------------+---------------+
[0;36m(APIServer pid=214609)[0;0m INFO 09-25 05:31:38 [serving_speech.py:3646] [SpeechE2E] request_id=speech-930e18a413ccf3e2 stream=false status=ok total_ms=2459.97 response_bytes=153644
[0;36m(APIServer pid=214609)[0;0m INFO:     127.0.0.1:34846 - "POST /v1/audio/speech HTTP/1.1" 200 OK
[0;36m(APIServer pid=214609)[0;0m INFO 09-25 05:31:38 [serving_speech.py:3070] TTS speech request speech-ba896d6aca112f42: model=Base
[0;36m(APIServer pid=214609)[0;0m INFO 09-25 05:31:38 [serving_speech.py:3100] Applied extra_params: {'temperature': 0.9, 'top_k': 50}
[0;36m(APIServer pid=214609)[0;0m INFO 09-25 05:31:39 [stats.py:811] 
[0;36m(APIServer pid=214609)[0;0m INFO 09-25 05:31:39 [stats.py:811] [Overall Summary]
[0;36m(APIServer pid=214609)[0;0m INFO 09-25 05:31:39 [stats.py:811] +-----------------------------+-----------+
[0;36m(APIServer pid=214609)[0;0m INFO 09-25 05:31:39 [stats.py:811] | Field                       |     Value |
[0;36m(APIServer pid=214609)[0;0m INFO 09-25 05:31:39 [stats.py:811] +-----------------------------+-----------+
[0;36m(APIServer pid=214609)[0;0m INFO 09-25 05:31:39 [stats.py:811] | e2e_requests                |         1 |
[0;36m(APIServer pid=214609)[0;0m INFO 09-25 05:31:39 [stats.py:811] | e2e_wall_time_ms            | 2,482.761 |
[0;36m(APIServer pid=214609)[0;0m INFO 09-25 05:31:39 [stats.py:811] | e2e_total_tokens            |       342 |
[0;36m(APIServer pid=214609)[0;0m INFO 09-25 05:31:39 [stats.py:811] | e2e_avg_time_per_request_ms | 2,482.761 |
[0;36m(APIServer pid=214609)[0;0m INFO 09-25 05:31:39 [stats.py:811] | e2e_avg_tokens_per_s        |   137.750 |
[0;36m(APIServer pid=214609)[0;0m INFO 09-25 05:31:39 [stats.py:811] | input_preprocess_time_ms    |     0.029 |
[0;36m(APIServer pid=214609)[0;0m INFO 09-25 05:31:39 [stats.py:811] | e2e_stage_0_wall_time_ms    | 2,423.399 |
[0;36m(APIServer pid=214609)[0;0m INFO 09-25 05:31:39 [stats.py:811] | e2e_stage_1_wall_time_ms    | 2,481.200 |
[0;36m(APIServer pid=214609)[0;0m INFO 09-25 05:31:39 [stats.py:811] +-----------------------------+-----------+
[0;36m(APIServer pid=214609)[0;0m INFO 09-25 05:31:39 [stats.py:837] 
[0;36m(APIServer pid=214609)[0;0m INFO 09-25 05:31:39 [stats.py:837] [RequestE2EStats [request_id=speech-9f370ce7b3656438-9531e64c]]
[0;36m(APIServer pid=214609)[0;0m INFO 09-25 05:31:39 [stats.py:837] +------------------+-----------+
[0;36m(APIServer pid=214609)[0;0m INFO 09-25 05:31:39 [stats.py:837] | Field            |     Value |
[0;36m(APIServer pid=214609)[0;0m INFO 09-25 05:31:39 [stats.py:837] +------------------+-----------+
[0;36m(APIServer pid=214609)[0;0m INFO 09-25 05:31:39 [stats.py:837] | e2e_total_ms     | 2,482.689 |
[0;36m(APIServer pid=214609)[0;0m INFO 09-25 05:31:39 [stats.py:837] | e2e_total_tokens |       342 |
[0;36m(APIServer pid=214609)[0;0m INFO 09-25 05:31:39 [stats.py:837] +------------------+-----------+
[0;36m(APIServer pid=214609)[0;0m INFO 09-25 05:31:39 [stats.py:878] [OmniTiming] req=speech-9f370ce7b3656438-9531e64c total=2.48s preprocess=0.00s engine=2.48s stages=[0:2.42s,1:2.48s] transfers=[0->1=0.00ms]
[0;36m(APIServer pid=214609)[0;0m INFO 09-25 05:31:39 [stats.py:920] 
[0;36m(APIServer pid=214609)[0;0m INFO 09-25 05:31:39 [stats.py:920] [StageRequestStats [request_id=speech-9f370ce7b3656438-9531e64c]]
[0;36m(APIServer pid=214609)[0;0m INFO 09-25 05:31:39 [stats.py:920] +---------------------------------+---------------+---------------+
[0;36m(APIServer pid=214609)[0;0m INFO 09-25 05:31:39 [stats.py:920] | Field                           |             0 |             1 |
[0;36m(APIServer pid=214609)[0;0m INFO 09-25 05:31:39 [stats.py:920] +---------------------------------+---------------+---------------+
[0;36m(APIServer pid=214609)[0;0m INFO 09-25 05:31:39 [stats.py:920] | audio_duration_s                |         0.000 |         3.200 |
[0;36m(APIServer pid=214609)[0;0m INFO 09-25 05:31:39 [stats.py:920] | audio_generated_frames          |             0 |        76,800 |
[0;36m(APIServer pid=214609)[0;0m INFO 09-25 05:31:39 [stats.py:920] | audio_sample_rate               |             0 |        24,000 |
[0;36m(APIServer pid=214609)[0;0m INFO 09-25 05:31:39 [stats.py:920] | batch_id                        |         2,613 |         2,694 |
[0;36m(APIServer pid=214609)[0;0m INFO 09-25 05:31:39 [stats.py:920] | batch_size                      |             1 |             1 |
[0;36m(APIServer pid=214609)[0;0m INFO 09-25 05:31:39 [stats.py:920] | inter_output_latencies_ms       |               |               |
[0;36m(APIServer pid=214609)[0;0m INFO 09-25 05:31:39 [stats.py:920] | num_tokens_in                   |           301 |             0 |
[0;36m(APIServer pid=214609)[0;0m INFO 09-25 05:31:39 [stats.py:920] | num_tokens_out                  |            41 |             0 |
[0;36m(APIServer pid=214609)[0;0m INFO 09-25 05:31:39 [stats.py:920] | output_unit_count               |            41 |        76,800 |
[0;36m(APIServer pid=214609)[0;0m INFO 09-25 05:31:39 [stats.py:920] | output_unit_type                |        stream |         audio |
[0;36m(APIServer pid=214609)[0;0m INFO 09-25 05:31:39 [stats.py:920] | serving_time_to_first_output_ms |     2,422.185 |     2,482.256 |
[0;36m(APIServer pid=214609)[0;0m INFO 09-25 05:31:39 [stats.py:920] | stage_gen_time_ms               |     2,420.765 |     2,480.807 |
[0;36m(APIServer pid=214609)[0;0m INFO 09-25 05:31:39 [stats.py:920] | time_per_output_unit_ms         |         0.003 |         0.000 |
[0;36m(APIServer pid=214609)[0;0m INFO 09-25 05:31:39 [stats.py:920] | vllm_itl_ms                     |        50.973 |       669.210 |
[0;36m(APIServer pid=214609)[0;0m INFO 09-25 05:31:39 [stats.py:920] | vllm_itls_ms                    | 50.973 (n=40) | 669.210 (n=2) |
[0;36m(APIServer pid=214609)[0;0m INFO 09-25 05:31:39 [stats.py:920] | vllm_tpot_ms                    |        50.973 |         0.000 |
[0;36m(APIServer pid=214609)[0;0m INFO 09-25 05:31:39 [stats.py:920] | vllm_ttft_ms                    |       380.323 |     1,142.896 |
[0;36m(APIServer pid=214609)[0;0m INFO 09-25 05:31:39 [stats.py:920] +---------------------------------+---------------+---------------+
[0;36m(APIServer pid=214609)[0;0m INFO 09-25 05:31:39 [serving_speech.py:3646] [SpeechE2E] request_id=speech-9f370ce7b3656438 stream=false status=ok total_ms=2506.95 response_bytes=153644
[0;36m(APIServer pid=214609)[0;0m INFO 09-25 05:31:39 [stats.py:811] 
[0;36m(APIServer pid=214609)[0;0m INFO 09-25 05:31:39 [stats.py:811] [Overall Summary]
[0;36m(APIServer pid=214609)[0;0m INFO 09-25 05:31:39 [stats.py:811] +-----------------------------+-----------+
[0;36m(APIServer pid=214609)[0;0m INFO 09-25 05:31:39 [stats.py:811] | Field                       |     Value |
[0;36m(APIServer pid=214609)[0;0m INFO 09-25 05:31:39 [stats.py:811] +-----------------------------+-----------+
[0;36m(APIServer pid=214609)[0;0m INFO 09-25 05:31:39 [stats.py:811] | e2e_requests                |         1 |
[0;36m(APIServer pid=214609)[0;0m INFO 09-25 05:31:39 [stats.py:811] | e2e_wall_time_ms            | 2,477.576 |
[0;36m(APIServer pid=214609)[0;0m INFO 09-25 05:31:39 [stats.py:811] | e2e_total_tokens            |       401 |
[0;36m(APIServer pid=214609)[0;0m INFO 09-25 05:31:39 [stats.py:811] | e2e_avg_time_per_request_ms | 2,477.576 |
[0;36m(APIServer pid=214609)[0;0m INFO 09-25 05:31:39 [stats.py:811] | e2e_avg_tokens_per_s        |   161.852 |
[0;36m(APIServer pid=214609)[0;0m INFO 09-25 05:31:39 [stats.py:811] | input_preprocess_time_ms    |     0.029 |
[0;36m(APIServer pid=214609)[0;0m INFO 09-25 05:31:39 [stats.py:811] | e2e_stage_0_wall_time_ms    | 2,416.429 |
[0;36m(APIServer pid=214609)[0;0m INFO 09-25 05:31:39 [stats.py:811] | e2e_stage_1_wall_time_ms    | 2,477.425 |
[0;36m(APIServer pid=214609)[0;0m INFO 09-25 05:31:39 [stats.py:811] +-----------------------------+-----------+
[0;36m(APIServer pid=214609)[0;0m INFO 09-25 05:31:39 [stats.py:837] 
[0;36m(APIServer pid=214609)[0;0m INFO 09-25 05:31:39 [stats.py:837] [RequestE2EStats [request_id=speech-80987dd8adb6775a-ab1880ac]]
[0;36m(APIServer pid=214609)[0;0m INFO 09-25 05:31:39 [stats.py:837] +------------------+-----------+
[0;36m(APIServer pid=214609)[0;0m INFO 09-25 05:31:39 [stats.py:837] | Field            |     Value |
[0;36m(APIServer pid=214609)[0;0m INFO 09-25 05:31:39 [stats.py:837] +------------------+-----------+
[0;36m(APIServer pid=214609)[0;0m INFO 09-25 05:31:39 [stats.py:837] | e2e_total_ms     | 2,477.503 |
[0;36m(APIServer pid=214609)[0;0m INFO 09-25 05:31:39 [stats.py:837] | e2e_total_tokens |       401 |
[0;36m(APIServer pid=214609)[0;0m INFO 09-25 05:31:39 [stats.py:837] +------------------+-----------+
[0;36m(APIServer pid=214609)[0;0m INFO 09-25 05:31:39 [stats.py:878] [OmniTiming] req=speech-80987dd8adb6775a-ab1880ac total=2.48s preprocess=0.00s engine=2.48s stages=[0:2.42s,1:2.48s] transfers=[0->1=0.00ms]
[0;36m(APIServer pid=214609)[0;0m INFO 09-25 05:31:39 [stats.py:920] 
[0;36m(APIServer pid=214609)[0;0m INFO 09-25 05:31:39 [stats.py:920] [StageRequestStats [request_id=speech-80987dd8adb6775a-ab1880ac]]
[0;36m(APIServer pid=214609)[0;0m INFO 09-25 05:31:39 [stats.py:920] +---------------------------------+---------------+---------------+
[0;36m(APIServer pid=214609)[0;0m INFO 09-25 05:31:39 [stats.py:920] | Field                           |             0 |             1 |
[0;36m(APIServer pid=214609)[0;0m INFO 09-25 05:31:39 [stats.py:920] +---------------------------------+---------------+---------------+
[0;36m(APIServer pid=214609)[0;0m INFO 09-25 05:31:39 [stats.py:920] | audio_duration_s                |         0.000 |         3.200 |
[0;36m(APIServer pid=214609)[0;0m INFO 09-25 05:31:39 [stats.py:920] | audio_generated_frames          |             0 |        76,800 |
[0;36m(APIServer pid=214609)[0;0m INFO 09-25 05:31:39 [stats.py:920] | audio_sample_rate               |             0 |        24,000 |
[0;36m(APIServer pid=214609)[0;0m INFO 09-25 05:31:39 [stats.py:920] | batch_id                        |         2,614 |         2,695 |
[0;36m(APIServer pid=214609)[0;0m INFO 09-25 05:31:39 [stats.py:920] | batch_size                      |             1 |             1 |
[0;36m(APIServer pid=214609)[0;0m INFO 09-25 05:31:39 [stats.py:920] | inter_output_latencies_ms       |               |               |
[0;36m(APIServer pid=214609)[0;0m INFO 09-25 05:31:39 [stats.py:920] | num_tokens_in                   |           360 |             0 |
[0;36m(APIServer pid=214609)[0;0m INFO 09-25 05:31:39 [stats.py:920] | num_tokens_out                  |            41 |             0 |
[0;36m(APIServer pid=214609)[0;0m INFO 09-25 05:31:39 [stats.py:920] | output_unit_count               |            41 |        76,800 |
[0;36m(APIServer pid=214609)[0;0m INFO 09-25 05:31:39 [stats.py:920] | output_unit_type                |        stream |         audio |
[0;36m(APIServer pid=214609)[0;0m INFO 09-25 05:31:39 [stats.py:920] | serving_time_to_first_output_ms |     2,415.202 |     2,475.273 |
[0;36m(APIServer pid=214609)[0;0m INFO 09-25 05:31:39 [stats.py:920] | stage_gen_time_ms               |     2,415.224 |     2,475.301 |
[0;36m(APIServer pid=214609)[0;0m INFO 09-25 05:31:39 [stats.py:920] | time_per_output_unit_ms         |         0.004 |         0.000 |
[0;36m(APIServer pid=214609)[0;0m INFO 09-25 05:31:39 [stats.py:920] | vllm_itl_ms                     |        50.973 |       669.210 |
[0;36m(APIServer pid=214609)[0;0m INFO 09-25 05:31:39 [stats.py:920] | vllm_itls_ms                    | 50.973 (n=40) | 669.210 (n=2) |
[0;36m(APIServer pid=214609)[0;0m INFO 09-25 05:31:39 [stats.py:920] | vllm_tpot_ms                    |        50.973 |         0.000 |
[0;36m(APIServer pid=214609)[0;0m INFO 09-25 05:31:39 [stats.py:920] | vllm_ttft_ms                    |       373.340 |     1,137.306 |
[0;36m(APIServer pid=214609)[0;0m INFO 09-25 05:31:39 [stats.py:920] +---------------------------------+---------------+---------------+
[0;36m(APIServer pid=214609)[0;0m INFO 09-25 05:31:39 [serving_speech.py:3646] [SpeechE2E] request_id=speech-80987dd8adb6775a stream=false status=ok total_ms=2498.86 response_bytes=153644
[0;36m(APIServer pid=214609)[0;0m INFO:     127.0.0.1:34952 - "POST /v1/audio/speech HTTP/1.1" 200 OK
[0;36m(APIServer pid=214609)[0;0m INFO:     127.0.0.1:34958 - "POST /v1/audio/speech HTTP/1.1" 200 OK
[0;36m(APIServer pid=214609)[0;0m INFO 09-25 05:31:39 [serving_speech.py:3070] TTS speech request speech-b5c7a7ab79abd3c5: model=Base
[0;36m(APIServer pid=214609)[0;0m INFO 09-25 05:31:39 [serving_speech.py:3100] Applied extra_params: {'temperature': 0.9, 'top_k': 50}
[0;36m(APIServer pid=214609)[0;0m INFO 09-25 05:31:39 [serving_speech.py:3070] TTS speech request speech-8e6cf57a9173fe0a: model=Base
[0;36m(APIServer pid=214609)[0;0m INFO 09-25 05:31:39 [serving_speech.py:3100] Applied extra_params: {'temperature': 0.9, 'top_k': 50}
[0;36m(APIServer pid=214609)[0;0m INFO 09-25 05:31:39 [stats.py:811] 
[0;36m(APIServer pid=214609)[0;0m INFO 09-25 05:31:39 [stats.py:811] [Overall Summary]
[0;36m(APIServer pid=214609)[0;0m INFO 09-25 05:31:39 [stats.py:811] +-----------------------------+-----------+
[0;36m(APIServer pid=214609)[0;0m INFO 09-25 05:31:39 [stats.py:811] | Field                       |     Value |
[0;36m(APIServer pid=214609)[0;0m INFO 09-25 05:31:39 [stats.py:811] +-----------------------------+-----------+
[0;36m(APIServer pid=214609)[0;0m INFO 09-25 05:31:39 [stats.py:811] | e2e_requests                |         1 |
[0;36m(APIServer pid=214609)[0;0m INFO 09-25 05:31:39 [stats.py:811] | e2e_wall_time_ms            | 2,923.479 |
[0;36m(APIServer pid=214609)[0;0m INFO 09-25 05:31:39 [stats.py:811] | e2e_total_tokens            |       408 |
[0;36m(APIServer pid=214609)[0;0m INFO 09-25 05:31:39 [stats.py:811] | e2e_avg_time_per_request_ms | 2,923.479 |
[0;36m(APIServer pid=214609)[0;0m INFO 09-25 05:31:39 [stats.py:811] | e2e_avg_tokens_per_s        |   139.560 |
[0;36m(APIServer pid=214609)[0;0m INFO 09-25 05:31:39 [stats.py:811] | input_preprocess_time_ms    |     0.040 |
[0;36m(APIServer pid=214609)[0;0m INFO 09-25 05:31:39 [stats.py:811] | e2e_stage_0_wall_time_ms    | 2,762.684 |
[0;36m(APIServer pid=214609)[0;0m INFO 09-25 05:31:39 [stats.py:811] | e2e_stage_1_wall_time_ms    | 2,921.233 |
[0;36m(APIServer pid=214609)[0;0m INFO 09-25 05:31:39 [stats.py:811] +-----------------------------+-----------+
[0;36m(APIServer pid=214609)[0;0m INFO 09-25 05:31:39 [stats.py:837] 
[0;36m(APIServer pid=214609)[0;0m INFO 09-25 05:31:39 [stats.py:837] [RequestE2EStats [request_id=speech-94c8b44812a3cdf7-9ced274f]]
[0;36m(APIServer pid=214609)[0;0m INFO 09-25 05:31:39 [stats.py:837] +------------------+-----------+
[0;36m(APIServer pid=214609)[0;0m INFO 09-25 05:31:39 [stats.py:837] | Field            |     Value |
[0;36m(APIServer pid=214609)[0;0m INFO 09-25 05:31:39 [stats.py:837] +------------------+-----------+
[0;36m(APIServer pid=214609)[0;0m INFO 09-25 05:31:39 [stats.py:837] | e2e_total_ms     | 2,923.385 |
[0;36m(APIServer pid=214609)[0;0m INFO 09-25 05:31:39 [stats.py:837] | e2e_total_tokens |       408 |
[0;36m(APIServer pid=214609)[0;0m INFO 09-25 05:31:39 [stats.py:837] +------------------+-----------+
[0;36m(APIServer pid=214609)[0;0m INFO 09-25 05:31:39 [stats.py:878] [OmniTiming] req=speech-94c8b44812a3cdf7-9ced274f total=2.92s preprocess=0.00s engine=2.92s stages=[0:2.76s,1:2.92s] transfers=[0->1=0.00ms]
[0;36m(APIServer pid=214609)[0;0m INFO 09-25 05:31:39 [stats.py:920] 
[0;36m(APIServer pid=214609)[0;0m INFO 09-25 05:31:39 [stats.py:920] [StageRequestStats [request_id=speech-94c8b44812a3cdf7-9ced274f]]
[0;36m(APIServer pid=214609)[0;0m INFO 09-25 05:31:39 [stats.py:920] +---------------------------------+---------------+---------------+
[0;36m(APIServer pid=214609)[0;0m INFO 09-25 05:31:39 [stats.py:920] | Field                           |             0 |             1 |
[0;36m(APIServer pid=214609)[0;0m INFO 09-25 05:31:39 [stats.py:920] +---------------------------------+---------------+---------------+
[0;36m(APIServer pid=214609)[0;0m INFO 09-25 05:31:39 [stats.py:920] | audio_duration_s                |         0.000 |         3.760 |
[0;36m(APIServer pid=214609)[0;0m INFO 09-25 05:31:39 [stats.py:920] | audio_generated_frames          |             0 |        90,240 |
[0;36m(APIServer pid=214609)[0;0m INFO 09-25 05:31:39 [stats.py:920] | audio_sample_rate               |             0 |        24,000 |
[0;36m(APIServer pid=214609)[0;0m INFO 09-25 05:31:39 [stats.py:920] | batch_id                        |         2,616 |         2,696 |
[0;36m(APIServer pid=214609)[0;0m INFO 09-25 05:31:39 [stats.py:920] | batch_size                      |             1 |             1 |
[0;36m(APIServer pid=214609)[0;0m INFO 09-25 05:31:39 [stats.py:920] | inter_output_latencies_ms       |               |               |
[0;36m(APIServer pid=214609)[0;0m INFO 09-25 05:31:39 [stats.py:920] | num_tokens_in                   |           360 |             0 |
[0;36m(APIServer pid=214609)[0;0m INFO 09-25 05:31:39 [stats.py:920] | num_tokens_out                  |            48 |             0 |
[0;36m(APIServer pid=214609)[0;0m INFO 09-25 05:31:39 [stats.py:920] | output_unit_count               |            48 |        90,240 |
[0;36m(APIServer pid=214609)[0;0m INFO 09-25 05:31:39 [stats.py:920] | output_unit_type                |        stream |         audio |
[0;36m(APIServer pid=214609)[0;0m INFO 09-25 05:31:39 [stats.py:920] | serving_time_to_first_output_ms |     2,762.067 |     2,923.099 |
[0;36m(APIServer pid=214609)[0;0m INFO 09-25 05:31:39 [stats.py:920] | stage_gen_time_ms               |     2,761.606 |     2,920.964 |
[0;36m(APIServer pid=214609)[0;0m INFO 09-25 05:31:39 [stats.py:920] | time_per_output_unit_ms         |         0.002 |         0.000 |
[0;36m(APIServer pid=214609)[0;0m INFO 09-25 05:31:39 [stats.py:920] | vllm_itl_ms                     |        54.911 |       876.214 |
[0;36m(APIServer pid=214609)[0;0m INFO 09-25 05:31:39 [stats.py:920] | vllm_itls_ms                    | 54.911 (n=47) | 876.214 (n=2) |
[0;36m(APIServer pid=214609)[0;0m INFO 09-25 05:31:39 [stats.py:920] | vllm_tpot_ms                    |        54.911 |         0.000 |
[0;36m(APIServer pid=214609)[0;0m INFO 09-25 05:31:39 [stats.py:920] | vllm_ttft_ms                    |       181.441 |     1,170.058 |
[0;36m(APIServer pid=214609)[0;0m INFO 09-25 05:31:39 [stats.py:920] +---------------------------------+---------------+---------------+
[0;36m(APIServer pid=214609)[0;0m INFO 09-25 05:31:39 [serving_speech.py:3646] [SpeechE2E] request_id=speech-94c8b44812a3cdf7 stream=false status=ok total_ms=2946.95 response_bytes=180524
[0;36m(APIServer pid=214609)[0;0m INFO 09-25 05:31:39 [stats.py:811] 
[0;36m(APIServer pid=214609)[0;0m INFO 09-25 05:31:39 [stats.py:811] [Overall Summary]
[0;36m(APIServer pid=214609)[0;0m INFO 09-25 05:31:39 [stats.py:811] +-----------------------------+-----------+
[0;36m(APIServer pid=214609)[0;0m INFO 09-25 05:31:39 [stats.py:811] | Field                       |     Value |
[0;36m(APIServer pid=214609)[0;0m INFO 09-25 05:31:39 [stats.py:811] +-----------------------------+-----------+
[0;36m(APIServer pid=214609)[0;0m INFO 09-25 05:31:39 [stats.py:811] | e2e_requests                |         1 |
[0;36m(APIServer pid=214609)[0;0m INFO 09-25 05:31:39 [stats.py:811] | e2e_wall_time_ms            | 2,963.800 |
[0;36m(APIServer pid=214609)[0;0m INFO 09-25 05:31:39 [stats.py:811] | e2e_total_tokens            |       352 |
[0;36m(APIServer pid=214609)[0;0m INFO 09-25 05:31:39 [stats.py:811] | e2e_avg_time_per_request_ms | 2,963.800 |
[0;36m(APIServer pid=214609)[0;0m INFO 09-25 05:31:39 [stats.py:811] | e2e_avg_tokens_per_s        |   118.766 |
[0;36m(APIServer pid=214609)[0;0m INFO 09-25 05:31:39 [stats.py:811] | input_preprocess_time_ms    |     0.058 |
[0;36m(APIServer pid=214609)[0;0m INFO 09-25 05:31:39 [stats.py:811] | e2e_stage_0_wall_time_ms    | 2,801.026 |
[0;36m(APIServer pid=214609)[0;0m INFO 09-25 05:31:39 [stats.py:811] | e2e_stage_1_wall_time_ms    | 2,963.459 |
[0;36m(APIServer pid=214609)[0;0m INFO 09-25 05:31:39 [stats.py:811] +-----------------------------+-----------+
[0;36m(APIServer pid=214609)[0;0m INFO 09-25 05:31:39 [stats.py:837] 
[0;36m(APIServer pid=214609)[0;0m INFO 09-25 05:31:39 [stats.py:837] [RequestE2EStats [request_id=speech-bab7c618ebbbdf74-b99db8f0]]
[0;36m(APIServer pid=214609)[0;0m INFO 09-25 05:31:39 [stats.py:837] +------------------+-----------+
[0;36m(APIServer pid=214609)[0;0m INFO 09-25 05:31:39 [stats.py:837] | Field            |     Value |
[0;36m(APIServer pid=214609)[0;0m INFO 09-25 05:31:39 [stats.py:837] +------------------+-----------+
[0;36m(APIServer pid=214609)[0;0m INFO 09-25 05:31:39 [stats.py:837] | e2e_total_ms     | 2,963.670 |
[0;36m(APIServer pid=214609)[0;0m INFO 09-25 05:31:39 [stats.py:837] | e2e_total_tokens |       352 |
[0;36m(APIServer pid=214609)[0;0m INFO 09-25 05:31:39 [stats.py:837] +------------------+-----------+
[0;36m(APIServer pid=214609)[0;0m INFO 09-25 05:31:39 [stats.py:878] [OmniTiming] req=speech-bab7c618ebbbdf74-b99db8f0 total=2.96s preprocess=0.00s engine=2.96s stages=[0:2.80s,1:2.96s] transfers=[0->1=0.00ms]
[0;36m(APIServer pid=214609)[0;0m INFO 09-25 05:31:39 [stats.py:920] 
[0;36m(APIServer pid=214609)[0;0m INFO 09-25 05:31:39 [stats.py:920] [StageRequestStats [request_id=speech-bab7c618ebbbdf74-b99db8f0]]
[0;36m(APIServer pid=214609)[0;0m INFO 09-25 05:31:39 [stats.py:920] +---------------------------------+---------------+-----------------+
[0;36m(APIServer pid=214609)[0;0m INFO 09-25 05:31:39 [stats.py:920] | Field                           |             0 |               1 |
[0;36m(APIServer pid=214609)[0;0m INFO 09-25 05:31:39 [stats.py:920] +---------------------------------+---------------+-----------------+
[0;36m(APIServer pid=214609)[0;0m INFO 09-25 05:31:39 [stats.py:920] | audio_duration_s                |         0.000 |           4.000 |
[0;36m(APIServer pid=214609)[0;0m INFO 09-25 05:31:39 [stats.py:920] | audio_generated_frames          |             0 |          96,000 |
[0;36m(APIServer pid=214609)[0;0m INFO 09-25 05:31:39 [stats.py:920] | audio_sample_rate               |             0 |          24,000 |
[0;36m(APIServer pid=214609)[0;0m INFO 09-25 05:31:39 [stats.py:920] | batch_id                        |         2,615 |           2,697 |
[0;36m(APIServer pid=214609)[0;0m INFO 09-25 05:31:39 [stats.py:920] | batch_size                      |             1 |               1 |
[0;36m(APIServer pid=214609)[0;0m INFO 09-25 05:31:39 [stats.py:920] | inter_output_latencies_ms       |               |                 |
[0;36m(APIServer pid=214609)[0;0m INFO 09-25 05:31:39 [stats.py:920] | num_tokens_in                   |           301 |               0 |
[0;36m(APIServer pid=214609)[0;0m INFO 09-25 05:31:39 [stats.py:920] | num_tokens_out                  |            51 |               0 |
[0;36m(APIServer pid=214609)[0;0m INFO 09-25 05:31:39 [stats.py:920] | output_unit_count               |            51 |          96,000 |
[0;36m(APIServer pid=214609)[0;0m INFO 09-25 05:31:39 [stats.py:920] | output_unit_type                |        stream |           audio |
[0;36m(APIServer pid=214609)[0;0m INFO 09-25 05:31:39 [stats.py:920] | serving_time_to_first_output_ms |     2,800.467 |       2,961.499 |
[0;36m(APIServer pid=214609)[0;0m INFO 09-25 05:31:39 [stats.py:920] | stage_gen_time_ms               |     2,800.305 |       2,961.335 |
[0;36m(APIServer pid=214609)[0;0m INFO 09-25 05:31:39 [stats.py:920] | time_per_output_unit_ms         |         0.001 |           0.000 |
[0;36m(APIServer pid=214609)[0;0m INFO 09-25 05:31:39 [stats.py:920] | vllm_itl_ms                     |        55.431 |       1,423.203 |
[0;36m(APIServer pid=214609)[0;0m INFO 09-25 05:31:39 [stats.py:920] | vllm_itls_ms                    | 55.431 (n=50) | 1,423.203 (n=2) |
[0;36m(APIServer pid=214609)[0;0m INFO 09-25 05:31:39 [stats.py:920] | vllm_tpot_ms                    |        55.431 |           0.000 |
[0;36m(APIServer pid=214609)[0;0m INFO 09-25 05:31:39 [stats.py:920] | vllm_ttft_ms                    |        29.793 |         114.059 |
[0;36m(APIServer pid=214609)[0;0m INFO 09-25 05:31:39 [stats.py:920] +---------------------------------+---------------+-----------------+
[0;36m(APIServer pid=214609)[0;0m INFO 09-25 05:31:39 [serving_speech.py:3646] [SpeechE2E] request_id=speech-bab7c618ebbbdf74 stream=false status=ok total_ms=2969.30 response_bytes=192044
[0;36m(APIServer pid=214609)[0;0m INFO:     127.0.0.1:34862 - "POST /v1/audio/speech HTTP/1.1" 200 OK
[0;36m(APIServer pid=214609)[0;0m INFO:     127.0.0.1:42928 - "POST /v1/audio/speech HTTP/1.1" 200 OK
[0;36m(APIServer pid=214609)[0;0m INFO 09-25 05:31:39 [serving_speech.py:3070] TTS speech request speech-9e6fcad6ce2451fe: model=Base
[0;36m(APIServer pid=214609)[0;0m INFO 09-25 05:31:39 [serving_speech.py:3100] Applied extra_params: {'temperature': 0.9, 'top_k': 50}
[0;36m(APIServer pid=214609)[0;0m INFO 09-25 05:31:39 [serving_speech.py:3070] TTS speech request speech-bf201cd6650e4379: model=Base
[0;36m(APIServer pid=214609)[0;0m INFO 09-25 05:31:39 [serving_speech.py:3100] Applied extra_params: {'temperature': 0.9, 'top_k': 50}
[0;36m(APIServer pid=214609)[0;0m INFO 09-25 05:31:39 [stats.py:811] 
[0;36m(APIServer pid=214609)[0;0m INFO 09-25 05:31:39 [stats.py:811] [Overall Summary]
[0;36m(APIServer pid=214609)[0;0m INFO 09-25 05:31:39 [stats.py:811] +-----------------------------+-----------+
[0;36m(APIServer pid=214609)[0;0m INFO 09-25 05:31:39 [stats.py:811] | Field                       |     Value |
[0;36m(APIServer pid=214609)[0;0m INFO 09-25 05:31:39 [stats.py:811] +-----------------------------+-----------+
[0;36m(APIServer pid=214609)[0;0m INFO 09-25 05:31:39 [stats.py:811] | e2e_requests                |         1 |
[0;36m(APIServer pid=214609)[0;0m INFO 09-25 05:31:39 [stats.py:811] | e2e_wall_time_ms            | 2,964.220 |
[0;36m(APIServer pid=214609)[0;0m INFO 09-25 05:31:39 [stats.py:811] | e2e_total_tokens            |       350 |
[0;36m(APIServer pid=214609)[0;0m INFO 09-25 05:31:39 [stats.py:811] | e2e_avg_time_per_request_ms | 2,964.220 |
[0;36m(APIServer pid=214609)[0;0m INFO 09-25 05:31:39 [stats.py:811] | e2e_avg_tokens_per_s        |   118.075 |
[0;36m(APIServer pid=214609)[0;0m INFO 09-25 05:31:39 [stats.py:811] | input_preprocess_time_ms    |     0.035 |
[0;36m(APIServer pid=214609)[0;0m INFO 09-25 05:31:39 [stats.py:811] | e2e_stage_0_wall_time_ms    | 2,863.616 |
[0;36m(APIServer pid=214609)[0;0m INFO 09-25 05:31:39 [stats.py:811] | e2e_stage_1_wall_time_ms    | 2,964.055 |
[0;36m(APIServer pid=214609)[0;0m INFO 09-25 05:31:39 [stats.py:811] +-----------------------------+-----------+
[0;36m(APIServer pid=214609)[0;0m INFO 09-25 05:31:39 [stats.py:837] 
[0;36m(APIServer pid=214609)[0;0m INFO 09-25 05:31:39 [stats.py:837] [RequestE2EStats [request_id=speech-90bcca43ae1114d9-a29dd36f]]
[0;36m(APIServer pid=214609)[0;0m INFO 09-25 05:31:39 [stats.py:837] +------------------+-----------+
[0;36m(APIServer pid=214609)[0;0m INFO 09-25 05:31:39 [stats.py:837] | Field            |     Value |
[0;36m(APIServer pid=214609)[0;0m INFO 09-25 05:31:39 [stats.py:837] +------------------+-----------+
[0;36m(APIServer pid=214609)[0;0m INFO 09-25 05:31:39 [stats.py:837] | e2e_total_ms     | 2,964.138 |
[0;36m(APIServer pid=214609)[0;0m INFO 09-25 05:31:39 [stats.py:837] | e2e_total_tokens |       350 |
[0;36m(APIServer pid=214609)[0;0m INFO 09-25 05:31:39 [stats.py:837] +------------------+-----------+
[0;36m(APIServer pid=214609)[0;0m INFO 09-25 05:31:39 [stats.py:878] [OmniTiming] req=speech-90bcca43ae1114d9-a29dd36f total=2.96s preprocess=0.00s engine=2.96s stages=[0:2.86s,1:2.96s] transfers=[0->1=0.00ms]
[0;36m(APIServer pid=214609)[0;0m INFO 09-25 05:31:39 [stats.py:920] 
[0;36m(APIServer pid=214609)[0;0m INFO 09-25 05:31:39 [stats.py:920] [StageRequestStats [request_id=speech-90bcca43ae1114d9-a29dd36f]]
[0;36m(APIServer pid=214609)[0;0m INFO 09-25 05:31:39 [stats.py:920] +---------------------------------+---------------+---------------+
[0;36m(APIServer pid=214609)[0;0m INFO 09-25 05:31:39 [stats.py:920] | Field                           |             0 |             1 |
[0;36m(APIServer pid=214609)[0;0m INFO 09-25 05:31:39 [stats.py:920] +---------------------------------+---------------+---------------+
[0;36m(APIServer pid=214609)[0;0m INFO 09-25 05:31:39 [stats.py:920] | audio_duration_s                |         0.000 |         3.840 |
[0;36m(APIServer pid=214609)[0;0m INFO 09-25 05:31:39 [stats.py:920] | audio_generated_frames          |             0 |        92,160 |
[0;36m(APIServer pid=214609)[0;0m INFO 09-25 05:31:39 [stats.py:920] | audio_sample_rate               |             0 |        24,000 |
[0;36m(APIServer pid=214609)[0;0m INFO 09-25 05:31:39 [stats.py:920] | batch_id                        |         2,617 |         2,698 |
[0;36m(APIServer pid=214609)[0;0m INFO 09-25 05:31:39 [stats.py:920] | batch_size                      |             1 |             1 |
[0;36m(APIServer pid=214609)[0;0m INFO 09-25 05:31:39 [stats.py:920] | inter_output_latencies_ms       |               |               |
[0;36m(APIServer pid=214609)[0;0m INFO 09-25 05:31:39 [stats.py:920] | num_tokens_in                   |           301 |             0 |
[0;36m(APIServer pid=214609)[0;0m INFO 09-25 05:31:39 [stats.py:920] | num_tokens_out                  |            49 |             0 |
[0;36m(APIServer pid=214609)[0;0m INFO 09-25 05:31:39 [stats.py:920] | output_unit_count               |            49 |        92,160 |
[0;36m(APIServer pid=214609)[0;0m INFO 09-25 05:31:39 [stats.py:920] | output_unit_type                |        stream |         audio |
[0;36m(APIServer pid=214609)[0;0m INFO 09-25 05:31:39 [stats.py:920] | serving_time_to_first_output_ms |     2,863.187 |     2,963.476 |
[0;36m(APIServer pid=214609)[0;0m INFO 09-25 05:31:39 [stats.py:920] | stage_gen_time_ms               |     2,863.105 |     2,963.400 |
[0;36m(APIServer pid=214609)[0;0m INFO 09-25 05:31:39 [stats.py:920] | time_per_output_unit_ms         |         0.001 |         0.000 |
[0;36m(APIServer pid=214609)[0;0m INFO 09-25 05:31:39 [stats.py:920] | vllm_itl_ms                     |        51.698 |       909.250 |
[0;36m(APIServer pid=214609)[0;0m INFO 09-25 05:31:39 [stats.py:920] | vllm_itls_ms                    | 51.698 (n=48) | 909.250 (n=2) |
[0;36m(APIServer pid=214609)[0;0m INFO 09-25 05:31:39 [stats.py:920] | vllm_tpot_ms                    |        51.698 |         0.000 |
[0;36m(APIServer pid=214609)[0;0m INFO 09-25 05:31:39 [stats.py:920] | vllm_ttft_ms                    |       382.546 |     1,146.516 |
[0;36m(APIServer pid=214609)[0;0m INFO 09-25 05:31:39 [stats.py:920] +---------------------------------+---------------+---------------+
[0;36m(APIServer pid=214609)[0;0m INFO 09-25 05:31:39 [serving_speech.py:3646] [SpeechE2E] request_id=speech-90bcca43ae1114d9 stream=false status=ok total_ms=2986.73 response_bytes=184364
[0;36m(APIServer pid=214609)[0;0m INFO:     127.0.0.1:34934 - "POST /v1/audio/speech HTTP/1.1" 200 OK
[0;36m(APIServer pid=214609)[0;0m INFO 09-25 05:31:39 [serving_speech.py:3070] TTS speech request speech-ade2e2daffb3c57c: model=Base
[0;36m(APIServer pid=214609)[0;0m INFO 09-25 05:31:39 [serving_speech.py:3100] Applied extra_params: {'temperature': 0.9, 'top_k': 50}
[0;36m(APIServer pid=214609)[0;0m INFO 09-25 05:31:40 [stats.py:811] 
[0;36m(APIServer pid=214609)[0;0m INFO 09-25 05:31:40 [stats.py:811] [Overall Summary]
[0;36m(APIServer pid=214609)[0;0m INFO 09-25 05:31:40 [stats.py:811] +-----------------------------+-----------+
[0;36m(APIServer pid=214609)[0;0m INFO 09-25 05:31:40 [stats.py:811] | Field                       |     Value |
[0;36m(APIServer pid=214609)[0;0m INFO 09-25 05:31:40 [stats.py:811] +-----------------------------+-----------+
[0;36m(APIServer pid=214609)[0;0m INFO 09-25 05:31:40 [stats.py:811] | e2e_requests                |         1 |
[0;36m(APIServer pid=214609)[0;0m INFO 09-25 05:31:40 [stats.py:811] | e2e_wall_time_ms            | 3,495.659 |
[0;36m(APIServer pid=214609)[0;0m INFO 09-25 05:31:40 [stats.py:811] | e2e_total_tokens            |       414 |
[0;36m(APIServer pid=214609)[0;0m INFO 09-25 05:31:40 [stats.py:811] | e2e_avg_time_per_request_ms | 3,495.659 |
[0;36m(APIServer pid=214609)[0;0m INFO 09-25 05:31:40 [stats.py:811] | e2e_avg_tokens_per_s        |   118.433 |
[0;36m(APIServer pid=214609)[0;0m INFO 09-25 05:31:40 [stats.py:811] | input_preprocess_time_ms    |     0.050 |
[0;36m(APIServer pid=214609)[0;0m INFO 09-25 05:31:40 [stats.py:811] | e2e_stage_0_wall_time_ms    | 3,225.152 |
[0;36m(APIServer pid=214609)[0;0m INFO 09-25 05:31:40 [stats.py:811] | e2e_stage_1_wall_time_ms    | 3,491.854 |
[0;36m(APIServer pid=214609)[0;0m INFO 09-25 05:31:40 [stats.py:811] +-----------------------------+-----------+
[0;36m(APIServer pid=214609)[0;0m INFO 09-25 05:31:40 [stats.py:837] 
[0;36m(APIServer pid=214609)[0;0m INFO 09-25 05:31:40 [stats.py:837] [RequestE2EStats [request_id=speech-b7bdfdff6e1248bf-a86e6f13]]
[0;36m(APIServer pid=214609)[0;0m INFO 09-25 05:31:40 [stats.py:837] +------------------+-----------+
[0;36m(APIServer pid=214609)[0;0m INFO 09-25 05:31:40 [stats.py:837] | Field            |     Value |
[0;36m(APIServer pid=214609)[0;0m INFO 09-25 05:31:40 [stats.py:837] +------------------+-----------+
[0;36m(APIServer pid=214609)[0;0m INFO 09-25 05:31:40 [stats.py:837] | e2e_total_ms     | 3,495.540 |
[0;36m(APIServer pid=214609)[0;0m INFO 09-25 05:31:40 [stats.py:837] | e2e_total_tokens |       414 |
[0;36m(APIServer pid=214609)[0;0m INFO 09-25 05:31:40 [stats.py:837] +------------------+-----------+
[0;36m(APIServer pid=214609)[0;0m INFO 09-25 05:31:40 [stats.py:878] [OmniTiming] req=speech-b7bdfdff6e1248bf-a86e6f13 total=3.50s preprocess=0.00s engine=3.50s stages=[0:3.22s,1:3.49s] transfers=[0->1=0.00ms]
[0;36m(APIServer pid=214609)[0;0m INFO 09-25 05:31:40 [stats.py:920] 
[0;36m(APIServer pid=214609)[0;0m INFO 09-25 05:31:40 [stats.py:920] [StageRequestStats [request_id=speech-b7bdfdff6e1248bf-a86e6f13]]
[0;36m(APIServer pid=214609)[0;0m INFO 09-25 05:31:40 [stats.py:920] +---------------------------------+---------------+---------------+
[0;36m(APIServer pid=214609)[0;0m INFO 09-25 05:31:40 [stats.py:920] | Field                           |             0 |             1 |
[0;36m(APIServer pid=214609)[0;0m INFO 09-25 05:31:40 [stats.py:920] +---------------------------------+---------------+---------------+
[0;36m(APIServer pid=214609)[0;0m INFO 09-25 05:31:40 [stats.py:920] | audio_duration_s                |         0.000 |         4.240 |
[0;36m(APIServer pid=214609)[0;0m INFO 09-25 05:31:40 [stats.py:920] | audio_generated_frames          |             0 |       101,760 |
[0;36m(APIServer pid=214609)[0;0m INFO 09-25 05:31:40 [stats.py:920] | audio_sample_rate               |             0 |        24,000 |
[0;36m(APIServer pid=214609)[0;0m INFO 09-25 05:31:40 [stats.py:920] | batch_id                        |         2,618 |         2,699 |
[0;36m(APIServer pid=214609)[0;0m INFO 09-25 05:31:40 [stats.py:920] | batch_size                      |             1 |             1 |
[0;36m(APIServer pid=214609)[0;0m INFO 09-25 05:31:40 [stats.py:920] | inter_output_latencies_ms       |               |               |
[0;36m(APIServer pid=214609)[0;0m INFO 09-25 05:31:40 [stats.py:920] | num_tokens_in                   |           360 |             0 |
[0;36m(APIServer pid=214609)[0;0m INFO 09-25 05:31:40 [stats.py:920] | num_tokens_out                  |            54 |             0 |
[0;36m(APIServer pid=214609)[0;0m INFO 09-25 05:31:40 [stats.py:920] | output_unit_count               |            54 |       101,760 |
[0;36m(APIServer pid=214609)[0;0m INFO 09-25 05:31:40 [stats.py:920] | output_unit_type                |        stream |         audio |
[0;36m(APIServer pid=214609)[0;0m INFO 09-25 05:31:40 [stats.py:920] | serving_time_to_first_output_ms |     3,225.085 |     3,495.103 |
[0;36m(APIServer pid=214609)[0;0m INFO 09-25 05:31:40 [stats.py:920] | stage_gen_time_ms               |     3,222.950 |     3,491.387 |
[0;36m(APIServer pid=214609)[0;0m INFO 09-25 05:31:40 [stats.py:920] | time_per_output_unit_ms         |         0.001 |         0.000 |
[0;36m(APIServer pid=214609)[0;0m INFO 09-25 05:31:40 [stats.py:920] | vllm_itl_ms                     |        53.429 |       779.030 |
[0;36m(APIServer pid=214609)[0;0m INFO 09-25 05:31:40 [stats.py:920] | vllm_itls_ms                    | 53.429 (n=53) | 779.030 (n=3) |
[0;36m(APIServer pid=214609)[0;0m INFO 09-25 05:31:40 [stats.py:920] | vllm_tpot_ms                    |        53.429 |         0.000 |
[0;36m(APIServer pid=214609)[0;0m INFO 09-25 05:31:40 [stats.py:920] | vllm_ttft_ms                    |       394.398 |     1,154.699 |
[0;36m(APIServer pid=214609)[0;0m INFO 09-25 05:31:40 [stats.py:920] +---------------------------------+---------------+---------------+
[0;36m(APIServer pid=214609)[0;0m INFO 09-25 05:31:40 [serving_speech.py:3646] [SpeechE2E] request_id=speech-b7bdfdff6e1248bf stream=false status=ok total_ms=3525.55 response_bytes=203564
[0;36m(APIServer pid=214609)[0;0m INFO:     127.0.0.1:34892 - "POST /v1/audio/speech HTTP/1.1" 200 OK
[0;36m(APIServer pid=214609)[0;0m INFO 09-25 05:31:40 [stats.py:811] 
[0;36m(APIServer pid=214609)[0;0m INFO 09-25 05:31:40 [stats.py:811] [Overall Summary]
[0;36m(APIServer pid=214609)[0;0m INFO 09-25 05:31:40 [stats.py:811] +-----------------------------+-----------+
[0;36m(APIServer pid=214609)[0;0m INFO 09-25 05:31:40 [stats.py:811] | Field                       |     Value |
[0;36m(APIServer pid=214609)[0;0m INFO 09-25 05:31:40 [stats.py:811] +-----------------------------+-----------+
[0;36m(APIServer pid=214609)[0;0m INFO 09-25 05:31:40 [stats.py:811] | e2e_requests                |         1 |
[0;36m(APIServer pid=214609)[0;0m INFO 09-25 05:31:40 [stats.py:811] | e2e_wall_time_ms            | 3,489.491 |
[0;36m(APIServer pid=214609)[0;0m INFO 09-25 05:31:40 [stats.py:811] | e2e_total_tokens            |       415 |
[0;36m(APIServer pid=214609)[0;0m INFO 09-25 05:31:40 [stats.py:811] | e2e_avg_time_per_request_ms | 3,489.491 |
[0;36m(APIServer pid=214609)[0;0m INFO 09-25 05:31:40 [stats.py:811] | e2e_avg_tokens_per_s        |   118.929 |
[0;36m(APIServer pid=214609)[0;0m INFO 09-25 05:31:40 [stats.py:811] | input_preprocess_time_ms    |     0.034 |
[0;36m(APIServer pid=214609)[0;0m INFO 09-25 05:31:40 [stats.py:811] | e2e_stage_0_wall_time_ms    | 3,270.676 |
[0;36m(APIServer pid=214609)[0;0m INFO 09-25 05:31:40 [stats.py:811] | e2e_stage_1_wall_time_ms    | 3,489.301 |
[0;36m(APIServer pid=214609)[0;0m INFO 09-25 05:31:40 [stats.py:811] +-----------------------------+-----------+
[0;36m(APIServer pid=214609)[0;0m INFO 09-25 05:31:40 [stats.py:837] 
[0;36m(APIServer pid=214609)[0;0m INFO 09-25 05:31:40 [stats.py:837] [RequestE2EStats [request_id=speech-b6f70623bfd70b12-a75752fa]]
[0;36m(APIServer pid=214609)[0;0m INFO 09-25 05:31:40 [stats.py:837] +------------------+-----------+
[0;36m(APIServer pid=214609)[0;0m INFO 09-25 05:31:40 [stats.py:837] | Field            |     Value |
[0;36m(APIServer pid=214609)[0;0m INFO 09-25 05:31:40 [stats.py:837] +------------------+-----------+
[0;36m(APIServer pid=214609)[0;0m INFO 09-25 05:31:40 [stats.py:837] | e2e_total_ms     | 3,489.409 |
[0;36m(APIServer pid=214609)[0;0m INFO 09-25 05:31:40 [stats.py:837] | e2e_total_tokens |       415 |
[0;36m(APIServer pid=214609)[0;0m INFO 09-25 05:31:40 [stats.py:837] +------------------+-----------+
[0;36m(APIServer pid=214609)[0;0m INFO 09-25 05:31:40 [stats.py:878] [OmniTiming] req=speech-b6f70623bfd70b12-a75752fa total=3.49s preprocess=0.00s engine=3.49s stages=[0:3.27s,1:3.49s] transfers=[0->1=0.00ms]
[0;36m(APIServer pid=214609)[0;0m INFO 09-25 05:31:40 [stats.py:920] 
[0;36m(APIServer pid=214609)[0;0m INFO 09-25 05:31:40 [stats.py:920] [StageRequestStats [request_id=speech-b6f70623bfd70b12-a75752fa]]
[0;36m(APIServer pid=214609)[0;0m INFO 09-25 05:31:40 [stats.py:920] +---------------------------------+---------------+---------------+
[0;36m(APIServer pid=214609)[0;0m INFO 09-25 05:31:40 [stats.py:920] | Field                           |             0 |             1 |
[0;36m(APIServer pid=214609)[0;0m INFO 09-25 05:31:40 [stats.py:920] +---------------------------------+---------------+---------------+
[0;36m(APIServer pid=214609)[0;0m INFO 09-25 05:31:40 [stats.py:920] | audio_duration_s                |         0.000 |         4.320 |
[0;36m(APIServer pid=214609)[0;0m INFO 09-25 05:31:40 [stats.py:920] | audio_generated_frames          |             0 |       103,680 |
[0;36m(APIServer pid=214609)[0;0m INFO 09-25 05:31:40 [stats.py:920] | audio_sample_rate               |             0 |        24,000 |
[0;36m(APIServer pid=214609)[0;0m INFO 09-25 05:31:40 [stats.py:920] | batch_id                        |         2,619 |         2,700 |
[0;36m(APIServer pid=214609)[0;0m INFO 09-25 05:31:40 [stats.py:920] | batch_size                      |             1 |             1 |
[0;36m(APIServer pid=214609)[0;0m INFO 09-25 05:31:40 [stats.py:920] | inter_output_latencies_ms       |               |               |
[0;36m(APIServer pid=214609)[0;0m INFO 09-25 05:31:40 [stats.py:920] | num_tokens_in                   |           360 |             0 |
[0;36m(APIServer pid=214609)[0;0m INFO 09-25 05:31:40 [stats.py:920] | num_tokens_out                  |            55 |             0 |
[0;36m(APIServer pid=214609)[0;0m INFO 09-25 05:31:40 [stats.py:920] | output_unit_count               |            55 |       103,680 |
[0;36m(APIServer pid=214609)[0;0m INFO 09-25 05:31:40 [stats.py:920] | output_unit_type                |        stream |         audio |
[0;36m(APIServer pid=214609)[0;0m INFO 09-25 05:31:40 [stats.py:920] | serving_time_to_first_output_ms |     3,270.272 |     3,487.993 |
[0;36m(APIServer pid=214609)[0;0m INFO 09-25 05:31:40 [stats.py:920] | stage_gen_time_ms               |     3,270.179 |     3,487.906 |
[0;36m(APIServer pid=214609)[0;0m INFO 09-25 05:31:40 [stats.py:920] | time_per_output_unit_ms         |         0.001 |         0.000 |
[0;36m(APIServer pid=214609)[0;0m INFO 09-25 05:31:40 [stats.py:920] | vllm_itl_ms                     |        53.452 |       779.171 |
[0;36m(APIServer pid=214609)[0;0m INFO 09-25 05:31:40 [stats.py:920] | vllm_itls_ms                    | 53.452 (n=54) | 779.171 (n=3) |
[0;36m(APIServer pid=214609)[0;0m INFO 09-25 05:31:40 [stats.py:920] | vllm_tpot_ms                    |        53.452 |         0.000 |
[0;36m(APIServer pid=214609)[0;0m INFO 09-25 05:31:40 [stats.py:920] | vllm_ttft_ms                    |       384.870 |     1,148.799 |
[0;36m(APIServer pid=214609)[0;0m INFO 09-25 05:31:40 [stats.py:920] +---------------------------------+---------------+---------------+
[0;36m(APIServer pid=214609)[0;0m INFO 09-25 05:31:40 [serving_speech.py:3646] [SpeechE2E] request_id=speech-b6f70623bfd70b12 stream=false status=ok total_ms=3509.94 response_bytes=207404
[0;36m(APIServer pid=214609)[0;0m INFO 09-25 05:31:40 [stats.py:811] 
[0;36m(APIServer pid=214609)[0;0m INFO 09-25 05:31:40 [stats.py:811] [Overall Summary]
[0;36m(APIServer pid=214609)[0;0m INFO 09-25 05:31:40 [stats.py:811] +-----------------------------+-----------+
[0;36m(APIServer pid=214609)[0;0m INFO 09-25 05:31:40 [stats.py:811] | Field                       |     Value |
[0;36m(APIServer pid=214609)[0;0m INFO 09-25 05:31:40 [stats.py:811] +-----------------------------+-----------+
[0;36m(APIServer pid=214609)[0;0m INFO 09-25 05:31:40 [stats.py:811] | e2e_requests                |         1 |
[0;36m(APIServer pid=214609)[0;0m INFO 09-25 05:31:40 [stats.py:811] | e2e_wall_time_ms            | 1,405.860 |
[0;36m(APIServer pid=214609)[0;0m INFO 09-25 05:31:40 [stats.py:811] | e2e_total_tokens            |       321 |
[0;36m(APIServer pid=214609)[0;0m INFO 09-25 05:31:40 [stats.py:811] | e2e_avg_time_per_request_ms | 1,405.860 |
[0;36m(APIServer pid=214609)[0;0m INFO 09-25 05:31:40 [stats.py:811] | e2e_avg_tokens_per_s        |   228.330 |
[0;36m(APIServer pid=214609)[0;0m INFO 09-25 05:31:40 [stats.py:811] | input_preprocess_time_ms    |     0.058 |
[0;36m(APIServer pid=214609)[0;0m INFO 09-25 05:31:40 [stats.py:811] | e2e_stage_0_wall_time_ms    | 1,185.279 |
[0;36m(APIServer pid=214609)[0;0m INFO 09-25 05:31:40 [stats.py:811] | e2e_stage_1_wall_time_ms    | 1,405.586 |
[0;36m(APIServer pid=214609)[0;0m INFO 09-25 05:31:40 [stats.py:811] +-----------------------------+-----------+
[0;36m(APIServer pid=214609)[0;0m INFO 09-25 05:31:40 [stats.py:837] 
[0;36m(APIServer pid=214609)[0;0m INFO 09-25 05:31:40 [stats.py:837] [RequestE2EStats [request_id=speech-8146c914049b6db3-a0761e57]]
[0;36m(APIServer pid=214609)[0;0m INFO 09-25 05:31:40 [stats.py:837] +------------------+-----------+
[0;36m(APIServer pid=214609)[0;0m INFO 09-25 05:31:40 [stats.py:837] | Field            |     Value |
[0;36m(APIServer pid=214609)[0;0m INFO 09-25 05:31:40 [stats.py:837] +------------------+-----------+
[0;36m(APIServer pid=214609)[0;0m INFO 09-25 05:31:40 [stats.py:837] | e2e_total_ms     | 1,405.734 |
[0;36m(APIServer pid=214609)[0;0m INFO 09-25 05:31:40 [stats.py:837] | e2e_total_tokens |       321 |
[0;36m(APIServer pid=214609)[0;0m INFO 09-25 05:31:40 [stats.py:837] +------------------+-----------+
[0;36m(APIServer pid=214609)[0;0m INFO 09-25 05:31:40 [stats.py:878] [OmniTiming] req=speech-8146c914049b6db3-a0761e57 total=1.41s preprocess=0.00s engine=1.41s stages=[0:1.18s,1:1.40s] transfers=[0->1=0.00ms]
[0;36m(APIServer pid=214609)[0;0m INFO 09-25 05:31:40 [stats.py:920] 
[0;36m(APIServer pid=214609)[0;0m INFO 09-25 05:31:40 [stats.py:920] [StageRequestStats [request_id=speech-8146c914049b6db3-a0761e57]]
[0;36m(APIServer pid=214609)[0;0m INFO 09-25 05:31:40 [stats.py:920] +---------------------------------+---------------+-----------------+
[0;36m(APIServer pid=214609)[0;0m INFO 09-25 05:31:40 [stats.py:920] | Field                           |             0 |               1 |
[0;36m(APIServer pid=214609)[0;0m INFO 09-25 05:31:40 [stats.py:920] +---------------------------------+---------------+-----------------+
[0;36m(APIServer pid=214609)[0;0m INFO 09-25 05:31:40 [stats.py:920] | audio_duration_s                |         0.000 |           1.520 |
[0;36m(APIServer pid=214609)[0;0m INFO 09-25 05:31:40 [stats.py:920] | audio_generated_frames          |             0 |          36,480 |
[0;36m(APIServer pid=214609)[0;0m INFO 09-25 05:31:40 [stats.py:920] | audio_sample_rate               |             0 |          24,000 |
[0;36m(APIServer pid=214609)[0;0m INFO 09-25 05:31:40 [stats.py:920] | batch_id                        |         2,620 |           2,701 |
[0;36m(APIServer pid=214609)[0;0m INFO 09-25 05:31:40 [stats.py:920] | batch_size                      |             1 |               1 |
[0;36m(APIServer pid=214609)[0;0m INFO 09-25 05:31:40 [stats.py:920] | inter_output_latencies_ms       |               |                 |
[0;36m(APIServer pid=214609)[0;0m INFO 09-25 05:31:40 [stats.py:920] | num_tokens_in                   |           301 |               0 |
[0;36m(APIServer pid=214609)[0;0m INFO 09-25 05:31:40 [stats.py:920] | num_tokens_out                  |            20 |               0 |
[0;36m(APIServer pid=214609)[0;0m INFO 09-25 05:31:40 [stats.py:920] | output_unit_count               |            20 |          36,480 |
[0;36m(APIServer pid=214609)[0;0m INFO 09-25 05:31:40 [stats.py:920] | output_unit_type                |        stream |           audio |
[0;36m(APIServer pid=214609)[0;0m INFO 09-25 05:31:40 [stats.py:920] | serving_time_to_first_output_ms |     1,184.914 |       1,402.635 |
[0;36m(APIServer pid=214609)[0;0m INFO 09-25 05:31:40 [stats.py:920] | stage_gen_time_ms               |     1,184.815 |       1,402.522 |
[0;36m(APIServer pid=214609)[0;0m INFO 09-25 05:31:40 [stats.py:920] | time_per_output_unit_ms         |         0.005 |           0.000 |
[0;36m(APIServer pid=214609)[0;0m INFO 09-25 05:31:40 [stats.py:920] | vllm_itl_ms                     |        56.661 |       1,141.665 |
[0;36m(APIServer pid=214609)[0;0m INFO 09-25 05:31:40 [stats.py:920] | vllm_itls_ms                    | 56.661 (n=19) | 1,141.665 (n=1) |
[0;36m(APIServer pid=214609)[0;0m INFO 09-25 05:31:40 [stats.py:920] | vllm_tpot_ms                    |        56.661 |           0.000 |
[0;36m(APIServer pid=214609)[0;0m INFO 09-25 05:31:40 [stats.py:920] | vllm_ttft_ms                    |       107.107 |         259.701 |
[0;36m(APIServer pid=214609)[0;0m INFO 09-25 05:31:40 [stats.py:920] +---------------------------------+---------------+-----------------+
[0;36m(APIServer pid=214609)[0;0m INFO 09-25 05:31:40 [serving_speech.py:3646] [SpeechE2E] request_id=speech-8146c914049b6db3 stream=false status=ok total_ms=1412.86 response_bytes=73004
[0;36m(APIServer pid=214609)[0;0m INFO:     127.0.0.1:34912 - "POST /v1/audio/speech HTTP/1.1" 200 OK
[0;36m(APIServer pid=214609)[0;0m INFO:     127.0.0.1:34838 - "POST /v1/audio/speech HTTP/1.1" 200 OK
[0;36m(APIServer pid=214609)[0;0m INFO 09-25 05:31:40 [serving_speech.py:3070] TTS speech request speech-8f3019b4921ded01: model=Base
[0;36m(APIServer pid=214609)[0;0m INFO 09-25 05:31:40 [serving_speech.py:3100] Applied extra_params: {'temperature': 0.9, 'top_k': 50}
[0;36m(APIServer pid=214609)[0;0m INFO 09-25 05:31:40 [serving_speech.py:3070] TTS speech request speech-a43447fb67f5295c: model=Base
[0;36m(APIServer pid=214609)[0;0m INFO 09-25 05:31:40 [serving_speech.py:3100] Applied extra_params: {'temperature': 0.9, 'top_k': 50}
[0;36m(APIServer pid=214609)[0;0m INFO 09-25 05:31:40 [serving_speech.py:3070] TTS speech request speech-a29e7fd3512d83f6: model=Base
[0;36m(APIServer pid=214609)[0;0m INFO 09-25 05:31:40 [serving_speech.py:3100] Applied extra_params: {'temperature': 0.9, 'top_k': 50}
[0;36m(APIServer pid=214609)[0;0m INFO 09-25 05:31:40 [stats.py:811] 
[0;36m(APIServer pid=214609)[0;0m INFO 09-25 05:31:40 [stats.py:811] [Overall Summary]
[0;36m(APIServer pid=214609)[0;0m INFO 09-25 05:31:40 [stats.py:811] +-----------------------------+-----------+
[0;36m(APIServer pid=214609)[0;0m INFO 09-25 05:31:40 [stats.py:811] | Field                       |     Value |
[0;36m(APIServer pid=214609)[0;0m INFO 09-25 05:31:40 [stats.py:811] +-----------------------------+-----------+
[0;36m(APIServer pid=214609)[0;0m INFO 09-25 05:31:40 [stats.py:811] | e2e_requests                |         1 |
[0;36m(APIServer pid=214609)[0;0m INFO 09-25 05:31:40 [stats.py:811] | e2e_wall_time_ms            | 3,588.238 |
[0;36m(APIServer pid=214609)[0;0m INFO 09-25 05:31:40 [stats.py:811] | e2e_total_tokens            |       420 |
[0;36m(APIServer pid=214609)[0;0m INFO 09-25 05:31:40 [stats.py:811] | e2e_avg_time_per_request_ms | 3,588.238 |
[0;36m(APIServer pid=214609)[0;0m INFO 09-25 05:31:40 [stats.py:811] | e2e_avg_tokens_per_s        |   117.049 |
[0;36m(APIServer pid=214609)[0;0m INFO 09-25 05:31:40 [stats.py:811] | input_preprocess_time_ms    |     0.028 |
[0;36m(APIServer pid=214609)[0;0m INFO 09-25 05:31:40 [stats.py:811] | e2e_stage_0_wall_time_ms    | 3,528.455 |
[0;36m(APIServer pid=214609)[0;0m INFO 09-25 05:31:40 [stats.py:811] | e2e_stage_1_wall_time_ms    | 3,586.673 |
[0;36m(APIServer pid=214609)[0;0m INFO 09-25 05:31:40 [stats.py:811] +-----------------------------+-----------+
[0;36m(APIServer pid=214609)[0;0m INFO 09-25 05:31:40 [stats.py:837] 
[0;36m(APIServer pid=214609)[0;0m INFO 09-25 05:31:40 [stats.py:837] [RequestE2EStats [request_id=speech-b3fb320f14ce4546-8d313b8d]]
[0;36m(APIServer pid=214609)[0;0m INFO 09-25 05:31:40 [stats.py:837] +------------------+-----------+
[0;36m(APIServer pid=214609)[0;0m INFO 09-25 05:31:40 [stats.py:837] | Field            |     Value |
[0;36m(APIServer pid=214609)[0;0m INFO 09-25 05:31:40 [stats.py:837] +------------------+-----------+
[0;36m(APIServer pid=214609)[0;0m INFO 09-25 05:31:40 [stats.py:837] | e2e_total_ms     | 3,588.169 |
[0;36m(APIServer pid=214609)[0;0m INFO 09-25 05:31:40 [stats.py:837] | e2e_total_tokens |       420 |
[0;36m(APIServer pid=214609)[0;0m INFO 09-25 05:31:40 [stats.py:837] +------------------+-----------+
[0;36m(APIServer pid=214609)[0;0m INFO 09-25 05:31:40 [stats.py:878] [OmniTiming] req=speech-b3fb320f14ce4546-8d313b8d total=3.59s preprocess=0.00s engine=3.59s stages=[0:3.53s,1:3.59s] transfers=[0->1=0.00ms]
[0;36m(APIServer pid=214609)[0;0m INFO 09-25 05:31:40 [stats.py:920] 
[0;36m(APIServer pid=214609)[0;0m INFO 09-25 05:31:40 [stats.py:920] [StageRequestStats [request_id=speech-b3fb320f14ce4546-8d313b8d]]
[0;36m(APIServer pid=214609)[0;0m INFO 09-25 05:31:40 [stats.py:920] +---------------------------------+---------------+---------------+
[0;36m(APIServer pid=214609)[0;0m INFO 09-25 05:31:40 [stats.py:920] | Field                           |             0 |             1 |
[0;36m(APIServer pid=214609)[0;0m INFO 09-25 05:31:40 [stats.py:920] +---------------------------------+---------------+---------------+
[0;36m(APIServer pid=214609)[0;0m INFO 09-25 05:31:40 [stats.py:920] | audio_duration_s                |         0.000 |         4.720 |
[0;36m(APIServer pid=214609)[0;0m INFO 09-25 05:31:40 [stats.py:920] | audio_generated_frames          |             0 |       113,280 |
[0;36m(APIServer pid=214609)[0;0m INFO 09-25 05:31:40 [stats.py:920] | audio_sample_rate               |             0 |        24,000 |
[0;36m(APIServer pid=214609)[0;0m INFO 09-25 05:31:40 [stats.py:920] | batch_id                        |         2,621 |         2,702 |
[0;36m(APIServer pid=214609)[0;0m INFO 09-25 05:31:40 [stats.py:920] | batch_size                      |             1 |             1 |
[0;36m(APIServer pid=214609)[0;0m INFO 09-25 05:31:40 [stats.py:920] | inter_output_latencies_ms       |               |               |
[0;36m(APIServer pid=214609)[0;0m INFO 09-25 05:31:40 [stats.py:920] | num_tokens_in                   |           360 |             0 |
[0;36m(APIServer pid=214609)[0;0m INFO 09-25 05:31:40 [stats.py:920] | num_tokens_out                  |            60 |             0 |
[0;36m(APIServer pid=214609)[0;0m INFO 09-25 05:31:40 [stats.py:920] | output_unit_count               |            60 |       113,280 |
[0;36m(APIServer pid=214609)[0;0m INFO 09-25 05:31:40 [stats.py:920] | output_unit_type                |        stream |         audio |
[0;36m(APIServer pid=214609)[0;0m INFO 09-25 05:31:40 [stats.py:920] | serving_time_to_first_output_ms |     3,528.000 |     3,587.324 |
[0;36m(APIServer pid=214609)[0;0m INFO 09-25 05:31:40 [stats.py:920] | stage_gen_time_ms               |     3,526.548 |     3,585.881 |
[0;36m(APIServer pid=214609)[0;0m INFO 09-25 05:31:40 [stats.py:920] | time_per_output_unit_ms         |         0.001 |         0.000 |
[0;36m(APIServer pid=214609)[0;0m INFO 09-25 05:31:40 [stats.py:920] | vllm_itl_ms                     |        53.406 |       815.303 |
[0;36m(APIServer pid=214609)[0;0m INFO 09-25 05:31:40 [stats.py:920] | vllm_itls_ms                    | 53.406 (n=59) | 815.303 (n=3) |
[0;36m(APIServer pid=214609)[0;0m INFO 09-25 05:31:40 [stats.py:920] | vllm_tpot_ms                    |        53.406 |         0.000 |
[0;36m(APIServer pid=214609)[0;0m INFO 09-25 05:31:40 [stats.py:920] | vllm_ttft_ms                    |       378.012 |     1,140.565 |
[0;36m(APIServer pid=214609)[0;0m INFO 09-25 05:31:40 [stats.py:920] +---------------------------------+---------------+---------------+
[0;36m(APIServer pid=214609)[0;0m INFO 09-25 05:31:40 [serving_speech.py:3646] [SpeechE2E] request_id=speech-b3fb320f14ce4546 stream=false status=ok total_ms=3606.63 response_bytes=226604
[0;36m(APIServer pid=214609)[0;0m INFO 09-25 05:31:40 [stats.py:811] 
[0;36m(APIServer pid=214609)[0;0m INFO 09-25 05:31:40 [stats.py:811] [Overall Summary]
[0;36m(APIServer pid=214609)[0;0m INFO 09-25 05:31:40 [stats.py:811] +-----------------------------+-----------+
[0;36m(APIServer pid=214609)[0;0m INFO 09-25 05:31:40 [stats.py:811] | Field                       |     Value |
[0;36m(APIServer pid=214609)[0;0m INFO 09-25 05:31:40 [stats.py:811] +-----------------------------+-----------+
[0;36m(APIServer pid=214609)[0;0m INFO 09-25 05:31:40 [stats.py:811] | e2e_requests                |         1 |
[0;36m(APIServer pid=214609)[0;0m INFO 09-25 05:31:40 [stats.py:811] | e2e_wall_time_ms            | 1,088.375 |
[0;36m(APIServer pid=214609)[0;0m INFO 09-25 05:31:40 [stats.py:811] | e2e_total_tokens            |       317 |
[0;36m(APIServer pid=214609)[0;0m INFO 09-25 05:31:40 [stats.py:811] | e2e_avg_time_per_request_ms | 1,088.375 |
[0;36m(APIServer pid=214609)[0;0m INFO 09-25 05:31:40 [stats.py:811] | e2e_avg_tokens_per_s        |   291.260 |
[0;36m(APIServer pid=214609)[0;0m INFO 09-25 05:31:40 [stats.py:811] | input_preprocess_time_ms    |     0.054 |
[0;36m(APIServer pid=214609)[0;0m INFO 09-25 05:31:40 [stats.py:811] | e2e_stage_0_wall_time_ms    | 1,026.227 |
[0;36m(APIServer pid=214609)[0;0m INFO 09-25 05:31:40 [stats.py:811] | e2e_stage_1_wall_time_ms    | 1,087.990 |
[0;36m(APIServer pid=214609)[0;0m INFO 09-25 05:31:40 [stats.py:811] +-----------------------------+-----------+
[0;36m(APIServer pid=214609)[0;0m INFO 09-25 05:31:40 [stats.py:837] 
[0;36m(APIServer pid=214609)[0;0m INFO 09-25 05:31:40 [stats.py:837] [RequestE2EStats [request_id=speech-b5c7a7ab79abd3c5-a124e707]]
[0;36m(APIServer pid=214609)[0;0m INFO 09-25 05:31:40 [stats.py:837] +------------------+-----------+
[0;36m(APIServer pid=214609)[0;0m INFO 09-25 05:31:40 [stats.py:837] | Field            |     Value |
[0;36m(APIServer pid=214609)[0;0m INFO 09-25 05:31:40 [stats.py:837] +------------------+-----------+
[0;36m(APIServer pid=214609)[0;0m INFO 09-25 05:31:40 [stats.py:837] | e2e_total_ms     | 1,088.241 |
[0;36m(APIServer pid=214609)[0;0m INFO 09-25 05:31:40 [stats.py:837] | e2e_total_tokens |       317 |
[0;36m(APIServer pid=214609)[0;0m INFO 09-25 05:31:40 [stats.py:837] +------------------+-----------+
[0;36m(APIServer pid=214609)[0;0m INFO 09-25 05:31:40 [stats.py:878] [OmniTiming] req=speech-b5c7a7ab79abd3c5-a124e707 total=1.09s preprocess=0.00s engine=1.09s stages=[0:1.03s,1:1.08s] transfers=[0->1=0.00ms]
[0;36m(APIServer pid=214609)[0;0m INFO 09-25 05:31:40 [stats.py:920] 
[0;36m(APIServer pid=214609)[0;0m INFO 09-25 05:31:40 [stats.py:920] [StageRequestStats [request_id=speech-b5c7a7ab79abd3c5-a124e707]]
[0;36m(APIServer pid=214609)[0;0m INFO 09-25 05:31:40 [stats.py:920] +---------------------------------+---------------+---------------+
[0;36m(APIServer pid=214609)[0;0m INFO 09-25 05:31:40 [stats.py:920] | Field                           |             0 |             1 |
[0;36m(APIServer pid=214609)[0;0m INFO 09-25 05:31:40 [stats.py:920] +---------------------------------+---------------+---------------+
[0;36m(APIServer pid=214609)[0;0m INFO 09-25 05:31:40 [stats.py:920] | audio_duration_s                |         0.000 |         1.200 |
[0;36m(APIServer pid=214609)[0;0m INFO 09-25 05:31:40 [stats.py:920] | audio_generated_frames          |             0 |        28,800 |
[0;36m(APIServer pid=214609)[0;0m INFO 09-25 05:31:40 [stats.py:920] | audio_sample_rate               |             0 |        24,000 |
[0;36m(APIServer pid=214609)[0;0m INFO 09-25 05:31:40 [stats.py:920] | batch_id                        |         2,622 |         2,703 |
[0;36m(APIServer pid=214609)[0;0m INFO 09-25 05:31:40 [stats.py:920] | batch_size                      |             1 |             1 |
[0;36m(APIServer pid=214609)[0;0m INFO 09-25 05:31:40 [stats.py:920] | inter_output_latencies_ms       |               |               |
[0;36m(APIServer pid=214609)[0;0m INFO 09-25 05:31:40 [stats.py:920] | num_tokens_in                   |           301 |             0 |
[0;36m(APIServer pid=214609)[0;0m INFO 09-25 05:31:40 [stats.py:920] | num_tokens_out                  |            16 |             0 |
[0;36m(APIServer pid=214609)[0;0m INFO 09-25 05:31:40 [stats.py:920] | output_unit_count               |            16 |        28,800 |
[0;36m(APIServer pid=214609)[0;0m INFO 09-25 05:31:40 [stats.py:920] | output_unit_type                |        stream |         audio |
[0;36m(APIServer pid=214609)[0;0m INFO 09-25 05:31:40 [stats.py:920] | serving_time_to_first_output_ms |     1,025.818 |     1,085.142 |
[0;36m(APIServer pid=214609)[0;0m INFO 09-25 05:31:40 [stats.py:920] | stage_gen_time_ms               |     1,025.726 |     1,084.946 |
[0;36m(APIServer pid=214609)[0;0m INFO 09-25 05:31:40 [stats.py:920] | time_per_output_unit_ms         |         0.008 |         0.000 |
[0;36m(APIServer pid=214609)[0;0m INFO 09-25 05:31:40 [stats.py:920] | vllm_itl_ms                     |        60.861 |       728.557 |
[0;36m(APIServer pid=214609)[0;0m INFO 09-25 05:31:40 [stats.py:920] | vllm_itls_ms                    | 60.861 (n=15) | 728.557 (n=1) |
[0;36m(APIServer pid=214609)[0;0m INFO 09-25 05:31:40 [stats.py:920] | vllm_tpot_ms                    |        60.861 |         0.000 |
[0;36m(APIServer pid=214609)[0;0m INFO 09-25 05:31:40 [stats.py:920] | vllm_ttft_ms                    |       112.763 |       356.049 |
[0;36m(APIServer pid=214609)[0;0m INFO 09-25 05:31:40 [stats.py:920] +---------------------------------+---------------+---------------+
[0;36m(APIServer pid=214609)[0;0m INFO 09-25 05:31:40 [serving_speech.py:3646] [SpeechE2E] request_id=speech-b5c7a7ab79abd3c5 stream=false status=ok total_ms=1095.26 response_bytes=57644
[0;36m(APIServer pid=214609)[0;0m INFO:     127.0.0.1:34932 - "POST /v1/audio/speech HTTP/1.1" 200 OK
[0;36m(APIServer pid=214609)[0;0m INFO:     127.0.0.1:34952 - "POST /v1/audio/speech HTTP/1.1" 200 OK
[0;36m(APIServer pid=214609)[0;0m INFO 09-25 05:31:40 [serving_speech.py:3070] TTS speech request speech-8ce3e964034b0069: model=Base
[0;36m(APIServer pid=214609)[0;0m INFO 09-25 05:31:40 [serving_speech.py:3100] Applied extra_params: {'temperature': 0.9, 'top_k': 50}
[0;36m(APIServer pid=214609)[0;0m INFO 09-25 05:31:40 [serving_speech.py:3070] TTS speech request speech-8fd5ece844542c60: model=Base
[0;36m(APIServer pid=214609)[0;0m INFO 09-25 05:31:40 [serving_speech.py:3100] Applied extra_params: {'temperature': 0.9, 'top_k': 50}
[0;36m(APIServer pid=214609)[0;0m INFO 09-25 05:31:40 [stats.py:811] 
[0;36m(APIServer pid=214609)[0;0m INFO 09-25 05:31:40 [stats.py:811] [Overall Summary]
[0;36m(APIServer pid=214609)[0;0m INFO 09-25 05:31:40 [stats.py:811] +-----------------------------+-----------+
[0;36m(APIServer pid=214609)[0;0m INFO 09-25 05:31:40 [stats.py:811] | Field                       |     Value |
[0;36m(APIServer pid=214609)[0;0m INFO 09-25 05:31:40 [stats.py:811] +-----------------------------+-----------+
[0;36m(APIServer pid=214609)[0;0m INFO 09-25 05:31:40 [stats.py:811] | e2e_requests                |         1 |
[0;36m(APIServer pid=214609)[0;0m INFO 09-25 05:31:40 [stats.py:811] | e2e_wall_time_ms            | 4,169.012 |
[0;36m(APIServer pid=214609)[0;0m INFO 09-25 05:31:40 [stats.py:811] | e2e_total_tokens            |       368 |
[0;36m(APIServer pid=214609)[0;0m INFO 09-25 05:31:40 [stats.py:811] | e2e_avg_time_per_request_ms | 4,169.012 |
[0;36m(APIServer pid=214609)[0;0m INFO 09-25 05:31:40 [stats.py:811] | e2e_avg_tokens_per_s        |    88.270 |
[0;36m(APIServer pid=214609)[0;0m INFO 09-25 05:31:40 [stats.py:811] | input_preprocess_time_ms    |     0.040 |
[0;36m(APIServer pid=214609)[0;0m INFO 09-25 05:31:40 [stats.py:811] | e2e_stage_0_wall_time_ms    | 3,953.131 |
[0;36m(APIServer pid=214609)[0;0m INFO 09-25 05:31:40 [stats.py:811] | e2e_stage_1_wall_time_ms    | 4,168.821 |
[0;36m(APIServer pid=214609)[0;0m INFO 09-25 05:31:40 [stats.py:811] +-----------------------------+-----------+
[0;36m(APIServer pid=214609)[0;0m INFO 09-25 05:31:40 [stats.py:837] 
[0;36m(APIServer pid=214609)[0;0m INFO 09-25 05:31:40 [stats.py:837] [RequestE2EStats [request_id=speech-a5468bdc1a7dd2f9-9ee6c7e2]]
[0;36m(APIServer pid=214609)[0;0m INFO 09-25 05:31:40 [stats.py:837] +------------------+-----------+
[0;36m(APIServer pid=214609)[0;0m INFO 09-25 05:31:40 [stats.py:837] | Field            |     Value |
[0;36m(APIServer pid=214609)[0;0m INFO 09-25 05:31:40 [stats.py:837] +------------------+-----------+
[0;36m(APIServer pid=214609)[0;0m INFO 09-25 05:31:40 [stats.py:837] | e2e_total_ms     | 4,168.916 |
[0;36m(APIServer pid=214609)[0;0m INFO 09-25 05:31:40 [stats.py:837] | e2e_total_tokens |       368 |
[0;36m(APIServer pid=214609)[0;0m INFO 09-25 05:31:40 [stats.py:837] +------------------+-----------+
[0;36m(APIServer pid=214609)[0;0m INFO 09-25 05:31:40 [stats.py:878] [OmniTiming] req=speech-a5468bdc1a7dd2f9-9ee6c7e2 total=4.17s preprocess=0.00s engine=4.17s stages=[0:3.95s,1:4.17s] transfers=[0->1=0.00ms]
[0;36m(APIServer pid=214609)[0;0m INFO 09-25 05:31:40 [stats.py:920] 
[0;36m(APIServer pid=214609)[0;0m INFO 09-25 05:31:40 [stats.py:920] [StageRequestStats [request_id=speech-a5468bdc1a7dd2f9-9ee6c7e2]]
[0;36m(APIServer pid=214609)[0;0m INFO 09-25 05:31:40 [stats.py:920] +---------------------------------+---------------+-----------------+
[0;36m(APIServer pid=214609)[0;0m INFO 09-25 05:31:40 [stats.py:920] | Field                           |             0 |               1 |
[0;36m(APIServer pid=214609)[0;0m INFO 09-25 05:31:40 [stats.py:920] +---------------------------------+---------------+-----------------+
[0;36m(APIServer pid=214609)[0;0m INFO 09-25 05:31:40 [stats.py:920] | audio_duration_s                |         0.000 |           5.280 |
[0;36m(APIServer pid=214609)[0;0m INFO 09-25 05:31:40 [stats.py:920] | audio_generated_frames          |             0 |         126,720 |
[0;36m(APIServer pid=214609)[0;0m INFO 09-25 05:31:40 [stats.py:920] | audio_sample_rate               |             0 |          24,000 |
[0;36m(APIServer pid=214609)[0;0m INFO 09-25 05:31:40 [stats.py:920] | batch_id                        |         2,623 |           2,704 |
[0;36m(APIServer pid=214609)[0;0m INFO 09-25 05:31:40 [stats.py:920] | batch_size                      |             1 |               1 |
[0;36m(APIServer pid=214609)[0;0m INFO 09-25 05:31:40 [stats.py:920] | inter_output_latencies_ms       |               |                 |
[0;36m(APIServer pid=214609)[0;0m INFO 09-25 05:31:40 [stats.py:920] | num_tokens_in                   |           301 |               0 |
[0;36m(APIServer pid=214609)[0;0m INFO 09-25 05:31:40 [stats.py:920] | num_tokens_out                  |            67 |               0 |
[0;36m(APIServer pid=214609)[0;0m INFO 09-25 05:31:40 [stats.py:920] | output_unit_count               |            67 |         126,720 |
[0;36m(APIServer pid=214609)[0;0m INFO 09-25 05:31:40 [stats.py:920] | output_unit_type                |        stream |           audio |
[0;36m(APIServer pid=214609)[0;0m INFO 09-25 05:31:40 [stats.py:920] | serving_time_to_first_output_ms |     3,952.721 |       4,168.432 |
[0;36m(APIServer pid=214609)[0;0m INFO 09-25 05:31:40 [stats.py:920] | stage_gen_time_ms               |     3,952.619 |       4,168.331 |
[0;36m(APIServer pid=214609)[0;0m INFO 09-25 05:31:40 [stats.py:920] | time_per_output_unit_ms         |         0.001 |           0.000 |
[0;36m(APIServer pid=214609)[0;0m INFO 09-25 05:31:40 [stats.py:920] | vllm_itl_ms                     |        58.319 |       1,280.788 |
[0;36m(APIServer pid=214609)[0;0m INFO 09-25 05:31:40 [stats.py:920] | vllm_itls_ms                    | 58.319 (n=66) | 1,280.788 (n=3) |
[0;36m(APIServer pid=214609)[0;0m INFO 09-25 05:31:40 [stats.py:920] | vllm_tpot_ms                    |        58.319 |           0.000 |
[0;36m(APIServer pid=214609)[0;0m INFO 09-25 05:31:40 [stats.py:920] | vllm_ttft_ms                    |       104.804 |         324.890 |
[0;36m(APIServer pid=214609)[0;0m INFO 09-25 05:31:40 [stats.py:920] +---------------------------------+---------------+-----------------+
[0;36m(APIServer pid=214609)[0;0m INFO 09-25 05:31:40 [serving_speech.py:3646] [SpeechE2E] request_id=speech-a5468bdc1a7dd2f9 stream=false status=ok total_ms=4188.08 response_bytes=253484
[0;36m(APIServer pid=214609)[0;0m INFO:     127.0.0.1:34860 - "POST /v1/audio/speech HTTP/1.1" 200 OK
[0;36m(APIServer pid=214609)[0;0m INFO 09-25 05:31:40 [stats.py:811] 
[0;36m(APIServer pid=214609)[0;0m INFO 09-25 05:31:40 [stats.py:811] [Overall Summary]
[0;36m(APIServer pid=214609)[0;0m INFO 09-25 05:31:40 [stats.py:811] +-----------------------------+-----------+
[0;36m(APIServer pid=214609)[0;0m INFO 09-25 05:31:40 [stats.py:811] | Field                       |     Value |
[0;36m(APIServer pid=214609)[0;0m INFO 09-25 05:31:40 [stats.py:811] +-----------------------------+-----------+
[0;36m(APIServer pid=214609)[0;0m INFO 09-25 05:31:40 [stats.py:811] | e2e_requests                |         1 |
[0;36m(APIServer pid=214609)[0;0m INFO 09-25 05:31:40 [stats.py:811] | e2e_wall_time_ms            | 4,123.936 |
[0;36m(APIServer pid=214609)[0;0m INFO 09-25 05:31:40 [stats.py:811] | e2e_total_tokens            |       427 |
[0;36m(APIServer pid=214609)[0;0m INFO 09-25 05:31:40 [stats.py:811] | e2e_avg_time_per_request_ms | 4,123.936 |
[0;36m(APIServer pid=214609)[0;0m INFO 09-25 05:31:40 [stats.py:811] | e2e_avg_tokens_per_s        |   103.542 |
[0;36m(APIServer pid=214609)[0;0m INFO 09-25 05:31:40 [stats.py:811] | input_preprocess_time_ms    |     0.027 |
[0;36m(APIServer pid=214609)[0;0m INFO 09-25 05:31:40 [stats.py:811] | e2e_stage_0_wall_time_ms    | 4,029.242 |
[0;36m(APIServer pid=214609)[0;0m INFO 09-25 05:31:40 [stats.py:811] | e2e_stage_1_wall_time_ms    | 4,122.393 |
[0;36m(APIServer pid=214609)[0;0m INFO 09-25 05:31:40 [stats.py:811] +-----------------------------+-----------+
[0;36m(APIServer pid=214609)[0;0m INFO 09-25 05:31:40 [stats.py:837] 
[0;36m(APIServer pid=214609)[0;0m INFO 09-25 05:31:40 [stats.py:837] [RequestE2EStats [request_id=speech-b46cd7653ef7679f-8fde0299]]
[0;36m(APIServer pid=214609)[0;0m INFO 09-25 05:31:40 [stats.py:837] +------------------+-----------+
[0;36m(APIServer pid=214609)[0;0m INFO 09-25 05:31:40 [stats.py:837] | Field            |     Value |
[0;36m(APIServer pid=214609)[0;0m INFO 09-25 05:31:40 [stats.py:837] +------------------+-----------+
[0;36m(APIServer pid=214609)[0;0m INFO 09-25 05:31:40 [stats.py:837] | e2e_total_ms     | 4,123.870 |
[0;36m(APIServer pid=214609)[0;0m INFO 09-25 05:31:40 [stats.py:837] | e2e_total_tokens |       427 |
[0;36m(APIServer pid=214609)[0;0m INFO 09-25 05:31:40 [stats.py:837] +------------------+-----------+
[0;36m(APIServer pid=214609)[0;0m INFO 09-25 05:31:40 [stats.py:878] [OmniTiming] req=speech-b46cd7653ef7679f-8fde0299 total=4.12s preprocess=0.00s engine=4.12s stages=[0:4.03s,1:4.12s] transfers=[0->1=0.00ms]
[0;36m(APIServer pid=214609)[0;0m INFO 09-25 05:31:40 [stats.py:920] 
[0;36m(APIServer pid=214609)[0;0m INFO 09-25 05:31:40 [stats.py:920] [StageRequestStats [request_id=speech-b46cd7653ef7679f-8fde0299]]
[0;36m(APIServer pid=214609)[0;0m INFO 09-25 05:31:40 [stats.py:920] +---------------------------------+---------------+---------------+
[0;36m(APIServer pid=214609)[0;0m INFO 09-25 05:31:40 [stats.py:920] | Field                           |             0 |             1 |
[0;36m(APIServer pid=214609)[0;0m INFO 09-25 05:31:40 [stats.py:920] +---------------------------------+---------------+---------------+
[0;36m(APIServer pid=214609)[0;0m INFO 09-25 05:31:40 [stats.py:920] | audio_duration_s                |         0.000 |         5.280 |
[0;36m(APIServer pid=214609)[0;0m INFO 09-25 05:31:40 [stats.py:920] | audio_generated_frames          |             0 |       126,720 |
[0;36m(APIServer pid=214609)[0;0m INFO 09-25 05:31:40 [stats.py:920] | audio_sample_rate               |             0 |        24,000 |
[0;36m(APIServer pid=214609)[0;0m INFO 09-25 05:31:40 [stats.py:920] | batch_id                        |         2,625 |         2,705 |
[0;36m(APIServer pid=214609)[0;0m INFO 09-25 05:31:40 [stats.py:920] | batch_size                      |             1 |             1 |
[0;36m(APIServer pid=214609)[0;0m INFO 09-25 05:31:40 [stats.py:920] | inter_output_latencies_ms       |               |               |
[0;36m(APIServer pid=214609)[0;0m INFO 09-25 05:31:40 [stats.py:920] | num_tokens_in                   |           360 |             0 |
[0;36m(APIServer pid=214609)[0;0m INFO 09-25 05:31:40 [stats.py:920] | num_tokens_out                  |            67 |             0 |
[0;36m(APIServer pid=214609)[0;0m INFO 09-25 05:31:40 [stats.py:920] | output_unit_count               |            67 |       126,720 |
[0;36m(APIServer pid=214609)[0;0m INFO 09-25 05:31:40 [stats.py:920] | output_unit_type                |        stream |         audio |
[0;36m(APIServer pid=214609)[0;0m INFO 09-25 05:31:40 [stats.py:920] | serving_time_to_first_output_ms |     4,029.132 |     4,122.582 |
[0;36m(APIServer pid=214609)[0;0m INFO 09-25 05:31:40 [stats.py:920] | stage_gen_time_ms               |     4,029.113 |     4,121.140 |
[0;36m(APIServer pid=214609)[0;0m INFO 09-25 05:31:40 [stats.py:920] | time_per_output_unit_ms         |         0.001 |         0.000 |
[0;36m(APIServer pid=214609)[0;0m INFO 09-25 05:31:40 [stats.py:920] | vllm_itl_ms                     |        55.383 |       993.786 |
[0;36m(APIServer pid=214609)[0;0m INFO 09-25 05:31:40 [stats.py:920] | vllm_itls_ms                    | 55.383 (n=66) | 993.786 (n=3) |
[0;36m(APIServer pid=214609)[0;0m INFO 09-25 05:31:40 [stats.py:920] | vllm_tpot_ms                    |        55.383 |         0.000 |
[0;36m(APIServer pid=214609)[0;0m INFO 09-25 05:31:40 [stats.py:920] | vllm_ttft_ms                    |       375.710 |     1,138.286 |
[0;36m(APIServer pid=214609)[0;0m INFO 09-25 05:31:40 [stats.py:920] +---------------------------------+---------------+---------------+
[0;36m(APIServer pid=214609)[0;0m INFO 09-25 05:31:40 [serving_speech.py:3646] [SpeechE2E] request_id=speech-b46cd7653ef7679f stream=false status=ok total_ms=4143.68 response_bytes=253484
[0;36m(APIServer pid=214609)[0;0m INFO 09-25 05:31:40 [stats.py:811] 
[0;36m(APIServer pid=214609)[0;0m INFO 09-25 05:31:40 [stats.py:811] [Overall Summary]
[0;36m(APIServer pid=214609)[0;0m INFO 09-25 05:31:40 [stats.py:811] +-----------------------------+-----------+
[0;36m(APIServer pid=214609)[0;0m INFO 09-25 05:31:40 [stats.py:811] | Field                       |     Value |
[0;36m(APIServer pid=214609)[0;0m INFO 09-25 05:31:40 [stats.py:811] +-----------------------------+-----------+
[0;36m(APIServer pid=214609)[0;0m INFO 09-25 05:31:40 [stats.py:811] | e2e_requests                |         1 |
[0;36m(APIServer pid=214609)[0;0m INFO 09-25 05:31:40 [stats.py:811] | e2e_wall_time_ms            | 4,137.366 |
[0;36m(APIServer pid=214609)[0;0m INFO 09-25 05:31:40 [stats.py:811] | e2e_total_tokens            |       367 |
[0;36m(APIServer pid=214609)[0;0m INFO 09-25 05:31:40 [stats.py:811] | e2e_avg_time_per_request_ms | 4,137.366 |
[0;36m(APIServer pid=214609)[0;0m INFO 09-25 05:31:40 [stats.py:811] | e2e_avg_tokens_per_s        |    88.704 |
[0;36m(APIServer pid=214609)[0;0m INFO 09-25 05:31:40 [stats.py:811] | input_preprocess_time_ms    |     0.037 |
[0;36m(APIServer pid=214609)[0;0m INFO 09-25 05:31:40 [stats.py:811] | e2e_stage_0_wall_time_ms    | 3,977.098 |
[0;36m(APIServer pid=214609)[0;0m INFO 09-25 05:31:40 [stats.py:811] | e2e_stage_1_wall_time_ms    | 4,135.747 |
[0;36m(APIServer pid=214609)[0;0m INFO 09-25 05:31:40 [stats.py:811] +-----------------------------+-----------+
[0;36m(APIServer pid=214609)[0;0m INFO 09-25 05:31:40 [stats.py:837] 
[0;36m(APIServer pid=214609)[0;0m INFO 09-25 05:31:40 [stats.py:837] [RequestE2EStats [request_id=speech-b34ac8920078bae3-a5823b20]]
[0;36m(APIServer pid=214609)[0;0m INFO 09-25 05:31:40 [stats.py:837] +------------------+-----------+
[0;36m(APIServer pid=214609)[0;0m INFO 09-25 05:31:40 [stats.py:837] | Field            |     Value |
[0;36m(APIServer pid=214609)[0;0m INFO 09-25 05:31:40 [stats.py:837] +------------------+-----------+
[0;36m(APIServer pid=214609)[0;0m INFO 09-25 05:31:40 [stats.py:837] | e2e_total_ms     | 4,137.278 |
[0;36m(APIServer pid=214609)[0;0m INFO 09-25 05:31:40 [stats.py:837] | e2e_total_tokens |       367 |
[0;36m(APIServer pid=214609)[0;0m INFO 09-25 05:31:40 [stats.py:837] +------------------+-----------+
[0;36m(APIServer pid=214609)[0;0m INFO 09-25 05:31:40 [stats.py:878] [OmniTiming] req=speech-b34ac8920078bae3-a5823b20 total=4.14s preprocess=0.00s engine=4.14s stages=[0:3.98s,1:4.13s] transfers=[0->1=0.00ms]
[0;36m(APIServer pid=214609)[0;0m INFO 09-25 05:31:40 [stats.py:920] 
[0;36m(APIServer pid=214609)[0;0m INFO 09-25 05:31:40 [stats.py:920] [StageRequestStats [request_id=speech-b34ac8920078bae3-a5823b20]]
[0;36m(APIServer pid=214609)[0;0m INFO 09-25 05:31:40 [stats.py:920] +---------------------------------+---------------+---------------+
[0;36m(APIServer pid=214609)[0;0m INFO 09-25 05:31:40 [stats.py:920] | Field                           |             0 |             1 |
[0;36m(APIServer pid=214609)[0;0m INFO 09-25 05:31:40 [stats.py:920] +---------------------------------+---------------+---------------+
[0;36m(APIServer pid=214609)[0;0m INFO 09-25 05:31:40 [stats.py:920] | audio_duration_s                |         0.000 |         5.200 |
[0;36m(APIServer pid=214609)[0;0m INFO 09-25 05:31:40 [stats.py:920] | audio_generated_frames          |             0 |       124,800 |
[0;36m(APIServer pid=214609)[0;0m INFO 09-25 05:31:40 [stats.py:920] | audio_sample_rate               |             0 |        24,000 |
[0;36m(APIServer pid=214609)[0;0m INFO 09-25 05:31:40 [stats.py:920] | batch_id                        |         2,624 |         2,706 |
[0;36m(APIServer pid=214609)[0;0m INFO 09-25 05:31:40 [stats.py:920] | batch_size                      |             1 |             1 |
[0;36m(APIServer pid=214609)[0;0m INFO 09-25 05:31:40 [stats.py:920] | inter_output_latencies_ms       |               |               |
[0;36m(APIServer pid=214609)[0;0m INFO 09-25 05:31:40 [stats.py:920] | num_tokens_in                   |           301 |             0 |
[0;36m(APIServer pid=214609)[0;0m INFO 09-25 05:31:40 [stats.py:920] | num_tokens_out                  |            66 |             0 |
[0;36m(APIServer pid=214609)[0;0m INFO 09-25 05:31:40 [stats.py:920] | output_unit_count               |            66 |       124,800 |
[0;36m(APIServer pid=214609)[0;0m INFO 09-25 05:31:40 [stats.py:920] | output_unit_type                |        stream |         audio |
[0;36m(APIServer pid=214609)[0;0m INFO 09-25 05:31:40 [stats.py:920] | serving_time_to_first_output_ms |     3,976.599 |     4,134.116 |
[0;36m(APIServer pid=214609)[0;0m INFO 09-25 05:31:40 [stats.py:920] | stage_gen_time_ms               |     3,975.066 |     4,132.660 |
[0;36m(APIServer pid=214609)[0;0m INFO 09-25 05:31:40 [stats.py:920] | time_per_output_unit_ms         |         0.001 |         0.000 |
[0;36m(APIServer pid=214609)[0;0m INFO 09-25 05:31:40 [stats.py:920] | vllm_itl_ms                     |        55.219 |       993.786 |
[0;36m(APIServer pid=214609)[0;0m INFO 09-25 05:31:40 [stats.py:920] | vllm_itls_ms                    | 55.219 (n=65) | 993.786 (n=3) |
[0;36m(APIServer pid=214609)[0;0m INFO 09-25 05:31:40 [stats.py:920] | vllm_tpot_ms                    |        55.219 |         0.000 |
[0;36m(APIServer pid=214609)[0;0m INFO 09-25 05:31:40 [stats.py:920] | vllm_ttft_ms                    |       387.244 |     1,149.762 |
[0;36m(APIServer pid=214609)[0;0m INFO 09-25 05:31:40 [stats.py:920] +---------------------------------+---------------+---------------+
[0;36m(APIServer pid=214609)[0;0m INFO 09-25 05:31:40 [serving_speech.py:3646] [SpeechE2E] request_id=speech-b34ac8920078bae3 stream=false status=ok total_ms=4159.87 response_bytes=249644
[0;36m(APIServer pid=214609)[0;0m INFO:     127.0.0.1:34936 - "POST /v1/audio/speech HTTP/1.1" 200 OK
[0;36m(APIServer pid=214609)[0;0m INFO:     127.0.0.1:34924 - "POST /v1/audio/speech HTTP/1.1" 200 OK
[0;36m(APIServer pid=214609)[0;0m INFO 09-25 05:31:40 [serving_speech.py:3070] TTS speech request speech-8d0e56e9d2c6e33f: model=Base
[0;36m(APIServer pid=214609)[0;0m INFO 09-25 05:31:40 [serving_speech.py:3100] Applied extra_params: {'temperature': 0.9, 'top_k': 50}
[0;36m(APIServer pid=214609)[0;0m INFO 09-25 05:31:40 [serving_speech.py:3070] TTS speech request speech-be975054a52678c8: model=Base
[0;36m(APIServer pid=214609)[0;0m INFO 09-25 05:31:40 [serving_speech.py:3100] Applied extra_params: {'temperature': 0.9, 'top_k': 50}
[0;36m(APIServer pid=214609)[0;0m INFO 09-25 05:31:40 [serving_speech.py:3070] TTS speech request speech-9f81d80da4fa4718: model=Base
[0;36m(APIServer pid=214609)[0;0m INFO 09-25 05:31:40 [serving_speech.py:3100] Applied extra_params: {'temperature': 0.9, 'top_k': 50}
[0;36m(APIServer pid=214609)[0;0m INFO 09-25 05:31:40 [stats.py:811] 
[0;36m(APIServer pid=214609)[0;0m INFO 09-25 05:31:40 [stats.py:811] [Overall Summary]
[0;36m(APIServer pid=214609)[0;0m INFO 09-25 05:31:40 [stats.py:811] +-----------------------------+-----------+
[0;36m(APIServer pid=214609)[0;0m INFO 09-25 05:31:40 [stats.py:811] | Field                       |     Value |
[0;36m(APIServer pid=214609)[0;0m INFO 09-25 05:31:40 [stats.py:811] +-----------------------------+-----------+
[0;36m(APIServer pid=214609)[0;0m INFO 09-25 05:31:40 [stats.py:811] | e2e_requests                |         1 |
[0;36m(APIServer pid=214609)[0;0m INFO 09-25 05:31:40 [stats.py:811] | e2e_wall_time_ms            | 1,772.455 |
[0;36m(APIServer pid=214609)[0;0m INFO 09-25 05:31:40 [stats.py:811] | e2e_total_tokens            |       387 |
[0;36m(APIServer pid=214609)[0;0m INFO 09-25 05:31:40 [stats.py:811] | e2e_avg_time_per_request_ms | 1,772.455 |
[0;36m(APIServer pid=214609)[0;0m INFO 09-25 05:31:40 [stats.py:811] | e2e_avg_tokens_per_s        |   218.341 |
[0;36m(APIServer pid=214609)[0;0m INFO 09-25 05:31:40 [stats.py:811] | input_preprocess_time_ms    |     0.043 |
[0;36m(APIServer pid=214609)[0;0m INFO 09-25 05:31:40 [stats.py:811] | e2e_stage_0_wall_time_ms    | 1,731.874 |
[0;36m(APIServer pid=214609)[0;0m INFO 09-25 05:31:40 [stats.py:811] | e2e_stage_1_wall_time_ms    | 1,772.262 |
[0;36m(APIServer pid=214609)[0;0m INFO 09-25 05:31:40 [stats.py:811] +-----------------------------+-----------+
[0;36m(APIServer pid=214609)[0;0m INFO 09-25 05:31:40 [stats.py:837] 
[0;36m(APIServer pid=214609)[0;0m INFO 09-25 05:31:40 [stats.py:837] [RequestE2EStats [request_id=speech-8e6cf57a9173fe0a-a2339ff4]]
[0;36m(APIServer pid=214609)[0;0m INFO 09-25 05:31:40 [stats.py:837] +------------------+-----------+
[0;36m(APIServer pid=214609)[0;0m INFO 09-25 05:31:40 [stats.py:837] | Field            |     Value |
[0;36m(APIServer pid=214609)[0;0m INFO 09-25 05:31:40 [stats.py:837] +------------------+-----------+
[0;36m(APIServer pid=214609)[0;0m INFO 09-25 05:31:40 [stats.py:837] | e2e_total_ms     | 1,772.355 |
[0;36m(APIServer pid=214609)[0;0m INFO 09-25 05:31:40 [stats.py:837] | e2e_total_tokens |       387 |
[0;36m(APIServer pid=214609)[0;0m INFO 09-25 05:31:40 [stats.py:837] +------------------+-----------+
[0;36m(APIServer pid=214609)[0;0m INFO 09-25 05:31:40 [stats.py:878] [OmniTiming] req=speech-8e6cf57a9173fe0a-a2339ff4 total=1.77s preprocess=0.00s engine=1.77s stages=[0:1.73s,1:1.77s] transfers=[0->1=0.00ms]
[0;36m(APIServer pid=214609)[0;0m INFO 09-25 05:31:40 [stats.py:920] 
[0;36m(APIServer pid=214609)[0;0m INFO 09-25 05:31:40 [stats.py:920] [StageRequestStats [request_id=speech-8e6cf57a9173fe0a-a2339ff4]]
[0;36m(APIServer pid=214609)[0;0m INFO 09-25 05:31:40 [stats.py:920] +---------------------------------+---------------+-----------------+
[0;36m(APIServer pid=214609)[0;0m INFO 09-25 05:31:40 [stats.py:920] | Field                           |             0 |               1 |
[0;36m(APIServer pid=214609)[0;0m INFO 09-25 05:31:40 [stats.py:920] +---------------------------------+---------------+-----------------+
[0;36m(APIServer pid=214609)[0;0m INFO 09-25 05:31:40 [stats.py:920] | audio_duration_s                |         0.000 |           2.080 |
[0;36m(APIServer pid=214609)[0;0m INFO 09-25 05:31:40 [stats.py:920] | audio_generated_frames          |             0 |          49,920 |
[0;36m(APIServer pid=214609)[0;0m INFO 09-25 05:31:40 [stats.py:920] | audio_sample_rate               |             0 |          24,000 |
[0;36m(APIServer pid=214609)[0;0m INFO 09-25 05:31:40 [stats.py:920] | batch_id                        |         2,626 |           2,707 |
[0;36m(APIServer pid=214609)[0;0m INFO 09-25 05:31:40 [stats.py:920] | batch_size                      |             1 |               1 |
[0;36m(APIServer pid=214609)[0;0m INFO 09-25 05:31:40 [stats.py:920] | inter_output_latencies_ms       |               |                 |
[0;36m(APIServer pid=214609)[0;0m INFO 09-25 05:31:40 [stats.py:920] | num_tokens_in                   |           360 |               0 |
[0;36m(APIServer pid=214609)[0;0m INFO 09-25 05:31:40 [stats.py:920] | num_tokens_out                  |            27 |               0 |
[0;36m(APIServer pid=214609)[0;0m INFO 09-25 05:31:40 [stats.py:920] | output_unit_count               |            27 |          49,920 |
[0;36m(APIServer pid=214609)[0;0m INFO 09-25 05:31:40 [stats.py:920] | output_unit_type                |        stream |           audio |
[0;36m(APIServer pid=214609)[0;0m INFO 09-25 05:31:40 [stats.py:920] | serving_time_to_first_output_ms |     1,731.772 |       1,771.527 |
[0;36m(APIServer pid=214609)[0;0m INFO 09-25 05:31:40 [stats.py:920] | stage_gen_time_ms               |     1,731.728 |       1,771.442 |
[0;36m(APIServer pid=214609)[0;0m INFO 09-25 05:31:40 [stats.py:920] | time_per_output_unit_ms         |         0.004 |           0.000 |
[0;36m(APIServer pid=214609)[0;0m INFO 09-25 05:31:40 [stats.py:920] | vllm_itl_ms                     |        62.409 |       1,416.968 |
[0;36m(APIServer pid=214609)[0;0m INFO 09-25 05:31:40 [stats.py:920] | vllm_itls_ms                    | 62.409 (n=26) | 1,416.968 (n=1) |
[0;36m(APIServer pid=214609)[0;0m INFO 09-25 05:31:40 [stats.py:920] | vllm_tpot_ms                    |        62.409 |           0.000 |
[0;36m(APIServer pid=214609)[0;0m INFO 09-25 05:31:40 [stats.py:920] | vllm_ttft_ms                    |       109.758 |         353.230 |
[0;36m(APIServer pid=214609)[0;0m INFO 09-25 05:31:40 [stats.py:920] +---------------------------------+---------------+-----------------+
[0;36m(APIServer pid=214609)[0;0m INFO 09-25 05:31:40 [serving_speech.py:3646] [SpeechE2E] request_id=speech-8e6cf57a9173fe0a stream=false status=ok total_ms=1780.41 response_bytes=99884
[0;36m(APIServer pid=214609)[0;0m INFO:     127.0.0.1:34958 - "POST /v1/audio/speech HTTP/1.1" 200 OK
[0;36m(APIServer pid=214609)[0;0m INFO 09-25 05:31:40 [serving_speech.py:3070] TTS speech request speech-aa536f30ce983c5a: model=Base
[0;36m(APIServer pid=214609)[0;0m INFO 09-25 05:31:40 [serving_speech.py:3100] Applied extra_params: {'temperature': 0.9, 'top_k': 50}
[0;36m(APIServer pid=214609)[0;0m INFO 09-25 05:31:41 [stats.py:811] 
[0;36m(APIServer pid=214609)[0;0m INFO 09-25 05:31:41 [stats.py:811] [Overall Summary]
[0;36m(APIServer pid=214609)[0;0m INFO 09-25 05:31:41 [stats.py:811] +-----------------------------+-----------+
[0;36m(APIServer pid=214609)[0;0m INFO 09-25 05:31:41 [stats.py:811] | Field                       |     Value |
[0;36m(APIServer pid=214609)[0;0m INFO 09-25 05:31:41 [stats.py:811] +-----------------------------+-----------+
[0;36m(APIServer pid=214609)[0;0m INFO 09-25 05:31:41 [stats.py:811] | e2e_requests                |         1 |
[0;36m(APIServer pid=214609)[0;0m INFO 09-25 05:31:41 [stats.py:811] | e2e_wall_time_ms            | 1,789.795 |
[0;36m(APIServer pid=214609)[0;0m INFO 09-25 05:31:41 [stats.py:811] | e2e_total_tokens            |       327 |
[0;36m(APIServer pid=214609)[0;0m INFO 09-25 05:31:41 [stats.py:811] | e2e_avg_time_per_request_ms | 1,789.795 |
[0;36m(APIServer pid=214609)[0;0m INFO 09-25 05:31:41 [stats.py:811] | e2e_avg_tokens_per_s        |   182.703 |
[0;36m(APIServer pid=214609)[0;0m INFO 09-25 05:31:41 [stats.py:811] | input_preprocess_time_ms    |     0.057 |
[0;36m(APIServer pid=214609)[0;0m INFO 09-25 05:31:41 [stats.py:811] | e2e_stage_0_wall_time_ms    | 1,751.159 |
[0;36m(APIServer pid=214609)[0;0m INFO 09-25 05:31:41 [stats.py:811] | e2e_stage_1_wall_time_ms    | 1,789.469 |
[0;36m(APIServer pid=214609)[0;0m INFO 09-25 05:31:41 [stats.py:811] +-----------------------------+-----------+
[0;36m(APIServer pid=214609)[0;0m INFO 09-25 05:31:41 [stats.py:837] 
[0;36m(APIServer pid=214609)[0;0m INFO 09-25 05:31:41 [stats.py:837] [RequestE2EStats [request_id=speech-9e6fcad6ce2451fe-b323f794]]
[0;36m(APIServer pid=214609)[0;0m INFO 09-25 05:31:41 [stats.py:837] +------------------+-----------+
[0;36m(APIServer pid=214609)[0;0m INFO 09-25 05:31:41 [stats.py:837] | Field            |     Value |
[0;36m(APIServer pid=214609)[0;0m INFO 09-25 05:31:41 [stats.py:837] +------------------+-----------+
[0;36m(APIServer pid=214609)[0;0m INFO 09-25 05:31:41 [stats.py:837] | e2e_total_ms     | 1,789.666 |
[0;36m(APIServer pid=214609)[0;0m INFO 09-25 05:31:41 [stats.py:837] | e2e_total_tokens |       327 |
[0;36m(APIServer pid=214609)[0;0m INFO 09-25 05:31:41 [stats.py:837] +------------------+-----------+
[0;36m(APIServer pid=214609)[0;0m INFO 09-25 05:31:41 [stats.py:878] [OmniTiming] req=speech-9e6fcad6ce2451fe-b323f794 total=1.79s preprocess=0.00s engine=1.79s stages=[0:1.75s,1:1.79s] transfers=[0->1=0.00ms]
[0;36m(APIServer pid=214609)[0;0m INFO 09-25 05:31:41 [stats.py:920] 
[0;36m(APIServer pid=214609)[0;0m INFO 09-25 05:31:41 [stats.py:920] [StageRequestStats [request_id=speech-9e6fcad6ce2451fe-b323f794]]
[0;36m(APIServer pid=214609)[0;0m INFO 09-25 05:31:41 [stats.py:920] +---------------------------------+---------------+-----------------+
[0;36m(APIServer pid=214609)[0;0m INFO 09-25 05:31:41 [stats.py:920] | Field                           |             0 |               1 |
[0;36m(APIServer pid=214609)[0;0m INFO 09-25 05:31:41 [stats.py:920] +---------------------------------+---------------+-----------------+
[0;36m(APIServer pid=214609)[0;0m INFO 09-25 05:31:41 [stats.py:920] | audio_duration_s                |         0.000 |           2.000 |
[0;36m(APIServer pid=214609)[0;0m INFO 09-25 05:31:41 [stats.py:920] | audio_generated_frames          |             0 |          48,000 |
[0;36m(APIServer pid=214609)[0;0m INFO 09-25 05:31:41 [stats.py:920] | audio_sample_rate               |             0 |          24,000 |
[0;36m(APIServer pid=214609)[0;0m INFO 09-25 05:31:41 [stats.py:920] | batch_id                        |         2,627 |           2,708 |
[0;36m(APIServer pid=214609)[0;0m INFO 09-25 05:31:41 [stats.py:920] | batch_size                      |             1 |               1 |
[0;36m(APIServer pid=214609)[0;0m INFO 09-25 05:31:41 [stats.py:920] | inter_output_latencies_ms       |               |                 |
[0;36m(APIServer pid=214609)[0;0m INFO 09-25 05:31:41 [stats.py:920] | num_tokens_in                   |           301 |               0 |
[0;36m(APIServer pid=214609)[0;0m INFO 09-25 05:31:41 [stats.py:920] | num_tokens_out                  |            26 |               0 |
[0;36m(APIServer pid=214609)[0;0m INFO 09-25 05:31:41 [stats.py:920] | output_unit_count               |            26 |          48,000 |
[0;36m(APIServer pid=214609)[0;0m INFO 09-25 05:31:41 [stats.py:920] | output_unit_type                |        stream |           audio |
[0;36m(APIServer pid=214609)[0;0m INFO 09-25 05:31:41 [stats.py:920] | serving_time_to_first_output_ms |     1,750.719 |       1,789.204 |
[0;36m(APIServer pid=214609)[0;0m INFO 09-25 05:31:41 [stats.py:920] | stage_gen_time_ms               |     1,750.577 |       1,788.962 |
[0;36m(APIServer pid=214609)[0;0m INFO 09-25 05:31:41 [stats.py:920] | time_per_output_unit_ms         |         0.002 |           0.000 |
[0;36m(APIServer pid=214609)[0;0m INFO 09-25 05:31:41 [stats.py:920] | vllm_itl_ms                     |        60.639 |       1,226.223 |
[0;36m(APIServer pid=214609)[0;0m INFO 09-25 05:31:41 [stats.py:920] | vllm_itls_ms                    | 60.639 (n=25) | 1,226.223 (n=1) |
[0;36m(APIServer pid=214609)[0;0m INFO 09-25 05:31:41 [stats.py:920] | vllm_tpot_ms                    |        60.639 |           0.000 |
[0;36m(APIServer pid=214609)[0;0m INFO 09-25 05:31:41 [stats.py:920] | vllm_ttft_ms                    |       235.783 |         562.475 |
[0;36m(APIServer pid=214609)[0;0m INFO 09-25 05:31:41 [stats.py:920] +---------------------------------+---------------+-----------------+
[0;36m(APIServer pid=214609)[0;0m INFO 09-25 05:31:41 [serving_speech.py:3646] [SpeechE2E] request_id=speech-9e6fcad6ce2451fe stream=false status=ok total_ms=1798.48 response_bytes=96044
[0;36m(APIServer pid=214609)[0;0m INFO:     127.0.0.1:42928 - "POST /v1/audio/speech HTTP/1.1" 200 OK
[0;36m(APIServer pid=214609)[0;0m INFO 09-25 05:31:41 [serving_speech.py:3070] TTS speech request speech-9c837829eacdaa81: model=Base
[0;36m(APIServer pid=214609)[0;0m INFO 09-25 05:31:41 [serving_speech.py:3100] Applied extra_params: {'temperature': 0.9, 'top_k': 50}
[0;36m(APIServer pid=214609)[0;0m INFO 09-25 05:31:41 [stats.py:811] 
[0;36m(APIServer pid=214609)[0;0m INFO 09-25 05:31:41 [stats.py:811] [Overall Summary]
[0;36m(APIServer pid=214609)[0;0m INFO 09-25 05:31:41 [stats.py:811] +-----------------------------+---------+
[0;36m(APIServer pid=214609)[0;0m INFO 09-25 05:31:41 [stats.py:811] | Field                       |   Value |
[0;36m(APIServer pid=214609)[0;0m INFO 09-25 05:31:41 [stats.py:811] +-----------------------------+---------+
[0;36m(APIServer pid=214609)[0;0m INFO 09-25 05:31:41 [stats.py:811] | e2e_requests                |       1 |
[0;36m(APIServer pid=214609)[0;0m INFO 09-25 05:31:41 [stats.py:811] | e2e_wall_time_ms            | 901.072 |
[0;36m(APIServer pid=214609)[0;0m INFO 09-25 05:31:41 [stats.py:811] | e2e_total_tokens            |     317 |
[0;36m(APIServer pid=214609)[0;0m INFO 09-25 05:31:41 [stats.py:811] | e2e_avg_time_per_request_ms | 901.072 |
[0;36m(APIServer pid=214609)[0;0m INFO 09-25 05:31:41 [stats.py:811] | e2e_avg_tokens_per_s        | 351.803 |
[0;36m(APIServer pid=214609)[0;0m INFO 09-25 05:31:41 [stats.py:811] | input_preprocess_time_ms    |   0.055 |
[0;36m(APIServer pid=214609)[0;0m INFO 09-25 05:31:41 [stats.py:811] | e2e_stage_0_wall_time_ms    | 864.670 |
[0;36m(APIServer pid=214609)[0;0m INFO 09-25 05:31:41 [stats.py:811] | e2e_stage_1_wall_time_ms    | 900.787 |
[0;36m(APIServer pid=214609)[0;0m INFO 09-25 05:31:41 [stats.py:811] +-----------------------------+---------+
[0;36m(APIServer pid=214609)[0;0m INFO 09-25 05:31:41 [stats.py:837] 
[0;36m(APIServer pid=214609)[0;0m INFO 09-25 05:31:41 [stats.py:837] [RequestE2EStats [request_id=speech-8d0e56e9d2c6e33f-8bc55336]]
[0;36m(APIServer pid=214609)[0;0m INFO 09-25 05:31:41 [stats.py:837] +------------------+---------+
[0;36m(APIServer pid=214609)[0;0m INFO 09-25 05:31:41 [stats.py:837] | Field            |   Value |
[0;36m(APIServer pid=214609)[0;0m INFO 09-25 05:31:41 [stats.py:837] +------------------+---------+
[0;36m(APIServer pid=214609)[0;0m INFO 09-25 05:31:41 [stats.py:837] | e2e_total_ms     | 900.949 |
[0;36m(APIServer pid=214609)[0;0m INFO 09-25 05:31:41 [stats.py:837] | e2e_total_tokens |     317 |
[0;36m(APIServer pid=214609)[0;0m INFO 09-25 05:31:41 [stats.py:837] +------------------+---------+
[0;36m(APIServer pid=214609)[0;0m INFO 09-25 05:31:41 [stats.py:878] [OmniTiming] req=speech-8d0e56e9d2c6e33f-8bc55336 total=0.90s preprocess=0.00s engine=0.90s stages=[0:0.86s,1:0.90s] transfers=[0->1=0.00ms]
[0;36m(APIServer pid=214609)[0;0m INFO 09-25 05:31:41 [stats.py:920] 
[0;36m(APIServer pid=214609)[0;0m INFO 09-25 05:31:41 [stats.py:920] [StageRequestStats [request_id=speech-8d0e56e9d2c6e33f-8bc55336]]
[0;36m(APIServer pid=214609)[0;0m INFO 09-25 05:31:41 [stats.py:920] +---------------------------------+---------------+---------------+
[0;36m(APIServer pid=214609)[0;0m INFO 09-25 05:31:41 [stats.py:920] | Field                           |             0 |             1 |
[0;36m(APIServer pid=214609)[0;0m INFO 09-25 05:31:41 [stats.py:920] +---------------------------------+---------------+---------------+
[0;36m(APIServer pid=214609)[0;0m INFO 09-25 05:31:41 [stats.py:920] | audio_duration_s                |         0.000 |         1.200 |
[0;36m(APIServer pid=214609)[0;0m INFO 09-25 05:31:41 [stats.py:920] | audio_generated_frames          |             0 |        28,800 |
[0;36m(APIServer pid=214609)[0;0m INFO 09-25 05:31:41 [stats.py:920] | audio_sample_rate               |             0 |        24,000 |
[0;36m(APIServer pid=214609)[0;0m INFO 09-25 05:31:41 [stats.py:920] | batch_id                        |         2,628 |         2,709 |
[0;36m(APIServer pid=214609)[0;0m INFO 09-25 05:31:41 [stats.py:920] | batch_size                      |             1 |             1 |
[0;36m(APIServer pid=214609)[0;0m INFO 09-25 05:31:41 [stats.py:920] | inter_output_latencies_ms       |               |               |
[0;36m(APIServer pid=214609)[0;0m INFO 09-25 05:31:41 [stats.py:920] | num_tokens_in                   |           301 |             0 |
[0;36m(APIServer pid=214609)[0;0m INFO 09-25 05:31:41 [stats.py:920] | num_tokens_out                  |            16 |             0 |
[0;36m(APIServer pid=214609)[0;0m INFO 09-25 05:31:41 [stats.py:920] | output_unit_count               |            16 |        28,800 |
[0;36m(APIServer pid=214609)[0;0m INFO 09-25 05:31:41 [stats.py:920] | output_unit_type                |        stream |         audio |
[0;36m(APIServer pid=214609)[0;0m INFO 09-25 05:31:41 [stats.py:920] | serving_time_to_first_output_ms |       864.168 |       900.681 |
[0;36m(APIServer pid=214609)[0;0m INFO 09-25 05:31:41 [stats.py:920] | stage_gen_time_ms               |       864.027 |       900.510 |
[0;36m(APIServer pid=214609)[0;0m INFO 09-25 05:31:41 [stats.py:920] | time_per_output_unit_ms         |         0.004 |         0.000 |
[0;36m(APIServer pid=214609)[0;0m INFO 09-25 05:31:41 [stats.py:920] | vllm_itl_ms                     |        50.819 |       663.640 |
[0;36m(APIServer pid=214609)[0;0m INFO 09-25 05:31:41 [stats.py:920] | vllm_itls_ms                    | 50.819 (n=15) | 663.640 (n=1) |
[0;36m(APIServer pid=214609)[0;0m INFO 09-25 05:31:41 [stats.py:920] | vllm_tpot_ms                    |        50.819 |         0.000 |
[0;36m(APIServer pid=214609)[0;0m INFO 09-25 05:31:41 [stats.py:920] | vllm_ttft_ms                    |       101.079 |       236.344 |
[0;36m(APIServer pid=214609)[0;0m INFO 09-25 05:31:41 [stats.py:920] +---------------------------------+---------------+---------------+
[0;36m(APIServer pid=214609)[0;0m INFO 09-25 05:31:41 [serving_speech.py:3646] [SpeechE2E] request_id=speech-8d0e56e9d2c6e33f stream=false status=ok total_ms=906.10 response_bytes=57644
[0;36m(APIServer pid=214609)[0;0m INFO:     127.0.0.1:34860 - "POST /v1/audio/speech HTTP/1.1" 200 OK
[0;36m(APIServer pid=214609)[0;0m INFO 09-25 05:31:41 [serving_speech.py:3070] TTS speech request speech-82ec6c815d14f0fb: model=Base
[0;36m(APIServer pid=214609)[0;0m INFO 09-25 05:31:41 [serving_speech.py:3100] Applied extra_params: {'temperature': 0.9, 'top_k': 50}
[0;36m(APIServer pid=214609)[0;0m INFO 09-25 05:31:41 [stats.py:811] 
[0;36m(APIServer pid=214609)[0;0m INFO 09-25 05:31:41 [stats.py:811] [Overall Summary]
[0;36m(APIServer pid=214609)[0;0m INFO 09-25 05:31:41 [stats.py:811] +-----------------------------+-----------+
[0;36m(APIServer pid=214609)[0;0m INFO 09-25 05:31:41 [stats.py:811] | Field                       |     Value |
[0;36m(APIServer pid=214609)[0;0m INFO 09-25 05:31:41 [stats.py:811] +-----------------------------+-----------+
[0;36m(APIServer pid=214609)[0;0m INFO 09-25 05:31:41 [stats.py:811] | e2e_requests                |         1 |
[0;36m(APIServer pid=214609)[0;0m INFO 09-25 05:31:41 [stats.py:811] | e2e_wall_time_ms            | 2,312.526 |
[0;36m(APIServer pid=214609)[0;0m INFO 09-25 05:31:41 [stats.py:811] | e2e_total_tokens            |       396 |
[0;36m(APIServer pid=214609)[0;0m INFO 09-25 05:31:41 [stats.py:811] | e2e_avg_time_per_request_ms | 2,312.526 |
[0;36m(APIServer pid=214609)[0;0m INFO 09-25 05:31:41 [stats.py:811] | e2e_avg_tokens_per_s        |   171.241 |
[0;36m(APIServer pid=214609)[0;0m INFO 09-25 05:31:41 [stats.py:811] | input_preprocess_time_ms    |     0.041 |
[0;36m(APIServer pid=214609)[0;0m INFO 09-25 05:31:41 [stats.py:811] | e2e_stage_0_wall_time_ms    | 2,174.230 |
[0;36m(APIServer pid=214609)[0;0m INFO 09-25 05:31:41 [stats.py:811] | e2e_stage_1_wall_time_ms    | 2,312.320 |
[0;36m(APIServer pid=214609)[0;0m INFO 09-25 05:31:41 [stats.py:811] +-----------------------------+-----------+
[0;36m(APIServer pid=214609)[0;0m INFO 09-25 05:31:41 [stats.py:837] 
[0;36m(APIServer pid=214609)[0;0m INFO 09-25 05:31:41 [stats.py:837] [RequestE2EStats [request_id=speech-bf201cd6650e4379-bede51f4]]
[0;36m(APIServer pid=214609)[0;0m INFO 09-25 05:31:41 [stats.py:837] +------------------+-----------+
[0;36m(APIServer pid=214609)[0;0m INFO 09-25 05:31:41 [stats.py:837] | Field            |     Value |
[0;36m(APIServer pid=214609)[0;0m INFO 09-25 05:31:41 [stats.py:837] +------------------+-----------+
[0;36m(APIServer pid=214609)[0;0m INFO 09-25 05:31:41 [stats.py:837] | e2e_total_ms     | 2,312.432 |
[0;36m(APIServer pid=214609)[0;0m INFO 09-25 05:31:41 [stats.py:837] | e2e_total_tokens |       396 |
[0;36m(APIServer pid=214609)[0;0m INFO 09-25 05:31:41 [stats.py:837] +------------------+-----------+
[0;36m(APIServer pid=214609)[0;0m INFO 09-25 05:31:41 [stats.py:878] [OmniTiming] req=speech-bf201cd6650e4379-bede51f4 total=2.31s preprocess=0.00s engine=2.31s stages=[0:2.17s,1:2.31s] transfers=[0->1=0.00ms]
[0;36m(APIServer pid=214609)[0;0m INFO 09-25 05:31:41 [stats.py:920] 
[0;36m(APIServer pid=214609)[0;0m INFO 09-25 05:31:41 [stats.py:920] [StageRequestStats [request_id=speech-bf201cd6650e4379-bede51f4]]
[0;36m(APIServer pid=214609)[0;0m INFO 09-25 05:31:41 [stats.py:920] +---------------------------------+---------------+---------------+
[0;36m(APIServer pid=214609)[0;0m INFO 09-25 05:31:41 [stats.py:920] | Field                           |             0 |             1 |
[0;36m(APIServer pid=214609)[0;0m INFO 09-25 05:31:41 [stats.py:920] +---------------------------------+---------------+---------------+
[0;36m(APIServer pid=214609)[0;0m INFO 09-25 05:31:41 [stats.py:920] | audio_duration_s                |         0.000 |         2.800 |
[0;36m(APIServer pid=214609)[0;0m INFO 09-25 05:31:41 [stats.py:920] | audio_generated_frames          |             0 |        67,200 |
[0;36m(APIServer pid=214609)[0;0m INFO 09-25 05:31:41 [stats.py:920] | audio_sample_rate               |             0 |        24,000 |
[0;36m(APIServer pid=214609)[0;0m INFO 09-25 05:31:41 [stats.py:920] | batch_id                        |         2,629 |         2,710 |
[0;36m(APIServer pid=214609)[0;0m INFO 09-25 05:31:41 [stats.py:920] | batch_size                      |             1 |             1 |
[0;36m(APIServer pid=214609)[0;0m INFO 09-25 05:31:41 [stats.py:920] | inter_output_latencies_ms       |               |               |
[0;36m(APIServer pid=214609)[0;0m INFO 09-25 05:31:41 [stats.py:920] | num_tokens_in                   |           360 |             0 |
[0;36m(APIServer pid=214609)[0;0m INFO 09-25 05:31:41 [stats.py:920] | num_tokens_out                  |            36 |             0 |
[0;36m(APIServer pid=214609)[0;0m INFO 09-25 05:31:41 [stats.py:920] | output_unit_count               |            36 |        67,200 |
[0;36m(APIServer pid=214609)[0;0m INFO 09-25 05:31:41 [stats.py:920] | output_unit_type                |        stream |         audio |
[0;36m(APIServer pid=214609)[0;0m INFO 09-25 05:31:41 [stats.py:920] | serving_time_to_first_output_ms |     2,174.018 |     2,312.278 |
[0;36m(APIServer pid=214609)[0;0m INFO 09-25 05:31:41 [stats.py:920] | stage_gen_time_ms               |     2,173.925 |     2,312.153 |
[0;36m(APIServer pid=214609)[0;0m INFO 09-25 05:31:41 [stats.py:920] | time_per_output_unit_ms         |         0.002 |         0.000 |
[0;36m(APIServer pid=214609)[0;0m INFO 09-25 05:31:41 [stats.py:920] | vllm_itl_ms                     |        55.439 |       876.610 |
[0;36m(APIServer pid=214609)[0;0m INFO 09-25 05:31:41 [stats.py:920] | vllm_itls_ms                    | 55.439 (n=35) | 876.610 (n=2) |
[0;36m(APIServer pid=214609)[0;0m INFO 09-25 05:31:41 [stats.py:920] | vllm_tpot_ms                    |        55.439 |         0.000 |
[0;36m(APIServer pid=214609)[0;0m INFO 09-25 05:31:41 [stats.py:920] | vllm_ttft_ms                    |       232.532 |       559.333 |
[0;36m(APIServer pid=214609)[0;0m INFO 09-25 05:31:41 [stats.py:920] +---------------------------------+---------------+---------------+
[0;36m(APIServer pid=214609)[0;0m INFO 09-25 05:31:41 [serving_speech.py:3646] [SpeechE2E] request_id=speech-bf201cd6650e4379 stream=false status=ok total_ms=2321.18 response_bytes=134444
[0;36m(APIServer pid=214609)[0;0m INFO:     127.0.0.1:34862 - "POST /v1/audio/speech HTTP/1.1" 200 OK
[0;36m(APIServer pid=214609)[0;0m INFO 09-25 05:31:41 [stats.py:811] 
[0;36m(APIServer pid=214609)[0;0m INFO 09-25 05:31:41 [stats.py:811] [Overall Summary]
[0;36m(APIServer pid=214609)[0;0m INFO 09-25 05:31:41 [stats.py:811] +-----------------------------+-----------+
[0;36m(APIServer pid=214609)[0;0m INFO 09-25 05:31:41 [stats.py:811] | Field                       |     Value |
[0;36m(APIServer pid=214609)[0;0m INFO 09-25 05:31:41 [stats.py:811] +-----------------------------+-----------+
[0;36m(APIServer pid=214609)[0;0m INFO 09-25 05:31:41 [stats.py:811] | e2e_requests                |         1 |
[0;36m(APIServer pid=214609)[0;0m INFO 09-25 05:31:41 [stats.py:811] | e2e_wall_time_ms            | 1,721.990 |
[0;36m(APIServer pid=214609)[0;0m INFO 09-25 05:31:41 [stats.py:811] | e2e_total_tokens            |       329 |
[0;36m(APIServer pid=214609)[0;0m INFO 09-25 05:31:41 [stats.py:811] | e2e_avg_time_per_request_ms | 1,721.990 |
[0;36m(APIServer pid=214609)[0;0m INFO 09-25 05:31:41 [stats.py:811] | e2e_avg_tokens_per_s        |   191.058 |
[0;36m(APIServer pid=214609)[0;0m INFO 09-25 05:31:41 [stats.py:811] | input_preprocess_time_ms    |     0.043 |
[0;36m(APIServer pid=214609)[0;0m INFO 09-25 05:31:41 [stats.py:811] | e2e_stage_0_wall_time_ms    | 1,656.947 |
[0;36m(APIServer pid=214609)[0;0m INFO 09-25 05:31:41 [stats.py:811] | e2e_stage_1_wall_time_ms    | 1,721.638 |
[0;36m(APIServer pid=214609)[0;0m INFO 09-25 05:31:41 [stats.py:811] +-----------------------------+-----------+
[0;36m(APIServer pid=214609)[0;0m INFO 09-25 05:31:41 [stats.py:837] 
[0;36m(APIServer pid=214609)[0;0m INFO 09-25 05:31:41 [stats.py:837] [RequestE2EStats [request_id=speech-a43447fb67f5295c-93e85002]]
[0;36m(APIServer pid=214609)[0;0m INFO 09-25 05:31:41 [stats.py:837] +------------------+-----------+
[0;36m(APIServer pid=214609)[0;0m INFO 09-25 05:31:41 [stats.py:837] | Field            |     Value |
[0;36m(APIServer pid=214609)[0;0m INFO 09-25 05:31:41 [stats.py:837] +------------------+-----------+
[0;36m(APIServer pid=214609)[0;0m INFO 09-25 05:31:41 [stats.py:837] | e2e_total_ms     | 1,721.884 |
[0;36m(APIServer pid=214609)[0;0m INFO 09-25 05:31:41 [stats.py:837] | e2e_total_tokens |       329 |
[0;36m(APIServer pid=214609)[0;0m INFO 09-25 05:31:41 [stats.py:837] +------------------+-----------+
[0;36m(APIServer pid=214609)[0;0m INFO 09-25 05:31:41 [stats.py:878] [OmniTiming] req=speech-a43447fb67f5295c-93e85002 total=1.72s preprocess=0.00s engine=1.72s stages=[0:1.66s,1:1.72s] transfers=[0->1=0.00ms]
[0;36m(APIServer pid=214609)[0;0m INFO 09-25 05:31:41 [stats.py:920] 
[0;36m(APIServer pid=214609)[0;0m INFO 09-25 05:31:41 [stats.py:920] [StageRequestStats [request_id=speech-a43447fb67f5295c-93e85002]]
[0;36m(APIServer pid=214609)[0;0m INFO 09-25 05:31:41 [stats.py:920] +---------------------------------+---------------+---------------+
[0;36m(APIServer pid=214609)[0;0m INFO 09-25 05:31:41 [stats.py:920] | Field                           |             0 |             1 |
[0;36m(APIServer pid=214609)[0;0m INFO 09-25 05:31:41 [stats.py:920] +---------------------------------+---------------+---------------+
[0;36m(APIServer pid=214609)[0;0m INFO 09-25 05:31:41 [stats.py:920] | audio_duration_s                |         0.000 |         2.160 |
[0;36m(APIServer pid=214609)[0;0m INFO 09-25 05:31:41 [stats.py:920] | audio_generated_frames          |             0 |        51,840 |
[0;36m(APIServer pid=214609)[0;0m INFO 09-25 05:31:41 [stats.py:920] | audio_sample_rate               |             0 |        24,000 |
[0;36m(APIServer pid=214609)[0;0m INFO 09-25 05:31:41 [stats.py:920] | batch_id                        |         2,630 |         2,711 |
[0;36m(APIServer pid=214609)[0;0m INFO 09-25 05:31:41 [stats.py:920] | batch_size                      |             1 |             1 |
[0;36m(APIServer pid=214609)[0;0m INFO 09-25 05:31:41 [stats.py:920] | inter_output_latencies_ms       |               |               |
[0;36m(APIServer pid=214609)[0;0m INFO 09-25 05:31:41 [stats.py:920] | num_tokens_in                   |           301 |             0 |
[0;36m(APIServer pid=214609)[0;0m INFO 09-25 05:31:41 [stats.py:920] | num_tokens_out                  |            28 |             0 |
[0;36m(APIServer pid=214609)[0;0m INFO 09-25 05:31:41 [stats.py:920] | output_unit_count               |            28 |        51,840 |
[0;36m(APIServer pid=214609)[0;0m INFO 09-25 05:31:41 [stats.py:920] | output_unit_type                |        stream |         audio |
[0;36m(APIServer pid=214609)[0;0m INFO 09-25 05:31:41 [stats.py:920] | serving_time_to_first_output_ms |     1,656.933 |     1,720.814 |
[0;36m(APIServer pid=214609)[0;0m INFO 09-25 05:31:41 [stats.py:920] | stage_gen_time_ms               |     1,656.810 |     1,720.524 |
[0;36m(APIServer pid=214609)[0;0m INFO 09-25 05:31:41 [stats.py:920] | time_per_output_unit_ms         |         0.002 |         0.000 |
[0;36m(APIServer pid=214609)[0;0m INFO 09-25 05:31:41 [stats.py:920] | vllm_itl_ms                     |        55.423 |       662.351 |
[0;36m(APIServer pid=214609)[0;0m INFO 09-25 05:31:41 [stats.py:920] | vllm_itls_ms                    | 55.423 (n=27) | 662.351 (n=2) |
[0;36m(APIServer pid=214609)[0;0m INFO 09-25 05:31:41 [stats.py:920] | vllm_tpot_ms                    |        55.423 |         0.000 |
[0;36m(APIServer pid=214609)[0;0m INFO 09-25 05:31:41 [stats.py:920] | vllm_ttft_ms                    |       160.405 |       394.786 |
[0;36m(APIServer pid=214609)[0;0m INFO 09-25 05:31:41 [stats.py:920] +---------------------------------+---------------+---------------+
[0;36m(APIServer pid=214609)[0;0m INFO 09-25 05:31:41 [serving_speech.py:3646] [SpeechE2E] request_id=speech-a43447fb67f5295c stream=false status=ok total_ms=1730.53 response_bytes=103724
[0;36m(APIServer pid=214609)[0;0m INFO:     127.0.0.1:34838 - "POST /v1/audio/speech HTTP/1.1" 200 OK
[0;36m(APIServer pid=214609)[0;0m INFO 09-25 05:31:41 [serving_speech.py:3070] TTS speech request speech-937293f43979ef50: model=Base
[0;36m(APIServer pid=214609)[0;0m INFO 09-25 05:31:41 [serving_speech.py:3100] Applied extra_params: {'temperature': 0.9, 'top_k': 50}
[0;36m(APIServer pid=214609)[0;0m INFO 09-25 05:31:41 [serving_speech.py:3070] TTS speech request speech-abf58c0f23e5d879: model=Base
[0;36m(APIServer pid=214609)[0;0m INFO 09-25 05:31:41 [serving_speech.py:3100] Applied extra_params: {'temperature': 0.9, 'top_k': 50}
[0;36m(APIServer pid=214609)[0;0m INFO 09-25 05:31:41 [stats.py:811] 
[0;36m(APIServer pid=214609)[0;0m INFO 09-25 05:31:41 [stats.py:811] [Overall Summary]
[0;36m(APIServer pid=214609)[0;0m INFO 09-25 05:31:41 [stats.py:811] +-----------------------------+-----------+
[0;36m(APIServer pid=214609)[0;0m INFO 09-25 05:31:41 [stats.py:811] | Field                       |     Value |
[0;36m(APIServer pid=214609)[0;0m INFO 09-25 05:31:41 [stats.py:811] +-----------------------------+-----------+
[0;36m(APIServer pid=214609)[0;0m INFO 09-25 05:31:41 [stats.py:811] | e2e_requests                |         1 |
[0;36m(APIServer pid=214609)[0;0m INFO 09-25 05:31:41 [stats.py:811] | e2e_wall_time_ms            | 5,364.211 |
[0;36m(APIServer pid=214609)[0;0m INFO 09-25 05:31:41 [stats.py:811] | e2e_total_tokens            |       451 |
[0;36m(APIServer pid=214609)[0;0m INFO 09-25 05:31:41 [stats.py:811] | e2e_avg_time_per_request_ms | 5,364.211 |
[0;36m(APIServer pid=214609)[0;0m INFO 09-25 05:31:41 [stats.py:811] | e2e_avg_tokens_per_s        |    84.076 |
[0;36m(APIServer pid=214609)[0;0m INFO 09-25 05:31:41 [stats.py:811] | input_preprocess_time_ms    |     0.045 |
[0;36m(APIServer pid=214609)[0;0m INFO 09-25 05:31:41 [stats.py:811] | e2e_stage_0_wall_time_ms    | 5,291.951 |
[0;36m(APIServer pid=214609)[0;0m INFO 09-25 05:31:41 [stats.py:811] | e2e_stage_1_wall_time_ms    | 5,362.461 |
[0;36m(APIServer pid=214609)[0;0m INFO 09-25 05:31:41 [stats.py:811] +-----------------------------+-----------+
[0;36m(APIServer pid=214609)[0;0m INFO 09-25 05:31:41 [stats.py:837] 
[0;36m(APIServer pid=214609)[0;0m INFO 09-25 05:31:41 [stats.py:837] [RequestE2EStats [request_id=speech-bb85c57e22ca47ad-be4480bd]]
[0;36m(APIServer pid=214609)[0;0m INFO 09-25 05:31:41 [stats.py:837] +------------------+-----------+
[0;36m(APIServer pid=214609)[0;0m INFO 09-25 05:31:41 [stats.py:837] | Field            |     Value |
[0;36m(APIServer pid=214609)[0;0m INFO 09-25 05:31:41 [stats.py:837] +------------------+-----------+
[0;36m(APIServer pid=214609)[0;0m INFO 09-25 05:31:41 [stats.py:837] | e2e_total_ms     | 5,364.080 |
[0;36m(APIServer pid=214609)[0;0m INFO 09-25 05:31:41 [stats.py:837] | e2e_total_tokens |       451 |
[0;36m(APIServer pid=214609)[0;0m INFO 09-25 05:31:41 [stats.py:837] +------------------+-----------+
[0;36m(APIServer pid=214609)[0;0m INFO 09-25 05:31:41 [stats.py:878] [OmniTiming] req=speech-bb85c57e22ca47ad-be4480bd total=5.36s preprocess=0.00s engine=5.36s stages=[0:5.29s,1:5.36s] transfers=[0->1=0.00ms]
[0;36m(APIServer pid=214609)[0;0m INFO 09-25 05:31:41 [stats.py:920] 
[0;36m(APIServer pid=214609)[0;0m INFO 09-25 05:31:41 [stats.py:920] [StageRequestStats [request_id=speech-bb85c57e22ca47ad-be4480bd]]
[0;36m(APIServer pid=214609)[0;0m INFO 09-25 05:31:41 [stats.py:920] +---------------------------------+---------------+-----------------+
[0;36m(APIServer pid=214609)[0;0m INFO 09-25 05:31:41 [stats.py:920] | Field                           |             0 |               1 |
[0;36m(APIServer pid=214609)[0;0m INFO 09-25 05:31:41 [stats.py:920] +---------------------------------+---------------+-----------------+
[0;36m(APIServer pid=214609)[0;0m INFO 09-25 05:31:41 [stats.py:920] | audio_duration_s                |         0.000 |           7.200 |
[0;36m(APIServer pid=214609)[0;0m INFO 09-25 05:31:41 [stats.py:920] | audio_generated_frames          |             0 |         172,800 |
[0;36m(APIServer pid=214609)[0;0m INFO 09-25 05:31:41 [stats.py:920] | audio_sample_rate               |             0 |          24,000 |
[0;36m(APIServer pid=214609)[0;0m INFO 09-25 05:31:41 [stats.py:920] | batch_id                        |         2,631 |           2,712 |
[0;36m(APIServer pid=214609)[0;0m INFO 09-25 05:31:41 [stats.py:920] | batch_size                      |             1 |               1 |
[0;36m(APIServer pid=214609)[0;0m INFO 09-25 05:31:41 [stats.py:920] | inter_output_latencies_ms       |               |                 |
[0;36m(APIServer pid=214609)[0;0m INFO 09-25 05:31:41 [stats.py:920] | num_tokens_in                   |           360 |               0 |
[0;36m(APIServer pid=214609)[0;0m INFO 09-25 05:31:41 [stats.py:920] | num_tokens_out                  |            91 |               0 |
[0;36m(APIServer pid=214609)[0;0m INFO 09-25 05:31:41 [stats.py:920] | output_unit_count               |            91 |         172,800 |
[0;36m(APIServer pid=214609)[0;0m INFO 09-25 05:31:41 [stats.py:920] | output_unit_type                |        stream |           audio |
[0;36m(APIServer pid=214609)[0;0m INFO 09-25 05:31:41 [stats.py:920] | serving_time_to_first_output_ms |     5,291.173 |       5,363.819 |
[0;36m(APIServer pid=214609)[0;0m INFO 09-25 05:31:41 [stats.py:920] | stage_gen_time_ms               |     5,289.538 |       5,362.146 |
[0;36m(APIServer pid=214609)[0;0m INFO 09-25 05:31:41 [stats.py:920] | time_per_output_unit_ms         |         0.001 |           0.000 |
[0;36m(APIServer pid=214609)[0;0m INFO 09-25 05:31:41 [stats.py:920] | vllm_itl_ms                     |        56.639 |       1,045.757 |
[0;36m(APIServer pid=214609)[0;0m INFO 09-25 05:31:41 [stats.py:920] | vllm_itls_ms                    | 56.639 (n=90) | 1,045.757 (n=4) |
[0;36m(APIServer pid=214609)[0;0m INFO 09-25 05:31:41 [stats.py:920] | vllm_tpot_ms                    |        56.639 |           0.000 |
[0;36m(APIServer pid=214609)[0;0m INFO 09-25 05:31:41 [stats.py:920] | vllm_ttft_ms                    |       191.670 |       1,180.048 |
[0;36m(APIServer pid=214609)[0;0m INFO 09-25 05:31:41 [stats.py:920] +---------------------------------+---------------+-----------------+
[0;36m(APIServer pid=214609)[0;0m INFO 09-25 05:31:41 [serving_speech.py:3646] [SpeechE2E] request_id=speech-bb85c57e22ca47ad stream=false status=ok total_ms=5383.71 response_bytes=345644
[0;36m(APIServer pid=214609)[0;0m INFO:     127.0.0.1:34832 - "POST /v1/audio/speech HTTP/1.1" 200 OK
[0;36m(APIServer pid=214609)[0;0m INFO 09-25 05:31:41 [serving_speech.py:3070] TTS speech request speech-9cf1aa1d432fb78e: model=Base
[0;36m(APIServer pid=214609)[0;0m INFO 09-25 05:31:41 [serving_speech.py:3100] Applied extra_params: {'temperature': 0.9, 'top_k': 50}
[0;36m(APIServer pid=214609)[0;0m INFO 09-25 05:31:41 [stats.py:811] 
[0;36m(APIServer pid=214609)[0;0m INFO 09-25 05:31:41 [stats.py:811] [Overall Summary]
[0;36m(APIServer pid=214609)[0;0m INFO 09-25 05:31:41 [stats.py:811] +-----------------------------+-----------+
[0;36m(APIServer pid=214609)[0;0m INFO 09-25 05:31:41 [stats.py:811] | Field                       |     Value |
[0;36m(APIServer pid=214609)[0;0m INFO 09-25 05:31:41 [stats.py:811] +-----------------------------+-----------+
[0;36m(APIServer pid=214609)[0;0m INFO 09-25 05:31:41 [stats.py:811] | e2e_requests                |         1 |
[0;36m(APIServer pid=214609)[0;0m INFO 09-25 05:31:41 [stats.py:811] | e2e_wall_time_ms            | 4,084.276 |
[0;36m(APIServer pid=214609)[0;0m INFO 09-25 05:31:41 [stats.py:811] | e2e_total_tokens            |       371 |
[0;36m(APIServer pid=214609)[0;0m INFO 09-25 05:31:41 [stats.py:811] | e2e_avg_time_per_request_ms | 4,084.276 |
[0;36m(APIServer pid=214609)[0;0m INFO 09-25 05:31:41 [stats.py:811] | e2e_avg_tokens_per_s        |    90.836 |
[0;36m(APIServer pid=214609)[0;0m INFO 09-25 05:31:41 [stats.py:811] | input_preprocess_time_ms    |     0.052 |
[0;36m(APIServer pid=214609)[0;0m INFO 09-25 05:31:41 [stats.py:811] | e2e_stage_0_wall_time_ms    | 4,008.114 |
[0;36m(APIServer pid=214609)[0;0m INFO 09-25 05:31:41 [stats.py:811] | e2e_stage_1_wall_time_ms    | 4,084.002 |
[0;36m(APIServer pid=214609)[0;0m INFO 09-25 05:31:41 [stats.py:811] +-----------------------------+-----------+
[0;36m(APIServer pid=214609)[0;0m INFO 09-25 05:31:41 [stats.py:837] 
[0;36m(APIServer pid=214609)[0;0m INFO 09-25 05:31:41 [stats.py:837] [RequestE2EStats [request_id=speech-ae5513ced7895eef-bb9f2f8f]]
[0;36m(APIServer pid=214609)[0;0m INFO 09-25 05:31:41 [stats.py:837] +------------------+-----------+
[0;36m(APIServer pid=214609)[0;0m INFO 09-25 05:31:41 [stats.py:837] | Field            |     Value |
[0;36m(APIServer pid=214609)[0;0m INFO 09-25 05:31:41 [stats.py:837] +------------------+-----------+
[0;36m(APIServer pid=214609)[0;0m INFO 09-25 05:31:41 [stats.py:837] | e2e_total_ms     | 4,084.157 |
[0;36m(APIServer pid=214609)[0;0m INFO 09-25 05:31:41 [stats.py:837] | e2e_total_tokens |       371 |
[0;36m(APIServer pid=214609)[0;0m INFO 09-25 05:31:41 [stats.py:837] +------------------+-----------+
[0;36m(APIServer pid=214609)[0;0m INFO 09-25 05:31:41 [stats.py:878] [OmniTiming] req=speech-ae5513ced7895eef-bb9f2f8f total=4.08s preprocess=0.00s engine=4.08s stages=[0:4.01s,1:4.08s] transfers=[0->1=0.00ms]
[0;36m(APIServer pid=214609)[0;0m INFO 09-25 05:31:41 [stats.py:920] 
[0;36m(APIServer pid=214609)[0;0m INFO 09-25 05:31:41 [stats.py:920] [StageRequestStats [request_id=speech-ae5513ced7895eef-bb9f2f8f]]
[0;36m(APIServer pid=214609)[0;0m INFO 09-25 05:31:41 [stats.py:920] +---------------------------------+---------------+-----------------+
[0;36m(APIServer pid=214609)[0;0m INFO 09-25 05:31:41 [stats.py:920] | Field                           |             0 |               1 |
[0;36m(APIServer pid=214609)[0;0m INFO 09-25 05:31:41 [stats.py:920] +---------------------------------+---------------+-----------------+
[0;36m(APIServer pid=214609)[0;0m INFO 09-25 05:31:41 [stats.py:920] | audio_duration_s                |         0.000 |           5.520 |
[0;36m(APIServer pid=214609)[0;0m INFO 09-25 05:31:41 [stats.py:920] | audio_generated_frames          |             0 |         132,480 |
[0;36m(APIServer pid=214609)[0;0m INFO 09-25 05:31:41 [stats.py:920] | audio_sample_rate               |             0 |          24,000 |
[0;36m(APIServer pid=214609)[0;0m INFO 09-25 05:31:41 [stats.py:920] | batch_id                        |         2,632 |           2,713 |
[0;36m(APIServer pid=214609)[0;0m INFO 09-25 05:31:41 [stats.py:920] | batch_size                      |             1 |               1 |
[0;36m(APIServer pid=214609)[0;0m INFO 09-25 05:31:41 [stats.py:920] | inter_output_latencies_ms       |               |                 |
[0;36m(APIServer pid=214609)[0;0m INFO 09-25 05:31:41 [stats.py:920] | num_tokens_in                   |           301 |               0 |
[0;36m(APIServer pid=214609)[0;0m INFO 09-25 05:31:41 [stats.py:920] | num_tokens_out                  |            70 |               0 |
[0;36m(APIServer pid=214609)[0;0m INFO 09-25 05:31:41 [stats.py:920] | output_unit_count               |            70 |         132,480 |
[0;36m(APIServer pid=214609)[0;0m INFO 09-25 05:31:41 [stats.py:920] | output_unit_type                |        stream |           audio |
[0;36m(APIServer pid=214609)[0;0m INFO 09-25 05:31:41 [stats.py:920] | serving_time_to_first_output_ms |     4,007.717 |       4,083.766 |
[0;36m(APIServer pid=214609)[0;0m INFO 09-25 05:31:41 [stats.py:920] | stage_gen_time_ms               |     4,007.620 |       4,083.573 |
[0;36m(APIServer pid=214609)[0;0m INFO 09-25 05:31:41 [stats.py:920] | time_per_output_unit_ms         |         0.002 |           0.000 |
[0;36m(APIServer pid=214609)[0;0m INFO 09-25 05:31:41 [stats.py:920] | vllm_itl_ms                     |        56.565 |       1,285.341 |
[0;36m(APIServer pid=214609)[0;0m INFO 09-25 05:31:41 [stats.py:920] | vllm_itls_ms                    | 56.565 (n=69) | 1,285.341 (n=3) |
[0;36m(APIServer pid=214609)[0;0m INFO 09-25 05:31:41 [stats.py:920] | vllm_tpot_ms                    |        56.565 |           0.000 |
[0;36m(APIServer pid=214609)[0;0m INFO 09-25 05:31:41 [stats.py:920] | vllm_ttft_ms                    |       103.747 |         226.931 |
[0;36m(APIServer pid=214609)[0;0m INFO 09-25 05:31:41 [stats.py:920] +---------------------------------+---------------+-----------------+
[0;36m(APIServer pid=214609)[0;0m INFO 09-25 05:31:41 [serving_speech.py:3646] [SpeechE2E] request_id=speech-ae5513ced7895eef stream=false status=ok total_ms=4091.10 response_bytes=265004
[0;36m(APIServer pid=214609)[0;0m INFO:     127.0.0.1:34904 - "POST /v1/audio/speech HTTP/1.1" 200 OK
[0;36m(APIServer pid=214609)[0;0m INFO 09-25 05:31:41 [serving_speech.py:3070] TTS speech request speech-abf2acc2ed1973bc: model=Base
[0;36m(APIServer pid=214609)[0;0m INFO 09-25 05:31:41 [serving_speech.py:3100] Applied extra_params: {'temperature': 0.9, 'top_k': 50}
[0;36m(APIServer pid=214609)[0;0m INFO 09-25 05:31:42 [stats.py:811] 
[0;36m(APIServer pid=214609)[0;0m INFO 09-25 05:31:42 [stats.py:811] [Overall Summary]
[0;36m(APIServer pid=214609)[0;0m INFO 09-25 05:31:42 [stats.py:811] +-----------------------------+-----------+
[0;36m(APIServer pid=214609)[0;0m INFO 09-25 05:31:42 [stats.py:811] | Field                       |     Value |
[0;36m(APIServer pid=214609)[0;0m INFO 09-25 05:31:42 [stats.py:811] +-----------------------------+-----------+
[0;36m(APIServer pid=214609)[0;0m INFO 09-25 05:31:42 [stats.py:811] | e2e_requests                |         1 |
[0;36m(APIServer pid=214609)[0;0m INFO 09-25 05:31:42 [stats.py:811] | e2e_wall_time_ms            | 1,945.738 |
[0;36m(APIServer pid=214609)[0;0m INFO 09-25 05:31:42 [stats.py:811] | e2e_total_tokens            |       391 |
[0;36m(APIServer pid=214609)[0;0m INFO 09-25 05:31:42 [stats.py:811] | e2e_avg_time_per_request_ms | 1,945.738 |
[0;36m(APIServer pid=214609)[0;0m INFO 09-25 05:31:42 [stats.py:811] | e2e_avg_tokens_per_s        |   200.952 |
[0;36m(APIServer pid=214609)[0;0m INFO 09-25 05:31:42 [stats.py:811] | input_preprocess_time_ms    |     0.040 |
[0;36m(APIServer pid=214609)[0;0m INFO 09-25 05:31:42 [stats.py:811] | e2e_stage_0_wall_time_ms    | 1,912.396 |
[0;36m(APIServer pid=214609)[0;0m INFO 09-25 05:31:42 [stats.py:811] | e2e_stage_1_wall_time_ms    | 1,945.561 |
[0;36m(APIServer pid=214609)[0;0m INFO 09-25 05:31:42 [stats.py:811] +-----------------------------+-----------+
[0;36m(APIServer pid=214609)[0;0m INFO 09-25 05:31:42 [stats.py:837] 
[0;36m(APIServer pid=214609)[0;0m INFO 09-25 05:31:42 [stats.py:837] [RequestE2EStats [request_id=speech-a29e7fd3512d83f6-89f95ea3]]
[0;36m(APIServer pid=214609)[0;0m INFO 09-25 05:31:42 [stats.py:837] +------------------+-----------+
[0;36m(APIServer pid=214609)[0;0m INFO 09-25 05:31:42 [stats.py:837] | Field            |     Value |
[0;36m(APIServer pid=214609)[0;0m INFO 09-25 05:31:42 [stats.py:837] +------------------+-----------+
[0;36m(APIServer pid=214609)[0;0m INFO 09-25 05:31:42 [stats.py:837] | e2e_total_ms     | 1,945.645 |
[0;36m(APIServer pid=214609)[0;0m INFO 09-25 05:31:42 [stats.py:837] | e2e_total_tokens |       391 |
[0;36m(APIServer pid=214609)[0;0m INFO 09-25 05:31:42 [stats.py:837] +------------------+-----------+
[0;36m(APIServer pid=214609)[0;0m INFO 09-25 05:31:42 [stats.py:878] [OmniTiming] req=speech-a29e7fd3512d83f6-89f95ea3 total=1.95s preprocess=0.00s engine=1.95s stages=[0:1.91s,1:1.95s] transfers=[0->1=0.00ms]
[0;36m(APIServer pid=214609)[0;0m INFO 09-25 05:31:42 [stats.py:920] 
[0;36m(APIServer pid=214609)[0;0m INFO 09-25 05:31:42 [stats.py:920] [StageRequestStats [request_id=speech-a29e7fd3512d83f6-89f95ea3]]
[0;36m(APIServer pid=214609)[0;0m INFO 09-25 05:31:42 [stats.py:920] +---------------------------------+---------------+---------------+
[0;36m(APIServer pid=214609)[0;0m INFO 09-25 05:31:42 [stats.py:920] | Field                           |             0 |             1 |
[0;36m(APIServer pid=214609)[0;0m INFO 09-25 05:31:42 [stats.py:920] +---------------------------------+---------------+---------------+
[0;36m(APIServer pid=214609)[0;0m INFO 09-25 05:31:42 [stats.py:920] | audio_duration_s                |         0.000 |         2.400 |
[0;36m(APIServer pid=214609)[0;0m INFO 09-25 05:31:42 [stats.py:920] | audio_generated_frames          |             0 |        57,600 |
[0;36m(APIServer pid=214609)[0;0m INFO 09-25 05:31:42 [stats.py:920] | audio_sample_rate               |             0 |        24,000 |
[0;36m(APIServer pid=214609)[0;0m INFO 09-25 05:31:42 [stats.py:920] | batch_id                        |         2,633 |         2,714 |
[0;36m(APIServer pid=214609)[0;0m INFO 09-25 05:31:42 [stats.py:920] | batch_size                      |             1 |             1 |
[0;36m(APIServer pid=214609)[0;0m INFO 09-25 05:31:42 [stats.py:920] | inter_output_latencies_ms       |               |               |
[0;36m(APIServer pid=214609)[0;0m INFO 09-25 05:31:42 [stats.py:920] | num_tokens_in                   |           360 |             0 |
[0;36m(APIServer pid=214609)[0;0m INFO 09-25 05:31:42 [stats.py:920] | num_tokens_out                  |            31 |             0 |
[0;36m(APIServer pid=214609)[0;0m INFO 09-25 05:31:42 [stats.py:920] | output_unit_count               |            31 |        57,600 |
[0;36m(APIServer pid=214609)[0;0m INFO 09-25 05:31:42 [stats.py:920] | output_unit_type                |        stream |         audio |
[0;36m(APIServer pid=214609)[0;0m INFO 09-25 05:31:42 [stats.py:920] | serving_time_to_first_output_ms |     1,912.199 |     1,945.458 |
[0;36m(APIServer pid=214609)[0;0m INFO 09-25 05:31:42 [stats.py:920] | stage_gen_time_ms               |     1,912.156 |     1,945.373 |
[0;36m(APIServer pid=214609)[0;0m INFO 09-25 05:31:42 [stats.py:920] | time_per_output_unit_ms         |         0.003 |         0.000 |
[0;36m(APIServer pid=214609)[0;0m INFO 09-25 05:31:42 [stats.py:920] | vllm_itl_ms                     |        58.468 |       776.352 |
[0;36m(APIServer pid=214609)[0;0m INFO 09-25 05:31:42 [stats.py:920] | vllm_itls_ms                    | 58.468 (n=30) | 776.352 (n=2) |
[0;36m(APIServer pid=214609)[0;0m INFO 09-25 05:31:42 [stats.py:920] | vllm_tpot_ms                    |        58.468 |         0.000 |
[0;36m(APIServer pid=214609)[0;0m INFO 09-25 05:31:42 [stats.py:920] | vllm_ttft_ms                    |       156.362 |       390.906 |
[0;36m(APIServer pid=214609)[0;0m INFO 09-25 05:31:42 [stats.py:920] +---------------------------------+---------------+---------------+
[0;36m(APIServer pid=214609)[0;0m INFO 09-25 05:31:42 [serving_speech.py:3646] [SpeechE2E] request_id=speech-a29e7fd3512d83f6 stream=false status=ok total_ms=1955.34 response_bytes=115244
[0;36m(APIServer pid=214609)[0;0m INFO:     127.0.0.1:34912 - "POST /v1/audio/speech HTTP/1.1" 200 OK
[0;36m(APIServer pid=214609)[0;0m INFO 09-25 05:31:42 [serving_speech.py:3070] TTS speech request speech-baecec56d9a547e8: model=Base
[0;36m(APIServer pid=214609)[0;0m INFO 09-25 05:31:42 [serving_speech.py:3100] Applied extra_params: {'temperature': 0.9, 'top_k': 50}
[0;36m(APIServer pid=214609)[0;0m INFO 09-25 05:31:42 [stats.py:811] 
[0;36m(APIServer pid=214609)[0;0m INFO 09-25 05:31:42 [stats.py:811] [Overall Summary]
[0;36m(APIServer pid=214609)[0;0m INFO 09-25 05:31:42 [stats.py:811] +-----------------------------+-----------+
[0;36m(APIServer pid=214609)[0;0m INFO 09-25 05:31:42 [stats.py:811] | Field                       |     Value |
[0;36m(APIServer pid=214609)[0;0m INFO 09-25 05:31:42 [stats.py:811] +-----------------------------+-----------+
[0;36m(APIServer pid=214609)[0;0m INFO 09-25 05:31:42 [stats.py:811] | e2e_requests                |         1 |
[0;36m(APIServer pid=214609)[0;0m INFO 09-25 05:31:42 [stats.py:811] | e2e_wall_time_ms            | 2,302.902 |
[0;36m(APIServer pid=214609)[0;0m INFO 09-25 05:31:42 [stats.py:811] | e2e_total_tokens            |       333 |
[0;36m(APIServer pid=214609)[0;0m INFO 09-25 05:31:42 [stats.py:811] | e2e_avg_time_per_request_ms | 2,302.902 |
[0;36m(APIServer pid=214609)[0;0m INFO 09-25 05:31:42 [stats.py:811] | e2e_avg_tokens_per_s        |   144.600 |
[0;36m(APIServer pid=214609)[0;0m INFO 09-25 05:31:42 [stats.py:811] | input_preprocess_time_ms    |     0.053 |
[0;36m(APIServer pid=214609)[0;0m INFO 09-25 05:31:42 [stats.py:811] | e2e_stage_0_wall_time_ms    | 2,056.966 |
[0;36m(APIServer pid=214609)[0;0m INFO 09-25 05:31:42 [stats.py:811] | e2e_stage_1_wall_time_ms    | 2,302.572 |
[0;36m(APIServer pid=214609)[0;0m INFO 09-25 05:31:42 [stats.py:811] +-----------------------------+-----------+
[0;36m(APIServer pid=214609)[0;0m INFO 09-25 05:31:42 [stats.py:837] 
[0;36m(APIServer pid=214609)[0;0m INFO 09-25 05:31:42 [stats.py:837] [RequestE2EStats [request_id=speech-8ce3e964034b0069-b8510aa0]]
[0;36m(APIServer pid=214609)[0;0m INFO 09-25 05:31:42 [stats.py:837] +------------------+-----------+
[0;36m(APIServer pid=214609)[0;0m INFO 09-25 05:31:42 [stats.py:837] | Field            |     Value |
[0;36m(APIServer pid=214609)[0;0m INFO 09-25 05:31:42 [stats.py:837] +------------------+-----------+
[0;36m(APIServer pid=214609)[0;0m INFO 09-25 05:31:42 [stats.py:837] | e2e_total_ms     | 2,302.784 |
[0;36m(APIServer pid=214609)[0;0m INFO 09-25 05:31:42 [stats.py:837] | e2e_total_tokens |       333 |
[0;36m(APIServer pid=214609)[0;0m INFO 09-25 05:31:42 [stats.py:837] +------------------+-----------+
[0;36m(APIServer pid=214609)[0;0m INFO 09-25 05:31:42 [stats.py:878] [OmniTiming] req=speech-8ce3e964034b0069-b8510aa0 total=2.30s preprocess=0.00s engine=2.30s stages=[0:2.06s,1:2.30s] transfers=[0->1=0.00ms]
[0;36m(APIServer pid=214609)[0;0m INFO 09-25 05:31:42 [stats.py:920] 
[0;36m(APIServer pid=214609)[0;0m INFO 09-25 05:31:42 [stats.py:920] [StageRequestStats [request_id=speech-8ce3e964034b0069-b8510aa0]]
[0;36m(APIServer pid=214609)[0;0m INFO 09-25 05:31:42 [stats.py:920] +---------------------------------+---------------+---------------+
[0;36m(APIServer pid=214609)[0;0m INFO 09-25 05:31:42 [stats.py:920] | Field                           |             0 |             1 |
[0;36m(APIServer pid=214609)[0;0m INFO 09-25 05:31:42 [stats.py:920] +---------------------------------+---------------+---------------+
[0;36m(APIServer pid=214609)[0;0m INFO 09-25 05:31:42 [stats.py:920] | audio_duration_s                |         0.000 |         2.480 |
[0;36m(APIServer pid=214609)[0;0m INFO 09-25 05:31:42 [stats.py:920] | audio_generated_frames          |             0 |        59,520 |
[0;36m(APIServer pid=214609)[0;0m INFO 09-25 05:31:42 [stats.py:920] | audio_sample_rate               |             0 |        24,000 |
[0;36m(APIServer pid=214609)[0;0m INFO 09-25 05:31:42 [stats.py:920] | batch_id                        |         2,634 |         2,715 |
[0;36m(APIServer pid=214609)[0;0m INFO 09-25 05:31:42 [stats.py:920] | batch_size                      |             1 |             1 |
[0;36m(APIServer pid=214609)[0;0m INFO 09-25 05:31:42 [stats.py:920] | inter_output_latencies_ms       |               |               |
[0;36m(APIServer pid=214609)[0;0m INFO 09-25 05:31:42 [stats.py:920] | num_tokens_in                   |           301 |             0 |
[0;36m(APIServer pid=214609)[0;0m INFO 09-25 05:31:42 [stats.py:920] | num_tokens_out                  |            32 |             0 |
[0;36m(APIServer pid=214609)[0;0m INFO 09-25 05:31:42 [stats.py:920] | output_unit_count               |            32 |        59,520 |
[0;36m(APIServer pid=214609)[0;0m INFO 09-25 05:31:42 [stats.py:920] | output_unit_type                |        stream |         audio |
[0;36m(APIServer pid=214609)[0;0m INFO 09-25 05:31:42 [stats.py:920] | serving_time_to_first_output_ms |     2,056.881 |     2,301.944 |
[0;36m(APIServer pid=214609)[0;0m INFO 09-25 05:31:42 [stats.py:920] | stage_gen_time_ms               |     2,056.772 |     2,301.693 |
[0;36m(APIServer pid=214609)[0;0m INFO 09-25 05:31:42 [stats.py:920] | time_per_output_unit_ms         |         0.003 |         0.000 |
[0;36m(APIServer pid=214609)[0;0m INFO 09-25 05:31:42 [stats.py:920] | vllm_itl_ms                     |        58.672 |       890.881 |
[0;36m(APIServer pid=214609)[0;0m INFO 09-25 05:31:42 [stats.py:920] | vllm_itls_ms                    | 58.672 (n=31) | 890.881 (n=2) |
[0;36m(APIServer pid=214609)[0;0m INFO 09-25 05:31:42 [stats.py:920] | vllm_tpot_ms                    |        58.672 |         0.000 |
[0;36m(APIServer pid=214609)[0;0m INFO 09-25 05:31:42 [stats.py:920] | vllm_ttft_ms                    |       237.893 |       518.123 |
[0;36m(APIServer pid=214609)[0;0m INFO 09-25 05:31:42 [stats.py:920] +---------------------------------+---------------+---------------+
[0;36m(APIServer pid=214609)[0;0m INFO 09-25 05:31:42 [serving_speech.py:3646] [SpeechE2E] request_id=speech-8ce3e964034b0069 stream=false status=ok total_ms=2308.66 response_bytes=119084
[0;36m(APIServer pid=214609)[0;0m INFO:     127.0.0.1:34952 - "POST /v1/audio/speech HTTP/1.1" 200 OK
[0;36m(APIServer pid=214609)[0;0m INFO 09-25 05:31:42 [serving_speech.py:3070] TTS speech request speech-88646ee3c1bc2bc5: model=Base
[0;36m(APIServer pid=214609)[0;0m INFO 09-25 05:31:42 [serving_speech.py:3100] Applied extra_params: {'temperature': 0.9, 'top_k': 50}
[0;36m(APIServer pid=214609)[0;0m INFO 09-25 05:31:42 [stats.py:811] 
[0;36m(APIServer pid=214609)[0;0m INFO 09-25 05:31:42 [stats.py:811] [Overall Summary]
[0;36m(APIServer pid=214609)[0;0m INFO 09-25 05:31:42 [stats.py:811] +-----------------------------+-----------+
[0;36m(APIServer pid=214609)[0;0m INFO 09-25 05:31:42 [stats.py:811] | Field                       |     Value |
[0;36m(APIServer pid=214609)[0;0m INFO 09-25 05:31:42 [stats.py:811] +-----------------------------+-----------+
[0;36m(APIServer pid=214609)[0;0m INFO 09-25 05:31:42 [stats.py:811] | e2e_requests                |         1 |
[0;36m(APIServer pid=214609)[0;0m INFO 09-25 05:31:42 [stats.py:811] | e2e_wall_time_ms            | 1,880.537 |
[0;36m(APIServer pid=214609)[0;0m INFO 09-25 05:31:42 [stats.py:811] | e2e_total_tokens            |       329 |
[0;36m(APIServer pid=214609)[0;0m INFO 09-25 05:31:42 [stats.py:811] | e2e_avg_time_per_request_ms | 1,880.537 |
[0;36m(APIServer pid=214609)[0;0m INFO 09-25 05:31:42 [stats.py:811] | e2e_avg_tokens_per_s        |   174.950 |
[0;36m(APIServer pid=214609)[0;0m INFO 09-25 05:31:42 [stats.py:811] | input_preprocess_time_ms    |     0.042 |
[0;36m(APIServer pid=214609)[0;0m INFO 09-25 05:31:42 [stats.py:811] | e2e_stage_0_wall_time_ms    | 1,757.075 |
[0;36m(APIServer pid=214609)[0;0m INFO 09-25 05:31:42 [stats.py:811] | e2e_stage_1_wall_time_ms    | 1,880.359 |
[0;36m(APIServer pid=214609)[0;0m INFO 09-25 05:31:42 [stats.py:811] +-----------------------------+-----------+
[0;36m(APIServer pid=214609)[0;0m INFO 09-25 05:31:42 [stats.py:837] 
[0;36m(APIServer pid=214609)[0;0m INFO 09-25 05:31:42 [stats.py:837] [RequestE2EStats [request_id=speech-9f81d80da4fa4718-b5cd3d75]]
[0;36m(APIServer pid=214609)[0;0m INFO 09-25 05:31:42 [stats.py:837] +------------------+-----------+
[0;36m(APIServer pid=214609)[0;0m INFO 09-25 05:31:42 [stats.py:837] | Field            |     Value |
[0;36m(APIServer pid=214609)[0;0m INFO 09-25 05:31:42 [stats.py:837] +------------------+-----------+
[0;36m(APIServer pid=214609)[0;0m INFO 09-25 05:31:42 [stats.py:837] | e2e_total_ms     | 1,880.439 |
[0;36m(APIServer pid=214609)[0;0m INFO 09-25 05:31:42 [stats.py:837] | e2e_total_tokens |       329 |
[0;36m(APIServer pid=214609)[0;0m INFO 09-25 05:31:42 [stats.py:837] +------------------+-----------+
[0;36m(APIServer pid=214609)[0;0m INFO 09-25 05:31:42 [stats.py:878] [OmniTiming] req=speech-9f81d80da4fa4718-b5cd3d75 total=1.88s preprocess=0.00s engine=1.88s stages=[0:1.76s,1:1.88s] transfers=[0->1=0.00ms]
[0;36m(APIServer pid=214609)[0;0m INFO 09-25 05:31:42 [stats.py:920] 
[0;36m(APIServer pid=214609)[0;0m INFO 09-25 05:31:42 [stats.py:920] [StageRequestStats [request_id=speech-9f81d80da4fa4718-b5cd3d75]]
[0;36m(APIServer pid=214609)[0;0m INFO 09-25 05:31:42 [stats.py:920] +---------------------------------+---------------+---------------+
[0;36m(APIServer pid=214609)[0;0m INFO 09-25 05:31:42 [stats.py:920] | Field                           |             0 |             1 |
[0;36m(APIServer pid=214609)[0;0m INFO 09-25 05:31:42 [stats.py:920] +---------------------------------+---------------+---------------+
[0;36m(APIServer pid=214609)[0;0m INFO 09-25 05:31:42 [stats.py:920] | audio_duration_s                |         0.000 |         2.160 |
[0;36m(APIServer pid=214609)[0;0m INFO 09-25 05:31:42 [stats.py:920] | audio_generated_frames          |             0 |        51,840 |
[0;36m(APIServer pid=214609)[0;0m INFO 09-25 05:31:42 [stats.py:920] | audio_sample_rate               |             0 |        24,000 |
[0;36m(APIServer pid=214609)[0;0m INFO 09-25 05:31:42 [stats.py:920] | batch_id                        |         2,635 |         2,716 |
[0;36m(APIServer pid=214609)[0;0m INFO 09-25 05:31:42 [stats.py:920] | batch_size                      |             1 |             1 |
[0;36m(APIServer pid=214609)[0;0m INFO 09-25 05:31:42 [stats.py:920] | inter_output_latencies_ms       |               |               |
[0;36m(APIServer pid=214609)[0;0m INFO 09-25 05:31:42 [stats.py:920] | num_tokens_in                   |           301 |             0 |
[0;36m(APIServer pid=214609)[0;0m INFO 09-25 05:31:42 [stats.py:920] | num_tokens_out                  |            28 |             0 |
[0;36m(APIServer pid=214609)[0;0m INFO 09-25 05:31:42 [stats.py:920] | output_unit_count               |            28 |        51,840 |
[0;36m(APIServer pid=214609)[0;0m INFO 09-25 05:31:42 [stats.py:920] | output_unit_type                |        stream |         audio |
[0;36m(APIServer pid=214609)[0;0m INFO 09-25 05:31:42 [stats.py:920] | serving_time_to_first_output_ms |     1,756.905 |     1,880.092 |
[0;36m(APIServer pid=214609)[0;0m INFO 09-25 05:31:42 [stats.py:920] | stage_gen_time_ms               |     1,756.817 |     1,879.999 |
[0;36m(APIServer pid=214609)[0;0m INFO 09-25 05:31:42 [stats.py:920] | time_per_output_unit_ms         |         0.002 |         0.000 |
[0;36m(APIServer pid=214609)[0;0m INFO 09-25 05:31:42 [stats.py:920] | vllm_itl_ms                     |        59.045 |       716.476 |
[0;36m(APIServer pid=214609)[0;0m INFO 09-25 05:31:42 [stats.py:920] | vllm_itls_ms                    | 59.045 (n=27) | 716.476 (n=2) |
[0;36m(APIServer pid=214609)[0;0m INFO 09-25 05:31:42 [stats.py:920] | vllm_tpot_ms                    |        59.045 |         0.000 |
[0;36m(APIServer pid=214609)[0;0m INFO 09-25 05:31:42 [stats.py:920] | vllm_ttft_ms                    |       164.987 |       444.411 |
[0;36m(APIServer pid=214609)[0;0m INFO 09-25 05:31:42 [stats.py:920] +---------------------------------+---------------+---------------+
[0;36m(APIServer pid=214609)[0;0m INFO 09-25 05:31:42 [serving_speech.py:3646] [SpeechE2E] request_id=speech-9f81d80da4fa4718 stream=false status=ok total_ms=1889.38 response_bytes=103724
[0;36m(APIServer pid=214609)[0;0m INFO:     127.0.0.1:34924 - "POST /v1/audio/speech HTTP/1.1" 200 OK
[0;36m(APIServer pid=214609)[0;0m INFO 09-25 05:31:42 [serving_speech.py:3070] TTS speech request speech-bb9d0dced191d5a0: model=Base
[0;36m(APIServer pid=214609)[0;0m INFO 09-25 05:31:42 [serving_speech.py:3100] Applied extra_params: {'temperature': 0.9, 'top_k': 50}
[0;36m(APIServer pid=214609)[0;0m INFO 09-25 05:31:42 [stats.py:811] 
[0;36m(APIServer pid=214609)[0;0m INFO 09-25 05:31:42 [stats.py:811] [Overall Summary]
[0;36m(APIServer pid=214609)[0;0m INFO 09-25 05:31:42 [stats.py:811] +-----------------------------+-----------+
[0;36m(APIServer pid=214609)[0;0m INFO 09-25 05:31:42 [stats.py:811] | Field                       |     Value |
[0;36m(APIServer pid=214609)[0;0m INFO 09-25 05:31:42 [stats.py:811] +-----------------------------+-----------+
[0;36m(APIServer pid=214609)[0;0m INFO 09-25 05:31:42 [stats.py:811] | e2e_requests                |         1 |
[0;36m(APIServer pid=214609)[0;0m INFO 09-25 05:31:42 [stats.py:811] | e2e_wall_time_ms            | 3,922.876 |
[0;36m(APIServer pid=214609)[0;0m INFO 09-25 05:31:42 [stats.py:811] | e2e_total_tokens            |       421 |
[0;36m(APIServer pid=214609)[0;0m INFO 09-25 05:31:42 [stats.py:811] | e2e_avg_time_per_request_ms | 3,922.876 |
[0;36m(APIServer pid=214609)[0;0m INFO 09-25 05:31:42 [stats.py:811] | e2e_avg_tokens_per_s        |   107.319 |
[0;36m(APIServer pid=214609)[0;0m INFO 09-25 05:31:42 [stats.py:811] | input_preprocess_time_ms    |     0.052 |
[0;36m(APIServer pid=214609)[0;0m INFO 09-25 05:31:42 [stats.py:811] | e2e_stage_0_wall_time_ms    | 3,766.454 |
[0;36m(APIServer pid=214609)[0;0m INFO 09-25 05:31:42 [stats.py:811] | e2e_stage_1_wall_time_ms    | 3,922.012 |
[0;36m(APIServer pid=214609)[0;0m INFO 09-25 05:31:42 [stats.py:811] +-----------------------------+-----------+
[0;36m(APIServer pid=214609)[0;0m INFO 09-25 05:31:42 [stats.py:837] 
[0;36m(APIServer pid=214609)[0;0m INFO 09-25 05:31:42 [stats.py:837] [RequestE2EStats [request_id=speech-ba896d6aca112f42-894652bb]]
[0;36m(APIServer pid=214609)[0;0m INFO 09-25 05:31:42 [stats.py:837] +------------------+-----------+
[0;36m(APIServer pid=214609)[0;0m INFO 09-25 05:31:42 [stats.py:837] | Field            |     Value |
[0;36m(APIServer pid=214609)[0;0m INFO 09-25 05:31:42 [stats.py:837] +------------------+-----------+
[0;36m(APIServer pid=214609)[0;0m INFO 09-25 05:31:42 [stats.py:837] | e2e_total_ms     | 3,922.132 |
[0;36m(APIServer pid=214609)[0;0m INFO 09-25 05:31:42 [stats.py:837] | e2e_total_tokens |       421 |
[0;36m(APIServer pid=214609)[0;0m INFO 09-25 05:31:42 [stats.py:837] +------------------+-----------+
[0;36m(APIServer pid=214609)[0;0m INFO 09-25 05:31:42 [stats.py:878] [OmniTiming] req=speech-ba896d6aca112f42-894652bb total=3.92s preprocess=0.00s engine=3.92s stages=[0:3.77s,1:3.92s] transfers=[0->1=0.00ms]
[0;36m(APIServer pid=214609)[0;0m INFO 09-25 05:31:42 [stats.py:920] 
[0;36m(APIServer pid=214609)[0;0m INFO 09-25 05:31:42 [stats.py:920] [StageRequestStats [request_id=speech-ba896d6aca112f42-894652bb]]
[0;36m(APIServer pid=214609)[0;0m INFO 09-25 05:31:42 [stats.py:920] +---------------------------------+---------------+-----------------+
[0;36m(APIServer pid=214609)[0;0m INFO 09-25 05:31:42 [stats.py:920] | Field                           |             0 |               1 |
[0;36m(APIServer pid=214609)[0;0m INFO 09-25 05:31:42 [stats.py:920] +---------------------------------+---------------+-----------------+
[0;36m(APIServer pid=214609)[0;0m INFO 09-25 05:31:42 [stats.py:920] | audio_duration_s                |         0.000 |           4.800 |
[0;36m(APIServer pid=214609)[0;0m INFO 09-25 05:31:42 [stats.py:920] | audio_generated_frames          |             0 |         115,200 |
[0;36m(APIServer pid=214609)[0;0m INFO 09-25 05:31:42 [stats.py:920] | audio_sample_rate               |             0 |          24,000 |
[0;36m(APIServer pid=214609)[0;0m INFO 09-25 05:31:42 [stats.py:920] | batch_id                        |         2,636 |           2,717 |
[0;36m(APIServer pid=214609)[0;0m INFO 09-25 05:31:42 [stats.py:920] | batch_size                      |             1 |               1 |
[0;36m(APIServer pid=214609)[0;0m INFO 09-25 05:31:42 [stats.py:920] | inter_output_latencies_ms       |               |                 |
[0;36m(APIServer pid=214609)[0;0m INFO 09-25 05:31:42 [stats.py:920] | num_tokens_in                   |           360 |               0 |
[0;36m(APIServer pid=214609)[0;0m INFO 09-25 05:31:42 [stats.py:920] | num_tokens_out                  |            61 |               0 |
[0;36m(APIServer pid=214609)[0;0m INFO 09-25 05:31:42 [stats.py:920] | output_unit_count               |            61 |         115,200 |
[0;36m(APIServer pid=214609)[0;0m INFO 09-25 05:31:42 [stats.py:920] | output_unit_type                |        stream |           audio |
[0;36m(APIServer pid=214609)[0;0m INFO 09-25 05:31:42 [stats.py:920] | serving_time_to_first_output_ms |     3,766.388 |       3,922.549 |
[0;36m(APIServer pid=214609)[0;0m INFO 09-25 05:31:42 [stats.py:920] | stage_gen_time_ms               |     3,765.660 |       3,921.774 |
[0;36m(APIServer pid=214609)[0;0m INFO 09-25 05:31:42 [stats.py:920] | time_per_output_unit_ms         |         0.001 |           0.000 |
[0;36m(APIServer pid=214609)[0;0m INFO 09-25 05:31:42 [stats.py:920] | vllm_itl_ms                     |        60.460 |       1,181.391 |
[0;36m(APIServer pid=214609)[0;0m INFO 09-25 05:31:42 [stats.py:920] | vllm_itls_ms                    | 60.460 (n=60) | 1,181.391 (n=3) |
[0;36m(APIServer pid=214609)[0;0m INFO 09-25 05:31:42 [stats.py:920] | vllm_tpot_ms                    |        60.460 |           0.000 |
[0;36m(APIServer pid=214609)[0;0m INFO 09-25 05:31:42 [stats.py:920] | vllm_ttft_ms                    |       138.859 |         375.752 |
[0;36m(APIServer pid=214609)[0;0m INFO 09-25 05:31:42 [stats.py:920] +---------------------------------+---------------+-----------------+
[0;36m(APIServer pid=214609)[0;0m INFO 09-25 05:31:42 [serving_speech.py:3646] [SpeechE2E] request_id=speech-ba896d6aca112f42 stream=false status=ok total_ms=3930.28 response_bytes=230444
[0;36m(APIServer pid=214609)[0;0m INFO 09-25 05:31:42 [stats.py:811] 
[0;36m(APIServer pid=214609)[0;0m INFO 09-25 05:31:42 [stats.py:811] [Overall Summary]
[0;36m(APIServer pid=214609)[0;0m INFO 09-25 05:31:42 [stats.py:811] +-----------------------------+-----------+
[0;36m(APIServer pid=214609)[0;0m INFO 09-25 05:31:42 [stats.py:811] | Field                       |     Value |
[0;36m(APIServer pid=214609)[0;0m INFO 09-25 05:31:42 [stats.py:811] +-----------------------------+-----------+
[0;36m(APIServer pid=214609)[0;0m INFO 09-25 05:31:42 [stats.py:811] | e2e_requests                |         1 |
[0;36m(APIServer pid=214609)[0;0m INFO 09-25 05:31:42 [stats.py:811] | e2e_wall_time_ms            | 3,370.249 |
[0;36m(APIServer pid=214609)[0;0m INFO 09-25 05:31:42 [stats.py:811] | e2e_total_tokens            |       352 |
[0;36m(APIServer pid=214609)[0;0m INFO 09-25 05:31:42 [stats.py:811] | e2e_avg_time_per_request_ms | 3,370.249 |
[0;36m(APIServer pid=214609)[0;0m INFO 09-25 05:31:42 [stats.py:811] | e2e_avg_tokens_per_s        |   104.443 |
[0;36m(APIServer pid=214609)[0;0m INFO 09-25 05:31:42 [stats.py:811] | input_preprocess_time_ms    |     0.054 |
[0;36m(APIServer pid=214609)[0;0m INFO 09-25 05:31:42 [stats.py:811] | e2e_stage_0_wall_time_ms    | 3,212.048 |
[0;36m(APIServer pid=214609)[0;0m INFO 09-25 05:31:42 [stats.py:811] | e2e_stage_1_wall_time_ms    | 3,369.996 |
[0;36m(APIServer pid=214609)[0;0m INFO 09-25 05:31:42 [stats.py:811] +-----------------------------+-----------+
[0;36m(APIServer pid=214609)[0;0m INFO 09-25 05:31:42 [stats.py:837] 
[0;36m(APIServer pid=214609)[0;0m INFO 09-25 05:31:42 [stats.py:837] [RequestE2EStats [request_id=speech-ade2e2daffb3c57c-8a56d472]]
[0;36m(APIServer pid=214609)[0;0m INFO 09-25 05:31:42 [stats.py:837] +------------------+-----------+
[0;36m(APIServer pid=214609)[0;0m INFO 09-25 05:31:42 [stats.py:837] | Field            |     Value |
[0;36m(APIServer pid=214609)[0;0m INFO 09-25 05:31:42 [stats.py:837] +------------------+-----------+
[0;36m(APIServer pid=214609)[0;0m INFO 09-25 05:31:42 [stats.py:837] | e2e_total_ms     | 3,370.129 |
[0;36m(APIServer pid=214609)[0;0m INFO 09-25 05:31:42 [stats.py:837] | e2e_total_tokens |       352 |
[0;36m(APIServer pid=214609)[0;0m INFO 09-25 05:31:42 [stats.py:837] +------------------+-----------+
[0;36m(APIServer pid=214609)[0;0m INFO 09-25 05:31:42 [stats.py:878] [OmniTiming] req=speech-ade2e2daffb3c57c-8a56d472 total=3.37s preprocess=0.00s engine=3.37s stages=[0:3.21s,1:3.37s] transfers=[0->1=0.00ms]
[0;36m(APIServer pid=214609)[0;0m INFO 09-25 05:31:42 [stats.py:920] 
[0;36m(APIServer pid=214609)[0;0m INFO 09-25 05:31:42 [stats.py:920] [StageRequestStats [request_id=speech-ade2e2daffb3c57c-8a56d472]]
[0;36m(APIServer pid=214609)[0;0m INFO 09-25 05:31:42 [stats.py:920] +---------------------------------+---------------+-----------------+
[0;36m(APIServer pid=214609)[0;0m INFO 09-25 05:31:42 [stats.py:920] | Field                           |             0 |               1 |
[0;36m(APIServer pid=214609)[0;0m INFO 09-25 05:31:42 [stats.py:920] +---------------------------------+---------------+-----------------+
[0;36m(APIServer pid=214609)[0;0m INFO 09-25 05:31:42 [stats.py:920] | audio_duration_s                |         0.000 |           4.000 |
[0;36m(APIServer pid=214609)[0;0m INFO 09-25 05:31:42 [stats.py:920] | audio_generated_frames          |             0 |          96,000 |
[0;36m(APIServer pid=214609)[0;0m INFO 09-25 05:31:42 [stats.py:920] | audio_sample_rate               |             0 |          24,000 |
[0;36m(APIServer pid=214609)[0;0m INFO 09-25 05:31:42 [stats.py:920] | batch_id                        |         2,637 |           2,718 |
[0;36m(APIServer pid=214609)[0;0m INFO 09-25 05:31:42 [stats.py:920] | batch_size                      |             1 |               1 |
[0;36m(APIServer pid=214609)[0;0m INFO 09-25 05:31:42 [stats.py:920] | inter_output_latencies_ms       |               |                 |
[0;36m(APIServer pid=214609)[0;0m INFO 09-25 05:31:42 [stats.py:920] | num_tokens_in                   |           301 |               0 |
[0;36m(APIServer pid=214609)[0;0m INFO 09-25 05:31:42 [stats.py:920] | num_tokens_out                  |            51 |               0 |
[0;36m(APIServer pid=214609)[0;0m INFO 09-25 05:31:42 [stats.py:920] | output_unit_count               |            51 |          96,000 |
[0;36m(APIServer pid=214609)[0;0m INFO 09-25 05:31:42 [stats.py:920] | output_unit_type                |        stream |           audio |
[0;36m(APIServer pid=214609)[0;0m INFO 09-25 05:31:42 [stats.py:920] | serving_time_to_first_output_ms |     3,211.335 |       3,367.496 |
[0;36m(APIServer pid=214609)[0;0m INFO 09-25 05:31:42 [stats.py:920] | stage_gen_time_ms               |     3,211.257 |       3,367.384 |
[0;36m(APIServer pid=214609)[0;0m INFO 09-25 05:31:42 [stats.py:920] | time_per_output_unit_ms         |         0.002 |           0.000 |
[0;36m(APIServer pid=214609)[0;0m INFO 09-25 05:31:42 [stats.py:920] | vllm_itl_ms                     |        59.519 |       1,431.178 |
[0;36m(APIServer pid=214609)[0;0m INFO 09-25 05:31:42 [stats.py:920] | vllm_itls_ms                    | 59.519 (n=50) | 1,431.178 (n=2) |
[0;36m(APIServer pid=214609)[0;0m INFO 09-25 05:31:42 [stats.py:920] | vllm_tpot_ms                    |        59.519 |           0.000 |
[0;36m(APIServer pid=214609)[0;0m INFO 09-25 05:31:42 [stats.py:920] | vllm_ttft_ms                    |       234.215 |         506.154 |
[0;36m(APIServer pid=214609)[0;0m INFO 09-25 05:31:42 [stats.py:920] +---------------------------------+---------------+-----------------+
[0;36m(APIServer pid=214609)[0;0m INFO 09-25 05:31:42 [serving_speech.py:3646] [SpeechE2E] request_id=speech-ade2e2daffb3c57c stream=false status=ok total_ms=3376.95 response_bytes=192044
[0;36m(APIServer pid=214609)[0;0m INFO:     127.0.0.1:34846 - "POST /v1/audio/speech HTTP/1.1" 200 OK
[0;36m(APIServer pid=214609)[0;0m INFO:     127.0.0.1:34934 - "POST /v1/audio/speech HTTP/1.1" 200 OK
[0;36m(APIServer pid=214609)[0;0m INFO 09-25 05:31:42 [stats.py:811] 
[0;36m(APIServer pid=214609)[0;0m INFO 09-25 05:31:42 [stats.py:811] [Overall Summary]
[0;36m(APIServer pid=214609)[0;0m INFO 09-25 05:31:42 [stats.py:811] +-----------------------------+-----------+
[0;36m(APIServer pid=214609)[0;0m INFO 09-25 05:31:42 [stats.py:811] | Field                       |     Value |
[0;36m(APIServer pid=214609)[0;0m INFO 09-25 05:31:42 [stats.py:811] +-----------------------------+-----------+
[0;36m(APIServer pid=214609)[0;0m INFO 09-25 05:31:42 [stats.py:811] | e2e_requests                |         1 |
[0;36m(APIServer pid=214609)[0;0m INFO 09-25 05:31:42 [stats.py:811] | e2e_wall_time_ms            | 4,265.101 |
[0;36m(APIServer pid=214609)[0;0m INFO 09-25 05:31:42 [stats.py:811] | e2e_total_tokens            |       430 |
[0;36m(APIServer pid=214609)[0;0m INFO 09-25 05:31:42 [stats.py:811] | e2e_avg_time_per_request_ms | 4,265.101 |
[0;36m(APIServer pid=214609)[0;0m INFO 09-25 05:31:42 [stats.py:811] | e2e_avg_tokens_per_s        |   100.818 |
[0;36m(APIServer pid=214609)[0;0m INFO 09-25 05:31:42 [stats.py:811] | input_preprocess_time_ms    |     0.034 |
[0;36m(APIServer pid=214609)[0;0m INFO 09-25 05:31:42 [stats.py:811] | e2e_stage_0_wall_time_ms    | 4,159.933 |
[0;36m(APIServer pid=214609)[0;0m INFO 09-25 05:31:42 [stats.py:811] | e2e_stage_1_wall_time_ms    | 4,264.938 |
[0;36m(APIServer pid=214609)[0;0m INFO 09-25 05:31:42 [stats.py:811] +-----------------------------+-----------+
[0;36m(APIServer pid=214609)[0;0m INFO 09-25 05:31:42 [stats.py:837] 
[0;36m(APIServer pid=214609)[0;0m INFO 09-25 05:31:42 [stats.py:837] [RequestE2EStats [request_id=speech-a96be15227e0b326-9688d98e]]
[0;36m(APIServer pid=214609)[0;0m INFO 09-25 05:31:42 [stats.py:837] +------------------+-----------+
[0;36m(APIServer pid=214609)[0;0m INFO 09-25 05:31:42 [stats.py:837] | Field            |     Value |
[0;36m(APIServer pid=214609)[0;0m INFO 09-25 05:31:42 [stats.py:837] +------------------+-----------+
[0;36m(APIServer pid=214609)[0;0m INFO 09-25 05:31:42 [stats.py:837] | e2e_total_ms     | 4,265.019 |
[0;36m(APIServer pid=214609)[0;0m INFO 09-25 05:31:42 [stats.py:837] | e2e_total_tokens |       430 |
[0;36m(APIServer pid=214609)[0;0m INFO 09-25 05:31:42 [stats.py:837] +------------------+-----------+
[0;36m(APIServer pid=214609)[0;0m INFO 09-25 05:31:42 [stats.py:878] [OmniTiming] req=speech-a96be15227e0b326-9688d98e total=4.27s preprocess=0.00s engine=4.26s stages=[0:4.16s,1:4.26s] transfers=[0->1=0.00ms]
[0;36m(APIServer pid=214609)[0;0m INFO 09-25 05:31:42 [stats.py:920] 
[0;36m(APIServer pid=214609)[0;0m INFO 09-25 05:31:42 [stats.py:920] [StageRequestStats [request_id=speech-a96be15227e0b326-9688d98e]]
[0;36m(APIServer pid=214609)[0;0m INFO 09-25 05:31:42 [stats.py:920] +---------------------------------+---------------+-----------------+
[0;36m(APIServer pid=214609)[0;0m INFO 09-25 05:31:42 [stats.py:920] | Field                           |             0 |               1 |
[0;36m(APIServer pid=214609)[0;0m INFO 09-25 05:31:42 [stats.py:920] +---------------------------------+---------------+-----------------+
[0;36m(APIServer pid=214609)[0;0m INFO 09-25 05:31:42 [stats.py:920] | audio_duration_s                |         0.000 |           5.520 |
[0;36m(APIServer pid=214609)[0;0m INFO 09-25 05:31:42 [stats.py:920] | audio_generated_frames          |             0 |         132,480 |
[0;36m(APIServer pid=214609)[0;0m INFO 09-25 05:31:42 [stats.py:920] | audio_sample_rate               |             0 |          24,000 |
[0;36m(APIServer pid=214609)[0;0m INFO 09-25 05:31:42 [stats.py:920] | batch_id                        |         2,638 |           2,719 |
[0;36m(APIServer pid=214609)[0;0m INFO 09-25 05:31:42 [stats.py:920] | batch_size                      |             1 |               1 |
[0;36m(APIServer pid=214609)[0;0m INFO 09-25 05:31:42 [stats.py:920] | inter_output_latencies_ms       |               |                 |
[0;36m(APIServer pid=214609)[0;0m INFO 09-25 05:31:42 [stats.py:920] | num_tokens_in                   |           360 |               0 |
[0;36m(APIServer pid=214609)[0;0m INFO 09-25 05:31:42 [stats.py:920] | num_tokens_out                  |            70 |               0 |
[0;36m(APIServer pid=214609)[0;0m INFO 09-25 05:31:42 [stats.py:920] | output_unit_count               |            70 |         132,480 |
[0;36m(APIServer pid=214609)[0;0m INFO 09-25 05:31:42 [stats.py:920] | output_unit_type                |        stream |           audio |
[0;36m(APIServer pid=214609)[0;0m INFO 09-25 05:31:42 [stats.py:920] | serving_time_to_first_output_ms |     4,159.763 |       4,261.896 |
[0;36m(APIServer pid=214609)[0;0m INFO 09-25 05:31:42 [stats.py:920] | stage_gen_time_ms               |     4,159.691 |       4,261.806 |
[0;36m(APIServer pid=214609)[0;0m INFO 09-25 05:31:42 [stats.py:920] | time_per_output_unit_ms         |         0.001 |           0.000 |
[0;36m(APIServer pid=214609)[0;0m INFO 09-25 05:31:42 [stats.py:920] | vllm_itl_ms                     |        58.769 |       1,334.854 |
[0;36m(APIServer pid=214609)[0;0m INFO 09-25 05:31:42 [stats.py:920] | vllm_itls_ms                    | 58.769 (n=69) | 1,334.854 (n=3) |
[0;36m(APIServer pid=214609)[0;0m INFO 09-25 05:31:42 [stats.py:920] | vllm_tpot_ms                    |        58.769 |           0.000 |
[0;36m(APIServer pid=214609)[0;0m INFO 09-25 05:31:42 [stats.py:920] | vllm_ttft_ms                    |       103.887 |         256.582 |
[0;36m(APIServer pid=214609)[0;0m INFO 09-25 05:31:42 [stats.py:920] +---------------------------------+---------------+-----------------+
[0;36m(APIServer pid=214609)[0;0m INFO 09-25 05:31:42 [serving_speech.py:3646] [SpeechE2E] request_id=speech-a96be15227e0b326 stream=false status=ok total_ms=4273.72 response_bytes=265004
[0;36m(APIServer pid=214609)[0;0m INFO:     127.0.0.1:34876 - "POST /v1/audio/speech HTTP/1.1" 200 OK
[0;36m(APIServer pid=214609)[0;0m INFO 09-25 05:31:42 [serving_speech.py:3070] TTS speech request speech-9dec846742d7f2bc: model=Base
[0;36m(APIServer pid=214609)[0;0m INFO 09-25 05:31:42 [serving_speech.py:3100] Applied extra_params: {'temperature': 0.9, 'top_k': 50}
[0;36m(APIServer pid=214609)[0;0m INFO 09-25 05:31:42 [serving_speech.py:3070] TTS speech request speech-86ae070bc870e31b: model=Base
[0;36m(APIServer pid=214609)[0;0m INFO 09-25 05:31:42 [serving_speech.py:3100] Applied extra_params: {'temperature': 0.9, 'top_k': 50}
[0;36m(APIServer pid=214609)[0;0m INFO 09-25 05:31:42 [serving_speech.py:3070] TTS speech request speech-b9ecf1abab53e575: model=Base
[0;36m(APIServer pid=214609)[0;0m INFO 09-25 05:31:42 [serving_speech.py:3100] Applied extra_params: {'temperature': 0.9, 'top_k': 50}
[0;36m(APIServer pid=214609)[0;0m INFO 09-25 05:31:42 [stats.py:811] 
[0;36m(APIServer pid=214609)[0;0m INFO 09-25 05:31:42 [stats.py:811] [Overall Summary]
[0;36m(APIServer pid=214609)[0;0m INFO 09-25 05:31:42 [stats.py:811] +-----------------------------+-----------+
[0;36m(APIServer pid=214609)[0;0m INFO 09-25 05:31:42 [stats.py:811] | Field                       |     Value |
[0;36m(APIServer pid=214609)[0;0m INFO 09-25 05:31:42 [stats.py:811] +-----------------------------+-----------+
[0;36m(APIServer pid=214609)[0;0m INFO 09-25 05:31:42 [stats.py:811] | e2e_requests                |         1 |
[0;36m(APIServer pid=214609)[0;0m INFO 09-25 05:31:42 [stats.py:811] | e2e_wall_time_ms            | 2,891.731 |
[0;36m(APIServer pid=214609)[0;0m INFO 09-25 05:31:42 [stats.py:811] | e2e_total_tokens            |       406 |
[0;36m(APIServer pid=214609)[0;0m INFO 09-25 05:31:42 [stats.py:811] | e2e_avg_time_per_request_ms | 2,891.731 |
[0;36m(APIServer pid=214609)[0;0m INFO 09-25 05:31:42 [stats.py:811] | e2e_avg_tokens_per_s        |   140.400 |
[0;36m(APIServer pid=214609)[0;0m INFO 09-25 05:31:42 [stats.py:811] | input_preprocess_time_ms    |     0.082 |
[0;36m(APIServer pid=214609)[0;0m INFO 09-25 05:31:42 [stats.py:811] | e2e_stage_0_wall_time_ms    | 2,854.113 |
[0;36m(APIServer pid=214609)[0;0m INFO 09-25 05:31:42 [stats.py:811] | e2e_stage_1_wall_time_ms    | 2,891.191 |
[0;36m(APIServer pid=214609)[0;0m INFO 09-25 05:31:42 [stats.py:811] +-----------------------------+-----------+
[0;36m(APIServer pid=214609)[0;0m INFO 09-25 05:31:42 [stats.py:837] 
[0;36m(APIServer pid=214609)[0;0m INFO 09-25 05:31:42 [stats.py:837] [RequestE2EStats [request_id=speech-8f3019b4921ded01-9398e0ca]]
[0;36m(APIServer pid=214609)[0;0m INFO 09-25 05:31:42 [stats.py:837] +------------------+-----------+
[0;36m(APIServer pid=214609)[0;0m INFO 09-25 05:31:42 [stats.py:837] | Field            |     Value |
[0;36m(APIServer pid=214609)[0;0m INFO 09-25 05:31:42 [stats.py:837] +------------------+-----------+
[0;36m(APIServer pid=214609)[0;0m INFO 09-25 05:31:42 [stats.py:837] | e2e_total_ms     | 2,891.544 |
[0;36m(APIServer pid=214609)[0;0m INFO 09-25 05:31:42 [stats.py:837] | e2e_total_tokens |       406 |
[0;36m(APIServer pid=214609)[0;0m INFO 09-25 05:31:42 [stats.py:837] +------------------+-----------+
[0;36m(APIServer pid=214609)[0;0m INFO 09-25 05:31:42 [stats.py:878] [OmniTiming] req=speech-8f3019b4921ded01-9398e0ca total=2.89s preprocess=0.00s engine=2.89s stages=[0:2.85s,1:2.89s] transfers=[0->1=0.00ms]
[0;36m(APIServer pid=214609)[0;0m INFO 09-25 05:31:42 [stats.py:920] 
[0;36m(APIServer pid=214609)[0;0m INFO 09-25 05:31:42 [stats.py:920] [StageRequestStats [request_id=speech-8f3019b4921ded01-9398e0ca]]
[0;36m(APIServer pid=214609)[0;0m INFO 09-25 05:31:42 [stats.py:920] +---------------------------------+---------------+-----------------+
[0;36m(APIServer pid=214609)[0;0m INFO 09-25 05:31:42 [stats.py:920] | Field                           |             0 |               1 |
[0;36m(APIServer pid=214609)[0;0m INFO 09-25 05:31:42 [stats.py:920] +---------------------------------+---------------+-----------------+
[0;36m(APIServer pid=214609)[0;0m INFO 09-25 05:31:42 [stats.py:920] | audio_duration_s                |         0.000 |           3.600 |
[0;36m(APIServer pid=214609)[0;0m INFO 09-25 05:31:42 [stats.py:920] | audio_generated_frames          |             0 |          86,400 |
[0;36m(APIServer pid=214609)[0;0m INFO 09-25 05:31:42 [stats.py:920] | audio_sample_rate               |             0 |          24,000 |
[0;36m(APIServer pid=214609)[0;0m INFO 09-25 05:31:42 [stats.py:920] | batch_id                        |         2,639 |           2,720 |
[0;36m(APIServer pid=214609)[0;0m INFO 09-25 05:31:42 [stats.py:920] | batch_size                      |             1 |               1 |
[0;36m(APIServer pid=214609)[0;0m INFO 09-25 05:31:42 [stats.py:920] | inter_output_latencies_ms       |               |                 |
[0;36m(APIServer pid=214609)[0;0m INFO 09-25 05:31:42 [stats.py:920] | num_tokens_in                   |           360 |               0 |
[0;36m(APIServer pid=214609)[0;0m INFO 09-25 05:31:42 [stats.py:920] | num_tokens_out                  |            46 |               0 |
[0;36m(APIServer pid=214609)[0;0m INFO 09-25 05:31:42 [stats.py:920] | output_unit_count               |            46 |          86,400 |
[0;36m(APIServer pid=214609)[0;0m INFO 09-25 05:31:42 [stats.py:920] | output_unit_type                |        stream |           audio |
[0;36m(APIServer pid=214609)[0;0m INFO 09-25 05:31:42 [stats.py:920] | serving_time_to_first_output_ms |     2,853.851 |       2,890.949 |
[0;36m(APIServer pid=214609)[0;0m INFO 09-25 05:31:42 [stats.py:920] | stage_gen_time_ms               |     2,853.601 |       2,890.481 |
[0;36m(APIServer pid=214609)[0;0m INFO 09-25 05:31:42 [stats.py:920] | time_per_output_unit_ms         |         0.002 |           0.000 |
[0;36m(APIServer pid=214609)[0;0m INFO 09-25 05:31:42 [stats.py:920] | vllm_itl_ms                     |        59.563 |       1,242.151 |
[0;36m(APIServer pid=214609)[0;0m INFO 09-25 05:31:42 [stats.py:920] | vllm_itls_ms                    | 59.563 (n=45) | 1,242.151 (n=2) |
[0;36m(APIServer pid=214609)[0;0m INFO 09-25 05:31:42 [stats.py:920] | vllm_tpot_ms                    |        59.563 |           0.000 |
[0;36m(APIServer pid=214609)[0;0m INFO 09-25 05:31:42 [stats.py:920] | vllm_ttft_ms                    |       171.378 |         405.427 |
[0;36m(APIServer pid=214609)[0;0m INFO 09-25 05:31:42 [stats.py:920] +---------------------------------+---------------+-----------------+
[0;36m(APIServer pid=214609)[0;0m INFO 09-25 05:31:42 [serving_speech.py:3646] [SpeechE2E] request_id=speech-8f3019b4921ded01 stream=false status=ok total_ms=2900.86 response_bytes=172844
[0;36m(APIServer pid=214609)[0;0m INFO:     127.0.0.1:34892 - "POST /v1/audio/speech HTTP/1.1" 200 OK
[0;36m(APIServer pid=214609)[0;0m INFO 09-25 05:31:42 [serving_speech.py:3070] TTS speech request speech-ab9b4011bb8c81df: model=Base
[0;36m(APIServer pid=214609)[0;0m INFO 09-25 05:31:42 [serving_speech.py:3100] Applied extra_params: {'temperature': 0.9, 'top_k': 50}
[0;36m(APIServer pid=214609)[0;0m INFO 09-25 05:31:43 [stats.py:811] 
[0;36m(APIServer pid=214609)[0;0m INFO 09-25 05:31:43 [stats.py:811] [Overall Summary]
[0;36m(APIServer pid=214609)[0;0m INFO 09-25 05:31:43 [stats.py:811] +-----------------------------+-----------+
[0;36m(APIServer pid=214609)[0;0m INFO 09-25 05:31:43 [stats.py:811] | Field                       |     Value |
[0;36m(APIServer pid=214609)[0;0m INFO 09-25 05:31:43 [stats.py:811] +-----------------------------+-----------+
[0;36m(APIServer pid=214609)[0;0m INFO 09-25 05:31:43 [stats.py:811] | e2e_requests                |         1 |
[0;36m(APIServer pid=214609)[0;0m INFO 09-25 05:31:43 [stats.py:811] | e2e_wall_time_ms            | 1,670.208 |
[0;36m(APIServer pid=214609)[0;0m INFO 09-25 05:31:43 [stats.py:811] | e2e_total_tokens            |       325 |
[0;36m(APIServer pid=214609)[0;0m INFO 09-25 05:31:43 [stats.py:811] | e2e_avg_time_per_request_ms | 1,670.208 |
[0;36m(APIServer pid=214609)[0;0m INFO 09-25 05:31:43 [stats.py:811] | e2e_avg_tokens_per_s        |   194.586 |
[0;36m(APIServer pid=214609)[0;0m INFO 09-25 05:31:43 [stats.py:811] | input_preprocess_time_ms    |     0.084 |
[0;36m(APIServer pid=214609)[0;0m INFO 09-25 05:31:43 [stats.py:811] | e2e_stage_0_wall_time_ms    | 1,570.727 |
[0;36m(APIServer pid=214609)[0;0m INFO 09-25 05:31:43 [stats.py:811] | e2e_stage_1_wall_time_ms    | 1,669.804 |
[0;36m(APIServer pid=214609)[0;0m INFO 09-25 05:31:43 [stats.py:811] +-----------------------------+-----------+
[0;36m(APIServer pid=214609)[0;0m INFO 09-25 05:31:43 [stats.py:837] 
[0;36m(APIServer pid=214609)[0;0m INFO 09-25 05:31:43 [stats.py:837] [RequestE2EStats [request_id=speech-937293f43979ef50-9937c8d1]]
[0;36m(APIServer pid=214609)[0;0m INFO 09-25 05:31:43 [stats.py:837] +------------------+-----------+
[0;36m(APIServer pid=214609)[0;0m INFO 09-25 05:31:43 [stats.py:837] | Field            |     Value |
[0;36m(APIServer pid=214609)[0;0m INFO 09-25 05:31:43 [stats.py:837] +------------------+-----------+
[0;36m(APIServer pid=214609)[0;0m INFO 09-25 05:31:43 [stats.py:837] | e2e_total_ms     | 1,669.951 |
[0;36m(APIServer pid=214609)[0;0m INFO 09-25 05:31:43 [stats.py:837] | e2e_total_tokens |       325 |
[0;36m(APIServer pid=214609)[0;0m INFO 09-25 05:31:43 [stats.py:837] +------------------+-----------+
[0;36m(APIServer pid=214609)[0;0m INFO 09-25 05:31:43 [stats.py:878] [OmniTiming] req=speech-937293f43979ef50-9937c8d1 total=1.67s preprocess=0.00s engine=1.67s stages=[0:1.57s,1:1.67s] transfers=[0->1=0.00ms]
[0;36m(APIServer pid=214609)[0;0m INFO 09-25 05:31:43 [stats.py:920] 
[0;36m(APIServer pid=214609)[0;0m INFO 09-25 05:31:43 [stats.py:920] [StageRequestStats [request_id=speech-937293f43979ef50-9937c8d1]]
[0;36m(APIServer pid=214609)[0;0m INFO 09-25 05:31:43 [stats.py:920] +---------------------------------+---------------+-----------------+
[0;36m(APIServer pid=214609)[0;0m INFO 09-25 05:31:43 [stats.py:920] | Field                           |             0 |               1 |
[0;36m(APIServer pid=214609)[0;0m INFO 09-25 05:31:43 [stats.py:920] +---------------------------------+---------------+-----------------+
[0;36m(APIServer pid=214609)[0;0m INFO 09-25 05:31:43 [stats.py:920] | audio_duration_s                |         0.000 |           1.840 |
[0;36m(APIServer pid=214609)[0;0m INFO 09-25 05:31:43 [stats.py:920] | audio_generated_frames          |             0 |          44,160 |
[0;36m(APIServer pid=214609)[0;0m INFO 09-25 05:31:43 [stats.py:920] | audio_sample_rate               |             0 |          24,000 |
[0;36m(APIServer pid=214609)[0;0m INFO 09-25 05:31:43 [stats.py:920] | batch_id                        |         2,641 |           2,721 |
[0;36m(APIServer pid=214609)[0;0m INFO 09-25 05:31:43 [stats.py:920] | batch_size                      |             1 |               1 |
[0;36m(APIServer pid=214609)[0;0m INFO 09-25 05:31:43 [stats.py:920] | inter_output_latencies_ms       |               |                 |
[0;36m(APIServer pid=214609)[0;0m INFO 09-25 05:31:43 [stats.py:920] | num_tokens_in                   |           301 |               0 |
[0;36m(APIServer pid=214609)[0;0m INFO 09-25 05:31:43 [stats.py:920] | num_tokens_out                  |            24 |               0 |
[0;36m(APIServer pid=214609)[0;0m INFO 09-25 05:31:43 [stats.py:920] | output_unit_count               |            24 |          44,160 |
[0;36m(APIServer pid=214609)[0;0m INFO 09-25 05:31:43 [stats.py:920] | output_unit_type                |        stream |           audio |
[0;36m(APIServer pid=214609)[0;0m INFO 09-25 05:31:43 [stats.py:920] | serving_time_to_first_output_ms |     1,570.591 |       1,669.250 |
[0;36m(APIServer pid=214609)[0;0m INFO 09-25 05:31:43 [stats.py:920] | stage_gen_time_ms               |     1,570.384 |       1,668.956 |
[0;36m(APIServer pid=214609)[0;0m INFO 09-25 05:31:43 [stats.py:920] | time_per_output_unit_ms         |         0.005 |           0.000 |
[0;36m(APIServer pid=214609)[0;0m INFO 09-25 05:31:43 [stats.py:920] | vllm_itl_ms                     |        60.464 |       1,358.365 |
[0;36m(APIServer pid=214609)[0;0m INFO 09-25 05:31:43 [stats.py:920] | vllm_itls_ms                    | 60.464 (n=23) | 1,358.365 (n=1) |
[0;36m(APIServer pid=214609)[0;0m INFO 09-25 05:31:43 [stats.py:920] | vllm_tpot_ms                    |        60.464 |           0.000 |
[0;36m(APIServer pid=214609)[0;0m INFO 09-25 05:31:43 [stats.py:920] | vllm_ttft_ms                    |       181.537 |         310.967 |
[0;36m(APIServer pid=214609)[0;0m INFO 09-25 05:31:43 [stats.py:920] +---------------------------------+---------------+-----------------+
[0;36m(APIServer pid=214609)[0;0m INFO 09-25 05:31:43 [serving_speech.py:3646] [SpeechE2E] request_id=speech-937293f43979ef50 stream=false status=ok total_ms=1676.98 response_bytes=88364
[0;36m(APIServer pid=214609)[0;0m INFO 09-25 05:31:43 [stats.py:811] 
[0;36m(APIServer pid=214609)[0;0m INFO 09-25 05:31:43 [stats.py:811] [Overall Summary]
[0;36m(APIServer pid=214609)[0;0m INFO 09-25 05:31:43 [stats.py:811] +-----------------------------+-----------+
[0;36m(APIServer pid=214609)[0;0m INFO 09-25 05:31:43 [stats.py:811] | Field                       |     Value |
[0;36m(APIServer pid=214609)[0;0m INFO 09-25 05:31:43 [stats.py:811] +-----------------------------+-----------+
[0;36m(APIServer pid=214609)[0;0m INFO 09-25 05:31:43 [stats.py:811] | e2e_requests                |         1 |
[0;36m(APIServer pid=214609)[0;0m INFO 09-25 05:31:43 [stats.py:811] | e2e_wall_time_ms            | 3,308.064 |
[0;36m(APIServer pid=214609)[0;0m INFO 09-25 05:31:43 [stats.py:811] | e2e_total_tokens            |       412 |
[0;36m(APIServer pid=214609)[0;0m INFO 09-25 05:31:43 [stats.py:811] | e2e_avg_time_per_request_ms | 3,308.064 |
[0;36m(APIServer pid=214609)[0;0m INFO 09-25 05:31:43 [stats.py:811] | e2e_avg_tokens_per_s        |   124.544 |
[0;36m(APIServer pid=214609)[0;0m INFO 09-25 05:31:43 [stats.py:811] | input_preprocess_time_ms    |     0.045 |
[0;36m(APIServer pid=214609)[0;0m INFO 09-25 05:31:43 [stats.py:811] | e2e_stage_0_wall_time_ms    | 3,206.860 |
[0;36m(APIServer pid=214609)[0;0m INFO 09-25 05:31:43 [stats.py:811] | e2e_stage_1_wall_time_ms    | 3,307.775 |
[0;36m(APIServer pid=214609)[0;0m INFO 09-25 05:31:43 [stats.py:811] +-----------------------------+-----------+
[0;36m(APIServer pid=214609)[0;0m INFO 09-25 05:31:43 [stats.py:837] 
[0;36m(APIServer pid=214609)[0;0m INFO 09-25 05:31:43 [stats.py:837] [RequestE2EStats [request_id=speech-8fd5ece844542c60-b0be332f]]
[0;36m(APIServer pid=214609)[0;0m INFO 09-25 05:31:43 [stats.py:837] +------------------+-----------+
[0;36m(APIServer pid=214609)[0;0m INFO 09-25 05:31:43 [stats.py:837] | Field            |     Value |
[0;36m(APIServer pid=214609)[0;0m INFO 09-25 05:31:43 [stats.py:837] +------------------+-----------+
[0;36m(APIServer pid=214609)[0;0m INFO 09-25 05:31:43 [stats.py:837] | e2e_total_ms     | 3,307.961 |
[0;36m(APIServer pid=214609)[0;0m INFO 09-25 05:31:43 [stats.py:837] | e2e_total_tokens |       412 |
[0;36m(APIServer pid=214609)[0;0m INFO 09-25 05:31:43 [stats.py:837] +------------------+-----------+
[0;36m(APIServer pid=214609)[0;0m INFO 09-25 05:31:43 [stats.py:878] [OmniTiming] req=speech-8fd5ece844542c60-b0be332f total=3.31s preprocess=0.00s engine=3.31s stages=[0:3.21s,1:3.31s] transfers=[0->1=0.00ms]
[0;36m(APIServer pid=214609)[0;0m INFO 09-25 05:31:43 [stats.py:920] 
[0;36m(APIServer pid=214609)[0;0m INFO 09-25 05:31:43 [stats.py:920] [StageRequestStats [request_id=speech-8fd5ece844542c60-b0be332f]]
[0;36m(APIServer pid=214609)[0;0m INFO 09-25 05:31:43 [stats.py:920] +---------------------------------+---------------+-----------------+
[0;36m(APIServer pid=214609)[0;0m INFO 09-25 05:31:43 [stats.py:920] | Field                           |             0 |               1 |
[0;36m(APIServer pid=214609)[0;0m INFO 09-25 05:31:43 [stats.py:920] +---------------------------------+---------------+-----------------+
[0;36m(APIServer pid=214609)[0;0m INFO 09-25 05:31:43 [stats.py:920] | audio_duration_s                |         0.000 |           4.080 |
[0;36m(APIServer pid=214609)[0;0m INFO 09-25 05:31:43 [stats.py:920] | audio_generated_frames          |             0 |          97,920 |
[0;36m(APIServer pid=214609)[0;0m INFO 09-25 05:31:43 [stats.py:920] | audio_sample_rate               |             0 |          24,000 |
[0;36m(APIServer pid=214609)[0;0m INFO 09-25 05:31:43 [stats.py:920] | batch_id                        |         2,640 |           2,722 |
[0;36m(APIServer pid=214609)[0;0m INFO 09-25 05:31:43 [stats.py:920] | batch_size                      |             1 |               1 |
[0;36m(APIServer pid=214609)[0;0m INFO 09-25 05:31:43 [stats.py:920] | inter_output_latencies_ms       |               |                 |
[0;36m(APIServer pid=214609)[0;0m INFO 09-25 05:31:43 [stats.py:920] | num_tokens_in                   |           360 |               0 |
[0;36m(APIServer pid=214609)[0;0m INFO 09-25 05:31:43 [stats.py:920] | num_tokens_out                  |            52 |               0 |
[0;36m(APIServer pid=214609)[0;0m INFO 09-25 05:31:43 [stats.py:920] | output_unit_count               |            52 |          97,920 |
[0;36m(APIServer pid=214609)[0;0m INFO 09-25 05:31:43 [stats.py:920] | output_unit_type                |        stream |           audio |
[0;36m(APIServer pid=214609)[0;0m INFO 09-25 05:31:43 [stats.py:920] | serving_time_to_first_output_ms |     3,206.585 |       3,305.244 |
[0;36m(APIServer pid=214609)[0;0m INFO 09-25 05:31:43 [stats.py:920] | stage_gen_time_ms               |     3,206.432 |       3,305.131 |
[0;36m(APIServer pid=214609)[0;0m INFO 09-25 05:31:43 [stats.py:920] | time_per_output_unit_ms         |         0.001 |           0.000 |
[0;36m(APIServer pid=214609)[0;0m INFO 09-25 05:31:43 [stats.py:920] | vllm_itl_ms                     |        58.356 |       1,396.935 |
[0;36m(APIServer pid=214609)[0;0m INFO 09-25 05:31:43 [stats.py:920] | vllm_itls_ms                    | 58.356 (n=51) | 1,396.935 (n=2) |
[0;36m(APIServer pid=214609)[0;0m INFO 09-25 05:31:43 [stats.py:920] | vllm_tpot_ms                    |        58.356 |           0.000 |
[0;36m(APIServer pid=214609)[0;0m INFO 09-25 05:31:43 [stats.py:920] | vllm_ttft_ms                    |       231.620 |         511.879 |
[0;36m(APIServer pid=214609)[0;0m INFO 09-25 05:31:43 [stats.py:920] +---------------------------------+---------------+-----------------+
[0;36m(APIServer pid=214609)[0;0m INFO 09-25 05:31:43 [serving_speech.py:3646] [SpeechE2E] request_id=speech-8fd5ece844542c60 stream=false status=ok total_ms=3313.59 response_bytes=195884
[0;36m(APIServer pid=214609)[0;0m INFO:     127.0.0.1:34862 - "POST /v1/audio/speech HTTP/1.1" 200 OK
[0;36m(APIServer pid=214609)[0;0m INFO:     127.0.0.1:34932 - "POST /v1/audio/speech HTTP/1.1" 200 OK
[0;36m(APIServer pid=214609)[0;0m INFO 09-25 05:31:43 [serving_speech.py:3070] TTS speech request speech-891344f626c57268: model=Base
[0;36m(APIServer pid=214609)[0;0m INFO 09-25 05:31:43 [serving_speech.py:3100] Applied extra_params: {'temperature': 0.9, 'top_k': 50}
[0;36m(APIServer pid=214609)[0;0m INFO 09-25 05:31:43 [serving_speech.py:3070] TTS speech request speech-8923784e29f0c5c1: model=Base
[0;36m(APIServer pid=214609)[0;0m INFO 09-25 05:31:43 [serving_speech.py:3100] Applied extra_params: {'temperature': 0.9, 'top_k': 50}
[0;36m(APIServer pid=214609)[0;0m INFO 09-25 05:31:43 [stats.py:811] 
[0;36m(APIServer pid=214609)[0;0m INFO 09-25 05:31:43 [stats.py:811] [Overall Summary]
[0;36m(APIServer pid=214609)[0;0m INFO 09-25 05:31:43 [stats.py:811] +-----------------------------+-----------+
[0;36m(APIServer pid=214609)[0;0m INFO 09-25 05:31:43 [stats.py:811] | Field                       |     Value |
[0;36m(APIServer pid=214609)[0;0m INFO 09-25 05:31:43 [stats.py:811] +-----------------------------+-----------+
[0;36m(APIServer pid=214609)[0;0m INFO 09-25 05:31:43 [stats.py:811] | e2e_requests                |         1 |
[0;36m(APIServer pid=214609)[0;0m INFO 09-25 05:31:43 [stats.py:811] | e2e_wall_time_ms            | 1,941.083 |
[0;36m(APIServer pid=214609)[0;0m INFO 09-25 05:31:43 [stats.py:811] | e2e_total_tokens            |       389 |
[0;36m(APIServer pid=214609)[0;0m INFO 09-25 05:31:43 [stats.py:811] | e2e_avg_time_per_request_ms | 1,941.083 |
[0;36m(APIServer pid=214609)[0;0m INFO 09-25 05:31:43 [stats.py:811] | e2e_avg_tokens_per_s        |   200.404 |
[0;36m(APIServer pid=214609)[0;0m INFO 09-25 05:31:43 [stats.py:811] | input_preprocess_time_ms    |     0.060 |
[0;36m(APIServer pid=214609)[0;0m INFO 09-25 05:31:43 [stats.py:811] | e2e_stage_0_wall_time_ms    | 1,907.674 |
[0;36m(APIServer pid=214609)[0;0m INFO 09-25 05:31:43 [stats.py:811] | e2e_stage_1_wall_time_ms    | 1,940.771 |
[0;36m(APIServer pid=214609)[0;0m INFO 09-25 05:31:43 [stats.py:811] +-----------------------------+-----------+
[0;36m(APIServer pid=214609)[0;0m INFO 09-25 05:31:43 [stats.py:837] 
[0;36m(APIServer pid=214609)[0;0m INFO 09-25 05:31:43 [stats.py:837] [RequestE2EStats [request_id=speech-82ec6c815d14f0fb-ad757d21]]
[0;36m(APIServer pid=214609)[0;0m INFO 09-25 05:31:43 [stats.py:837] +------------------+-----------+
[0;36m(APIServer pid=214609)[0;0m INFO 09-25 05:31:43 [stats.py:837] | Field            |     Value |
[0;36m(APIServer pid=214609)[0;0m INFO 09-25 05:31:43 [stats.py:837] +------------------+-----------+
[0;36m(APIServer pid=214609)[0;0m INFO 09-25 05:31:43 [stats.py:837] | e2e_total_ms     | 1,940.951 |
[0;36m(APIServer pid=214609)[0;0m INFO 09-25 05:31:43 [stats.py:837] | e2e_total_tokens |       389 |
[0;36m(APIServer pid=214609)[0;0m INFO 09-25 05:31:43 [stats.py:837] +------------------+-----------+
[0;36m(APIServer pid=214609)[0;0m INFO 09-25 05:31:43 [stats.py:878] [OmniTiming] req=speech-82ec6c815d14f0fb-ad757d21 total=1.94s preprocess=0.00s engine=1.94s stages=[0:1.91s,1:1.94s] transfers=[0->1=0.00ms]
[0;36m(APIServer pid=214609)[0;0m INFO 09-25 05:31:43 [stats.py:920] 
[0;36m(APIServer pid=214609)[0;0m INFO 09-25 05:31:43 [stats.py:920] [StageRequestStats [request_id=speech-82ec6c815d14f0fb-ad757d21]]
[0;36m(APIServer pid=214609)[0;0m INFO 09-25 05:31:43 [stats.py:920] +---------------------------------+---------------+---------------+
[0;36m(APIServer pid=214609)[0;0m INFO 09-25 05:31:43 [stats.py:920] | Field                           |             0 |             1 |
[0;36m(APIServer pid=214609)[0;0m INFO 09-25 05:31:43 [stats.py:920] +---------------------------------+---------------+---------------+
[0;36m(APIServer pid=214609)[0;0m INFO 09-25 05:31:43 [stats.py:920] | audio_duration_s                |         0.000 |         2.240 |
[0;36m(APIServer pid=214609)[0;0m INFO 09-25 05:31:43 [stats.py:920] | audio_generated_frames          |             0 |        53,760 |
[0;36m(APIServer pid=214609)[0;0m INFO 09-25 05:31:43 [stats.py:920] | audio_sample_rate               |             0 |        24,000 |
[0;36m(APIServer pid=214609)[0;0m INFO 09-25 05:31:43 [stats.py:920] | batch_id                        |         2,642 |         2,723 |
[0;36m(APIServer pid=214609)[0;0m INFO 09-25 05:31:43 [stats.py:920] | batch_size                      |             1 |             1 |
[0;36m(APIServer pid=214609)[0;0m INFO 09-25 05:31:43 [stats.py:920] | inter_output_latencies_ms       |               |               |
[0;36m(APIServer pid=214609)[0;0m INFO 09-25 05:31:43 [stats.py:920] | num_tokens_in                   |           360 |             0 |
[0;36m(APIServer pid=214609)[0;0m INFO 09-25 05:31:43 [stats.py:920] | num_tokens_out                  |            29 |             0 |
[0;36m(APIServer pid=214609)[0;0m INFO 09-25 05:31:43 [stats.py:920] | output_unit_count               |            29 |        53,760 |
[0;36m(APIServer pid=214609)[0;0m INFO 09-25 05:31:43 [stats.py:920] | output_unit_type                |        stream |         audio |
[0;36m(APIServer pid=214609)[0;0m INFO 09-25 05:31:43 [stats.py:920] | serving_time_to_first_output_ms |     1,907.559 |     1,940.330 |
[0;36m(APIServer pid=214609)[0;0m INFO 09-25 05:31:43 [stats.py:920] | stage_gen_time_ms               |     1,907.382 |     1,940.087 |
[0;36m(APIServer pid=214609)[0;0m INFO 09-25 05:31:43 [stats.py:920] | time_per_output_unit_ms         |         0.002 |         0.000 |
[0;36m(APIServer pid=214609)[0;0m INFO 09-25 05:31:43 [stats.py:920] | vllm_itl_ms                     |        60.959 |       784.550 |
[0;36m(APIServer pid=214609)[0;0m INFO 09-25 05:31:43 [stats.py:920] | vllm_itls_ms                    | 60.959 (n=28) | 784.550 (n=2) |
[0;36m(APIServer pid=214609)[0;0m INFO 09-25 05:31:43 [stats.py:920] | vllm_tpot_ms                    |        60.959 |         0.000 |
[0;36m(APIServer pid=214609)[0;0m INFO 09-25 05:31:43 [stats.py:920] | vllm_ttft_ms                    |       201.493 |       370.756 |
[0;36m(APIServer pid=214609)[0;0m INFO 09-25 05:31:43 [stats.py:920] +---------------------------------+---------------+---------------+
[0;36m(APIServer pid=214609)[0;0m INFO 09-25 05:31:43 [serving_speech.py:3646] [SpeechE2E] request_id=speech-82ec6c815d14f0fb stream=false status=ok total_ms=1947.29 response_bytes=107564
[0;36m(APIServer pid=214609)[0;0m INFO:     127.0.0.1:34860 - "POST /v1/audio/speech HTTP/1.1" 200 OK
[0;36m(APIServer pid=214609)[0;0m INFO 09-25 05:31:43 [serving_speech.py:3070] TTS speech request speech-96362781ac32e958: model=Base
[0;36m(APIServer pid=214609)[0;0m INFO 09-25 05:31:43 [serving_speech.py:3100] Applied extra_params: {'temperature': 0.9, 'top_k': 50}
[0;36m(APIServer pid=214609)[0;0m INFO 09-25 05:31:43 [stats.py:811] 
[0;36m(APIServer pid=214609)[0;0m INFO 09-25 05:31:43 [stats.py:811] [Overall Summary]
[0;36m(APIServer pid=214609)[0;0m INFO 09-25 05:31:43 [stats.py:811] +-----------------------------+-----------+
[0;36m(APIServer pid=214609)[0;0m INFO 09-25 05:31:43 [stats.py:811] | Field                       |     Value |
[0;36m(APIServer pid=214609)[0;0m INFO 09-25 05:31:43 [stats.py:811] +-----------------------------+-----------+
[0;36m(APIServer pid=214609)[0;0m INFO 09-25 05:31:43 [stats.py:811] | e2e_requests                |         1 |
[0;36m(APIServer pid=214609)[0;0m INFO 09-25 05:31:43 [stats.py:811] | e2e_wall_time_ms            | 1,787.190 |
[0;36m(APIServer pid=214609)[0;0m INFO 09-25 05:31:43 [stats.py:811] | e2e_total_tokens            |       328 |
[0;36m(APIServer pid=214609)[0;0m INFO 09-25 05:31:43 [stats.py:811] | e2e_avg_time_per_request_ms | 1,787.190 |
[0;36m(APIServer pid=214609)[0;0m INFO 09-25 05:31:43 [stats.py:811] | e2e_avg_tokens_per_s        |   183.528 |
[0;36m(APIServer pid=214609)[0;0m INFO 09-25 05:31:43 [stats.py:811] | input_preprocess_time_ms    |     0.078 |
[0;36m(APIServer pid=214609)[0;0m INFO 09-25 05:31:43 [stats.py:811] | e2e_stage_0_wall_time_ms    | 1,751.068 |
[0;36m(APIServer pid=214609)[0;0m INFO 09-25 05:31:43 [stats.py:811] | e2e_stage_1_wall_time_ms    | 1,786.742 |
[0;36m(APIServer pid=214609)[0;0m INFO 09-25 05:31:43 [stats.py:811] +-----------------------------+-----------+
[0;36m(APIServer pid=214609)[0;0m INFO 09-25 05:31:43 [stats.py:837] 
[0;36m(APIServer pid=214609)[0;0m INFO 09-25 05:31:43 [stats.py:837] [RequestE2EStats [request_id=speech-9cf1aa1d432fb78e-847b5a35]]
[0;36m(APIServer pid=214609)[0;0m INFO 09-25 05:31:43 [stats.py:837] +------------------+-----------+
[0;36m(APIServer pid=214609)[0;0m INFO 09-25 05:31:43 [stats.py:837] | Field            |     Value |
[0;36m(APIServer pid=214609)[0;0m INFO 09-25 05:31:43 [stats.py:837] +------------------+-----------+
[0;36m(APIServer pid=214609)[0;0m INFO 09-25 05:31:43 [stats.py:837] | e2e_total_ms     | 1,787.013 |
[0;36m(APIServer pid=214609)[0;0m INFO 09-25 05:31:43 [stats.py:837] | e2e_total_tokens |       328 |
[0;36m(APIServer pid=214609)[0;0m INFO 09-25 05:31:43 [stats.py:837] +------------------+-----------+
[0;36m(APIServer pid=214609)[0;0m INFO 09-25 05:31:43 [stats.py:878] [OmniTiming] req=speech-9cf1aa1d432fb78e-847b5a35 total=1.79s preprocess=0.00s engine=1.79s stages=[0:1.75s,1:1.79s] transfers=[0->1=0.00ms]
[0;36m(APIServer pid=214609)[0;0m INFO 09-25 05:31:43 [stats.py:920] 
[0;36m(APIServer pid=214609)[0;0m INFO 09-25 05:31:43 [stats.py:920] [StageRequestStats [request_id=speech-9cf1aa1d432fb78e-847b5a35]]
[0;36m(APIServer pid=214609)[0;0m INFO 09-25 05:31:43 [stats.py:920] +---------------------------------+---------------+-----------------+
[0;36m(APIServer pid=214609)[0;0m INFO 09-25 05:31:43 [stats.py:920] | Field                           |             0 |               1 |
[0;36m(APIServer pid=214609)[0;0m INFO 09-25 05:31:43 [stats.py:920] +---------------------------------+---------------+-----------------+
[0;36m(APIServer pid=214609)[0;0m INFO 09-25 05:31:43 [stats.py:920] | audio_duration_s                |         0.000 |           2.080 |
[0;36m(APIServer pid=214609)[0;0m INFO 09-25 05:31:43 [stats.py:920] | audio_generated_frames          |             0 |          49,920 |
[0;36m(APIServer pid=214609)[0;0m INFO 09-25 05:31:43 [stats.py:920] | audio_sample_rate               |             0 |          24,000 |
[0;36m(APIServer pid=214609)[0;0m INFO 09-25 05:31:43 [stats.py:920] | batch_id                        |         2,643 |           2,724 |
[0;36m(APIServer pid=214609)[0;0m INFO 09-25 05:31:43 [stats.py:920] | batch_size                      |             1 |               1 |
[0;36m(APIServer pid=214609)[0;0m INFO 09-25 05:31:43 [stats.py:920] | inter_output_latencies_ms       |               |                 |
[0;36m(APIServer pid=214609)[0;0m INFO 09-25 05:31:43 [stats.py:920] | num_tokens_in                   |           301 |               0 |
[0;36m(APIServer pid=214609)[0;0m INFO 09-25 05:31:43 [stats.py:920] | num_tokens_out                  |            27 |               0 |
[0;36m(APIServer pid=214609)[0;0m INFO 09-25 05:31:43 [stats.py:920] | output_unit_count               |            27 |          49,920 |
[0;36m(APIServer pid=214609)[0;0m INFO 09-25 05:31:43 [stats.py:920] | output_unit_type                |        stream |           audio |
[0;36m(APIServer pid=214609)[0;0m INFO 09-25 05:31:43 [stats.py:920] | serving_time_to_first_output_ms |     1,751.103 |       1,786.436 |
[0;36m(APIServer pid=214609)[0;0m INFO 09-25 05:31:43 [stats.py:920] | stage_gen_time_ms               |     1,750.845 |       1,786.082 |
[0;36m(APIServer pid=214609)[0;0m INFO 09-25 05:31:43 [stats.py:920] | time_per_output_unit_ms         |         0.003 |           0.000 |
[0;36m(APIServer pid=214609)[0;0m INFO 09-25 05:31:43 [stats.py:920] | vllm_itl_ms                     |        58.376 |       1,222.589 |
[0;36m(APIServer pid=214609)[0;0m INFO 09-25 05:31:43 [stats.py:920] | vllm_itls_ms                    | 58.376 (n=26) | 1,222.589 (n=1) |
[0;36m(APIServer pid=214609)[0;0m INFO 09-25 05:31:43 [stats.py:920] | vllm_tpot_ms                    |        58.376 |           0.000 |
[0;36m(APIServer pid=214609)[0;0m INFO 09-25 05:31:43 [stats.py:920] | vllm_ttft_ms                    |       232.074 |         565.698 |
[0;36m(APIServer pid=214609)[0;0m INFO 09-25 05:31:43 [stats.py:920] +---------------------------------+---------------+-----------------+
[0;36m(APIServer pid=214609)[0;0m INFO 09-25 05:31:43 [serving_speech.py:3646] [SpeechE2E] request_id=speech-9cf1aa1d432fb78e stream=false status=ok total_ms=1793.99 response_bytes=99884
[0;36m(APIServer pid=214609)[0;0m INFO:     127.0.0.1:34832 - "POST /v1/audio/speech HTTP/1.1" 200 OK
[0;36m(APIServer pid=214609)[0;0m INFO 09-25 05:31:43 [serving_speech.py:3070] TTS speech request speech-aa78c619a58b1235: model=Base
[0;36m(APIServer pid=214609)[0;0m INFO 09-25 05:31:43 [serving_speech.py:3100] Applied extra_params: {'temperature': 0.9, 'top_k': 50}
[0;36m(APIServer pid=214609)[0;0m INFO 09-25 05:31:44 [stats.py:811] 
[0;36m(APIServer pid=214609)[0;0m INFO 09-25 05:31:44 [stats.py:811] [Overall Summary]
[0;36m(APIServer pid=214609)[0;0m INFO 09-25 05:31:44 [stats.py:811] +-----------------------------+-----------+
[0;36m(APIServer pid=214609)[0;0m INFO 09-25 05:31:44 [stats.py:811] | Field                       |     Value |
[0;36m(APIServer pid=214609)[0;0m INFO 09-25 05:31:44 [stats.py:811] +-----------------------------+-----------+
[0;36m(APIServer pid=214609)[0;0m INFO 09-25 05:31:44 [stats.py:811] | e2e_requests                |         1 |
[0;36m(APIServer pid=214609)[0;0m INFO 09-25 05:31:44 [stats.py:811] | e2e_wall_time_ms            | 2,771.537 |
[0;36m(APIServer pid=214609)[0;0m INFO 09-25 05:31:44 [stats.py:811] | e2e_total_tokens            |       342 |
[0;36m(APIServer pid=214609)[0;0m INFO 09-25 05:31:44 [stats.py:811] | e2e_avg_time_per_request_ms | 2,771.537 |
[0;36m(APIServer pid=214609)[0;0m INFO 09-25 05:31:44 [stats.py:811] | e2e_avg_tokens_per_s        |   123.397 |
[0;36m(APIServer pid=214609)[0;0m INFO 09-25 05:31:44 [stats.py:811] | input_preprocess_time_ms    |     0.085 |
[0;36m(APIServer pid=214609)[0;0m INFO 09-25 05:31:44 [stats.py:811] | e2e_stage_0_wall_time_ms    | 2,514.749 |
[0;36m(APIServer pid=214609)[0;0m INFO 09-25 05:31:44 [stats.py:811] | e2e_stage_1_wall_time_ms    | 2,771.137 |
[0;36m(APIServer pid=214609)[0;0m INFO 09-25 05:31:44 [stats.py:811] +-----------------------------+-----------+
[0;36m(APIServer pid=214609)[0;0m INFO 09-25 05:31:44 [stats.py:837] 
[0;36m(APIServer pid=214609)[0;0m INFO 09-25 05:31:44 [stats.py:837] [RequestE2EStats [request_id=speech-9c837829eacdaa81-8edff71a]]
[0;36m(APIServer pid=214609)[0;0m INFO 09-25 05:31:44 [stats.py:837] +------------------+-----------+
[0;36m(APIServer pid=214609)[0;0m INFO 09-25 05:31:44 [stats.py:837] | Field            |     Value |
[0;36m(APIServer pid=214609)[0;0m INFO 09-25 05:31:44 [stats.py:837] +------------------+-----------+
[0;36m(APIServer pid=214609)[0;0m INFO 09-25 05:31:44 [stats.py:837] | e2e_total_ms     | 2,771.349 |
[0;36m(APIServer pid=214609)[0;0m INFO 09-25 05:31:44 [stats.py:837] | e2e_total_tokens |       342 |
[0;36m(APIServer pid=214609)[0;0m INFO 09-25 05:31:44 [stats.py:837] +------------------+-----------+
[0;36m(APIServer pid=214609)[0;0m INFO 09-25 05:31:44 [stats.py:878] [OmniTiming] req=speech-9c837829eacdaa81-8edff71a total=2.77s preprocess=0.00s engine=2.77s stages=[0:2.51s,1:2.77s] transfers=[0->1=0.00ms]
[0;36m(APIServer pid=214609)[0;0m INFO 09-25 05:31:44 [stats.py:920] 
[0;36m(APIServer pid=214609)[0;0m INFO 09-25 05:31:44 [stats.py:920] [StageRequestStats [request_id=speech-9c837829eacdaa81-8edff71a]]
[0;36m(APIServer pid=214609)[0;0m INFO 09-25 05:31:44 [stats.py:920] +---------------------------------+---------------+-----------------+
[0;36m(APIServer pid=214609)[0;0m INFO 09-25 05:31:44 [stats.py:920] | Field                           |             0 |               1 |
[0;36m(APIServer pid=214609)[0;0m INFO 09-25 05:31:44 [stats.py:920] +---------------------------------+---------------+-----------------+
[0;36m(APIServer pid=214609)[0;0m INFO 09-25 05:31:44 [stats.py:920] | audio_duration_s                |         0.000 |           3.200 |
[0;36m(APIServer pid=214609)[0;0m INFO 09-25 05:31:44 [stats.py:920] | audio_generated_frames          |             0 |          76,800 |
[0;36m(APIServer pid=214609)[0;0m INFO 09-25 05:31:44 [stats.py:920] | audio_sample_rate               |             0 |          24,000 |
[0;36m(APIServer pid=214609)[0;0m INFO 09-25 05:31:44 [stats.py:920] | batch_id                        |         2,644 |           2,725 |
[0;36m(APIServer pid=214609)[0;0m INFO 09-25 05:31:44 [stats.py:920] | batch_size                      |             1 |               1 |
[0;36m(APIServer pid=214609)[0;0m INFO 09-25 05:31:44 [stats.py:920] | inter_output_latencies_ms       |               |                 |
[0;36m(APIServer pid=214609)[0;0m INFO 09-25 05:31:44 [stats.py:920] | num_tokens_in                   |           301 |               0 |
[0;36m(APIServer pid=214609)[0;0m INFO 09-25 05:31:44 [stats.py:920] | num_tokens_out                  |            41 |               0 |
[0;36m(APIServer pid=214609)[0;0m INFO 09-25 05:31:44 [stats.py:920] | output_unit_count               |            41 |          76,800 |
[0;36m(APIServer pid=214609)[0;0m INFO 09-25 05:31:44 [stats.py:920] | output_unit_type                |        stream |           audio |
[0;36m(APIServer pid=214609)[0;0m INFO 09-25 05:31:44 [stats.py:920] | serving_time_to_first_output_ms |     2,514.453 |       2,771.272 |
[0;36m(APIServer pid=214609)[0;0m INFO 09-25 05:31:44 [stats.py:920] | stage_gen_time_ms               |     2,514.220 |       2,770.958 |
[0;36m(APIServer pid=214609)[0;0m INFO 09-25 05:31:44 [stats.py:920] | time_per_output_unit_ms         |         0.002 |           0.000 |
[0;36m(APIServer pid=214609)[0;0m INFO 09-25 05:31:44 [stats.py:920] | vllm_itl_ms                     |        59.571 |       1,272.996 |
[0;36m(APIServer pid=214609)[0;0m INFO 09-25 05:31:44 [stats.py:920] | vllm_itls_ms                    | 59.571 (n=40) | 1,272.996 (n=2) |
[0;36m(APIServer pid=214609)[0;0m INFO 09-25 05:31:44 [stats.py:920] | vllm_tpot_ms                    |        59.571 |           0.000 |
[0;36m(APIServer pid=214609)[0;0m INFO 09-25 05:31:44 [stats.py:920] | vllm_ttft_ms                    |       132.541 |         222.647 |
[0;36m(APIServer pid=214609)[0;0m INFO 09-25 05:31:44 [stats.py:920] +---------------------------------+---------------+-----------------+
[0;36m(APIServer pid=214609)[0;0m INFO 09-25 05:31:44 [serving_speech.py:3646] [SpeechE2E] request_id=speech-9c837829eacdaa81 stream=false status=ok total_ms=2778.51 response_bytes=153644
[0;36m(APIServer pid=214609)[0;0m INFO:     127.0.0.1:42928 - "POST /v1/audio/speech HTTP/1.1" 200 OK
[0;36m(APIServer pid=214609)[0;0m INFO 09-25 05:31:44 [serving_speech.py:3070] TTS speech request speech-b7cf217aa27876cf: model=Base
[0;36m(APIServer pid=214609)[0;0m INFO 09-25 05:31:44 [serving_speech.py:3100] Applied extra_params: {'temperature': 0.9, 'top_k': 50}
[0;36m(APIServer pid=214609)[0;0m INFO 09-25 05:31:44 [stats.py:811] 
[0;36m(APIServer pid=214609)[0;0m INFO 09-25 05:31:44 [stats.py:811] [Overall Summary]
[0;36m(APIServer pid=214609)[0;0m INFO 09-25 05:31:44 [stats.py:811] +-----------------------------+-----------+
[0;36m(APIServer pid=214609)[0;0m INFO 09-25 05:31:44 [stats.py:811] | Field                       |     Value |
[0;36m(APIServer pid=214609)[0;0m INFO 09-25 05:31:44 [stats.py:811] +-----------------------------+-----------+
[0;36m(APIServer pid=214609)[0;0m INFO 09-25 05:31:44 [stats.py:811] | e2e_requests                |         1 |
[0;36m(APIServer pid=214609)[0;0m INFO 09-25 05:31:44 [stats.py:811] | e2e_wall_time_ms            | 2,103.434 |
[0;36m(APIServer pid=214609)[0;0m INFO 09-25 05:31:44 [stats.py:811] | e2e_total_tokens            |       332 |
[0;36m(APIServer pid=214609)[0;0m INFO 09-25 05:31:44 [stats.py:811] | e2e_avg_time_per_request_ms | 2,103.434 |
[0;36m(APIServer pid=214609)[0;0m INFO 09-25 05:31:44 [stats.py:811] | e2e_avg_tokens_per_s        |   157.837 |
[0;36m(APIServer pid=214609)[0;0m INFO 09-25 05:31:44 [stats.py:811] | input_preprocess_time_ms    |     0.086 |
[0;36m(APIServer pid=214609)[0;0m INFO 09-25 05:31:44 [stats.py:811] | e2e_stage_0_wall_time_ms    | 1,979.305 |
[0;36m(APIServer pid=214609)[0;0m INFO 09-25 05:31:44 [stats.py:811] | e2e_stage_1_wall_time_ms    | 2,103.111 |
[0;36m(APIServer pid=214609)[0;0m INFO 09-25 05:31:44 [stats.py:811] +-----------------------------+-----------+
[0;36m(APIServer pid=214609)[0;0m INFO 09-25 05:31:44 [stats.py:837] 
[0;36m(APIServer pid=214609)[0;0m INFO 09-25 05:31:44 [stats.py:837] [RequestE2EStats [request_id=speech-baecec56d9a547e8-a975799c]]
[0;36m(APIServer pid=214609)[0;0m INFO 09-25 05:31:44 [stats.py:837] +------------------+-----------+
[0;36m(APIServer pid=214609)[0;0m INFO 09-25 05:31:44 [stats.py:837] | Field            |     Value |
[0;36m(APIServer pid=214609)[0;0m INFO 09-25 05:31:44 [stats.py:837] +------------------+-----------+
[0;36m(APIServer pid=214609)[0;0m INFO 09-25 05:31:44 [stats.py:837] | e2e_total_ms     | 2,103.266 |
[0;36m(APIServer pid=214609)[0;0m INFO 09-25 05:31:44 [stats.py:837] | e2e_total_tokens |       332 |
[0;36m(APIServer pid=214609)[0;0m INFO 09-25 05:31:44 [stats.py:837] +------------------+-----------+
[0;36m(APIServer pid=214609)[0;0m INFO 09-25 05:31:44 [stats.py:878] [OmniTiming] req=speech-baecec56d9a547e8-a975799c total=2.10s preprocess=0.00s engine=2.10s stages=[0:1.98s,1:2.10s] transfers=[0->1=0.00ms]
[0;36m(APIServer pid=214609)[0;0m INFO 09-25 05:31:44 [stats.py:920] 
[0;36m(APIServer pid=214609)[0;0m INFO 09-25 05:31:44 [stats.py:920] [StageRequestStats [request_id=speech-baecec56d9a547e8-a975799c]]
[0;36m(APIServer pid=214609)[0;0m INFO 09-25 05:31:44 [stats.py:920] +---------------------------------+---------------+---------------+
[0;36m(APIServer pid=214609)[0;0m INFO 09-25 05:31:44 [stats.py:920] | Field                           |             0 |             1 |
[0;36m(APIServer pid=214609)[0;0m INFO 09-25 05:31:44 [stats.py:920] +---------------------------------+---------------+---------------+
[0;36m(APIServer pid=214609)[0;0m INFO 09-25 05:31:44 [stats.py:920] | audio_duration_s                |         0.000 |         2.400 |
[0;36m(APIServer pid=214609)[0;0m INFO 09-25 05:31:44 [stats.py:920] | audio_generated_frames          |             0 |        57,600 |
[0;36m(APIServer pid=214609)[0;0m INFO 09-25 05:31:44 [stats.py:920] | audio_sample_rate               |             0 |        24,000 |
[0;36m(APIServer pid=214609)[0;0m INFO 09-25 05:31:44 [stats.py:920] | batch_id                        |         2,645 |         2,726 |
[0;36m(APIServer pid=214609)[0;0m INFO 09-25 05:31:44 [stats.py:920] | batch_size                      |             1 |             1 |
[0;36m(APIServer pid=214609)[0;0m INFO 09-25 05:31:44 [stats.py:920] | inter_output_latencies_ms       |               |               |
[0;36m(APIServer pid=214609)[0;0m INFO 09-25 05:31:44 [stats.py:920] | num_tokens_in                   |           301 |             0 |
[0;36m(APIServer pid=214609)[0;0m INFO 09-25 05:31:44 [stats.py:920] | num_tokens_out                  |            31 |             0 |
[0;36m(APIServer pid=214609)[0;0m INFO 09-25 05:31:44 [stats.py:920] | output_unit_count               |            31 |        57,600 |
[0;36m(APIServer pid=214609)[0;0m INFO 09-25 05:31:44 [stats.py:920] | output_unit_type                |        stream |         audio |
[0;36m(APIServer pid=214609)[0;0m INFO 09-25 05:31:44 [stats.py:920] | serving_time_to_first_output_ms |     1,979.162 |     2,102.785 |
[0;36m(APIServer pid=214609)[0;0m INFO 09-25 05:31:44 [stats.py:920] | stage_gen_time_ms               |     1,978.973 |     2,102.549 |
[0;36m(APIServer pid=214609)[0;0m INFO 09-25 05:31:44 [stats.py:920] | time_per_output_unit_ms         |         0.002 |         0.000 |
[0;36m(APIServer pid=214609)[0;0m INFO 09-25 05:31:44 [stats.py:920] | vllm_itl_ms                     |        59.749 |       806.291 |
[0;36m(APIServer pid=214609)[0;0m INFO 09-25 05:31:44 [stats.py:920] | vllm_itls_ms                    | 59.749 (n=30) | 806.291 (n=2) |
[0;36m(APIServer pid=214609)[0;0m INFO 09-25 05:31:44 [stats.py:920] | vllm_tpot_ms                    |        59.749 |         0.000 |
[0;36m(APIServer pid=214609)[0;0m INFO 09-25 05:31:44 [stats.py:920] | vllm_ttft_ms                    |       185.427 |       489.601 |
[0;36m(APIServer pid=214609)[0;0m INFO 09-25 05:31:44 [stats.py:920] +---------------------------------+---------------+---------------+
[0;36m(APIServer pid=214609)[0;0m INFO 09-25 05:31:44 [serving_speech.py:3646] [SpeechE2E] request_id=speech-baecec56d9a547e8 stream=false status=ok total_ms=2110.15 response_bytes=115244
[0;36m(APIServer pid=214609)[0;0m INFO:     127.0.0.1:34912 - "POST /v1/audio/speech HTTP/1.1" 200 OK
[0;36m(APIServer pid=214609)[0;0m INFO 09-25 05:31:44 [stats.py:811] 
[0;36m(APIServer pid=214609)[0;0m INFO 09-25 05:31:44 [stats.py:811] [Overall Summary]
[0;36m(APIServer pid=214609)[0;0m INFO 09-25 05:31:44 [stats.py:811] +-----------------------------+-----------+
[0;36m(APIServer pid=214609)[0;0m INFO 09-25 05:31:44 [stats.py:811] | Field                       |     Value |
[0;36m(APIServer pid=214609)[0;0m INFO 09-25 05:31:44 [stats.py:811] +-----------------------------+-----------+
[0;36m(APIServer pid=214609)[0;0m INFO 09-25 05:31:44 [stats.py:811] | e2e_requests                |         1 |
[0;36m(APIServer pid=214609)[0;0m INFO 09-25 05:31:44 [stats.py:811] | e2e_wall_time_ms            | 3,435.264 |
[0;36m(APIServer pid=214609)[0;0m INFO 09-25 05:31:44 [stats.py:811] | e2e_total_tokens            |       415 |
[0;36m(APIServer pid=214609)[0;0m INFO 09-25 05:31:44 [stats.py:811] | e2e_avg_time_per_request_ms | 3,435.264 |
[0;36m(APIServer pid=214609)[0;0m INFO 09-25 05:31:44 [stats.py:811] | e2e_avg_tokens_per_s        |   120.806 |
[0;36m(APIServer pid=214609)[0;0m INFO 09-25 05:31:44 [stats.py:811] | input_preprocess_time_ms    |     0.049 |
[0;36m(APIServer pid=214609)[0;0m INFO 09-25 05:31:44 [stats.py:811] | e2e_stage_0_wall_time_ms    | 3,368.595 |
[0;36m(APIServer pid=214609)[0;0m INFO 09-25 05:31:44 [stats.py:811] | e2e_stage_1_wall_time_ms    | 3,434.634 |
[0;36m(APIServer pid=214609)[0;0m INFO 09-25 05:31:44 [stats.py:811] +-----------------------------+-----------+
[0;36m(APIServer pid=214609)[0;0m INFO 09-25 05:31:44 [stats.py:837] 
[0;36m(APIServer pid=214609)[0;0m INFO 09-25 05:31:44 [stats.py:837] [RequestE2EStats [request_id=speech-be975054a52678c8-9737ac4d]]
[0;36m(APIServer pid=214609)[0;0m INFO 09-25 05:31:44 [stats.py:837] +------------------+-----------+
[0;36m(APIServer pid=214609)[0;0m INFO 09-25 05:31:44 [stats.py:837] | Field            |     Value |
[0;36m(APIServer pid=214609)[0;0m INFO 09-25 05:31:44 [stats.py:837] +------------------+-----------+
[0;36m(APIServer pid=214609)[0;0m INFO 09-25 05:31:44 [stats.py:837] | e2e_total_ms     | 3,434.836 |
[0;36m(APIServer pid=214609)[0;0m INFO 09-25 05:31:44 [stats.py:837] | e2e_total_tokens |       415 |
[0;36m(APIServer pid=214609)[0;0m INFO 09-25 05:31:44 [stats.py:837] +------------------+-----------+
[0;36m(APIServer pid=214609)[0;0m INFO 09-25 05:31:44 [stats.py:878] [OmniTiming] req=speech-be975054a52678c8-9737ac4d total=3.43s preprocess=0.00s engine=3.43s stages=[0:3.37s,1:3.43s] transfers=[0->1=0.00ms]
[0;36m(APIServer pid=214609)[0;0m INFO 09-25 05:31:44 [stats.py:920] 
[0;36m(APIServer pid=214609)[0;0m INFO 09-25 05:31:44 [stats.py:920] [StageRequestStats [request_id=speech-be975054a52678c8-9737ac4d]]
[0;36m(APIServer pid=214609)[0;0m INFO 09-25 05:31:44 [stats.py:920] +---------------------------------+---------------+---------------+
[0;36m(APIServer pid=214609)[0;0m INFO 09-25 05:31:44 [stats.py:920] | Field                           |             0 |             1 |
[0;36m(APIServer pid=214609)[0;0m INFO 09-25 05:31:44 [stats.py:920] +---------------------------------+---------------+---------------+
[0;36m(APIServer pid=214609)[0;0m INFO 09-25 05:31:44 [stats.py:920] | audio_duration_s                |         0.000 |         4.320 |
[0;36m(APIServer pid=214609)[0;0m INFO 09-25 05:31:44 [stats.py:920] | audio_generated_frames          |             0 |       103,680 |
[0;36m(APIServer pid=214609)[0;0m INFO 09-25 05:31:44 [stats.py:920] | audio_sample_rate               |             0 |        24,000 |
[0;36m(APIServer pid=214609)[0;0m INFO 09-25 05:31:44 [stats.py:920] | batch_id                        |         2,646 |         2,727 |
[0;36m(APIServer pid=214609)[0;0m INFO 09-25 05:31:44 [stats.py:920] | batch_size                      |             1 |             1 |
[0;36m(APIServer pid=214609)[0;0m INFO 09-25 05:31:44 [stats.py:920] | inter_output_latencies_ms       |               |               |
[0;36m(APIServer pid=214609)[0;0m INFO 09-25 05:31:44 [stats.py:920] | num_tokens_in                   |           360 |             0 |
[0;36m(APIServer pid=214609)[0;0m INFO 09-25 05:31:44 [stats.py:920] | num_tokens_out                  |            55 |             0 |
[0;36m(APIServer pid=214609)[0;0m INFO 09-25 05:31:44 [stats.py:920] | output_unit_count               |            55 |       103,680 |
[0;36m(APIServer pid=214609)[0;0m INFO 09-25 05:31:44 [stats.py:920] | output_unit_type                |        stream |         audio |
[0;36m(APIServer pid=214609)[0;0m INFO 09-25 05:31:44 [stats.py:920] | serving_time_to_first_output_ms |     3,368.694 |     3,434.183 |
[0;36m(APIServer pid=214609)[0;0m INFO 09-25 05:31:44 [stats.py:920] | stage_gen_time_ms               |     3,368.251 |     3,433.615 |
[0;36m(APIServer pid=214609)[0;0m INFO 09-25 05:31:44 [stats.py:920] | time_per_output_unit_ms         |         0.001 |         0.000 |
[0;36m(APIServer pid=214609)[0;0m INFO 09-25 05:31:44 [stats.py:920] | vllm_itl_ms                     |        59.311 |       994.860 |
[0;36m(APIServer pid=214609)[0;0m INFO 09-25 05:31:44 [stats.py:920] | vllm_itls_ms                    | 59.311 (n=54) | 994.860 (n=3) |
[0;36m(APIServer pid=214609)[0;0m INFO 09-25 05:31:44 [stats.py:920] | vllm_tpot_ms                    |        59.311 |         0.000 |
[0;36m(APIServer pid=214609)[0;0m INFO 09-25 05:31:44 [stats.py:920] | vllm_ttft_ms                    |       167.931 |       446.873 |
[0;36m(APIServer pid=214609)[0;0m INFO 09-25 05:31:44 [stats.py:920] +---------------------------------+---------------+---------------+
[0;36m(APIServer pid=214609)[0;0m INFO 09-25 05:31:44 [serving_speech.py:3646] [SpeechE2E] request_id=speech-be975054a52678c8 stream=false status=ok total_ms=3442.73 response_bytes=207404
[0;36m(APIServer pid=214609)[0;0m INFO:     127.0.0.1:34936 - "POST /v1/audio/speech HTTP/1.1" 200 OK
[0;36m(APIServer pid=214609)[0;0m INFO 09-25 05:31:44 [serving_speech.py:3070] TTS speech request speech-b703d3fb950a16c8: model=Base
[0;36m(APIServer pid=214609)[0;0m INFO 09-25 05:31:44 [serving_speech.py:3100] Applied extra_params: {'temperature': 0.9, 'top_k': 50}
[0;36m(APIServer pid=214609)[0;0m INFO 09-25 05:31:44 [serving_speech.py:3070] TTS speech request speech-84ffb3470d3150ba: model=Base
[0;36m(APIServer pid=214609)[0;0m INFO 09-25 05:31:44 [serving_speech.py:3100] Applied extra_params: {'temperature': 0.9, 'top_k': 50}
[0;36m(APIServer pid=214609)[0;0m INFO 09-25 05:31:44 [stats.py:811] 
[0;36m(APIServer pid=214609)[0;0m INFO 09-25 05:31:44 [stats.py:811] [Overall Summary]
[0;36m(APIServer pid=214609)[0;0m INFO 09-25 05:31:44 [stats.py:811] +-----------------------------+-----------+
[0;36m(APIServer pid=214609)[0;0m INFO 09-25 05:31:44 [stats.py:811] | Field                       |     Value |
[0;36m(APIServer pid=214609)[0;0m INFO 09-25 05:31:44 [stats.py:811] +-----------------------------+-----------+
[0;36m(APIServer pid=214609)[0;0m INFO 09-25 05:31:44 [stats.py:811] | e2e_requests                |         1 |
[0;36m(APIServer pid=214609)[0;0m INFO 09-25 05:31:44 [stats.py:811] | e2e_wall_time_ms            | 1,605.439 |
[0;36m(APIServer pid=214609)[0;0m INFO 09-25 05:31:44 [stats.py:811] | e2e_total_tokens            |       325 |
[0;36m(APIServer pid=214609)[0;0m INFO 09-25 05:31:44 [stats.py:811] | e2e_avg_time_per_request_ms | 1,605.439 |
[0;36m(APIServer pid=214609)[0;0m INFO 09-25 05:31:44 [stats.py:811] | e2e_avg_tokens_per_s        |   202.437 |
[0;36m(APIServer pid=214609)[0;0m INFO 09-25 05:31:44 [stats.py:811] | input_preprocess_time_ms    |     0.043 |
[0;36m(APIServer pid=214609)[0;0m INFO 09-25 05:31:44 [stats.py:811] | e2e_stage_0_wall_time_ms    | 1,566.498 |
[0;36m(APIServer pid=214609)[0;0m INFO 09-25 05:31:44 [stats.py:811] | e2e_stage_1_wall_time_ms    | 1,605.223 |
[0;36m(APIServer pid=214609)[0;0m INFO 09-25 05:31:44 [stats.py:811] +-----------------------------+-----------+
[0;36m(APIServer pid=214609)[0;0m INFO 09-25 05:31:44 [stats.py:837] 
[0;36m(APIServer pid=214609)[0;0m INFO 09-25 05:31:44 [stats.py:837] [RequestE2EStats [request_id=speech-86ae070bc870e31b-a92a3e5e]]
[0;36m(APIServer pid=214609)[0;0m INFO 09-25 05:31:44 [stats.py:837] +------------------+-----------+
[0;36m(APIServer pid=214609)[0;0m INFO 09-25 05:31:44 [stats.py:837] | Field            |     Value |
[0;36m(APIServer pid=214609)[0;0m INFO 09-25 05:31:44 [stats.py:837] +------------------+-----------+
[0;36m(APIServer pid=214609)[0;0m INFO 09-25 05:31:44 [stats.py:837] | e2e_total_ms     | 1,605.342 |
[0;36m(APIServer pid=214609)[0;0m INFO 09-25 05:31:44 [stats.py:837] | e2e_total_tokens |       325 |
[0;36m(APIServer pid=214609)[0;0m INFO 09-25 05:31:44 [stats.py:837] +------------------+-----------+
[0;36m(APIServer pid=214609)[0;0m INFO 09-25 05:31:44 [stats.py:878] [OmniTiming] req=speech-86ae070bc870e31b-a92a3e5e total=1.61s preprocess=0.00s engine=1.61s stages=[0:1.57s,1:1.60s] transfers=[0->1=0.00ms]
[0;36m(APIServer pid=214609)[0;0m INFO 09-25 05:31:44 [stats.py:920] 
[0;36m(APIServer pid=214609)[0;0m INFO 09-25 05:31:44 [stats.py:920] [StageRequestStats [request_id=speech-86ae070bc870e31b-a92a3e5e]]
[0;36m(APIServer pid=214609)[0;0m INFO 09-25 05:31:44 [stats.py:920] +---------------------------------+---------------+-----------------+
[0;36m(APIServer pid=214609)[0;0m INFO 09-25 05:31:44 [stats.py:920] | Field                           |             0 |               1 |
[0;36m(APIServer pid=214609)[0;0m INFO 09-25 05:31:44 [stats.py:920] +---------------------------------+---------------+-----------------+
[0;36m(APIServer pid=214609)[0;0m INFO 09-25 05:31:44 [stats.py:920] | audio_duration_s                |         0.000 |           1.840 |
[0;36m(APIServer pid=214609)[0;0m INFO 09-25 05:31:44 [stats.py:920] | audio_generated_frames          |             0 |          44,160 |
[0;36m(APIServer pid=214609)[0;0m INFO 09-25 05:31:44 [stats.py:920] | audio_sample_rate               |             0 |          24,000 |
[0;36m(APIServer pid=214609)[0;0m INFO 09-25 05:31:44 [stats.py:920] | batch_id                        |         2,647 |           2,728 |
[0;36m(APIServer pid=214609)[0;0m INFO 09-25 05:31:44 [stats.py:920] | batch_size                      |             1 |               1 |
[0;36m(APIServer pid=214609)[0;0m INFO 09-25 05:31:44 [stats.py:920] | inter_output_latencies_ms       |               |                 |
[0;36m(APIServer pid=214609)[0;0m INFO 09-25 05:31:44 [stats.py:920] | num_tokens_in                   |           301 |               0 |
[0;36m(APIServer pid=214609)[0;0m INFO 09-25 05:31:44 [stats.py:920] | num_tokens_out                  |            24 |               0 |
[0;36m(APIServer pid=214609)[0;0m INFO 09-25 05:31:44 [stats.py:920] | output_unit_count               |            24 |          44,160 |
[0;36m(APIServer pid=214609)[0;0m INFO 09-25 05:31:44 [stats.py:920] | output_unit_type                |        stream |           audio |
[0;36m(APIServer pid=214609)[0;0m INFO 09-25 05:31:44 [stats.py:920] | serving_time_to_first_output_ms |     1,565.908 |       1,604.676 |
[0;36m(APIServer pid=214609)[0;0m INFO 09-25 05:31:44 [stats.py:920] | stage_gen_time_ms               |     1,565.781 |       1,604.543 |
[0;36m(APIServer pid=214609)[0;0m INFO 09-25 05:31:44 [stats.py:920] | time_per_output_unit_ms         |         0.002 |           0.000 |
[0;36m(APIServer pid=214609)[0;0m INFO 09-25 05:31:44 [stats.py:920] | vllm_itl_ms                     |        61.078 |       1,156.127 |
[0;36m(APIServer pid=214609)[0;0m INFO 09-25 05:31:44 [stats.py:920] | vllm_itls_ms                    | 61.078 (n=23) | 1,156.127 (n=1) |
[0;36m(APIServer pid=214609)[0;0m INFO 09-25 05:31:44 [stats.py:920] | vllm_tpot_ms                    |        61.078 |           0.000 |
[0;36m(APIServer pid=214609)[0;0m INFO 09-25 05:31:44 [stats.py:920] | vllm_ttft_ms                    |       162.001 |         445.936 |
[0;36m(APIServer pid=214609)[0;0m INFO 09-25 05:31:44 [stats.py:920] +---------------------------------+---------------+-----------------+
[0;36m(APIServer pid=214609)[0;0m INFO 09-25 05:31:44 [serving_speech.py:3646] [SpeechE2E] request_id=speech-86ae070bc870e31b stream=false status=ok total_ms=1615.80 response_bytes=88364
[0;36m(APIServer pid=214609)[0;0m INFO:     127.0.0.1:34846 - "POST /v1/audio/speech HTTP/1.1" 200 OK
[0;36m(APIServer pid=214609)[0;0m INFO 09-25 05:31:44 [serving_speech.py:3070] TTS speech request speech-a45c654992b2390d: model=Base
[0;36m(APIServer pid=214609)[0;0m INFO 09-25 05:31:44 [serving_speech.py:3100] Applied extra_params: {'temperature': 0.9, 'top_k': 50}
[0;36m(APIServer pid=214609)[0;0m INFO 09-25 05:31:44 [stats.py:811] 
[0;36m(APIServer pid=214609)[0;0m INFO 09-25 05:31:44 [stats.py:811] [Overall Summary]
[0;36m(APIServer pid=214609)[0;0m INFO 09-25 05:31:44 [stats.py:811] +-----------------------------+-----------+
[0;36m(APIServer pid=214609)[0;0m INFO 09-25 05:31:44 [stats.py:811] | Field                       |     Value |
[0;36m(APIServer pid=214609)[0;0m INFO 09-25 05:31:44 [stats.py:811] +-----------------------------+-----------+
[0;36m(APIServer pid=214609)[0;0m INFO 09-25 05:31:44 [stats.py:811] | e2e_requests                |         1 |
[0;36m(APIServer pid=214609)[0;0m INFO 09-25 05:31:44 [stats.py:811] | e2e_wall_time_ms            | 3,127.589 |
[0;36m(APIServer pid=214609)[0;0m INFO 09-25 05:31:44 [stats.py:811] | e2e_total_tokens            |       411 |
[0;36m(APIServer pid=214609)[0;0m INFO 09-25 05:31:44 [stats.py:811] | e2e_avg_time_per_request_ms | 3,127.589 |
[0;36m(APIServer pid=214609)[0;0m INFO 09-25 05:31:44 [stats.py:811] | e2e_avg_tokens_per_s        |   131.411 |
[0;36m(APIServer pid=214609)[0;0m INFO 09-25 05:31:44 [stats.py:811] | input_preprocess_time_ms    |     0.044 |
[0;36m(APIServer pid=214609)[0;0m INFO 09-25 05:31:44 [stats.py:811] | e2e_stage_0_wall_time_ms    | 3,090.957 |
[0;36m(APIServer pid=214609)[0;0m INFO 09-25 05:31:44 [stats.py:811] | e2e_stage_1_wall_time_ms    | 3,127.311 |
[0;36m(APIServer pid=214609)[0;0m INFO 09-25 05:31:44 [stats.py:811] +-----------------------------+-----------+
[0;36m(APIServer pid=214609)[0;0m INFO 09-25 05:31:44 [stats.py:837] 
[0;36m(APIServer pid=214609)[0;0m INFO 09-25 05:31:44 [stats.py:837] [RequestE2EStats [request_id=speech-abf58c0f23e5d879-b50a6c95]]
[0;36m(APIServer pid=214609)[0;0m INFO 09-25 05:31:44 [stats.py:837] +------------------+-----------+
[0;36m(APIServer pid=214609)[0;0m INFO 09-25 05:31:44 [stats.py:837] | Field            |     Value |
[0;36m(APIServer pid=214609)[0;0m INFO 09-25 05:31:44 [stats.py:837] +------------------+-----------+
[0;36m(APIServer pid=214609)[0;0m INFO 09-25 05:31:44 [stats.py:837] | e2e_total_ms     | 3,127.486 |
[0;36m(APIServer pid=214609)[0;0m INFO 09-25 05:31:44 [stats.py:837] | e2e_total_tokens |       411 |
[0;36m(APIServer pid=214609)[0;0m INFO 09-25 05:31:44 [stats.py:837] +------------------+-----------+
[0;36m(APIServer pid=214609)[0;0m INFO 09-25 05:31:44 [stats.py:878] [OmniTiming] req=speech-abf58c0f23e5d879-b50a6c95 total=3.13s preprocess=0.00s engine=3.13s stages=[0:3.09s,1:3.13s] transfers=[0->1=0.00ms]
[0;36m(APIServer pid=214609)[0;0m INFO 09-25 05:31:44 [stats.py:920] 
[0;36m(APIServer pid=214609)[0;0m INFO 09-25 05:31:44 [stats.py:920] [StageRequestStats [request_id=speech-abf58c0f23e5d879-b50a6c95]]
[0;36m(APIServer pid=214609)[0;0m INFO 09-25 05:31:44 [stats.py:920] +---------------------------------+---------------+-----------------+
[0;36m(APIServer pid=214609)[0;0m INFO 09-25 05:31:44 [stats.py:920] | Field                           |             0 |               1 |
[0;36m(APIServer pid=214609)[0;0m INFO 09-25 05:31:44 [stats.py:920] +---------------------------------+---------------+-----------------+
[0;36m(APIServer pid=214609)[0;0m INFO 09-25 05:31:44 [stats.py:920] | audio_duration_s                |         0.000 |           4.000 |
[0;36m(APIServer pid=214609)[0;0m INFO 09-25 05:31:44 [stats.py:920] | audio_generated_frames          |             0 |          96,000 |
[0;36m(APIServer pid=214609)[0;0m INFO 09-25 05:31:44 [stats.py:920] | audio_sample_rate               |             0 |          24,000 |
[0;36m(APIServer pid=214609)[0;0m INFO 09-25 05:31:44 [stats.py:920] | batch_id                        |         2,648 |           2,729 |
[0;36m(APIServer pid=214609)[0;0m INFO 09-25 05:31:44 [stats.py:920] | batch_size                      |             1 |               1 |
[0;36m(APIServer pid=214609)[0;0m INFO 09-25 05:31:44 [stats.py:920] | inter_output_latencies_ms       |               |                 |
[0;36m(APIServer pid=214609)[0;0m INFO 09-25 05:31:44 [stats.py:920] | num_tokens_in                   |           360 |               0 |
[0;36m(APIServer pid=214609)[0;0m INFO 09-25 05:31:44 [stats.py:920] | num_tokens_out                  |            51 |               0 |
[0;36m(APIServer pid=214609)[0;0m INFO 09-25 05:31:44 [stats.py:920] | output_unit_count               |            51 |          96,000 |
[0;36m(APIServer pid=214609)[0;0m INFO 09-25 05:31:44 [stats.py:920] | output_unit_type                |        stream |           audio |
[0;36m(APIServer pid=214609)[0;0m INFO 09-25 05:31:44 [stats.py:920] | serving_time_to_first_output_ms |     3,090.925 |       3,126.438 |
[0;36m(APIServer pid=214609)[0;0m INFO 09-25 05:31:44 [stats.py:920] | stage_gen_time_ms               |     3,090.782 |       3,126.242 |
[0;36m(APIServer pid=214609)[0;0m INFO 09-25 05:31:44 [stats.py:920] | time_per_output_unit_ms         |         0.001 |           0.000 |
[0;36m(APIServer pid=214609)[0;0m INFO 09-25 05:31:44 [stats.py:920] | vllm_itl_ms                     |        57.101 |       1,371.559 |
[0;36m(APIServer pid=214609)[0;0m INFO 09-25 05:31:44 [stats.py:920] | vllm_itls_ms                    | 57.101 (n=50) | 1,371.559 (n=2) |
[0;36m(APIServer pid=214609)[0;0m INFO 09-25 05:31:44 [stats.py:920] | vllm_tpot_ms                    |        57.101 |           0.000 |
[0;36m(APIServer pid=214609)[0;0m INFO 09-25 05:31:44 [stats.py:920] | vllm_ttft_ms                    |       235.828 |         384.823 |
[0;36m(APIServer pid=214609)[0;0m INFO 09-25 05:31:44 [stats.py:920] +---------------------------------+---------------+-----------------+
[0;36m(APIServer pid=214609)[0;0m INFO 09-25 05:31:44 [serving_speech.py:3646] [SpeechE2E] request_id=speech-abf58c0f23e5d879 stream=false status=ok total_ms=3134.65 response_bytes=192044
[0;36m(APIServer pid=214609)[0;0m INFO:     127.0.0.1:34838 - "POST /v1/audio/speech HTTP/1.1" 200 OK
[0;36m(APIServer pid=214609)[0;0m INFO 09-25 05:31:44 [serving_speech.py:3070] TTS speech request speech-a907eb1b74bf91b2: model=Base
[0;36m(APIServer pid=214609)[0;0m INFO 09-25 05:31:44 [serving_speech.py:3100] Applied extra_params: {'temperature': 0.9, 'top_k': 50}
[0;36m(APIServer pid=214609)[0;0m INFO 09-25 05:31:45 [stats.py:811] 
[0;36m(APIServer pid=214609)[0;0m INFO 09-25 05:31:45 [stats.py:811] [Overall Summary]
[0;36m(APIServer pid=214609)[0;0m INFO 09-25 05:31:45 [stats.py:811] +-----------------------------+-----------+
[0;36m(APIServer pid=214609)[0;0m INFO 09-25 05:31:45 [stats.py:811] | Field                       |     Value |
[0;36m(APIServer pid=214609)[0;0m INFO 09-25 05:31:45 [stats.py:811] +-----------------------------+-----------+
[0;36m(APIServer pid=214609)[0;0m INFO 09-25 05:31:45 [stats.py:811] | e2e_requests                |         1 |
[0;36m(APIServer pid=214609)[0;0m INFO 09-25 05:31:45 [stats.py:811] | e2e_wall_time_ms            | 1,778.027 |
[0;36m(APIServer pid=214609)[0;0m INFO 09-25 05:31:45 [stats.py:811] | e2e_total_tokens            |       330 |
[0;36m(APIServer pid=214609)[0;0m INFO 09-25 05:31:45 [stats.py:811] | e2e_avg_time_per_request_ms | 1,778.027 |
[0;36m(APIServer pid=214609)[0;0m INFO 09-25 05:31:45 [stats.py:811] | e2e_avg_tokens_per_s        |   185.599 |
[0;36m(APIServer pid=214609)[0;0m INFO 09-25 05:31:45 [stats.py:811] | input_preprocess_time_ms    |     0.046 |
[0;36m(APIServer pid=214609)[0;0m INFO 09-25 05:31:45 [stats.py:811] | e2e_stage_0_wall_time_ms    | 1,652.709 |
[0;36m(APIServer pid=214609)[0;0m INFO 09-25 05:31:45 [stats.py:811] | e2e_stage_1_wall_time_ms    | 1,777.807 |
[0;36m(APIServer pid=214609)[0;0m INFO 09-25 05:31:45 [stats.py:811] +-----------------------------+-----------+
[0;36m(APIServer pid=214609)[0;0m INFO 09-25 05:31:45 [stats.py:837] 
[0;36m(APIServer pid=214609)[0;0m INFO 09-25 05:31:45 [stats.py:837] [RequestE2EStats [request_id=speech-8923784e29f0c5c1-9e44bff0]]
[0;36m(APIServer pid=214609)[0;0m INFO 09-25 05:31:45 [stats.py:837] +------------------+-----------+
[0;36m(APIServer pid=214609)[0;0m INFO 09-25 05:31:45 [stats.py:837] | Field            |     Value |
[0;36m(APIServer pid=214609)[0;0m INFO 09-25 05:31:45 [stats.py:837] +------------------+-----------+
[0;36m(APIServer pid=214609)[0;0m INFO 09-25 05:31:45 [stats.py:837] | e2e_total_ms     | 1,777.913 |
[0;36m(APIServer pid=214609)[0;0m INFO 09-25 05:31:45 [stats.py:837] | e2e_total_tokens |       330 |
[0;36m(APIServer pid=214609)[0;0m INFO 09-25 05:31:45 [stats.py:837] +------------------+-----------+
[0;36m(APIServer pid=214609)[0;0m INFO 09-25 05:31:45 [stats.py:878] [OmniTiming] req=speech-8923784e29f0c5c1-9e44bff0 total=1.78s preprocess=0.00s engine=1.78s stages=[0:1.65s,1:1.78s] transfers=[0->1=0.00ms]
[0;36m(APIServer pid=214609)[0;0m INFO 09-25 05:31:45 [stats.py:920] 
[0;36m(APIServer pid=214609)[0;0m INFO 09-25 05:31:45 [stats.py:920] [StageRequestStats [request_id=speech-8923784e29f0c5c1-9e44bff0]]
[0;36m(APIServer pid=214609)[0;0m INFO 09-25 05:31:45 [stats.py:920] +---------------------------------+---------------+---------------+
[0;36m(APIServer pid=214609)[0;0m INFO 09-25 05:31:45 [stats.py:920] | Field                           |             0 |             1 |
[0;36m(APIServer pid=214609)[0;0m INFO 09-25 05:31:45 [stats.py:920] +---------------------------------+---------------+---------------+
[0;36m(APIServer pid=214609)[0;0m INFO 09-25 05:31:45 [stats.py:920] | audio_duration_s                |         0.000 |         2.240 |
[0;36m(APIServer pid=214609)[0;0m INFO 09-25 05:31:45 [stats.py:920] | audio_generated_frames          |             0 |        53,760 |
[0;36m(APIServer pid=214609)[0;0m INFO 09-25 05:31:45 [stats.py:920] | audio_sample_rate               |             0 |        24,000 |
[0;36m(APIServer pid=214609)[0;0m INFO 09-25 05:31:45 [stats.py:920] | batch_id                        |         2,649 |         2,730 |
[0;36m(APIServer pid=214609)[0;0m INFO 09-25 05:31:45 [stats.py:920] | batch_size                      |             1 |             1 |
[0;36m(APIServer pid=214609)[0;0m INFO 09-25 05:31:45 [stats.py:920] | inter_output_latencies_ms       |               |               |
[0;36m(APIServer pid=214609)[0;0m INFO 09-25 05:31:45 [stats.py:920] | num_tokens_in                   |           301 |             0 |
[0;36m(APIServer pid=214609)[0;0m INFO 09-25 05:31:45 [stats.py:920] | num_tokens_out                  |            29 |             0 |
[0;36m(APIServer pid=214609)[0;0m INFO 09-25 05:31:45 [stats.py:920] | output_unit_count               |            29 |        53,760 |
[0;36m(APIServer pid=214609)[0;0m INFO 09-25 05:31:45 [stats.py:920] | output_unit_type                |        stream |         audio |
[0;36m(APIServer pid=214609)[0;0m INFO 09-25 05:31:45 [stats.py:920] | serving_time_to_first_output_ms |     1,652.579 |     1,776.868 |
[0;36m(APIServer pid=214609)[0;0m INFO 09-25 05:31:45 [stats.py:920] | stage_gen_time_ms               |     1,652.547 |     1,776.751 |
[0;36m(APIServer pid=214609)[0;0m INFO 09-25 05:31:45 [stats.py:920] | time_per_output_unit_ms         |         0.005 |         0.000 |
[0;36m(APIServer pid=214609)[0;0m INFO 09-25 05:31:45 [stats.py:920] | vllm_itl_ms                     |        53.608 |       659.622 |
[0;36m(APIServer pid=214609)[0;0m INFO 09-25 05:31:45 [stats.py:920] | vllm_itls_ms                    | 53.608 (n=28) | 659.622 (n=2) |
[0;36m(APIServer pid=214609)[0;0m INFO 09-25 05:31:45 [stats.py:920] | vllm_tpot_ms                    |        53.608 |         0.000 |
[0;36m(APIServer pid=214609)[0;0m INFO 09-25 05:31:45 [stats.py:920] | vllm_ttft_ms                    |       152.410 |       459.794 |
[0;36m(APIServer pid=214609)[0;0m INFO 09-25 05:31:45 [stats.py:920] +---------------------------------+---------------+---------------+
[0;36m(APIServer pid=214609)[0;0m INFO 09-25 05:31:45 [serving_speech.py:3646] [SpeechE2E] request_id=speech-8923784e29f0c5c1 stream=false status=ok total_ms=1785.93 response_bytes=107564
[0;36m(APIServer pid=214609)[0;0m INFO:     127.0.0.1:34932 - "POST /v1/audio/speech HTTP/1.1" 200 OK
[0;36m(APIServer pid=214609)[0;0m INFO 09-25 05:31:45 [serving_speech.py:3070] TTS speech request speech-859bb022b8f4d4a0: model=Base
[0;36m(APIServer pid=214609)[0;0m INFO 09-25 05:31:45 [serving_speech.py:3100] Applied extra_params: {'temperature': 0.9, 'top_k': 50}
[0;36m(APIServer pid=214609)[0;0m INFO 09-25 05:31:45 [stats.py:811] 
[0;36m(APIServer pid=214609)[0;0m INFO 09-25 05:31:45 [stats.py:811] [Overall Summary]
[0;36m(APIServer pid=214609)[0;0m INFO 09-25 05:31:45 [stats.py:811] +-----------------------------+-----------+
[0;36m(APIServer pid=214609)[0;0m INFO 09-25 05:31:45 [stats.py:811] | Field                       |     Value |
[0;36m(APIServer pid=214609)[0;0m INFO 09-25 05:31:45 [stats.py:811] +-----------------------------+-----------+
[0;36m(APIServer pid=214609)[0;0m INFO 09-25 05:31:45 [stats.py:811] | e2e_requests                |         1 |
[0;36m(APIServer pid=214609)[0;0m INFO 09-25 05:31:45 [stats.py:811] | e2e_wall_time_ms            | 2,675.776 |
[0;36m(APIServer pid=214609)[0;0m INFO 09-25 05:31:45 [stats.py:811] | e2e_total_tokens            |       404 |
[0;36m(APIServer pid=214609)[0;0m INFO 09-25 05:31:45 [stats.py:811] | e2e_avg_time_per_request_ms | 2,675.776 |
[0;36m(APIServer pid=214609)[0;0m INFO 09-25 05:31:45 [stats.py:811] | e2e_avg_tokens_per_s        |   150.984 |
[0;36m(APIServer pid=214609)[0;0m INFO 09-25 05:31:45 [stats.py:811] | input_preprocess_time_ms    |     0.037 |
[0;36m(APIServer pid=214609)[0;0m INFO 09-25 05:31:45 [stats.py:811] | e2e_stage_0_wall_time_ms    | 2,461.251 |
[0;36m(APIServer pid=214609)[0;0m INFO 09-25 05:31:45 [stats.py:811] | e2e_stage_1_wall_time_ms    | 2,675.620 |
[0;36m(APIServer pid=214609)[0;0m INFO 09-25 05:31:45 [stats.py:811] +-----------------------------+-----------+
[0;36m(APIServer pid=214609)[0;0m INFO 09-25 05:31:45 [stats.py:837] 
[0;36m(APIServer pid=214609)[0;0m INFO 09-25 05:31:45 [stats.py:837] [RequestE2EStats [request_id=speech-b9ecf1abab53e575-958464de]]
[0;36m(APIServer pid=214609)[0;0m INFO 09-25 05:31:45 [stats.py:837] +------------------+-----------+
[0;36m(APIServer pid=214609)[0;0m INFO 09-25 05:31:45 [stats.py:837] | Field            |     Value |
[0;36m(APIServer pid=214609)[0;0m INFO 09-25 05:31:45 [stats.py:837] +------------------+-----------+
[0;36m(APIServer pid=214609)[0;0m INFO 09-25 05:31:45 [stats.py:837] | e2e_total_ms     | 2,675.691 |
[0;36m(APIServer pid=214609)[0;0m INFO 09-25 05:31:45 [stats.py:837] | e2e_total_tokens |       404 |
[0;36m(APIServer pid=214609)[0;0m INFO 09-25 05:31:45 [stats.py:837] +------------------+-----------+
[0;36m(APIServer pid=214609)[0;0m INFO 09-25 05:31:45 [stats.py:878] [OmniTiming] req=speech-b9ecf1abab53e575-958464de total=2.68s preprocess=0.00s engine=2.68s stages=[0:2.46s,1:2.67s] transfers=[0->1=0.00ms]
[0;36m(APIServer pid=214609)[0;0m INFO 09-25 05:31:45 [stats.py:920] 
[0;36m(APIServer pid=214609)[0;0m INFO 09-25 05:31:45 [stats.py:920] [StageRequestStats [request_id=speech-b9ecf1abab53e575-958464de]]
[0;36m(APIServer pid=214609)[0;0m INFO 09-25 05:31:45 [stats.py:920] +---------------------------------+---------------+-----------------+
[0;36m(APIServer pid=214609)[0;0m INFO 09-25 05:31:45 [stats.py:920] | Field                           |             0 |               1 |
[0;36m(APIServer pid=214609)[0;0m INFO 09-25 05:31:45 [stats.py:920] +---------------------------------+---------------+-----------------+
[0;36m(APIServer pid=214609)[0;0m INFO 09-25 05:31:45 [stats.py:920] | audio_duration_s                |         0.000 |           3.440 |
[0;36m(APIServer pid=214609)[0;0m INFO 09-25 05:31:45 [stats.py:920] | audio_generated_frames          |             0 |          82,560 |
[0;36m(APIServer pid=214609)[0;0m INFO 09-25 05:31:45 [stats.py:920] | audio_sample_rate               |             0 |          24,000 |
[0;36m(APIServer pid=214609)[0;0m INFO 09-25 05:31:45 [stats.py:920] | batch_id                        |         2,650 |           2,731 |
[0;36m(APIServer pid=214609)[0;0m INFO 09-25 05:31:45 [stats.py:920] | batch_size                      |             1 |               1 |
[0;36m(APIServer pid=214609)[0;0m INFO 09-25 05:31:45 [stats.py:920] | inter_output_latencies_ms       |               |                 |
[0;36m(APIServer pid=214609)[0;0m INFO 09-25 05:31:45 [stats.py:920] | num_tokens_in                   |           360 |               0 |
[0;36m(APIServer pid=214609)[0;0m INFO 09-25 05:31:45 [stats.py:920] | num_tokens_out                  |            44 |               0 |
[0;36m(APIServer pid=214609)[0;0m INFO 09-25 05:31:45 [stats.py:920] | output_unit_count               |            44 |          82,560 |
[0;36m(APIServer pid=214609)[0;0m INFO 09-25 05:31:45 [stats.py:920] | output_unit_type                |        stream |           audio |
[0;36m(APIServer pid=214609)[0;0m INFO 09-25 05:31:45 [stats.py:920] | serving_time_to_first_output_ms |     2,460.949 |       2,674.735 |
[0;36m(APIServer pid=214609)[0;0m INFO 09-25 05:31:45 [stats.py:920] | stage_gen_time_ms               |     2,460.889 |       2,674.664 |
[0;36m(APIServer pid=214609)[0;0m INFO 09-25 05:31:45 [stats.py:920] | time_per_output_unit_ms         |         0.001 |           0.000 |
[0;36m(APIServer pid=214609)[0;0m INFO 09-25 05:31:45 [stats.py:920] | vllm_itl_ms                     |        53.553 |       1,115.379 |
[0;36m(APIServer pid=214609)[0;0m INFO 09-25 05:31:45 [stats.py:920] | vllm_itls_ms                    | 53.553 (n=43) | 1,115.379 (n=2) |
[0;36m(APIServer pid=214609)[0;0m INFO 09-25 05:31:45 [stats.py:920] | vllm_tpot_ms                    |        53.553 |           0.000 |
[0;36m(APIServer pid=214609)[0;0m INFO 09-25 05:31:45 [stats.py:920] | vllm_ttft_ms                    |       159.179 |         443.157 |
[0;36m(APIServer pid=214609)[0;0m INFO 09-25 05:31:45 [stats.py:920] +---------------------------------+---------------+-----------------+
[0;36m(APIServer pid=214609)[0;0m INFO 09-25 05:31:45 [serving_speech.py:3646] [SpeechE2E] request_id=speech-b9ecf1abab53e575 stream=false status=ok total_ms=2685.60 response_bytes=165164
[0;36m(APIServer pid=214609)[0;0m INFO:     127.0.0.1:34876 - "POST /v1/audio/speech HTTP/1.1" 200 OK
[0;36m(APIServer pid=214609)[0;0m INFO 09-25 05:31:45 [serving_speech.py:3070] TTS speech request speech-a80b334b1fa31b78: model=Base
[0;36m(APIServer pid=214609)[0;0m INFO 09-25 05:31:45 [serving_speech.py:3100] Applied extra_params: {'temperature': 0.9, 'top_k': 50}
[0;36m(APIServer pid=214609)[0;0m INFO 09-25 05:31:45 [stats.py:811] 
[0;36m(APIServer pid=214609)[0;0m INFO 09-25 05:31:45 [stats.py:811] [Overall Summary]
[0;36m(APIServer pid=214609)[0;0m INFO 09-25 05:31:45 [stats.py:811] +-----------------------------+-----------+
[0;36m(APIServer pid=214609)[0;0m INFO 09-25 05:31:45 [stats.py:811] | Field                       |     Value |
[0;36m(APIServer pid=214609)[0;0m INFO 09-25 05:31:45 [stats.py:811] +-----------------------------+-----------+
[0;36m(APIServer pid=214609)[0;0m INFO 09-25 05:31:45 [stats.py:811] | e2e_requests                |         1 |
[0;36m(APIServer pid=214609)[0;0m INFO 09-25 05:31:45 [stats.py:811] | e2e_wall_time_ms            | 4,850.641 |
[0;36m(APIServer pid=214609)[0;0m INFO 09-25 05:31:45 [stats.py:811] | e2e_total_tokens            |       441 |
[0;36m(APIServer pid=214609)[0;0m INFO 09-25 05:31:45 [stats.py:811] | e2e_avg_time_per_request_ms | 4,850.641 |
[0;36m(APIServer pid=214609)[0;0m INFO 09-25 05:31:45 [stats.py:811] | e2e_avg_tokens_per_s        |    90.916 |
[0;36m(APIServer pid=214609)[0;0m INFO 09-25 05:31:45 [stats.py:811] | input_preprocess_time_ms    |     0.054 |
[0;36m(APIServer pid=214609)[0;0m INFO 09-25 05:31:45 [stats.py:811] | e2e_stage_0_wall_time_ms    | 4,599.882 |
[0;36m(APIServer pid=214609)[0;0m INFO 09-25 05:31:45 [stats.py:811] | e2e_stage_1_wall_time_ms    | 4,850.364 |
[0;36m(APIServer pid=214609)[0;0m INFO 09-25 05:31:45 [stats.py:811] +-----------------------------+-----------+
[0;36m(APIServer pid=214609)[0;0m INFO 09-25 05:31:45 [stats.py:837] 
[0;36m(APIServer pid=214609)[0;0m INFO 09-25 05:31:45 [stats.py:837] [RequestE2EStats [request_id=speech-aa536f30ce983c5a-b88b9fca]]
[0;36m(APIServer pid=214609)[0;0m INFO 09-25 05:31:45 [stats.py:837] +------------------+-----------+
[0;36m(APIServer pid=214609)[0;0m INFO 09-25 05:31:45 [stats.py:837] | Field            |     Value |
[0;36m(APIServer pid=214609)[0;0m INFO 09-25 05:31:45 [stats.py:837] +------------------+-----------+
[0;36m(APIServer pid=214609)[0;0m INFO 09-25 05:31:45 [stats.py:837] | e2e_total_ms     | 4,850.522 |
[0;36m(APIServer pid=214609)[0;0m INFO 09-25 05:31:45 [stats.py:837] | e2e_total_tokens |       441 |
[0;36m(APIServer pid=214609)[0;0m INFO 09-25 05:31:45 [stats.py:837] +------------------+-----------+
[0;36m(APIServer pid=214609)[0;0m INFO 09-25 05:31:45 [stats.py:878] [OmniTiming] req=speech-aa536f30ce983c5a-b88b9fca total=4.85s preprocess=0.00s engine=4.85s stages=[0:4.60s,1:4.85s] transfers=[0->1=0.00ms]
[0;36m(APIServer pid=214609)[0;0m INFO 09-25 05:31:45 [stats.py:920] 
[0;36m(APIServer pid=214609)[0;0m INFO 09-25 05:31:45 [stats.py:920] [StageRequestStats [request_id=speech-aa536f30ce983c5a-b88b9fca]]
[0;36m(APIServer pid=214609)[0;0m INFO 09-25 05:31:45 [stats.py:920] +---------------------------------+---------------+-----------------+
[0;36m(APIServer pid=214609)[0;0m INFO 09-25 05:31:45 [stats.py:920] | Field                           |             0 |               1 |
[0;36m(APIServer pid=214609)[0;0m INFO 09-25 05:31:45 [stats.py:920] +---------------------------------+---------------+-----------------+
[0;36m(APIServer pid=214609)[0;0m INFO 09-25 05:31:45 [stats.py:920] | audio_duration_s                |         0.000 |           6.400 |
[0;36m(APIServer pid=214609)[0;0m INFO 09-25 05:31:45 [stats.py:920] | audio_generated_frames          |             0 |         153,600 |
[0;36m(APIServer pid=214609)[0;0m INFO 09-25 05:31:45 [stats.py:920] | audio_sample_rate               |             0 |          24,000 |
[0;36m(APIServer pid=214609)[0;0m INFO 09-25 05:31:45 [stats.py:920] | batch_id                        |         2,651 |           2,732 |
[0;36m(APIServer pid=214609)[0;0m INFO 09-25 05:31:45 [stats.py:920] | batch_size                      |             1 |               1 |
[0;36m(APIServer pid=214609)[0;0m INFO 09-25 05:31:45 [stats.py:920] | inter_output_latencies_ms       |               |                 |
[0;36m(APIServer pid=214609)[0;0m INFO 09-25 05:31:45 [stats.py:920] | num_tokens_in                   |           360 |               0 |
[0;36m(APIServer pid=214609)[0;0m INFO 09-25 05:31:45 [stats.py:920] | num_tokens_out                  |            81 |               0 |
[0;36m(APIServer pid=214609)[0;0m INFO 09-25 05:31:45 [stats.py:920] | output_unit_count               |            81 |         153,600 |
[0;36m(APIServer pid=214609)[0;0m INFO 09-25 05:31:45 [stats.py:920] | output_unit_type                |        stream |           audio |
[0;36m(APIServer pid=214609)[0;0m INFO 09-25 05:31:45 [stats.py:920] | serving_time_to_first_output_ms |     4,599.692 |       4,850.251 |
[0;36m(APIServer pid=214609)[0;0m INFO 09-25 05:31:45 [stats.py:920] | stage_gen_time_ms               |     4,599.561 |       4,850.095 |
[0;36m(APIServer pid=214609)[0;0m INFO 09-25 05:31:45 [stats.py:920] | time_per_output_unit_ms         |         0.001 |           0.000 |
[0;36m(APIServer pid=214609)[0;0m INFO 09-25 05:31:45 [stats.py:920] | vllm_itl_ms                     |        55.393 |       1,126.921 |
[0;36m(APIServer pid=214609)[0;0m INFO 09-25 05:31:45 [stats.py:920] | vllm_itls_ms                    | 55.393 (n=80) | 1,126.921 (n=4) |
[0;36m(APIServer pid=214609)[0;0m INFO 09-25 05:31:45 [stats.py:920] | vllm_tpot_ms                    |        55.393 |           0.000 |
[0;36m(APIServer pid=214609)[0;0m INFO 09-25 05:31:45 [stats.py:920] | vllm_ttft_ms                    |       168.000 |         341.164 |
[0;36m(APIServer pid=214609)[0;0m INFO 09-25 05:31:45 [stats.py:920] +---------------------------------+---------------+-----------------+
[0;36m(APIServer pid=214609)[0;0m INFO 09-25 05:31:45 [serving_speech.py:3646] [SpeechE2E] request_id=speech-aa536f30ce983c5a stream=false status=ok total_ms=4858.13 response_bytes=307244
[0;36m(APIServer pid=214609)[0;0m INFO 09-25 05:31:45 [stats.py:811] 
[0;36m(APIServer pid=214609)[0;0m INFO 09-25 05:31:45 [stats.py:811] [Overall Summary]
[0;36m(APIServer pid=214609)[0;0m INFO 09-25 05:31:45 [stats.py:811] +-----------------------------+-----------+
[0;36m(APIServer pid=214609)[0;0m INFO 09-25 05:31:45 [stats.py:811] | Field                       |     Value |
[0;36m(APIServer pid=214609)[0;0m INFO 09-25 05:31:45 [stats.py:811] +-----------------------------+-----------+
[0;36m(APIServer pid=214609)[0;0m INFO 09-25 05:31:45 [stats.py:811] | e2e_requests                |         1 |
[0;36m(APIServer pid=214609)[0;0m INFO 09-25 05:31:45 [stats.py:811] | e2e_wall_time_ms            | 2,009.326 |
[0;36m(APIServer pid=214609)[0;0m INFO 09-25 05:31:45 [stats.py:811] | e2e_total_tokens            |       333 |
[0;36m(APIServer pid=214609)[0;0m INFO 09-25 05:31:45 [stats.py:811] | e2e_avg_time_per_request_ms | 2,009.326 |
[0;36m(APIServer pid=214609)[0;0m INFO 09-25 05:31:45 [stats.py:811] | e2e_avg_tokens_per_s        |   165.727 |
[0;36m(APIServer pid=214609)[0;0m INFO 09-25 05:31:45 [stats.py:811] | input_preprocess_time_ms    |     0.052 |
[0;36m(APIServer pid=214609)[0;0m INFO 09-25 05:31:45 [stats.py:811] | e2e_stage_0_wall_time_ms    | 1,755.262 |
[0;36m(APIServer pid=214609)[0;0m INFO 09-25 05:31:45 [stats.py:811] | e2e_stage_1_wall_time_ms    | 2,009.036 |
[0;36m(APIServer pid=214609)[0;0m INFO 09-25 05:31:45 [stats.py:811] +-----------------------------+-----------+
[0;36m(APIServer pid=214609)[0;0m INFO 09-25 05:31:45 [stats.py:837] 
[0;36m(APIServer pid=214609)[0;0m INFO 09-25 05:31:45 [stats.py:837] [RequestE2EStats [request_id=speech-aa78c619a58b1235-b4c4e6d0]]
[0;36m(APIServer pid=214609)[0;0m INFO 09-25 05:31:45 [stats.py:837] +------------------+-----------+
[0;36m(APIServer pid=214609)[0;0m INFO 09-25 05:31:45 [stats.py:837] | Field            |     Value |
[0;36m(APIServer pid=214609)[0;0m INFO 09-25 05:31:45 [stats.py:837] +------------------+-----------+
[0;36m(APIServer pid=214609)[0;0m INFO 09-25 05:31:45 [stats.py:837] | e2e_total_ms     | 2,009.210 |
[0;36m(APIServer pid=214609)[0;0m INFO 09-25 05:31:45 [stats.py:837] | e2e_total_tokens |       333 |
[0;36m(APIServer pid=214609)[0;0m INFO 09-25 05:31:45 [stats.py:837] +------------------+-----------+
[0;36m(APIServer pid=214609)[0;0m INFO 09-25 05:31:45 [stats.py:878] [OmniTiming] req=speech-aa78c619a58b1235-b4c4e6d0 total=2.01s preprocess=0.00s engine=2.01s stages=[0:1.75s,1:2.01s] transfers=[0->1=0.00ms]
[0;36m(APIServer pid=214609)[0;0m INFO 09-25 05:31:45 [stats.py:920] 
[0;36m(APIServer pid=214609)[0;0m INFO 09-25 05:31:45 [stats.py:920] [StageRequestStats [request_id=speech-aa78c619a58b1235-b4c4e6d0]]
[0;36m(APIServer pid=214609)[0;0m INFO 09-25 05:31:45 [stats.py:920] +---------------------------------+---------------+---------------+
[0;36m(APIServer pid=214609)[0;0m INFO 09-25 05:31:45 [stats.py:920] | Field                           |             0 |             1 |
[0;36m(APIServer pid=214609)[0;0m INFO 09-25 05:31:45 [stats.py:920] +---------------------------------+---------------+---------------+
[0;36m(APIServer pid=214609)[0;0m INFO 09-25 05:31:45 [stats.py:920] | audio_duration_s                |         0.000 |         2.480 |
[0;36m(APIServer pid=214609)[0;0m INFO 09-25 05:31:45 [stats.py:920] | audio_generated_frames          |             0 |        59,520 |
[0;36m(APIServer pid=214609)[0;0m INFO 09-25 05:31:45 [stats.py:920] | audio_sample_rate               |             0 |        24,000 |
[0;36m(APIServer pid=214609)[0;0m INFO 09-25 05:31:45 [stats.py:920] | batch_id                        |         2,652 |         2,733 |
[0;36m(APIServer pid=214609)[0;0m INFO 09-25 05:31:45 [stats.py:920] | batch_size                      |             1 |             1 |
[0;36m(APIServer pid=214609)[0;0m INFO 09-25 05:31:45 [stats.py:920] | inter_output_latencies_ms       |               |               |
[0;36m(APIServer pid=214609)[0;0m INFO 09-25 05:31:45 [stats.py:920] | num_tokens_in                   |           301 |             0 |
[0;36m(APIServer pid=214609)[0;0m INFO 09-25 05:31:45 [stats.py:920] | num_tokens_out                  |            32 |             0 |
[0;36m(APIServer pid=214609)[0;0m INFO 09-25 05:31:45 [stats.py:920] | output_unit_count               |            32 |        59,520 |
[0;36m(APIServer pid=214609)[0;0m INFO 09-25 05:31:45 [stats.py:920] | output_unit_type                |        stream |         audio |
[0;36m(APIServer pid=214609)[0;0m INFO 09-25 05:31:45 [stats.py:920] | serving_time_to_first_output_ms |     1,755.060 |     2,005.619 |
[0;36m(APIServer pid=214609)[0;0m INFO 09-25 05:31:45 [stats.py:920] | stage_gen_time_ms               |     1,754.947 |     2,005.519 |
[0;36m(APIServer pid=214609)[0;0m INFO 09-25 05:31:45 [stats.py:920] | time_per_output_unit_ms         |         0.003 |         0.000 |
[0;36m(APIServer pid=214609)[0;0m INFO 09-25 05:31:45 [stats.py:920] | vllm_itl_ms                     |        50.457 |       794.764 |
[0;36m(APIServer pid=214609)[0;0m INFO 09-25 05:31:45 [stats.py:920] | vllm_itls_ms                    | 50.457 (n=31) | 794.764 (n=2) |
[0;36m(APIServer pid=214609)[0;0m INFO 09-25 05:31:45 [stats.py:920] | vllm_tpot_ms                    |        50.457 |         0.000 |
[0;36m(APIServer pid=214609)[0;0m INFO 09-25 05:31:45 [stats.py:920] | vllm_ttft_ms                    |       188.615 |       412.806 |
[0;36m(APIServer pid=214609)[0;0m INFO 09-25 05:31:45 [stats.py:920] +---------------------------------+---------------+---------------+
[0;36m(APIServer pid=214609)[0;0m INFO 09-25 05:31:45 [serving_speech.py:3646] [SpeechE2E] request_id=speech-aa78c619a58b1235 stream=false status=ok total_ms=2014.85 response_bytes=119084
[0;36m(APIServer pid=214609)[0;0m INFO:     127.0.0.1:34958 - "POST /v1/audio/speech HTTP/1.1" 200 OK
[0;36m(APIServer pid=214609)[0;0m INFO:     127.0.0.1:34832 - "POST /v1/audio/speech HTTP/1.1" 200 OK
[0;36m(APIServer pid=214609)[0;0m INFO 09-25 05:31:45 [serving_speech.py:3070] TTS speech request speech-a68d03c10b7e38a3: model=Base
[0;36m(APIServer pid=214609)[0;0m INFO 09-25 05:31:45 [serving_speech.py:3100] Applied extra_params: {'temperature': 0.9, 'top_k': 50}
[0;36m(APIServer pid=214609)[0;0m INFO 09-25 05:31:45 [serving_speech.py:3070] TTS speech request speech-a5cfceaac11435de: model=Base
[0;36m(APIServer pid=214609)[0;0m INFO 09-25 05:31:45 [serving_speech.py:3100] Applied extra_params: {'temperature': 0.9, 'top_k': 50}
[0;36m(APIServer pid=214609)[0;0m INFO 09-25 05:31:45 [stats.py:811] 
[0;36m(APIServer pid=214609)[0;0m INFO 09-25 05:31:45 [stats.py:811] [Overall Summary]
[0;36m(APIServer pid=214609)[0;0m INFO 09-25 05:31:45 [stats.py:811] +-----------------------------+-----------+
[0;36m(APIServer pid=214609)[0;0m INFO 09-25 05:31:45 [stats.py:811] | Field                       |     Value |
[0;36m(APIServer pid=214609)[0;0m INFO 09-25 05:31:45 [stats.py:811] +-----------------------------+-----------+
[0;36m(APIServer pid=214609)[0;0m INFO 09-25 05:31:45 [stats.py:811] | e2e_requests                |         1 |
[0;36m(APIServer pid=214609)[0;0m INFO 09-25 05:31:45 [stats.py:811] | e2e_wall_time_ms            | 2,223.225 |
[0;36m(APIServer pid=214609)[0;0m INFO 09-25 05:31:45 [stats.py:811] | e2e_total_tokens            |       399 |
[0;36m(APIServer pid=214609)[0;0m INFO 09-25 05:31:45 [stats.py:811] | e2e_avg_time_per_request_ms | 2,223.225 |
[0;36m(APIServer pid=214609)[0;0m INFO 09-25 05:31:45 [stats.py:811] | e2e_avg_tokens_per_s        |   179.469 |
[0;36m(APIServer pid=214609)[0;0m INFO 09-25 05:31:45 [stats.py:811] | input_preprocess_time_ms    |     0.055 |
[0;36m(APIServer pid=214609)[0;0m INFO 09-25 05:31:45 [stats.py:811] | e2e_stage_0_wall_time_ms    | 2,186.528 |
[0;36m(APIServer pid=214609)[0;0m INFO 09-25 05:31:45 [stats.py:811] | e2e_stage_1_wall_time_ms    | 2,222.801 |
[0;36m(APIServer pid=214609)[0;0m INFO 09-25 05:31:45 [stats.py:811] +-----------------------------+-----------+
[0;36m(APIServer pid=214609)[0;0m INFO 09-25 05:31:45 [stats.py:837] 
[0;36m(APIServer pid=214609)[0;0m INFO 09-25 05:31:45 [stats.py:837] [RequestE2EStats [request_id=speech-96362781ac32e958-9b70c328]]
[0;36m(APIServer pid=214609)[0;0m INFO 09-25 05:31:45 [stats.py:837] +------------------+-----------+
[0;36m(APIServer pid=214609)[0;0m INFO 09-25 05:31:45 [stats.py:837] | Field            |     Value |
[0;36m(APIServer pid=214609)[0;0m INFO 09-25 05:31:45 [stats.py:837] +------------------+-----------+
[0;36m(APIServer pid=214609)[0;0m INFO 09-25 05:31:45 [stats.py:837] | e2e_total_ms     | 2,223.099 |
[0;36m(APIServer pid=214609)[0;0m INFO 09-25 05:31:45 [stats.py:837] | e2e_total_tokens |       399 |
[0;36m(APIServer pid=214609)[0;0m INFO 09-25 05:31:45 [stats.py:837] +------------------+-----------+
[0;36m(APIServer pid=214609)[0;0m INFO 09-25 05:31:45 [stats.py:878] [OmniTiming] req=speech-96362781ac32e958-9b70c328 total=2.22s preprocess=0.00s engine=2.22s stages=[0:2.19s,1:2.22s] transfers=[0->1=0.00ms]
[0;36m(APIServer pid=214609)[0;0m INFO 09-25 05:31:45 [stats.py:920] 
[0;36m(APIServer pid=214609)[0;0m INFO 09-25 05:31:45 [stats.py:920] [StageRequestStats [request_id=speech-96362781ac32e958-9b70c328]]
[0;36m(APIServer pid=214609)[0;0m INFO 09-25 05:31:45 [stats.py:920] +---------------------------------+---------------+---------------+
[0;36m(APIServer pid=214609)[0;0m INFO 09-25 05:31:45 [stats.py:920] | Field                           |             0 |             1 |
[0;36m(APIServer pid=214609)[0;0m INFO 09-25 05:31:45 [stats.py:920] +---------------------------------+---------------+---------------+
[0;36m(APIServer pid=214609)[0;0m INFO 09-25 05:31:45 [stats.py:920] | audio_duration_s                |         0.000 |         3.040 |
[0;36m(APIServer pid=214609)[0;0m INFO 09-25 05:31:45 [stats.py:920] | audio_generated_frames          |             0 |        72,960 |
[0;36m(APIServer pid=214609)[0;0m INFO 09-25 05:31:45 [stats.py:920] | audio_sample_rate               |             0 |        24,000 |
[0;36m(APIServer pid=214609)[0;0m INFO 09-25 05:31:45 [stats.py:920] | batch_id                        |         2,653 |         2,734 |
[0;36m(APIServer pid=214609)[0;0m INFO 09-25 05:31:45 [stats.py:920] | batch_size                      |             1 |             1 |
[0;36m(APIServer pid=214609)[0;0m INFO 09-25 05:31:45 [stats.py:920] | inter_output_latencies_ms       |               |               |
[0;36m(APIServer pid=214609)[0;0m INFO 09-25 05:31:45 [stats.py:920] | num_tokens_in                   |           360 |             0 |
[0;36m(APIServer pid=214609)[0;0m INFO 09-25 05:31:45 [stats.py:920] | num_tokens_out                  |            39 |             0 |
[0;36m(APIServer pid=214609)[0;0m INFO 09-25 05:31:45 [stats.py:920] | output_unit_count               |            39 |        72,960 |
[0;36m(APIServer pid=214609)[0;0m INFO 09-25 05:31:45 [stats.py:920] | output_unit_type                |        stream |         audio |
[0;36m(APIServer pid=214609)[0;0m INFO 09-25 05:31:45 [stats.py:920] | serving_time_to_first_output_ms |     2,186.399 |     2,222.861 |
[0;36m(APIServer pid=214609)[0;0m INFO 09-25 05:31:45 [stats.py:920] | stage_gen_time_ms               |     2,186.255 |     2,222.534 |
[0;36m(APIServer pid=214609)[0;0m INFO 09-25 05:31:45 [stats.py:920] | time_per_output_unit_ms         |         0.003 |         0.000 |
[0;36m(APIServer pid=214609)[0;0m INFO 09-25 05:31:45 [stats.py:920] | vllm_itl_ms                     |        53.730 |       869.194 |
[0;36m(APIServer pid=214609)[0;0m INFO 09-25 05:31:45 [stats.py:920] | vllm_itls_ms                    | 53.730 (n=38) | 869.194 (n=2) |
[0;36m(APIServer pid=214609)[0;0m INFO 09-25 05:31:45 [stats.py:920] | vllm_tpot_ms                    |        53.730 |         0.000 |
[0;36m(APIServer pid=214609)[0;0m INFO 09-25 05:31:45 [stats.py:920] | vllm_ttft_ms                    |       145.298 |       485.911 |
[0;36m(APIServer pid=214609)[0;0m INFO 09-25 05:31:45 [stats.py:920] +---------------------------------+---------------+---------------+
[0;36m(APIServer pid=214609)[0;0m INFO 09-25 05:31:45 [serving_speech.py:3646] [SpeechE2E] request_id=speech-96362781ac32e958 stream=false status=ok total_ms=2229.15 response_bytes=145964
[0;36m(APIServer pid=214609)[0;0m INFO:     127.0.0.1:34860 - "POST /v1/audio/speech HTTP/1.1" 200 OK
[0;36m(APIServer pid=214609)[0;0m INFO 09-25 05:31:45 [serving_speech.py:3070] TTS speech request speech-811f4f4358afc89f: model=Base
[0;36m(APIServer pid=214609)[0;0m INFO 09-25 05:31:45 [serving_speech.py:3100] Applied extra_params: {'temperature': 0.9, 'top_k': 50}
[0;36m(APIServer pid=214609)[0;0m INFO 09-25 05:31:46 [stats.py:811] 
[0;36m(APIServer pid=214609)[0;0m INFO 09-25 05:31:46 [stats.py:811] [Overall Summary]
[0;36m(APIServer pid=214609)[0;0m INFO 09-25 05:31:46 [stats.py:811] +-----------------------------+-----------+
[0;36m(APIServer pid=214609)[0;0m INFO 09-25 05:31:46 [stats.py:811] | Field                       |     Value |
[0;36m(APIServer pid=214609)[0;0m INFO 09-25 05:31:46 [stats.py:811] +-----------------------------+-----------+
[0;36m(APIServer pid=214609)[0;0m INFO 09-25 05:31:46 [stats.py:811] | e2e_requests                |         1 |
[0;36m(APIServer pid=214609)[0;0m INFO 09-25 05:31:46 [stats.py:811] | e2e_wall_time_ms            | 3,302.464 |
[0;36m(APIServer pid=214609)[0;0m INFO 09-25 05:31:46 [stats.py:811] | e2e_total_tokens            |       356 |
[0;36m(APIServer pid=214609)[0;0m INFO 09-25 05:31:46 [stats.py:811] | e2e_avg_time_per_request_ms | 3,302.464 |
[0;36m(APIServer pid=214609)[0;0m INFO 09-25 05:31:46 [stats.py:811] | e2e_avg_tokens_per_s        |   107.798 |
[0;36m(APIServer pid=214609)[0;0m INFO 09-25 05:31:46 [stats.py:811] | input_preprocess_time_ms    |     0.048 |
[0;36m(APIServer pid=214609)[0;0m INFO 09-25 05:31:46 [stats.py:811] | e2e_stage_0_wall_time_ms    | 3,176.930 |
[0;36m(APIServer pid=214609)[0;0m INFO 09-25 05:31:46 [stats.py:811] | e2e_stage_1_wall_time_ms    | 3,302.184 |
[0;36m(APIServer pid=214609)[0;0m INFO 09-25 05:31:46 [stats.py:811] +-----------------------------+-----------+
[0;36m(APIServer pid=214609)[0;0m INFO 09-25 05:31:46 [stats.py:837] 
[0;36m(APIServer pid=214609)[0;0m INFO 09-25 05:31:46 [stats.py:837] [RequestE2EStats [request_id=speech-ab9b4011bb8c81df-b8bfd24a]]
[0;36m(APIServer pid=214609)[0;0m INFO 09-25 05:31:46 [stats.py:837] +------------------+-----------+
[0;36m(APIServer pid=214609)[0;0m INFO 09-25 05:31:46 [stats.py:837] | Field            |     Value |
[0;36m(APIServer pid=214609)[0;0m INFO 09-25 05:31:46 [stats.py:837] +------------------+-----------+
[0;36m(APIServer pid=214609)[0;0m INFO 09-25 05:31:46 [stats.py:837] | e2e_total_ms     | 3,302.350 |
[0;36m(APIServer pid=214609)[0;0m INFO 09-25 05:31:46 [stats.py:837] | e2e_total_tokens |       356 |
[0;36m(APIServer pid=214609)[0;0m INFO 09-25 05:31:46 [stats.py:837] +------------------+-----------+
[0;36m(APIServer pid=214609)[0;0m INFO 09-25 05:31:46 [stats.py:878] [OmniTiming] req=speech-ab9b4011bb8c81df-b8bfd24a total=3.30s preprocess=0.00s engine=3.30s stages=[0:3.18s,1:3.30s] transfers=[0->1=0.00ms]
[0;36m(APIServer pid=214609)[0;0m INFO 09-25 05:31:46 [stats.py:920] 
[0;36m(APIServer pid=214609)[0;0m INFO 09-25 05:31:46 [stats.py:920] [StageRequestStats [request_id=speech-ab9b4011bb8c81df-b8bfd24a]]
[0;36m(APIServer pid=214609)[0;0m INFO 09-25 05:31:46 [stats.py:920] +---------------------------------+---------------+---------------+
[0;36m(APIServer pid=214609)[0;0m INFO 09-25 05:31:46 [stats.py:920] | Field                           |             0 |             1 |
[0;36m(APIServer pid=214609)[0;0m INFO 09-25 05:31:46 [stats.py:920] +---------------------------------+---------------+---------------+
[0;36m(APIServer pid=214609)[0;0m INFO 09-25 05:31:46 [stats.py:920] | audio_duration_s                |         0.000 |         4.320 |
[0;36m(APIServer pid=214609)[0;0m INFO 09-25 05:31:46 [stats.py:920] | audio_generated_frames          |             0 |       103,680 |
[0;36m(APIServer pid=214609)[0;0m INFO 09-25 05:31:46 [stats.py:920] | audio_sample_rate               |             0 |        24,000 |
[0;36m(APIServer pid=214609)[0;0m INFO 09-25 05:31:46 [stats.py:920] | batch_id                        |         2,654 |         2,735 |
[0;36m(APIServer pid=214609)[0;0m INFO 09-25 05:31:46 [stats.py:920] | batch_size                      |             1 |             1 |
[0;36m(APIServer pid=214609)[0;0m INFO 09-25 05:31:46 [stats.py:920] | inter_output_latencies_ms       |               |               |
[0;36m(APIServer pid=214609)[0;0m INFO 09-25 05:31:46 [stats.py:920] | num_tokens_in                   |           301 |             0 |
[0;36m(APIServer pid=214609)[0;0m INFO 09-25 05:31:46 [stats.py:920] | num_tokens_out                  |            55 |             0 |
[0;36m(APIServer pid=214609)[0;0m INFO 09-25 05:31:46 [stats.py:920] | output_unit_count               |            55 |       103,680 |
[0;36m(APIServer pid=214609)[0;0m INFO 09-25 05:31:46 [stats.py:920] | output_unit_type                |        stream |         audio |
[0;36m(APIServer pid=214609)[0;0m INFO 09-25 05:31:46 [stats.py:920] | serving_time_to_first_output_ms |     3,176.862 |     3,301.286 |
[0;36m(APIServer pid=214609)[0;0m INFO 09-25 05:31:46 [stats.py:920] | stage_gen_time_ms               |     3,176.730 |     3,301.100 |
[0;36m(APIServer pid=214609)[0;0m INFO 09-25 05:31:46 [stats.py:920] | time_per_output_unit_ms         |         0.001 |         0.000 |
[0;36m(APIServer pid=214609)[0;0m INFO 09-25 05:31:46 [stats.py:920] | vllm_itl_ms                     |        55.661 |       962.482 |
[0;36m(APIServer pid=214609)[0;0m INFO 09-25 05:31:46 [stats.py:920] | vllm_itls_ms                    | 55.661 (n=54) | 962.482 (n=3) |
[0;36m(APIServer pid=214609)[0;0m INFO 09-25 05:31:46 [stats.py:920] | vllm_tpot_ms                    |        55.661 |         0.000 |
[0;36m(APIServer pid=214609)[0;0m INFO 09-25 05:31:46 [stats.py:920] | vllm_ttft_ms                    |       168.907 |       412.452 |
[0;36m(APIServer pid=214609)[0;0m INFO 09-25 05:31:46 [stats.py:920] +---------------------------------+---------------+---------------+
[0;36m(APIServer pid=214609)[0;0m INFO 09-25 05:31:46 [serving_speech.py:3646] [SpeechE2E] request_id=speech-ab9b4011bb8c81df stream=false status=ok total_ms=3308.15 response_bytes=207404
[0;36m(APIServer pid=214609)[0;0m INFO:     127.0.0.1:34892 - "POST /v1/audio/speech HTTP/1.1" 200 OK
[0;36m(APIServer pid=214609)[0;0m INFO 09-25 05:31:46 [stats.py:811] 
[0;36m(APIServer pid=214609)[0;0m INFO 09-25 05:31:46 [stats.py:811] [Overall Summary]
[0;36m(APIServer pid=214609)[0;0m INFO 09-25 05:31:46 [stats.py:811] +-----------------------------+-----------+
[0;36m(APIServer pid=214609)[0;0m INFO 09-25 05:31:46 [stats.py:811] | Field                       |     Value |
[0;36m(APIServer pid=214609)[0;0m INFO 09-25 05:31:46 [stats.py:811] +-----------------------------+-----------+
[0;36m(APIServer pid=214609)[0;0m INFO 09-25 05:31:46 [stats.py:811] | e2e_requests                |         1 |
[0;36m(APIServer pid=214609)[0;0m INFO 09-25 05:31:46 [stats.py:811] | e2e_wall_time_ms            | 3,789.373 |
[0;36m(APIServer pid=214609)[0;0m INFO 09-25 05:31:46 [stats.py:811] | e2e_total_tokens            |       425 |
[0;36m(APIServer pid=214609)[0;0m INFO 09-25 05:31:46 [stats.py:811] | e2e_avg_time_per_request_ms | 3,789.373 |
[0;36m(APIServer pid=214609)[0;0m INFO 09-25 05:31:46 [stats.py:811] | e2e_avg_tokens_per_s        |   112.156 |
[0;36m(APIServer pid=214609)[0;0m INFO 09-25 05:31:46 [stats.py:811] | input_preprocess_time_ms    |     0.058 |
[0;36m(APIServer pid=214609)[0;0m INFO 09-25 05:31:46 [stats.py:811] | e2e_stage_0_wall_time_ms    | 3,722.254 |
[0;36m(APIServer pid=214609)[0;0m INFO 09-25 05:31:46 [stats.py:811] | e2e_stage_1_wall_time_ms    | 3,789.071 |
[0;36m(APIServer pid=214609)[0;0m INFO 09-25 05:31:46 [stats.py:811] +-----------------------------+-----------+
[0;36m(APIServer pid=214609)[0;0m INFO 09-25 05:31:46 [stats.py:837] 
[0;36m(APIServer pid=214609)[0;0m INFO 09-25 05:31:46 [stats.py:837] [RequestE2EStats [request_id=speech-88646ee3c1bc2bc5-b5051aee]]
[0;36m(APIServer pid=214609)[0;0m INFO 09-25 05:31:46 [stats.py:837] +------------------+-----------+
[0;36m(APIServer pid=214609)[0;0m INFO 09-25 05:31:46 [stats.py:837] | Field            |     Value |
[0;36m(APIServer pid=214609)[0;0m INFO 09-25 05:31:46 [stats.py:837] +------------------+-----------+
[0;36m(APIServer pid=214609)[0;0m INFO 09-25 05:31:46 [stats.py:837] | e2e_total_ms     | 3,789.248 |
[0;36m(APIServer pid=214609)[0;0m INFO 09-25 05:31:46 [stats.py:837] | e2e_total_tokens |       425 |
[0;36m(APIServer pid=214609)[0;0m INFO 09-25 05:31:46 [stats.py:837] +------------------+-----------+
[0;36m(APIServer pid=214609)[0;0m INFO 09-25 05:31:46 [stats.py:878] [OmniTiming] req=speech-88646ee3c1bc2bc5-b5051aee total=3.79s preprocess=0.00s engine=3.79s stages=[0:3.72s,1:3.79s] transfers=[0->1=0.00ms]
[0;36m(APIServer pid=214609)[0;0m INFO 09-25 05:31:46 [stats.py:920] 
[0;36m(APIServer pid=214609)[0;0m INFO 09-25 05:31:46 [stats.py:920] [StageRequestStats [request_id=speech-88646ee3c1bc2bc5-b5051aee]]
[0;36m(APIServer pid=214609)[0;0m INFO 09-25 05:31:46 [stats.py:920] +---------------------------------+---------------+-----------------+
[0;36m(APIServer pid=214609)[0;0m INFO 09-25 05:31:46 [stats.py:920] | Field                           |             0 |               1 |
[0;36m(APIServer pid=214609)[0;0m INFO 09-25 05:31:46 [stats.py:920] +---------------------------------+---------------+-----------------+
[0;36m(APIServer pid=214609)[0;0m INFO 09-25 05:31:46 [stats.py:920] | audio_duration_s                |         0.000 |           5.120 |
[0;36m(APIServer pid=214609)[0;0m INFO 09-25 05:31:46 [stats.py:920] | audio_generated_frames          |             0 |         122,880 |
[0;36m(APIServer pid=214609)[0;0m INFO 09-25 05:31:46 [stats.py:920] | audio_sample_rate               |             0 |          24,000 |
[0;36m(APIServer pid=214609)[0;0m INFO 09-25 05:31:46 [stats.py:920] | batch_id                        |         2,655 |           2,736 |
[0;36m(APIServer pid=214609)[0;0m INFO 09-25 05:31:46 [stats.py:920] | batch_size                      |             1 |               1 |
[0;36m(APIServer pid=214609)[0;0m INFO 09-25 05:31:46 [stats.py:920] | inter_output_latencies_ms       |               |                 |
[0;36m(APIServer pid=214609)[0;0m INFO 09-25 05:31:46 [stats.py:920] | num_tokens_in                   |           360 |               0 |
[0;36m(APIServer pid=214609)[0;0m INFO 09-25 05:31:46 [stats.py:920] | num_tokens_out                  |            65 |               0 |
[0;36m(APIServer pid=214609)[0;0m INFO 09-25 05:31:46 [stats.py:920] | output_unit_count               |            65 |         122,880 |
[0;36m(APIServer pid=214609)[0;0m INFO 09-25 05:31:46 [stats.py:920] | output_unit_type                |        stream |           audio |
[0;36m(APIServer pid=214609)[0;0m INFO 09-25 05:31:46 [stats.py:920] | serving_time_to_first_output_ms |     3,722.058 |       3,787.494 |
[0;36m(APIServer pid=214609)[0;0m INFO 09-25 05:31:46 [stats.py:920] | stage_gen_time_ms               |     3,721.909 |       3,787.264 |
[0;36m(APIServer pid=214609)[0;0m INFO 09-25 05:31:46 [stats.py:920] | time_per_output_unit_ms         |         0.001 |           0.000 |
[0;36m(APIServer pid=214609)[0;0m INFO 09-25 05:31:46 [stats.py:920] | vllm_itl_ms                     |        55.734 |       1,175.463 |
[0;36m(APIServer pid=214609)[0;0m INFO 09-25 05:31:46 [stats.py:920] | vllm_itls_ms                    | 55.734 (n=64) | 1,175.463 (n=3) |
[0;36m(APIServer pid=214609)[0;0m INFO 09-25 05:31:46 [stats.py:920] | vllm_tpot_ms                    |        55.734 |           0.000 |
[0;36m(APIServer pid=214609)[0;0m INFO 09-25 05:31:46 [stats.py:920] | vllm_ttft_ms                    |       157.212 |         258.738 |
[0;36m(APIServer pid=214609)[0;0m INFO 09-25 05:31:46 [stats.py:920] +---------------------------------+---------------+-----------------+
[0;36m(APIServer pid=214609)[0;0m INFO 09-25 05:31:46 [serving_speech.py:3646] [SpeechE2E] request_id=speech-88646ee3c1bc2bc5 stream=false status=ok total_ms=3795.51 response_bytes=245804
[0;36m(APIServer pid=214609)[0;0m INFO:     127.0.0.1:34952 - "POST /v1/audio/speech HTTP/1.1" 200 OK
[0;36m(APIServer pid=214609)[0;0m INFO 09-25 05:31:46 [serving_speech.py:3070] TTS speech request speech-a90004e88c6e4c2d: model=Base
[0;36m(APIServer pid=214609)[0;0m INFO 09-25 05:31:46 [serving_speech.py:3100] Applied extra_params: {'temperature': 0.9, 'top_k': 50}
[0;36m(APIServer pid=214609)[0;0m INFO 09-25 05:31:46 [serving_speech.py:3070] TTS speech request speech-b254e0d704b3e277: model=Base
[0;36m(APIServer pid=214609)[0;0m INFO 09-25 05:31:46 [serving_speech.py:3100] Applied extra_params: {'temperature': 0.9, 'top_k': 50}
[0;36m(APIServer pid=214609)[0;0m INFO 09-25 05:31:46 [stats.py:811] 
[0;36m(APIServer pid=214609)[0;0m INFO 09-25 05:31:46 [stats.py:811] [Overall Summary]
[0;36m(APIServer pid=214609)[0;0m INFO 09-25 05:31:46 [stats.py:811] +-----------------------------+-----------+
[0;36m(APIServer pid=214609)[0;0m INFO 09-25 05:31:46 [stats.py:811] | Field                       |     Value |
[0;36m(APIServer pid=214609)[0;0m INFO 09-25 05:31:46 [stats.py:811] +-----------------------------+-----------+
[0;36m(APIServer pid=214609)[0;0m INFO 09-25 05:31:46 [stats.py:811] | e2e_requests                |         1 |
[0;36m(APIServer pid=214609)[0;0m INFO 09-25 05:31:46 [stats.py:811] | e2e_wall_time_ms            | 3,766.429 |
[0;36m(APIServer pid=214609)[0;0m INFO 09-25 05:31:46 [stats.py:811] | e2e_total_tokens            |       367 |
[0;36m(APIServer pid=214609)[0;0m INFO 09-25 05:31:46 [stats.py:811] | e2e_avg_time_per_request_ms | 3,766.429 |
[0;36m(APIServer pid=214609)[0;0m INFO 09-25 05:31:46 [stats.py:811] | e2e_avg_tokens_per_s        |    97.440 |
[0;36m(APIServer pid=214609)[0;0m INFO 09-25 05:31:46 [stats.py:811] | input_preprocess_time_ms    |     0.054 |
[0;36m(APIServer pid=214609)[0;0m INFO 09-25 05:31:46 [stats.py:811] | e2e_stage_0_wall_time_ms    | 3,729.901 |
[0;36m(APIServer pid=214609)[0;0m INFO 09-25 05:31:46 [stats.py:811] | e2e_stage_1_wall_time_ms    | 3,766.066 |
[0;36m(APIServer pid=214609)[0;0m INFO 09-25 05:31:46 [stats.py:811] +-----------------------------+-----------+
[0;36m(APIServer pid=214609)[0;0m INFO 09-25 05:31:46 [stats.py:837] 
[0;36m(APIServer pid=214609)[0;0m INFO 09-25 05:31:46 [stats.py:837] [RequestE2EStats [request_id=speech-bb9d0dced191d5a0-ba6348d8]]
[0;36m(APIServer pid=214609)[0;0m INFO 09-25 05:31:46 [stats.py:837] +------------------+-----------+
[0;36m(APIServer pid=214609)[0;0m INFO 09-25 05:31:46 [stats.py:837] | Field            |     Value |
[0;36m(APIServer pid=214609)[0;0m INFO 09-25 05:31:46 [stats.py:837] +------------------+-----------+
[0;36m(APIServer pid=214609)[0;0m INFO 09-25 05:31:46 [stats.py:837] | e2e_total_ms     | 3,766.310 |
[0;36m(APIServer pid=214609)[0;0m INFO 09-25 05:31:46 [stats.py:837] | e2e_total_tokens |       367 |
[0;36m(APIServer pid=214609)[0;0m INFO 09-25 05:31:46 [stats.py:837] +------------------+-----------+
[0;36m(APIServer pid=214609)[0;0m INFO 09-25 05:31:46 [stats.py:878] [OmniTiming] req=speech-bb9d0dced191d5a0-ba6348d8 total=3.77s preprocess=0.00s engine=3.77s stages=[0:3.73s,1:3.77s] transfers=[0->1=0.00ms]
[0;36m(APIServer pid=214609)[0;0m INFO 09-25 05:31:46 [stats.py:920] 
[0;36m(APIServer pid=214609)[0;0m INFO 09-25 05:31:46 [stats.py:920] [StageRequestStats [request_id=speech-bb9d0dced191d5a0-ba6348d8]]
[0;36m(APIServer pid=214609)[0;0m INFO 09-25 05:31:46 [stats.py:920] +---------------------------------+---------------+-----------------+
[0;36m(APIServer pid=214609)[0;0m INFO 09-25 05:31:46 [stats.py:920] | Field                           |             0 |               1 |
[0;36m(APIServer pid=214609)[0;0m INFO 09-25 05:31:46 [stats.py:920] +---------------------------------+---------------+-----------------+
[0;36m(APIServer pid=214609)[0;0m INFO 09-25 05:31:46 [stats.py:920] | audio_duration_s                |         0.000 |           5.200 |
[0;36m(APIServer pid=214609)[0;0m INFO 09-25 05:31:46 [stats.py:920] | audio_generated_frames          |             0 |         124,800 |
[0;36m(APIServer pid=214609)[0;0m INFO 09-25 05:31:46 [stats.py:920] | audio_sample_rate               |             0 |          24,000 |
[0;36m(APIServer pid=214609)[0;0m INFO 09-25 05:31:46 [stats.py:920] | batch_id                        |         2,656 |           2,737 |
[0;36m(APIServer pid=214609)[0;0m INFO 09-25 05:31:46 [stats.py:920] | batch_size                      |             1 |               1 |
[0;36m(APIServer pid=214609)[0;0m INFO 09-25 05:31:46 [stats.py:920] | inter_output_latencies_ms       |               |                 |
[0;36m(APIServer pid=214609)[0;0m INFO 09-25 05:31:46 [stats.py:920] | num_tokens_in                   |           301 |               0 |
[0;36m(APIServer pid=214609)[0;0m INFO 09-25 05:31:46 [stats.py:920] | num_tokens_out                  |            66 |               0 |
[0;36m(APIServer pid=214609)[0;0m INFO 09-25 05:31:46 [stats.py:920] | output_unit_count               |            66 |         124,800 |
[0;36m(APIServer pid=214609)[0;0m INFO 09-25 05:31:46 [stats.py:920] | output_unit_type                |        stream |           audio |
[0;36m(APIServer pid=214609)[0;0m INFO 09-25 05:31:46 [stats.py:920] | serving_time_to_first_output_ms |     3,729.892 |       3,765.616 |
[0;36m(APIServer pid=214609)[0;0m INFO 09-25 05:31:46 [stats.py:920] | stage_gen_time_ms               |     3,729.671 |       3,765.333 |
[0;36m(APIServer pid=214609)[0;0m INFO 09-25 05:31:46 [stats.py:920] | time_per_output_unit_ms         |         0.001 |           0.000 |
[0;36m(APIServer pid=214609)[0;0m INFO 09-25 05:31:46 [stats.py:920] | vllm_itl_ms                     |        55.157 |       1,154.689 |
[0;36m(APIServer pid=214609)[0;0m INFO 09-25 05:31:46 [stats.py:920] | vllm_itls_ms                    | 55.157 (n=65) | 1,154.689 (n=3) |
[0;36m(APIServer pid=214609)[0;0m INFO 09-25 05:31:46 [stats.py:920] | vllm_tpot_ms                    |        55.157 |           0.000 |
[0;36m(APIServer pid=214609)[0;0m INFO 09-25 05:31:46 [stats.py:920] | vllm_ttft_ms                    |       144.406 |         301.631 |
[0;36m(APIServer pid=214609)[0;0m INFO 09-25 05:31:46 [stats.py:920] +---------------------------------+---------------+-----------------+
[0;36m(APIServer pid=214609)[0;0m INFO 09-25 05:31:46 [serving_speech.py:3646] [SpeechE2E] request_id=speech-bb9d0dced191d5a0 stream=false status=ok total_ms=3772.62 response_bytes=249644
[0;36m(APIServer pid=214609)[0;0m INFO:     127.0.0.1:34924 - "POST /v1/audio/speech HTTP/1.1" 200 OK
[0;36m(APIServer pid=214609)[0;0m INFO 09-25 05:31:46 [serving_speech.py:3070] TTS speech request speech-91bdf3bd5c49aca4: model=Base
[0;36m(APIServer pid=214609)[0;0m INFO 09-25 05:31:46 [serving_speech.py:3100] Applied extra_params: {'temperature': 0.9, 'top_k': 50}
[0;36m(APIServer pid=214609)[0;0m INFO 09-25 05:31:46 [stats.py:811] 
[0;36m(APIServer pid=214609)[0;0m INFO 09-25 05:31:46 [stats.py:811] [Overall Summary]
[0;36m(APIServer pid=214609)[0;0m INFO 09-25 05:31:46 [stats.py:811] +-----------------------------+-----------+
[0;36m(APIServer pid=214609)[0;0m INFO 09-25 05:31:46 [stats.py:811] | Field                       |     Value |
[0;36m(APIServer pid=214609)[0;0m INFO 09-25 05:31:46 [stats.py:811] +-----------------------------+-----------+
[0;36m(APIServer pid=214609)[0;0m INFO 09-25 05:31:46 [stats.py:811] | e2e_requests                |         1 |
[0;36m(APIServer pid=214609)[0;0m INFO 09-25 05:31:46 [stats.py:811] | e2e_wall_time_ms            | 2,623.692 |
[0;36m(APIServer pid=214609)[0;0m INFO 09-25 05:31:46 [stats.py:811] | e2e_total_tokens            |       345 |
[0;36m(APIServer pid=214609)[0;0m INFO 09-25 05:31:46 [stats.py:811] | e2e_avg_time_per_request_ms | 2,623.692 |
[0;36m(APIServer pid=214609)[0;0m INFO 09-25 05:31:46 [stats.py:811] | e2e_avg_tokens_per_s        |   131.494 |
[0;36m(APIServer pid=214609)[0;0m INFO 09-25 05:31:46 [stats.py:811] | input_preprocess_time_ms    |     0.059 |
[0;36m(APIServer pid=214609)[0;0m INFO 09-25 05:31:46 [stats.py:811] | e2e_stage_0_wall_time_ms    | 2,436.396 |
[0;36m(APIServer pid=214609)[0;0m INFO 09-25 05:31:46 [stats.py:811] | e2e_stage_1_wall_time_ms    | 2,622.988 |
[0;36m(APIServer pid=214609)[0;0m INFO 09-25 05:31:46 [stats.py:811] +-----------------------------+-----------+
[0;36m(APIServer pid=214609)[0;0m INFO 09-25 05:31:46 [stats.py:837] 
[0;36m(APIServer pid=214609)[0;0m INFO 09-25 05:31:46 [stats.py:837] [RequestE2EStats [request_id=speech-b703d3fb950a16c8-b378c18a]]
[0;36m(APIServer pid=214609)[0;0m INFO 09-25 05:31:46 [stats.py:837] +------------------+-----------+
[0;36m(APIServer pid=214609)[0;0m INFO 09-25 05:31:46 [stats.py:837] | Field            |     Value |
[0;36m(APIServer pid=214609)[0;0m INFO 09-25 05:31:46 [stats.py:837] +------------------+-----------+
[0;36m(APIServer pid=214609)[0;0m INFO 09-25 05:31:46 [stats.py:837] | e2e_total_ms     | 2,623.554 |
[0;36m(APIServer pid=214609)[0;0m INFO 09-25 05:31:46 [stats.py:837] | e2e_total_tokens |       345 |
[0;36m(APIServer pid=214609)[0;0m INFO 09-25 05:31:46 [stats.py:837] +------------------+-----------+
[0;36m(APIServer pid=214609)[0;0m INFO 09-25 05:31:46 [stats.py:878] [OmniTiming] req=speech-b703d3fb950a16c8-b378c18a total=2.62s preprocess=0.00s engine=2.62s stages=[0:2.44s,1:2.62s] transfers=[0->1=0.00ms]
[0;36m(APIServer pid=214609)[0;0m INFO 09-25 05:31:46 [stats.py:920] 
[0;36m(APIServer pid=214609)[0;0m INFO 09-25 05:31:46 [stats.py:920] [StageRequestStats [request_id=speech-b703d3fb950a16c8-b378c18a]]
[0;36m(APIServer pid=214609)[0;0m INFO 09-25 05:31:46 [stats.py:920] +---------------------------------+---------------+-----------------+
[0;36m(APIServer pid=214609)[0;0m INFO 09-25 05:31:46 [stats.py:920] | Field                           |             0 |               1 |
[0;36m(APIServer pid=214609)[0;0m INFO 09-25 05:31:46 [stats.py:920] +---------------------------------+---------------+-----------------+
[0;36m(APIServer pid=214609)[0;0m INFO 09-25 05:31:46 [stats.py:920] | audio_duration_s                |         0.000 |           3.440 |
[0;36m(APIServer pid=214609)[0;0m INFO 09-25 05:31:46 [stats.py:920] | audio_generated_frames          |             0 |          82,560 |
[0;36m(APIServer pid=214609)[0;0m INFO 09-25 05:31:46 [stats.py:920] | audio_sample_rate               |             0 |          24,000 |
[0;36m(APIServer pid=214609)[0;0m INFO 09-25 05:31:46 [stats.py:920] | batch_id                        |         2,657 |           2,738 |
[0;36m(APIServer pid=214609)[0;0m INFO 09-25 05:31:46 [stats.py:920] | batch_size                      |             1 |               1 |
[0;36m(APIServer pid=214609)[0;0m INFO 09-25 05:31:46 [stats.py:920] | inter_output_latencies_ms       |               |                 |
[0;36m(APIServer pid=214609)[0;0m INFO 09-25 05:31:46 [stats.py:920] | num_tokens_in                   |           301 |               0 |
[0;36m(APIServer pid=214609)[0;0m INFO 09-25 05:31:46 [stats.py:920] | num_tokens_out                  |            44 |               0 |
[0;36m(APIServer pid=214609)[0;0m INFO 09-25 05:31:46 [stats.py:920] | output_unit_count               |            44 |          82,560 |
[0;36m(APIServer pid=214609)[0;0m INFO 09-25 05:31:46 [stats.py:920] | output_unit_type                |        stream |           audio |
[0;36m(APIServer pid=214609)[0;0m INFO 09-25 05:31:46 [stats.py:920] | serving_time_to_first_output_ms |     2,436.405 |       2,622.896 |
[0;36m(APIServer pid=214609)[0;0m INFO 09-25 05:31:46 [stats.py:920] | stage_gen_time_ms               |     2,436.002 |       2,622.281 |
[0;36m(APIServer pid=214609)[0;0m INFO 09-25 05:31:46 [stats.py:920] | time_per_output_unit_ms         |         0.001 |           0.000 |
[0;36m(APIServer pid=214609)[0;0m INFO 09-25 05:31:46 [stats.py:920] | vllm_itl_ms                     |        52.432 |       1,138.200 |
[0;36m(APIServer pid=214609)[0;0m INFO 09-25 05:31:46 [stats.py:920] | vllm_itls_ms                    | 52.432 (n=43) | 1,138.200 (n=2) |
[0;36m(APIServer pid=214609)[0;0m INFO 09-25 05:31:46 [stats.py:920] | vllm_tpot_ms                    |        52.432 |           0.000 |
[0;36m(APIServer pid=214609)[0;0m INFO 09-25 05:31:46 [stats.py:920] | vllm_ttft_ms                    |       180.650 |         345.777 |
[0;36m(APIServer pid=214609)[0;0m INFO 09-25 05:31:46 [stats.py:920] +---------------------------------+---------------+-----------------+
[0;36m(APIServer pid=214609)[0;0m INFO 09-25 05:31:46 [serving_speech.py:3646] [SpeechE2E] request_id=speech-b703d3fb950a16c8 stream=false status=ok total_ms=2629.50 response_bytes=165164
[0;36m(APIServer pid=214609)[0;0m INFO:     127.0.0.1:34912 - "POST /v1/audio/speech HTTP/1.1" 200 OK
[0;36m(APIServer pid=214609)[0;0m INFO 09-25 05:31:46 [stats.py:811] 
[0;36m(APIServer pid=214609)[0;0m INFO 09-25 05:31:46 [stats.py:811] [Overall Summary]
[0;36m(APIServer pid=214609)[0;0m INFO 09-25 05:31:46 [stats.py:811] +-----------------------------+-----------+
[0;36m(APIServer pid=214609)[0;0m INFO 09-25 05:31:46 [stats.py:811] | Field                       |     Value |
[0;36m(APIServer pid=214609)[0;0m INFO 09-25 05:31:46 [stats.py:811] +-----------------------------+-----------+
[0;36m(APIServer pid=214609)[0;0m INFO 09-25 05:31:46 [stats.py:811] | e2e_requests                |         1 |
[0;36m(APIServer pid=214609)[0;0m INFO 09-25 05:31:46 [stats.py:811] | e2e_wall_time_ms            | 1,489.375 |
[0;36m(APIServer pid=214609)[0;0m INFO 09-25 05:31:46 [stats.py:811] | e2e_total_tokens            |       323 |
[0;36m(APIServer pid=214609)[0;0m INFO 09-25 05:31:46 [stats.py:811] | e2e_avg_time_per_request_ms | 1,489.375 |
[0;36m(APIServer pid=214609)[0;0m INFO 09-25 05:31:46 [stats.py:811] | e2e_avg_tokens_per_s        |   216.869 |
[0;36m(APIServer pid=214609)[0;0m INFO 09-25 05:31:46 [stats.py:811] | input_preprocess_time_ms    |     0.144 |
[0;36m(APIServer pid=214609)[0;0m INFO 09-25 05:31:46 [stats.py:811] | e2e_stage_0_wall_time_ms    | 1,359.661 |
[0;36m(APIServer pid=214609)[0;0m INFO 09-25 05:31:46 [stats.py:811] | e2e_stage_1_wall_time_ms    | 1,488.927 |
[0;36m(APIServer pid=214609)[0;0m INFO 09-25 05:31:46 [stats.py:811] +-----------------------------+-----------+
[0;36m(APIServer pid=214609)[0;0m INFO 09-25 05:31:46 [stats.py:837] 
[0;36m(APIServer pid=214609)[0;0m INFO 09-25 05:31:46 [stats.py:837] [RequestE2EStats [request_id=speech-859bb022b8f4d4a0-b5398257]]
[0;36m(APIServer pid=214609)[0;0m INFO 09-25 05:31:46 [stats.py:837] +------------------+-----------+
[0;36m(APIServer pid=214609)[0;0m INFO 09-25 05:31:46 [stats.py:837] | Field            |     Value |
[0;36m(APIServer pid=214609)[0;0m INFO 09-25 05:31:46 [stats.py:837] +------------------+-----------+
[0;36m(APIServer pid=214609)[0;0m INFO 09-25 05:31:46 [stats.py:837] | e2e_total_ms     | 1,489.166 |
[0;36m(APIServer pid=214609)[0;0m INFO 09-25 05:31:46 [stats.py:837] | e2e_total_tokens |       323 |
[0;36m(APIServer pid=214609)[0;0m INFO 09-25 05:31:46 [stats.py:837] +------------------+-----------+
[0;36m(APIServer pid=214609)[0;0m INFO 09-25 05:31:46 [stats.py:878] [OmniTiming] req=speech-859bb022b8f4d4a0-b5398257 total=1.49s preprocess=0.00s engine=1.49s stages=[0:1.36s,1:1.49s] transfers=[0->1=0.00ms]
[0;36m(APIServer pid=214609)[0;0m INFO 09-25 05:31:46 [stats.py:920] 
[0;36m(APIServer pid=214609)[0;0m INFO 09-25 05:31:46 [stats.py:920] [StageRequestStats [request_id=speech-859bb022b8f4d4a0-b5398257]]
[0;36m(APIServer pid=214609)[0;0m INFO 09-25 05:31:46 [stats.py:920] +---------------------------------+---------------+-----------------+
[0;36m(APIServer pid=214609)[0;0m INFO 09-25 05:31:46 [stats.py:920] | Field                           |             0 |               1 |
[0;36m(APIServer pid=214609)[0;0m INFO 09-25 05:31:46 [stats.py:920] +---------------------------------+---------------+-----------------+
[0;36m(APIServer pid=214609)[0;0m INFO 09-25 05:31:46 [stats.py:920] | audio_duration_s                |         0.000 |           1.680 |
[0;36m(APIServer pid=214609)[0;0m INFO 09-25 05:31:46 [stats.py:920] | audio_generated_frames          |             0 |          40,320 |
[0;36m(APIServer pid=214609)[0;0m INFO 09-25 05:31:46 [stats.py:920] | audio_sample_rate               |             0 |          24,000 |
[0;36m(APIServer pid=214609)[0;0m INFO 09-25 05:31:46 [stats.py:920] | batch_id                        |         2,658 |           2,739 |
[0;36m(APIServer pid=214609)[0;0m INFO 09-25 05:31:46 [stats.py:920] | batch_size                      |             1 |               1 |
[0;36m(APIServer pid=214609)[0;0m INFO 09-25 05:31:46 [stats.py:920] | inter_output_latencies_ms       |               |                 |
[0;36m(APIServer pid=214609)[0;0m INFO 09-25 05:31:46 [stats.py:920] | num_tokens_in                   |           301 |               0 |
[0;36m(APIServer pid=214609)[0;0m INFO 09-25 05:31:46 [stats.py:920] | num_tokens_out                  |            22 |               0 |
[0;36m(APIServer pid=214609)[0;0m INFO 09-25 05:31:46 [stats.py:920] | output_unit_count               |            22 |          40,320 |
[0;36m(APIServer pid=214609)[0;0m INFO 09-25 05:31:46 [stats.py:920] | output_unit_type                |        stream |           audio |
[0;36m(APIServer pid=214609)[0;0m INFO 09-25 05:31:46 [stats.py:920] | serving_time_to_first_output_ms |     1,359.752 |       1,488.307 |
[0;36m(APIServer pid=214609)[0;0m INFO 09-25 05:31:46 [stats.py:920] | stage_gen_time_ms               |     1,359.438 |       1,487.941 |
[0;36m(APIServer pid=214609)[0;0m INFO 09-25 05:31:46 [stats.py:920] | time_per_output_unit_ms         |         0.003 |           0.000 |
[0;36m(APIServer pid=214609)[0;0m INFO 09-25 05:31:46 [stats.py:920] | vllm_itl_ms                     |        59.571 |       1,073.451 |
[0;36m(APIServer pid=214609)[0;0m INFO 09-25 05:31:46 [stats.py:920] | vllm_itls_ms                    | 59.571 (n=21) | 1,073.451 (n=1) |
[0;36m(APIServer pid=214609)[0;0m INFO 09-25 05:31:46 [stats.py:920] | vllm_tpot_ms                    |        59.571 |           0.000 |
[0;36m(APIServer pid=214609)[0;0m INFO 09-25 05:31:46 [stats.py:920] | vllm_ttft_ms                    |       106.575 |         413.437 |
[0;36m(APIServer pid=214609)[0;0m INFO 09-25 05:31:46 [stats.py:920] +---------------------------------+---------------+-----------------+
[0;36m(APIServer pid=214609)[0;0m INFO 09-25 05:31:46 [serving_speech.py:3646] [SpeechE2E] request_id=speech-859bb022b8f4d4a0 stream=false status=ok total_ms=1495.91 response_bytes=80684
[0;36m(APIServer pid=214609)[0;0m INFO:     127.0.0.1:34932 - "POST /v1/audio/speech HTTP/1.1" 200 OK
[0;36m(APIServer pid=214609)[0;0m INFO 09-25 05:31:47 [stats.py:811] 
[0;36m(APIServer pid=214609)[0;0m INFO 09-25 05:31:47 [stats.py:811] [Overall Summary]
[0;36m(APIServer pid=214609)[0;0m INFO 09-25 05:31:47 [stats.py:811] +-----------------------------+-----------+
[0;36m(APIServer pid=214609)[0;0m INFO 09-25 05:31:47 [stats.py:811] | Field                       |     Value |
[0;36m(APIServer pid=214609)[0;0m INFO 09-25 05:31:47 [stats.py:811] +-----------------------------+-----------+
[0;36m(APIServer pid=214609)[0;0m INFO 09-25 05:31:47 [stats.py:811] | e2e_requests                |         1 |
[0;36m(APIServer pid=214609)[0;0m INFO 09-25 05:31:47 [stats.py:811] | e2e_wall_time_ms            | 1,595.845 |
[0;36m(APIServer pid=214609)[0;0m INFO 09-25 05:31:47 [stats.py:811] | e2e_total_tokens            |       329 |
[0;36m(APIServer pid=214609)[0;0m INFO 09-25 05:31:47 [stats.py:811] | e2e_avg_time_per_request_ms | 1,595.845 |
[0;36m(APIServer pid=214609)[0;0m INFO 09-25 05:31:47 [stats.py:811] | e2e_avg_tokens_per_s        |   206.160 |
[0;36m(APIServer pid=214609)[0;0m INFO 09-25 05:31:47 [stats.py:811] | input_preprocess_time_ms    |     0.053 |
[0;36m(APIServer pid=214609)[0;0m INFO 09-25 05:31:47 [stats.py:811] | e2e_stage_0_wall_time_ms    | 1,486.279 |
[0;36m(APIServer pid=214609)[0;0m INFO 09-25 05:31:47 [stats.py:811] | e2e_stage_1_wall_time_ms    | 1,595.473 |
[0;36m(APIServer pid=214609)[0;0m INFO 09-25 05:31:47 [stats.py:811] +-----------------------------+-----------+
[0;36m(APIServer pid=214609)[0;0m INFO 09-25 05:31:47 [stats.py:837] 
[0;36m(APIServer pid=214609)[0;0m INFO 09-25 05:31:47 [stats.py:837] [RequestE2EStats [request_id=speech-a68d03c10b7e38a3-b5489703]]
[0;36m(APIServer pid=214609)[0;0m INFO 09-25 05:31:47 [stats.py:837] +------------------+-----------+
[0;36m(APIServer pid=214609)[0;0m INFO 09-25 05:31:47 [stats.py:837] | Field            |     Value |
[0;36m(APIServer pid=214609)[0;0m INFO 09-25 05:31:47 [stats.py:837] +------------------+-----------+
[0;36m(APIServer pid=214609)[0;0m INFO 09-25 05:31:47 [stats.py:837] | e2e_total_ms     | 1,595.722 |
[0;36m(APIServer pid=214609)[0;0m INFO 09-25 05:31:47 [stats.py:837] | e2e_total_tokens |       329 |
[0;36m(APIServer pid=214609)[0;0m INFO 09-25 05:31:47 [stats.py:837] +------------------+-----------+
[0;36m(APIServer pid=214609)[0;0m INFO 09-25 05:31:47 [stats.py:878] [OmniTiming] req=speech-a68d03c10b7e38a3-b5489703 total=1.60s preprocess=0.00s engine=1.60s stages=[0:1.49s,1:1.60s] transfers=[0->1=0.00ms]
[0;36m(APIServer pid=214609)[0;0m INFO 09-25 05:31:47 [stats.py:920] 
[0;36m(APIServer pid=214609)[0;0m INFO 09-25 05:31:47 [stats.py:920] [StageRequestStats [request_id=speech-a68d03c10b7e38a3-b5489703]]
[0;36m(APIServer pid=214609)[0;0m INFO 09-25 05:31:47 [stats.py:920] +---------------------------------+---------------+---------------+
[0;36m(APIServer pid=214609)[0;0m INFO 09-25 05:31:47 [stats.py:920] | Field                           |             0 |             1 |
[0;36m(APIServer pid=214609)[0;0m INFO 09-25 05:31:47 [stats.py:920] +---------------------------------+---------------+---------------+
[0;36m(APIServer pid=214609)[0;0m INFO 09-25 05:31:47 [stats.py:920] | audio_duration_s                |         0.000 |         2.160 |
[0;36m(APIServer pid=214609)[0;0m INFO 09-25 05:31:47 [stats.py:920] | audio_generated_frames          |             0 |        51,840 |
[0;36m(APIServer pid=214609)[0;0m INFO 09-25 05:31:47 [stats.py:920] | audio_sample_rate               |             0 |        24,000 |
[0;36m(APIServer pid=214609)[0;0m INFO 09-25 05:31:47 [stats.py:920] | batch_id                        |         2,659 |         2,740 |
[0;36m(APIServer pid=214609)[0;0m INFO 09-25 05:31:47 [stats.py:920] | batch_size                      |             1 |             1 |
[0;36m(APIServer pid=214609)[0;0m INFO 09-25 05:31:47 [stats.py:920] | inter_output_latencies_ms       |               |               |
[0;36m(APIServer pid=214609)[0;0m INFO 09-25 05:31:47 [stats.py:920] | num_tokens_in                   |           301 |             0 |
[0;36m(APIServer pid=214609)[0;0m INFO 09-25 05:31:47 [stats.py:920] | num_tokens_out                  |            28 |             0 |
[0;36m(APIServer pid=214609)[0;0m INFO 09-25 05:31:47 [stats.py:920] | output_unit_count               |            28 |        51,840 |
[0;36m(APIServer pid=214609)[0;0m INFO 09-25 05:31:47 [stats.py:920] | output_unit_type                |        stream |         audio |
[0;36m(APIServer pid=214609)[0;0m INFO 09-25 05:31:47 [stats.py:920] | serving_time_to_first_output_ms |     1,486.248 |     1,595.549 |
[0;36m(APIServer pid=214609)[0;0m INFO 09-25 05:31:47 [stats.py:920] | stage_gen_time_ms               |     1,486.132 |     1,595.255 |
[0;36m(APIServer pid=214609)[0;0m INFO 09-25 05:31:47 [stats.py:920] | time_per_output_unit_ms         |         0.003 |         0.000 |
[0;36m(APIServer pid=214609)[0;0m INFO 09-25 05:31:47 [stats.py:920] | vllm_itl_ms                     |        48.646 |       558.935 |
[0;36m(APIServer pid=214609)[0;0m INFO 09-25 05:31:47 [stats.py:920] | vllm_itls_ms                    | 48.646 (n=27) | 558.935 (n=2) |
[0;36m(APIServer pid=214609)[0;0m INFO 09-25 05:31:47 [stats.py:920] | vllm_tpot_ms                    |        48.646 |         0.000 |
[0;36m(APIServer pid=214609)[0;0m INFO 09-25 05:31:47 [stats.py:920] | vllm_ttft_ms                    |       175.030 |       476.018 |
[0;36m(APIServer pid=214609)[0;0m INFO 09-25 05:31:47 [stats.py:920] +---------------------------------+---------------+---------------+
[0;36m(APIServer pid=214609)[0;0m INFO 09-25 05:31:47 [serving_speech.py:3646] [SpeechE2E] request_id=speech-a68d03c10b7e38a3 stream=false status=ok total_ms=1602.87 response_bytes=103724
[0;36m(APIServer pid=214609)[0;0m INFO:     127.0.0.1:34832 - "POST /v1/audio/speech HTTP/1.1" 200 OK
[0;36m(APIServer pid=214609)[0;0m INFO 09-25 05:31:47 [stats.py:811] 
[0;36m(APIServer pid=214609)[0;0m INFO 09-25 05:31:47 [stats.py:811] [Overall Summary]
[0;36m(APIServer pid=214609)[0;0m INFO 09-25 05:31:47 [stats.py:811] +-----------------------------+-----------+
[0;36m(APIServer pid=214609)[0;0m INFO 09-25 05:31:47 [stats.py:811] | Field                       |     Value |
[0;36m(APIServer pid=214609)[0;0m INFO 09-25 05:31:47 [stats.py:811] +-----------------------------+-----------+
[0;36m(APIServer pid=214609)[0;0m INFO 09-25 05:31:47 [stats.py:811] | e2e_requests                |         1 |
[0;36m(APIServer pid=214609)[0;0m INFO 09-25 05:31:47 [stats.py:811] | e2e_wall_time_ms            | 1,624.287 |
[0;36m(APIServer pid=214609)[0;0m INFO 09-25 05:31:47 [stats.py:811] | e2e_total_tokens            |       331 |
[0;36m(APIServer pid=214609)[0;0m INFO 09-25 05:31:47 [stats.py:811] | e2e_avg_time_per_request_ms | 1,624.287 |
[0;36m(APIServer pid=214609)[0;0m INFO 09-25 05:31:47 [stats.py:811] | e2e_avg_tokens_per_s        |   203.782 |
[0;36m(APIServer pid=214609)[0;0m INFO 09-25 05:31:47 [stats.py:811] | input_preprocess_time_ms    |     0.052 |
[0;36m(APIServer pid=214609)[0;0m INFO 09-25 05:31:47 [stats.py:811] | e2e_stage_0_wall_time_ms    | 1,562.411 |
[0;36m(APIServer pid=214609)[0;0m INFO 09-25 05:31:47 [stats.py:811] | e2e_stage_1_wall_time_ms    | 1,624.020 |
[0;36m(APIServer pid=214609)[0;0m INFO 09-25 05:31:47 [stats.py:811] +-----------------------------+-----------+
[0;36m(APIServer pid=214609)[0;0m INFO 09-25 05:31:47 [stats.py:837] 
[0;36m(APIServer pid=214609)[0;0m INFO 09-25 05:31:47 [stats.py:837] [RequestE2EStats [request_id=speech-811f4f4358afc89f-810210db]]
[0;36m(APIServer pid=214609)[0;0m INFO 09-25 05:31:47 [stats.py:837] +------------------+-----------+
[0;36m(APIServer pid=214609)[0;0m INFO 09-25 05:31:47 [stats.py:837] | Field            |     Value |
[0;36m(APIServer pid=214609)[0;0m INFO 09-25 05:31:47 [stats.py:837] +------------------+-----------+
[0;36m(APIServer pid=214609)[0;0m INFO 09-25 05:31:47 [stats.py:837] | e2e_total_ms     | 1,624.171 |
[0;36m(APIServer pid=214609)[0;0m INFO 09-25 05:31:47 [stats.py:837] | e2e_total_tokens |       331 |
[0;36m(APIServer pid=214609)[0;0m INFO 09-25 05:31:47 [stats.py:837] +------------------+-----------+
[0;36m(APIServer pid=214609)[0;0m INFO 09-25 05:31:47 [stats.py:878] [OmniTiming] req=speech-811f4f4358afc89f-810210db total=1.62s preprocess=0.00s engine=1.62s stages=[0:1.56s,1:1.62s] transfers=[0->1=0.00ms]
[0;36m(APIServer pid=214609)[0;0m INFO 09-25 05:31:47 [stats.py:920] 
[0;36m(APIServer pid=214609)[0;0m INFO 09-25 05:31:47 [stats.py:920] [StageRequestStats [request_id=speech-811f4f4358afc89f-810210db]]
[0;36m(APIServer pid=214609)[0;0m INFO 09-25 05:31:47 [stats.py:920] +---------------------------------+---------------+---------------+
[0;36m(APIServer pid=214609)[0;0m INFO 09-25 05:31:47 [stats.py:920] | Field                           |             0 |             1 |
[0;36m(APIServer pid=214609)[0;0m INFO 09-25 05:31:47 [stats.py:920] +---------------------------------+---------------+---------------+
[0;36m(APIServer pid=214609)[0;0m INFO 09-25 05:31:47 [stats.py:920] | audio_duration_s                |         0.000 |         2.320 |
[0;36m(APIServer pid=214609)[0;0m INFO 09-25 05:31:47 [stats.py:920] | audio_generated_frames          |             0 |        55,680 |
[0;36m(APIServer pid=214609)[0;0m INFO 09-25 05:31:47 [stats.py:920] | audio_sample_rate               |             0 |        24,000 |
[0;36m(APIServer pid=214609)[0;0m INFO 09-25 05:31:47 [stats.py:920] | batch_id                        |         2,660 |         2,741 |
[0;36m(APIServer pid=214609)[0;0m INFO 09-25 05:31:47 [stats.py:920] | batch_size                      |             1 |             1 |
[0;36m(APIServer pid=214609)[0;0m INFO 09-25 05:31:47 [stats.py:920] | inter_output_latencies_ms       |               |               |
[0;36m(APIServer pid=214609)[0;0m INFO 09-25 05:31:47 [stats.py:920] | num_tokens_in                   |           301 |             0 |
[0;36m(APIServer pid=214609)[0;0m INFO 09-25 05:31:47 [stats.py:920] | num_tokens_out                  |            30 |             0 |
[0;36m(APIServer pid=214609)[0;0m INFO 09-25 05:31:47 [stats.py:920] | output_unit_count               |            30 |        55,680 |
[0;36m(APIServer pid=214609)[0;0m INFO 09-25 05:31:47 [stats.py:920] | output_unit_type                |        stream |         audio |
[0;36m(APIServer pid=214609)[0;0m INFO 09-25 05:31:47 [stats.py:920] | serving_time_to_first_output_ms |     1,561.587 |     1,623.966 |
[0;36m(APIServer pid=214609)[0;0m INFO 09-25 05:31:47 [stats.py:920] | stage_gen_time_ms               |     1,561.463 |     1,623.801 |
[0;36m(APIServer pid=214609)[0;0m INFO 09-25 05:31:47 [stats.py:920] | time_per_output_unit_ms         |         0.002 |         0.000 |
[0;36m(APIServer pid=214609)[0;0m INFO 09-25 05:31:47 [stats.py:920] | vllm_itl_ms                     |        48.299 |       593.629 |
[0;36m(APIServer pid=214609)[0;0m INFO 09-25 05:31:47 [stats.py:920] | vllm_itls_ms                    | 48.299 (n=29) | 593.629 (n=2) |
[0;36m(APIServer pid=214609)[0;0m INFO 09-25 05:31:47 [stats.py:920] | vllm_tpot_ms                    |        48.299 |         0.000 |
[0;36m(APIServer pid=214609)[0;0m INFO 09-25 05:31:47 [stats.py:920] | vllm_ttft_ms                    |       159.773 |       436.118 |
[0;36m(APIServer pid=214609)[0;0m INFO 09-25 05:31:47 [stats.py:920] +---------------------------------+---------------+---------------+
[0;36m(APIServer pid=214609)[0;0m INFO 09-25 05:31:47 [serving_speech.py:3646] [SpeechE2E] request_id=speech-811f4f4358afc89f stream=false status=ok total_ms=1629.55 response_bytes=111404
[0;36m(APIServer pid=214609)[0;0m INFO 09-25 05:31:47 [stats.py:811] 
[0;36m(APIServer pid=214609)[0;0m INFO 09-25 05:31:47 [stats.py:811] [Overall Summary]
[0;36m(APIServer pid=214609)[0;0m INFO 09-25 05:31:47 [stats.py:811] +-----------------------------+-----------+
[0;36m(APIServer pid=214609)[0;0m INFO 09-25 05:31:47 [stats.py:811] | Field                       |     Value |
[0;36m(APIServer pid=214609)[0;0m INFO 09-25 05:31:47 [stats.py:811] +-----------------------------+-----------+
[0;36m(APIServer pid=214609)[0;0m INFO 09-25 05:31:47 [stats.py:811] | e2e_requests                |         1 |
[0;36m(APIServer pid=214609)[0;0m INFO 09-25 05:31:47 [stats.py:811] | e2e_wall_time_ms            | 1,136.293 |
[0;36m(APIServer pid=214609)[0;0m INFO 09-25 05:31:47 [stats.py:811] | e2e_total_tokens            |       323 |
[0;36m(APIServer pid=214609)[0;0m INFO 09-25 05:31:47 [stats.py:811] | e2e_avg_time_per_request_ms | 1,136.293 |
[0;36m(APIServer pid=214609)[0;0m INFO 09-25 05:31:47 [stats.py:811] | e2e_avg_tokens_per_s        |   284.258 |
[0;36m(APIServer pid=214609)[0;0m INFO 09-25 05:31:47 [stats.py:811] | input_preprocess_time_ms    |     0.041 |
[0;36m(APIServer pid=214609)[0;0m INFO 09-25 05:31:47 [stats.py:811] | e2e_stage_0_wall_time_ms    | 1,072.750 |
[0;36m(APIServer pid=214609)[0;0m INFO 09-25 05:31:47 [stats.py:811] | e2e_stage_1_wall_time_ms    | 1,136.109 |
[0;36m(APIServer pid=214609)[0;0m INFO 09-25 05:31:47 [stats.py:811] +-----------------------------+-----------+
[0;36m(APIServer pid=214609)[0;0m INFO 09-25 05:31:47 [stats.py:837] 
[0;36m(APIServer pid=214609)[0;0m INFO 09-25 05:31:47 [stats.py:837] [RequestE2EStats [request_id=speech-b254e0d704b3e277-bc3904a1]]
[0;36m(APIServer pid=214609)[0;0m INFO 09-25 05:31:47 [stats.py:837] +------------------+-----------+
[0;36m(APIServer pid=214609)[0;0m INFO 09-25 05:31:47 [stats.py:837] | Field            |     Value |
[0;36m(APIServer pid=214609)[0;0m INFO 09-25 05:31:47 [stats.py:837] +------------------+-----------+
[0;36m(APIServer pid=214609)[0;0m INFO 09-25 05:31:47 [stats.py:837] | e2e_total_ms     | 1,136.199 |
[0;36m(APIServer pid=214609)[0;0m INFO 09-25 05:31:47 [stats.py:837] | e2e_total_tokens |       323 |
[0;36m(APIServer pid=214609)[0;0m INFO 09-25 05:31:47 [stats.py:837] +------------------+-----------+
[0;36m(APIServer pid=214609)[0;0m INFO 09-25 05:31:47 [stats.py:878] [OmniTiming] req=speech-b254e0d704b3e277-bc3904a1 total=1.14s preprocess=0.00s engine=1.14s stages=[0:1.07s,1:1.13s] transfers=[0->1=0.00ms]
[0;36m(APIServer pid=214609)[0;0m INFO 09-25 05:31:47 [stats.py:920] 
[0;36m(APIServer pid=214609)[0;0m INFO 09-25 05:31:47 [stats.py:920] [StageRequestStats [request_id=speech-b254e0d704b3e277-bc3904a1]]
[0;36m(APIServer pid=214609)[0;0m INFO 09-25 05:31:47 [stats.py:920] +---------------------------------+---------------+---------------+
[0;36m(APIServer pid=214609)[0;0m INFO 09-25 05:31:47 [stats.py:920] | Field                           |             0 |             1 |
[0;36m(APIServer pid=214609)[0;0m INFO 09-25 05:31:47 [stats.py:920] +---------------------------------+---------------+---------------+
[0;36m(APIServer pid=214609)[0;0m INFO 09-25 05:31:47 [stats.py:920] | audio_duration_s                |         0.000 |         1.680 |
[0;36m(APIServer pid=214609)[0;0m INFO 09-25 05:31:47 [stats.py:920] | audio_generated_frames          |             0 |        40,320 |
[0;36m(APIServer pid=214609)[0;0m INFO 09-25 05:31:47 [stats.py:920] | audio_sample_rate               |             0 |        24,000 |
[0;36m(APIServer pid=214609)[0;0m INFO 09-25 05:31:47 [stats.py:920] | batch_id                        |         2,661 |         2,742 |
[0;36m(APIServer pid=214609)[0;0m INFO 09-25 05:31:47 [stats.py:920] | batch_size                      |             1 |             1 |
[0;36m(APIServer pid=214609)[0;0m INFO 09-25 05:31:47 [stats.py:920] | inter_output_latencies_ms       |               |               |
[0;36m(APIServer pid=214609)[0;0m INFO 09-25 05:31:47 [stats.py:920] | num_tokens_in                   |           301 |             0 |
[0;36m(APIServer pid=214609)[0;0m INFO 09-25 05:31:47 [stats.py:920] | num_tokens_out                  |            22 |             0 |
[0;36m(APIServer pid=214609)[0;0m INFO 09-25 05:31:47 [stats.py:920] | output_unit_count               |            22 |        40,320 |
[0;36m(APIServer pid=214609)[0;0m INFO 09-25 05:31:47 [stats.py:920] | output_unit_type                |        stream |         audio |
[0;36m(APIServer pid=214609)[0;0m INFO 09-25 05:31:47 [stats.py:920] | serving_time_to_first_output_ms |     1,071.890 |     1,134.269 |
[0;36m(APIServer pid=214609)[0;0m INFO 09-25 05:31:47 [stats.py:920] | stage_gen_time_ms               |     1,071.850 |     1,134.252 |
[0;36m(APIServer pid=214609)[0;0m INFO 09-25 05:31:47 [stats.py:920] | time_per_output_unit_ms         |         0.005 |         0.000 |
[0;36m(APIServer pid=214609)[0;0m INFO 09-25 05:31:47 [stats.py:920] | vllm_itl_ms                     |        45.423 |       679.190 |
[0;36m(APIServer pid=214609)[0;0m INFO 09-25 05:31:47 [stats.py:920] | vllm_itls_ms                    | 45.423 (n=21) | 679.190 (n=1) |
[0;36m(APIServer pid=214609)[0;0m INFO 09-25 05:31:47 [stats.py:920] | vllm_tpot_ms                    |        45.423 |         0.000 |
[0;36m(APIServer pid=214609)[0;0m INFO 09-25 05:31:47 [stats.py:920] | vllm_ttft_ms                    |       116.992 |       454.756 |
[0;36m(APIServer pid=214609)[0;0m INFO 09-25 05:31:47 [stats.py:920] +---------------------------------+---------------+---------------+
[0;36m(APIServer pid=214609)[0;0m INFO 09-25 05:31:47 [serving_speech.py:3646] [SpeechE2E] request_id=speech-b254e0d704b3e277 stream=false status=ok total_ms=1143.71 response_bytes=80684
[0;36m(APIServer pid=214609)[0;0m INFO:     127.0.0.1:34860 - "POST /v1/audio/speech HTTP/1.1" 200 OK
[0;36m(APIServer pid=214609)[0;0m INFO:     127.0.0.1:34952 - "POST /v1/audio/speech HTTP/1.1" 200 OK
[0;36m(APIServer pid=214609)[0;0m INFO 09-25 05:31:47 [stats.py:811] 
[0;36m(APIServer pid=214609)[0;0m INFO 09-25 05:31:47 [stats.py:811] [Overall Summary]
[0;36m(APIServer pid=214609)[0;0m INFO 09-25 05:31:47 [stats.py:811] +-----------------------------+-----------+
[0;36m(APIServer pid=214609)[0;0m INFO 09-25 05:31:47 [stats.py:811] | Field                       |     Value |
[0;36m(APIServer pid=214609)[0;0m INFO 09-25 05:31:47 [stats.py:811] +-----------------------------+-----------+
[0;36m(APIServer pid=214609)[0;0m INFO 09-25 05:31:47 [stats.py:811] | e2e_requests                |         1 |
[0;36m(APIServer pid=214609)[0;0m INFO 09-25 05:31:47 [stats.py:811] | e2e_wall_time_ms            | 1,934.663 |
[0;36m(APIServer pid=214609)[0;0m INFO 09-25 05:31:47 [stats.py:811] | e2e_total_tokens            |       395 |
[0;36m(APIServer pid=214609)[0;0m INFO 09-25 05:31:47 [stats.py:811] | e2e_avg_time_per_request_ms | 1,934.663 |
[0;36m(APIServer pid=214609)[0;0m INFO 09-25 05:31:47 [stats.py:811] | e2e_avg_tokens_per_s        |   204.170 |
[0;36m(APIServer pid=214609)[0;0m INFO 09-25 05:31:47 [stats.py:811] | input_preprocess_time_ms    |     0.044 |
[0;36m(APIServer pid=214609)[0;0m INFO 09-25 05:31:47 [stats.py:811] | e2e_stage_0_wall_time_ms    | 1,778.658 |
[0;36m(APIServer pid=214609)[0;0m INFO 09-25 05:31:47 [stats.py:811] | e2e_stage_1_wall_time_ms    | 1,934.476 |
[0;36m(APIServer pid=214609)[0;0m INFO 09-25 05:31:47 [stats.py:811] +-----------------------------+-----------+
[0;36m(APIServer pid=214609)[0;0m INFO 09-25 05:31:47 [stats.py:837] 
[0;36m(APIServer pid=214609)[0;0m INFO 09-25 05:31:47 [stats.py:837] [RequestE2EStats [request_id=speech-a5cfceaac11435de-98927272]]
[0;36m(APIServer pid=214609)[0;0m INFO 09-25 05:31:47 [stats.py:837] +------------------+-----------+
[0;36m(APIServer pid=214609)[0;0m INFO 09-25 05:31:47 [stats.py:837] | Field            |     Value |
[0;36m(APIServer pid=214609)[0;0m INFO 09-25 05:31:47 [stats.py:837] +------------------+-----------+
[0;36m(APIServer pid=214609)[0;0m INFO 09-25 05:31:47 [stats.py:837] | e2e_total_ms     | 1,934.563 |
[0;36m(APIServer pid=214609)[0;0m INFO 09-25 05:31:47 [stats.py:837] | e2e_total_tokens |       395 |
[0;36m(APIServer pid=214609)[0;0m INFO 09-25 05:31:47 [stats.py:837] +------------------+-----------+
[0;36m(APIServer pid=214609)[0;0m INFO 09-25 05:31:47 [stats.py:878] [OmniTiming] req=speech-a5cfceaac11435de-98927272 total=1.93s preprocess=0.00s engine=1.93s stages=[0:1.78s,1:1.93s] transfers=[0->1=0.00ms]
[0;36m(APIServer pid=214609)[0;0m INFO 09-25 05:31:47 [stats.py:920] 
[0;36m(APIServer pid=214609)[0;0m INFO 09-25 05:31:47 [stats.py:920] [StageRequestStats [request_id=speech-a5cfceaac11435de-98927272]]
[0;36m(APIServer pid=214609)[0;0m INFO 09-25 05:31:47 [stats.py:920] +---------------------------------+---------------+---------------+
[0;36m(APIServer pid=214609)[0;0m INFO 09-25 05:31:47 [stats.py:920] | Field                           |             0 |             1 |
[0;36m(APIServer pid=214609)[0;0m INFO 09-25 05:31:47 [stats.py:920] +---------------------------------+---------------+---------------+
[0;36m(APIServer pid=214609)[0;0m INFO 09-25 05:31:47 [stats.py:920] | audio_duration_s                |         0.000 |         2.720 |
[0;36m(APIServer pid=214609)[0;0m INFO 09-25 05:31:47 [stats.py:920] | audio_generated_frames          |             0 |        65,280 |
[0;36m(APIServer pid=214609)[0;0m INFO 09-25 05:31:47 [stats.py:920] | audio_sample_rate               |             0 |        24,000 |
[0;36m(APIServer pid=214609)[0;0m INFO 09-25 05:31:47 [stats.py:920] | batch_id                        |         2,664 |         2,743 |
[0;36m(APIServer pid=214609)[0;0m INFO 09-25 05:31:47 [stats.py:920] | batch_size                      |             1 |             1 |
[0;36m(APIServer pid=214609)[0;0m INFO 09-25 05:31:47 [stats.py:920] | inter_output_latencies_ms       |               |               |
[0;36m(APIServer pid=214609)[0;0m INFO 09-25 05:31:47 [stats.py:920] | num_tokens_in                   |           360 |             0 |
[0;36m(APIServer pid=214609)[0;0m INFO 09-25 05:31:47 [stats.py:920] | num_tokens_out                  |            35 |             0 |
[0;36m(APIServer pid=214609)[0;0m INFO 09-25 05:31:47 [stats.py:920] | output_unit_count               |            35 |        65,280 |
[0;36m(APIServer pid=214609)[0;0m INFO 09-25 05:31:47 [stats.py:920] | output_unit_type                |        stream |         audio |
[0;36m(APIServer pid=214609)[0;0m INFO 09-25 05:31:47 [stats.py:920] | serving_time_to_first_output_ms |     1,778.098 |     1,934.050 |
[0;36m(APIServer pid=214609)[0;0m INFO 09-25 05:31:47 [stats.py:920] | stage_gen_time_ms               |     1,778.198 |     1,934.001 |
[0;36m(APIServer pid=214609)[0;0m INFO 09-25 05:31:47 [stats.py:920] | time_per_output_unit_ms         |         0.007 |         0.000 |
[0;36m(APIServer pid=214609)[0;0m INFO 09-25 05:31:47 [stats.py:920] | vllm_itl_ms                     |        47.236 |       730.477 |
[0;36m(APIServer pid=214609)[0;0m INFO 09-25 05:31:47 [stats.py:920] | vllm_itls_ms                    | 47.236 (n=34) | 730.477 (n=2) |
[0;36m(APIServer pid=214609)[0;0m INFO 09-25 05:31:47 [stats.py:920] | vllm_tpot_ms                    |        47.236 |         0.000 |
[0;36m(APIServer pid=214609)[0;0m INFO 09-25 05:31:47 [stats.py:920] | vllm_ttft_ms                    |       172.022 |       473.180 |
[0;36m(APIServer pid=214609)[0;0m INFO 09-25 05:31:47 [stats.py:920] +---------------------------------+---------------+---------------+
[0;36m(APIServer pid=214609)[0;0m INFO 09-25 05:31:47 [serving_speech.py:3646] [SpeechE2E] request_id=speech-a5cfceaac11435de stream=false status=ok total_ms=1942.52 response_bytes=130604
[0;36m(APIServer pid=214609)[0;0m INFO 09-25 05:31:47 [stats.py:811] 
[0;36m(APIServer pid=214609)[0;0m INFO 09-25 05:31:47 [stats.py:811] [Overall Summary]
[0;36m(APIServer pid=214609)[0;0m INFO 09-25 05:31:47 [stats.py:811] +-----------------------------+-----------+
[0;36m(APIServer pid=214609)[0;0m INFO 09-25 05:31:47 [stats.py:811] | Field                       |     Value |
[0;36m(APIServer pid=214609)[0;0m INFO 09-25 05:31:47 [stats.py:811] +-----------------------------+-----------+
[0;36m(APIServer pid=214609)[0;0m INFO 09-25 05:31:47 [stats.py:811] | e2e_requests                |         1 |
[0;36m(APIServer pid=214609)[0;0m INFO 09-25 05:31:47 [stats.py:811] | e2e_wall_time_ms            | 3,505.379 |
[0;36m(APIServer pid=214609)[0;0m INFO 09-25 05:31:47 [stats.py:811] | e2e_total_tokens            |       426 |
[0;36m(APIServer pid=214609)[0;0m INFO 09-25 05:31:47 [stats.py:811] | e2e_avg_time_per_request_ms | 3,505.379 |
[0;36m(APIServer pid=214609)[0;0m INFO 09-25 05:31:47 [stats.py:811] | e2e_avg_tokens_per_s        |   121.528 |
[0;36m(APIServer pid=214609)[0;0m INFO 09-25 05:31:47 [stats.py:811] | input_preprocess_time_ms    |     0.054 |
[0;36m(APIServer pid=214609)[0;0m INFO 09-25 05:31:47 [stats.py:811] | e2e_stage_0_wall_time_ms    | 3,347.447 |
[0;36m(APIServer pid=214609)[0;0m INFO 09-25 05:31:47 [stats.py:811] | e2e_stage_1_wall_time_ms    | 3,504.882 |
[0;36m(APIServer pid=214609)[0;0m INFO 09-25 05:31:47 [stats.py:811] +-----------------------------+-----------+
[0;36m(APIServer pid=214609)[0;0m INFO 09-25 05:31:47 [stats.py:837] 
[0;36m(APIServer pid=214609)[0;0m INFO 09-25 05:31:47 [stats.py:837] [RequestE2EStats [request_id=speech-84ffb3470d3150ba-8d987d8b]]
[0;36m(APIServer pid=214609)[0;0m INFO 09-25 05:31:47 [stats.py:837] +------------------+-----------+
[0;36m(APIServer pid=214609)[0;0m INFO 09-25 05:31:47 [stats.py:837] | Field            |     Value |
[0;36m(APIServer pid=214609)[0;0m INFO 09-25 05:31:47 [stats.py:837] +------------------+-----------+
[0;36m(APIServer pid=214609)[0;0m INFO 09-25 05:31:47 [stats.py:837] | e2e_total_ms     | 3,505.240 |
[0;36m(APIServer pid=214609)[0;0m INFO 09-25 05:31:47 [stats.py:837] | e2e_total_tokens |       426 |
[0;36m(APIServer pid=214609)[0;0m INFO 09-25 05:31:47 [stats.py:837] +------------------+-----------+
[0;36m(APIServer pid=214609)[0;0m INFO 09-25 05:31:47 [stats.py:878] [OmniTiming] req=speech-84ffb3470d3150ba-8d987d8b total=3.51s preprocess=0.00s engine=3.51s stages=[0:3.35s,1:3.50s] transfers=[0->1=0.00ms]
[0;36m(APIServer pid=214609)[0;0m INFO 09-25 05:31:47 [stats.py:920] 
[0;36m(APIServer pid=214609)[0;0m INFO 09-25 05:31:47 [stats.py:920] [StageRequestStats [request_id=speech-84ffb3470d3150ba-8d987d8b]]
[0;36m(APIServer pid=214609)[0;0m INFO 09-25 05:31:47 [stats.py:920] +---------------------------------+---------------+-----------------+
[0;36m(APIServer pid=214609)[0;0m INFO 09-25 05:31:47 [stats.py:920] | Field                           |             0 |               1 |
[0;36m(APIServer pid=214609)[0;0m INFO 09-25 05:31:47 [stats.py:920] +---------------------------------+---------------+-----------------+
[0;36m(APIServer pid=214609)[0;0m INFO 09-25 05:31:47 [stats.py:920] | audio_duration_s                |         0.000 |           5.200 |
[0;36m(APIServer pid=214609)[0;0m INFO 09-25 05:31:47 [stats.py:920] | audio_generated_frames          |             0 |         124,800 |
[0;36m(APIServer pid=214609)[0;0m INFO 09-25 05:31:47 [stats.py:920] | audio_sample_rate               |             0 |          24,000 |
[0;36m(APIServer pid=214609)[0;0m INFO 09-25 05:31:47 [stats.py:920] | batch_id                        |         2,663 |           2,744 |
[0;36m(APIServer pid=214609)[0;0m INFO 09-25 05:31:47 [stats.py:920] | batch_size                      |             1 |               1 |
[0;36m(APIServer pid=214609)[0;0m INFO 09-25 05:31:47 [stats.py:920] | inter_output_latencies_ms       |               |                 |
[0;36m(APIServer pid=214609)[0;0m INFO 09-25 05:31:47 [stats.py:920] | num_tokens_in                   |           360 |               0 |
[0;36m(APIServer pid=214609)[0;0m INFO 09-25 05:31:47 [stats.py:920] | num_tokens_out                  |            66 |               0 |
[0;36m(APIServer pid=214609)[0;0m INFO 09-25 05:31:47 [stats.py:920] | output_unit_count               |            66 |         124,800 |
[0;36m(APIServer pid=214609)[0;0m INFO 09-25 05:31:47 [stats.py:920] | output_unit_type                |        stream |           audio |
[0;36m(APIServer pid=214609)[0;0m INFO 09-25 05:31:47 [stats.py:920] | serving_time_to_first_output_ms |     3,346.929 |       3,502.881 |
[0;36m(APIServer pid=214609)[0;0m INFO 09-25 05:31:47 [stats.py:920] | stage_gen_time_ms               |     3,346.743 |       3,502.589 |
[0;36m(APIServer pid=214609)[0;0m INFO 09-25 05:31:47 [stats.py:920] | time_per_output_unit_ms         |         0.003 |           0.000 |
[0;36m(APIServer pid=214609)[0;0m INFO 09-25 05:31:47 [stats.py:920] | vllm_itl_ms                     |        48.845 |       1,055.015 |
[0;36m(APIServer pid=214609)[0;0m INFO 09-25 05:31:47 [stats.py:920] | vllm_itls_ms                    | 48.845 (n=65) | 1,055.015 (n=3) |
[0;36m(APIServer pid=214609)[0;0m INFO 09-25 05:31:47 [stats.py:920] | vllm_tpot_ms                    |        48.845 |           0.000 |
[0;36m(APIServer pid=214609)[0;0m INFO 09-25 05:31:47 [stats.py:920] | vllm_ttft_ms                    |       170.645 |         335.966 |
[0;36m(APIServer pid=214609)[0;0m INFO 09-25 05:31:47 [stats.py:920] +---------------------------------+---------------+-----------------+
[0;36m(APIServer pid=214609)[0;0m INFO 09-25 05:31:47 [serving_speech.py:3646] [SpeechE2E] request_id=speech-84ffb3470d3150ba stream=false status=ok total_ms=3513.09 response_bytes=249644
[0;36m(APIServer pid=214609)[0;0m INFO 09-25 05:31:47 [stats.py:811] 
[0;36m(APIServer pid=214609)[0;0m INFO 09-25 05:31:47 [stats.py:811] [Overall Summary]
[0;36m(APIServer pid=214609)[0;0m INFO 09-25 05:31:47 [stats.py:811] +-----------------------------+-----------+
[0;36m(APIServer pid=214609)[0;0m INFO 09-25 05:31:47 [stats.py:811] | Field                       |     Value |
[0;36m(APIServer pid=214609)[0;0m INFO 09-25 05:31:47 [stats.py:811] +-----------------------------+-----------+
[0;36m(APIServer pid=214609)[0;0m INFO 09-25 05:31:47 [stats.py:811] | e2e_requests                |         1 |
[0;36m(APIServer pid=214609)[0;0m INFO 09-25 05:31:47 [stats.py:811] | e2e_wall_time_ms            | 5,669.752 |
[0;36m(APIServer pid=214609)[0;0m INFO 09-25 05:31:47 [stats.py:811] | e2e_total_tokens            |       461 |
[0;36m(APIServer pid=214609)[0;0m INFO 09-25 05:31:47 [stats.py:811] | e2e_avg_time_per_request_ms | 5,669.752 |
[0;36m(APIServer pid=214609)[0;0m INFO 09-25 05:31:47 [stats.py:811] | e2e_avg_tokens_per_s        |    81.309 |
[0;36m(APIServer pid=214609)[0;0m INFO 09-25 05:31:47 [stats.py:811] | input_preprocess_time_ms    |     0.053 |
[0;36m(APIServer pid=214609)[0;0m INFO 09-25 05:31:47 [stats.py:811] | e2e_stage_0_wall_time_ms    | 5,510.029 |
[0;36m(APIServer pid=214609)[0;0m INFO 09-25 05:31:47 [stats.py:811] | e2e_stage_1_wall_time_ms    | 5,669.404 |
[0;36m(APIServer pid=214609)[0;0m INFO 09-25 05:31:47 [stats.py:811] +-----------------------------+-----------+
[0;36m(APIServer pid=214609)[0;0m INFO 09-25 05:31:47 [stats.py:837] 
[0;36m(APIServer pid=214609)[0;0m INFO 09-25 05:31:47 [stats.py:837] [RequestE2EStats [request_id=speech-abf2acc2ed1973bc-a5aee2a5]]
[0;36m(APIServer pid=214609)[0;0m INFO 09-25 05:31:47 [stats.py:837] +------------------+-----------+
[0;36m(APIServer pid=214609)[0;0m INFO 09-25 05:31:47 [stats.py:837] | Field            |     Value |
[0;36m(APIServer pid=214609)[0;0m INFO 09-25 05:31:47 [stats.py:837] +------------------+-----------+
[0;36m(APIServer pid=214609)[0;0m INFO 09-25 05:31:47 [stats.py:837] | e2e_total_ms     | 5,669.631 |
[0;36m(APIServer pid=214609)[0;0m INFO 09-25 05:31:47 [stats.py:837] | e2e_total_tokens |       461 |
[0;36m(APIServer pid=214609)[0;0m INFO 09-25 05:31:47 [stats.py:837] +------------------+-----------+
[0;36m(APIServer pid=214609)[0;0m INFO 09-25 05:31:47 [stats.py:878] [OmniTiming] req=speech-abf2acc2ed1973bc-a5aee2a5 total=5.67s preprocess=0.00s engine=5.67s stages=[0:5.51s,1:5.67s] transfers=[0->1=0.00ms]
[0;36m(APIServer pid=214609)[0;0m INFO 09-25 05:31:47 [stats.py:920] 
[0;36m(APIServer pid=214609)[0;0m INFO 09-25 05:31:47 [stats.py:920] [StageRequestStats [request_id=speech-abf2acc2ed1973bc-a5aee2a5]]
[0;36m(APIServer pid=214609)[0;0m INFO 09-25 05:31:47 [stats.py:920] +---------------------------------+----------------+-----------------+
[0;36m(APIServer pid=214609)[0;0m INFO 09-25 05:31:47 [stats.py:920] | Field                           |              0 |               1 |
[0;36m(APIServer pid=214609)[0;0m INFO 09-25 05:31:47 [stats.py:920] +---------------------------------+----------------+-----------------+
[0;36m(APIServer pid=214609)[0;0m INFO 09-25 05:31:47 [stats.py:920] | audio_duration_s                |          0.000 |           8.000 |
[0;36m(APIServer pid=214609)[0;0m INFO 09-25 05:31:47 [stats.py:920] | audio_generated_frames          |              0 |         192,000 |
[0;36m(APIServer pid=214609)[0;0m INFO 09-25 05:31:47 [stats.py:920] | audio_sample_rate               |              0 |          24,000 |
[0;36m(APIServer pid=214609)[0;0m INFO 09-25 05:31:47 [stats.py:920] | batch_id                        |          2,662 |           2,745 |
[0;36m(APIServer pid=214609)[0;0m INFO 09-25 05:31:47 [stats.py:920] | batch_size                      |              1 |               1 |
[0;36m(APIServer pid=214609)[0;0m INFO 09-25 05:31:47 [stats.py:920] | inter_output_latencies_ms       |                |                 |
[0;36m(APIServer pid=214609)[0;0m INFO 09-25 05:31:47 [stats.py:920] | num_tokens_in                   |            360 |               0 |
[0;36m(APIServer pid=214609)[0;0m INFO 09-25 05:31:47 [stats.py:920] | num_tokens_out                  |            101 |               0 |
[0;36m(APIServer pid=214609)[0;0m INFO 09-25 05:31:47 [stats.py:920] | output_unit_count               |            101 |         192,000 |
[0;36m(APIServer pid=214609)[0;0m INFO 09-25 05:31:47 [stats.py:920] | output_unit_type                |         stream |           audio |
[0;36m(APIServer pid=214609)[0;0m INFO 09-25 05:31:47 [stats.py:920] | serving_time_to_first_output_ms |      5,509.506 |       5,665.458 |
[0;36m(APIServer pid=214609)[0;0m INFO 09-25 05:31:47 [stats.py:920] | stage_gen_time_ms               |      5,509.381 |       5,665.363 |
[0;36m(APIServer pid=214609)[0;0m INFO 09-25 05:31:47 [stats.py:920] | time_per_output_unit_ms         |          0.001 |           0.000 |
[0;36m(APIServer pid=214609)[0;0m INFO 09-25 05:31:47 [stats.py:920] | vllm_itl_ms                     |         52.843 |       1,283.906 |
[0;36m(APIServer pid=214609)[0;0m INFO 09-25 05:31:47 [stats.py:920] | vllm_itls_ms                    | 52.843 (n=100) | 1,283.906 (n=4) |
[0;36m(APIServer pid=214609)[0;0m INFO 09-25 05:31:47 [stats.py:920] | vllm_tpot_ms                    |         52.843 |           0.000 |
[0;36m(APIServer pid=214609)[0;0m INFO 09-25 05:31:47 [stats.py:920] | vllm_ttft_ms                    |        223.931 |         528.063 |
[0;36m(APIServer pid=214609)[0;0m INFO 09-25 05:31:47 [stats.py:920] +---------------------------------+----------------+-----------------+
[0;36m(APIServer pid=214609)[0;0m INFO 09-25 05:31:47 [serving_speech.py:3646] [SpeechE2E] request_id=speech-abf2acc2ed1973bc stream=false status=ok total_ms=5676.46 response_bytes=384044
[0;36m(APIServer pid=214609)[0;0m INFO:     127.0.0.1:34958 - "POST /v1/audio/speech HTTP/1.1" 200 OK
[0;36m(APIServer pid=214609)[0;0m INFO:     127.0.0.1:34936 - "POST /v1/audio/speech HTTP/1.1" 200 OK
[0;36m(APIServer pid=214609)[0;0m INFO:     127.0.0.1:34904 - "POST /v1/audio/speech HTTP/1.1" 200 OK
[0;36m(APIServer pid=214609)[0;0m INFO 09-25 05:31:47 [stats.py:811] 
[0;36m(APIServer pid=214609)[0;0m INFO 09-25 05:31:47 [stats.py:811] [Overall Summary]
[0;36m(APIServer pid=214609)[0;0m INFO 09-25 05:31:47 [stats.py:811] +-----------------------------+-----------+
[0;36m(APIServer pid=214609)[0;0m INFO 09-25 05:31:47 [stats.py:811] | Field                       |     Value |
[0;36m(APIServer pid=214609)[0;0m INFO 09-25 05:31:47 [stats.py:811] +-----------------------------+-----------+
[0;36m(APIServer pid=214609)[0;0m INFO 09-25 05:31:47 [stats.py:811] | e2e_requests                |         1 |
[0;36m(APIServer pid=214609)[0;0m INFO 09-25 05:31:47 [stats.py:811] | e2e_wall_time_ms            | 3,371.229 |
[0;36m(APIServer pid=214609)[0;0m INFO 09-25 05:31:47 [stats.py:811] | e2e_total_tokens            |       370 |
[0;36m(APIServer pid=214609)[0;0m INFO 09-25 05:31:47 [stats.py:811] | e2e_avg_time_per_request_ms | 3,371.229 |
[0;36m(APIServer pid=214609)[0;0m INFO 09-25 05:31:47 [stats.py:811] | e2e_avg_tokens_per_s        |   109.752 |
[0;36m(APIServer pid=214609)[0;0m INFO 09-25 05:31:47 [stats.py:811] | input_preprocess_time_ms    |     0.057 |
[0;36m(APIServer pid=214609)[0;0m INFO 09-25 05:31:47 [stats.py:811] | e2e_stage_0_wall_time_ms    | 3,332.282 |
[0;36m(APIServer pid=214609)[0;0m INFO 09-25 05:31:47 [stats.py:811] | e2e_stage_1_wall_time_ms    | 3,370.865 |
[0;36m(APIServer pid=214609)[0;0m INFO 09-25 05:31:47 [stats.py:811] +-----------------------------+-----------+
[0;36m(APIServer pid=214609)[0;0m INFO 09-25 05:31:47 [stats.py:837] 
[0;36m(APIServer pid=214609)[0;0m INFO 09-25 05:31:47 [stats.py:837] [RequestE2EStats [request_id=speech-a45c654992b2390d-8e6d7031]]
[0;36m(APIServer pid=214609)[0;0m INFO 09-25 05:31:47 [stats.py:837] +------------------+-----------+
[0;36m(APIServer pid=214609)[0;0m INFO 09-25 05:31:47 [stats.py:837] | Field            |     Value |
[0;36m(APIServer pid=214609)[0;0m INFO 09-25 05:31:47 [stats.py:837] +------------------+-----------+
[0;36m(APIServer pid=214609)[0;0m INFO 09-25 05:31:47 [stats.py:837] | e2e_total_ms     | 3,371.104 |
[0;36m(APIServer pid=214609)[0;0m INFO 09-25 05:31:47 [stats.py:837] | e2e_total_tokens |       370 |
[0;36m(APIServer pid=214609)[0;0m INFO 09-25 05:31:47 [stats.py:837] +------------------+-----------+
[0;36m(APIServer pid=214609)[0;0m INFO 09-25 05:31:47 [stats.py:878] [OmniTiming] req=speech-a45c654992b2390d-8e6d7031 total=3.37s preprocess=0.00s engine=3.37s stages=[0:3.33s,1:3.37s] transfers=[0->1=0.00ms]
[0;36m(APIServer pid=214609)[0;0m INFO 09-25 05:31:47 [stats.py:920] 
[0;36m(APIServer pid=214609)[0;0m INFO 09-25 05:31:47 [stats.py:920] [StageRequestStats [request_id=speech-a45c654992b2390d-8e6d7031]]
[0;36m(APIServer pid=214609)[0;0m INFO 09-25 05:31:47 [stats.py:920] +---------------------------------+---------------+-----------------+
[0;36m(APIServer pid=214609)[0;0m INFO 09-25 05:31:47 [stats.py:920] | Field                           |             0 |               1 |
[0;36m(APIServer pid=214609)[0;0m INFO 09-25 05:31:47 [stats.py:920] +---------------------------------+---------------+-----------------+
[0;36m(APIServer pid=214609)[0;0m INFO 09-25 05:31:47 [stats.py:920] | audio_duration_s                |         0.000 |           5.440 |
[0;36m(APIServer pid=214609)[0;0m INFO 09-25 05:31:47 [stats.py:920] | audio_generated_frames          |             0 |         130,560 |
[0;36m(APIServer pid=214609)[0;0m INFO 09-25 05:31:47 [stats.py:920] | audio_sample_rate               |             0 |          24,000 |
[0;36m(APIServer pid=214609)[0;0m INFO 09-25 05:31:47 [stats.py:920] | batch_id                        |         2,665 |           2,746 |
[0;36m(APIServer pid=214609)[0;0m INFO 09-25 05:31:47 [stats.py:920] | batch_size                      |             1 |               1 |
[0;36m(APIServer pid=214609)[0;0m INFO 09-25 05:31:47 [stats.py:920] | inter_output_latencies_ms       |               |                 |
[0;36m(APIServer pid=214609)[0;0m INFO 09-25 05:31:47 [stats.py:920] | num_tokens_in                   |           301 |               0 |
[0;36m(APIServer pid=214609)[0;0m INFO 09-25 05:31:47 [stats.py:920] | num_tokens_out                  |            69 |               0 |
[0;36m(APIServer pid=214609)[0;0m INFO 09-25 05:31:47 [stats.py:920] | output_unit_count               |            69 |         130,560 |
[0;36m(APIServer pid=214609)[0;0m INFO 09-25 05:31:47 [stats.py:920] | output_unit_type                |        stream |           audio |
[0;36m(APIServer pid=214609)[0;0m INFO 09-25 05:31:47 [stats.py:920] | serving_time_to_first_output_ms |     3,332.287 |       3,370.188 |
[0;36m(APIServer pid=214609)[0;0m INFO 09-25 05:31:47 [stats.py:920] | stage_gen_time_ms               |     3,332.052 |       3,369.955 |
[0;36m(APIServer pid=214609)[0;0m INFO 09-25 05:31:47 [stats.py:920] | time_per_output_unit_ms         |         0.001 |           0.000 |
[0;36m(APIServer pid=214609)[0;0m INFO 09-25 05:31:47 [stats.py:920] | vllm_itl_ms                     |        47.019 |       1,042.279 |
[0;36m(APIServer pid=214609)[0;0m INFO 09-25 05:31:47 [stats.py:920] | vllm_itls_ms                    | 47.019 (n=68) | 1,042.279 (n=3) |
[0;36m(APIServer pid=214609)[0;0m INFO 09-25 05:31:47 [stats.py:920] | vllm_tpot_ms                    |        47.019 |           0.000 |
[0;36m(APIServer pid=214609)[0;0m INFO 09-25 05:31:47 [stats.py:920] | vllm_ttft_ms                    |       135.152 |         244.635 |
[0;36m(APIServer pid=214609)[0;0m INFO 09-25 05:31:47 [stats.py:920] +---------------------------------+---------------+-----------------+
[0;36m(APIServer pid=214609)[0;0m INFO 09-25 05:31:47 [serving_speech.py:3646] [SpeechE2E] request_id=speech-a45c654992b2390d stream=false status=ok total_ms=3376.96 response_bytes=261164
[0;36m(APIServer pid=214609)[0;0m INFO:     127.0.0.1:34846 - "POST /v1/audio/speech HTTP/1.1" 200 OK
[0;36m(APIServer pid=214609)[0;0m INFO 09-25 05:31:47 [stats.py:811] 
[0;36m(APIServer pid=214609)[0;0m INFO 09-25 05:31:47 [stats.py:811] [Overall Summary]
[0;36m(APIServer pid=214609)[0;0m INFO 09-25 05:31:47 [stats.py:811] +-----------------------------+-----------+
[0;36m(APIServer pid=214609)[0;0m INFO 09-25 05:31:47 [stats.py:811] | Field                       |     Value |
[0;36m(APIServer pid=214609)[0;0m INFO 09-25 05:31:47 [stats.py:811] +-----------------------------+-----------+
[0;36m(APIServer pid=214609)[0;0m INFO 09-25 05:31:47 [stats.py:811] | e2e_requests                |         1 |
[0;36m(APIServer pid=214609)[0;0m INFO 09-25 05:31:47 [stats.py:811] | e2e_wall_time_ms            | 5,032.689 |
[0;36m(APIServer pid=214609)[0;0m INFO 09-25 05:31:47 [stats.py:811] | e2e_total_tokens            |       457 |
[0;36m(APIServer pid=214609)[0;0m INFO 09-25 05:31:47 [stats.py:811] | e2e_avg_time_per_request_ms | 5,032.689 |
[0;36m(APIServer pid=214609)[0;0m INFO 09-25 05:31:47 [stats.py:811] | e2e_avg_tokens_per_s        |    90.806 |
[0;36m(APIServer pid=214609)[0;0m INFO 09-25 05:31:47 [stats.py:811] | input_preprocess_time_ms    |     0.055 |
[0;36m(APIServer pid=214609)[0;0m INFO 09-25 05:31:47 [stats.py:811] | e2e_stage_0_wall_time_ms    | 4,993.878 |
[0;36m(APIServer pid=214609)[0;0m INFO 09-25 05:31:47 [stats.py:811] | e2e_stage_1_wall_time_ms    | 5,031.077 |
[0;36m(APIServer pid=214609)[0;0m INFO 09-25 05:31:47 [stats.py:811] +-----------------------------+-----------+
[0;36m(APIServer pid=214609)[0;0m INFO 09-25 05:31:47 [stats.py:837] 
[0;36m(APIServer pid=214609)[0;0m INFO 09-25 05:31:47 [stats.py:837] [RequestE2EStats [request_id=speech-9dec846742d7f2bc-9ead5ce2]]
[0;36m(APIServer pid=214609)[0;0m INFO 09-25 05:31:47 [stats.py:837] +------------------+-----------+
[0;36m(APIServer pid=214609)[0;0m INFO 09-25 05:31:47 [stats.py:837] | Field            |     Value |
[0;36m(APIServer pid=214609)[0;0m INFO 09-25 05:31:47 [stats.py:837] +------------------+-----------+
[0;36m(APIServer pid=214609)[0;0m INFO 09-25 05:31:47 [stats.py:837] | e2e_total_ms     | 5,032.545 |
[0;36m(APIServer pid=214609)[0;0m INFO 09-25 05:31:47 [stats.py:837] | e2e_total_tokens |       457 |
[0;36m(APIServer pid=214609)[0;0m INFO 09-25 05:31:47 [stats.py:837] +------------------+-----------+
[0;36m(APIServer pid=214609)[0;0m INFO 09-25 05:31:47 [stats.py:878] [OmniTiming] req=speech-9dec846742d7f2bc-9ead5ce2 total=5.03s preprocess=0.00s engine=5.03s stages=[0:4.99s,1:5.03s] transfers=[0->1=0.00ms]
[0;36m(APIServer pid=214609)[0;0m INFO 09-25 05:31:47 [stats.py:920] 
[0;36m(APIServer pid=214609)[0;0m INFO 09-25 05:31:47 [stats.py:920] [StageRequestStats [request_id=speech-9dec846742d7f2bc-9ead5ce2]]
[0;36m(APIServer pid=214609)[0;0m INFO 09-25 05:31:47 [stats.py:920] +---------------------------------+---------------+-----------------+
[0;36m(APIServer pid=214609)[0;0m INFO 09-25 05:31:47 [stats.py:920] | Field                           |             0 |               1 |
[0;36m(APIServer pid=214609)[0;0m INFO 09-25 05:31:47 [stats.py:920] +---------------------------------+---------------+-----------------+
[0;36m(APIServer pid=214609)[0;0m INFO 09-25 05:31:47 [stats.py:920] | audio_duration_s                |         0.000 |           7.680 |
[0;36m(APIServer pid=214609)[0;0m INFO 09-25 05:31:47 [stats.py:920] | audio_generated_frames          |             0 |         184,320 |
[0;36m(APIServer pid=214609)[0;0m INFO 09-25 05:31:47 [stats.py:920] | audio_sample_rate               |             0 |          24,000 |
[0;36m(APIServer pid=214609)[0;0m INFO 09-25 05:31:47 [stats.py:920] | batch_id                        |         2,666 |           2,747 |
[0;36m(APIServer pid=214609)[0;0m INFO 09-25 05:31:47 [stats.py:920] | batch_size                      |             1 |               1 |
[0;36m(APIServer pid=214609)[0;0m INFO 09-25 05:31:47 [stats.py:920] | inter_output_latencies_ms       |               |                 |
[0;36m(APIServer pid=214609)[0;0m INFO 09-25 05:31:47 [stats.py:920] | num_tokens_in                   |           360 |               0 |
[0;36m(APIServer pid=214609)[0;0m INFO 09-25 05:31:47 [stats.py:920] | num_tokens_out                  |            97 |               0 |
[0;36m(APIServer pid=214609)[0;0m INFO 09-25 05:31:47 [stats.py:920] | output_unit_count               |            97 |         184,320 |
[0;36m(APIServer pid=214609)[0;0m INFO 09-25 05:31:47 [stats.py:920] | output_unit_type                |        stream |           audio |
[0;36m(APIServer pid=214609)[0;0m INFO 09-25 05:31:47 [stats.py:920] | serving_time_to_first_output_ms |     4,993.145 |       5,031.855 |
[0;36m(APIServer pid=214609)[0;0m INFO 09-25 05:31:47 [stats.py:920] | stage_gen_time_ms               |     4,991.674 |       5,030.316 |
[0;36m(APIServer pid=214609)[0;0m INFO 09-25 05:31:47 [stats.py:920] | time_per_output_unit_ms         |         0.001 |           0.000 |
[0;36m(APIServer pid=214609)[0;0m INFO 09-25 05:31:47 [stats.py:920] | vllm_itl_ms                     |        50.297 |       1,145.294 |
[0;36m(APIServer pid=214609)[0;0m INFO 09-25 05:31:47 [stats.py:920] | vllm_itls_ms                    | 50.297 (n=96) | 1,145.294 (n=4) |
[0;36m(APIServer pid=214609)[0;0m INFO 09-25 05:31:47 [stats.py:920] | vllm_tpot_ms                    |        50.297 |           0.000 |
[0;36m(APIServer pid=214609)[0;0m INFO 09-25 05:31:47 [stats.py:920] | vllm_ttft_ms                    |       164.201 |         446.715 |
[0;36m(APIServer pid=214609)[0;0m INFO 09-25 05:31:47 [stats.py:920] +---------------------------------+---------------+-----------------+
[0;36m(APIServer pid=214609)[0;0m INFO 09-25 05:31:47 [serving_speech.py:3646] [SpeechE2E] request_id=speech-9dec846742d7f2bc stream=false status=ok total_ms=5043.22 response_bytes=368684
[0;36m(APIServer pid=214609)[0;0m INFO:     127.0.0.1:34934 - "POST /v1/audio/speech HTTP/1.1" 200 OK
[0;36m(APIServer pid=214609)[0;0m INFO 09-25 05:31:47 [stats.py:811] 
[0;36m(APIServer pid=214609)[0;0m INFO 09-25 05:31:47 [stats.py:811] [Overall Summary]
[0;36m(APIServer pid=214609)[0;0m INFO 09-25 05:31:47 [stats.py:811] +-----------------------------+-----------+
[0;36m(APIServer pid=214609)[0;0m INFO 09-25 05:31:47 [stats.py:811] | Field                       |     Value |
[0;36m(APIServer pid=214609)[0;0m INFO 09-25 05:31:47 [stats.py:811] +-----------------------------+-----------+
[0;36m(APIServer pid=214609)[0;0m INFO 09-25 05:31:47 [stats.py:811] | e2e_requests                |         1 |
[0;36m(APIServer pid=214609)[0;0m INFO 09-25 05:31:47 [stats.py:811] | e2e_wall_time_ms            | 4,505.356 |
[0;36m(APIServer pid=214609)[0;0m INFO 09-25 05:31:47 [stats.py:811] | e2e_total_tokens            |       448 |
[0;36m(APIServer pid=214609)[0;0m INFO 09-25 05:31:47 [stats.py:811] | e2e_avg_time_per_request_ms | 4,505.356 |
[0;36m(APIServer pid=214609)[0;0m INFO 09-25 05:31:47 [stats.py:811] | e2e_avg_tokens_per_s        |    99.437 |
[0;36m(APIServer pid=214609)[0;0m INFO 09-25 05:31:47 [stats.py:811] | input_preprocess_time_ms    |     0.055 |
[0;36m(APIServer pid=214609)[0;0m INFO 09-25 05:31:47 [stats.py:811] | e2e_stage_0_wall_time_ms    | 4,464.377 |
[0;36m(APIServer pid=214609)[0;0m INFO 09-25 05:31:47 [stats.py:811] | e2e_stage_1_wall_time_ms    | 4,505.026 |
[0;36m(APIServer pid=214609)[0;0m INFO 09-25 05:31:47 [stats.py:811] +-----------------------------+-----------+
[0;36m(APIServer pid=214609)[0;0m INFO 09-25 05:31:47 [stats.py:837] 
[0;36m(APIServer pid=214609)[0;0m INFO 09-25 05:31:47 [stats.py:837] [RequestE2EStats [request_id=speech-891344f626c57268-a1d4cce4]]
[0;36m(APIServer pid=214609)[0;0m INFO 09-25 05:31:47 [stats.py:837] +------------------+-----------+
[0;36m(APIServer pid=214609)[0;0m INFO 09-25 05:31:47 [stats.py:837] | Field            |     Value |
[0;36m(APIServer pid=214609)[0;0m INFO 09-25 05:31:47 [stats.py:837] +------------------+-----------+
[0;36m(APIServer pid=214609)[0;0m INFO 09-25 05:31:47 [stats.py:837] | e2e_total_ms     | 4,505.234 |
[0;36m(APIServer pid=214609)[0;0m INFO 09-25 05:31:47 [stats.py:837] | e2e_total_tokens |       448 |
[0;36m(APIServer pid=214609)[0;0m INFO 09-25 05:31:47 [stats.py:837] +------------------+-----------+
[0;36m(APIServer pid=214609)[0;0m INFO 09-25 05:31:47 [stats.py:878] [OmniTiming] req=speech-891344f626c57268-a1d4cce4 total=4.51s preprocess=0.00s engine=4.51s stages=[0:4.46s,1:4.50s] transfers=[0->1=0.00ms]
[0;36m(APIServer pid=214609)[0;0m INFO 09-25 05:31:47 [stats.py:920] 
[0;36m(APIServer pid=214609)[0;0m INFO 09-25 05:31:47 [stats.py:920] [StageRequestStats [request_id=speech-891344f626c57268-a1d4cce4]]
[0;36m(APIServer pid=214609)[0;0m INFO 09-25 05:31:47 [stats.py:920] +---------------------------------+---------------+-----------------+
[0;36m(APIServer pid=214609)[0;0m INFO 09-25 05:31:47 [stats.py:920] | Field                           |             0 |               1 |
[0;36m(APIServer pid=214609)[0;0m INFO 09-25 05:31:47 [stats.py:920] +---------------------------------+---------------+-----------------+
[0;36m(APIServer pid=214609)[0;0m INFO 09-25 05:31:47 [stats.py:920] | audio_duration_s                |         0.000 |           6.960 |
[0;36m(APIServer pid=214609)[0;0m INFO 09-25 05:31:47 [stats.py:920] | audio_generated_frames          |             0 |         167,040 |
[0;36m(APIServer pid=214609)[0;0m INFO 09-25 05:31:47 [stats.py:920] | audio_sample_rate               |             0 |          24,000 |
[0;36m(APIServer pid=214609)[0;0m INFO 09-25 05:31:47 [stats.py:920] | batch_id                        |         2,667 |           2,748 |
[0;36m(APIServer pid=214609)[0;0m INFO 09-25 05:31:47 [stats.py:920] | batch_size                      |             1 |               1 |
[0;36m(APIServer pid=214609)[0;0m INFO 09-25 05:31:47 [stats.py:920] | inter_output_latencies_ms       |               |                 |
[0;36m(APIServer pid=214609)[0;0m INFO 09-25 05:31:47 [stats.py:920] | num_tokens_in                   |           360 |               0 |
[0;36m(APIServer pid=214609)[0;0m INFO 09-25 05:31:47 [stats.py:920] | num_tokens_out                  |            88 |               0 |
[0;36m(APIServer pid=214609)[0;0m INFO 09-25 05:31:47 [stats.py:920] | output_unit_count               |            88 |         167,040 |
[0;36m(APIServer pid=214609)[0;0m INFO 09-25 05:31:47 [stats.py:920] | output_unit_type                |        stream |           audio |
[0;36m(APIServer pid=214609)[0;0m INFO 09-25 05:31:47 [stats.py:920] | serving_time_to_first_output_ms |     4,464.377 |       4,504.179 |
[0;36m(APIServer pid=214609)[0;0m INFO 09-25 05:31:47 [stats.py:920] | stage_gen_time_ms               |     4,464.237 |       4,503.947 |
[0;36m(APIServer pid=214609)[0;0m INFO 09-25 05:31:47 [stats.py:920] | time_per_output_unit_ms         |         0.001 |           0.000 |
[0;36m(APIServer pid=214609)[0;0m INFO 09-25 05:31:47 [stats.py:920] | vllm_itl_ms                     |        49.554 |       1,010.305 |
[0;36m(APIServer pid=214609)[0;0m INFO 09-25 05:31:47 [stats.py:920] | vllm_itls_ms                    | 49.554 (n=87) | 1,010.305 (n=4) |
[0;36m(APIServer pid=214609)[0;0m INFO 09-25 05:31:47 [stats.py:920] | vllm_tpot_ms                    |        49.554 |           0.000 |
[0;36m(APIServer pid=214609)[0;0m INFO 09-25 05:31:47 [stats.py:920] | vllm_ttft_ms                    |       155.183 |         462.433 |
[0;36m(APIServer pid=214609)[0;0m INFO 09-25 05:31:47 [stats.py:920] +---------------------------------+---------------+-----------------+
[0;36m(APIServer pid=214609)[0;0m INFO 09-25 05:31:47 [serving_speech.py:3646] [SpeechE2E] request_id=speech-891344f626c57268 stream=false status=ok total_ms=4513.44 response_bytes=334124
[0;36m(APIServer pid=214609)[0;0m INFO:     127.0.0.1:34862 - "POST /v1/audio/speech HTTP/1.1" 200 OK
[0;36m(APIServer pid=214609)[0;0m INFO 09-25 05:31:48 [stats.py:811] 
[0;36m(APIServer pid=214609)[0;0m INFO 09-25 05:31:48 [stats.py:811] [Overall Summary]
[0;36m(APIServer pid=214609)[0;0m INFO 09-25 05:31:48 [stats.py:811] +-----------------------------+-----------+
[0;36m(APIServer pid=214609)[0;0m INFO 09-25 05:31:48 [stats.py:811] | Field                       |     Value |
[0;36m(APIServer pid=214609)[0;0m INFO 09-25 05:31:48 [stats.py:811] +-----------------------------+-----------+
[0;36m(APIServer pid=214609)[0;0m INFO 09-25 05:31:48 [stats.py:811] | e2e_requests                |         1 |
[0;36m(APIServer pid=214609)[0;0m INFO 09-25 05:31:48 [stats.py:811] | e2e_wall_time_ms            | 1,820.389 |
[0;36m(APIServer pid=214609)[0;0m INFO 09-25 05:31:48 [stats.py:811] | e2e_total_tokens            |       402 |
[0;36m(APIServer pid=214609)[0;0m INFO 09-25 05:31:48 [stats.py:811] | e2e_avg_time_per_request_ms | 1,820.389 |
[0;36m(APIServer pid=214609)[0;0m INFO 09-25 05:31:48 [stats.py:811] | e2e_avg_tokens_per_s        |   220.832 |
[0;36m(APIServer pid=214609)[0;0m INFO 09-25 05:31:48 [stats.py:811] | input_preprocess_time_ms    |     0.054 |
[0;36m(APIServer pid=214609)[0;0m INFO 09-25 05:31:48 [stats.py:811] | e2e_stage_0_wall_time_ms    | 1,754.042 |
[0;36m(APIServer pid=214609)[0;0m INFO 09-25 05:31:48 [stats.py:811] | e2e_stage_1_wall_time_ms    | 1,820.085 |
[0;36m(APIServer pid=214609)[0;0m INFO 09-25 05:31:48 [stats.py:811] +-----------------------------+-----------+
[0;36m(APIServer pid=214609)[0;0m INFO 09-25 05:31:48 [stats.py:837] 
[0;36m(APIServer pid=214609)[0;0m INFO 09-25 05:31:48 [stats.py:837] [RequestE2EStats [request_id=speech-91bdf3bd5c49aca4-bda11185]]
[0;36m(APIServer pid=214609)[0;0m INFO 09-25 05:31:48 [stats.py:837] +------------------+-----------+
[0;36m(APIServer pid=214609)[0;0m INFO 09-25 05:31:48 [stats.py:837] | Field            |     Value |
[0;36m(APIServer pid=214609)[0;0m INFO 09-25 05:31:48 [stats.py:837] +------------------+-----------+
[0;36m(APIServer pid=214609)[0;0m INFO 09-25 05:31:48 [stats.py:837] | e2e_total_ms     | 1,820.266 |
[0;36m(APIServer pid=214609)[0;0m INFO 09-25 05:31:48 [stats.py:837] | e2e_total_tokens |       402 |
[0;36m(APIServer pid=214609)[0;0m INFO 09-25 05:31:48 [stats.py:837] +------------------+-----------+
[0;36m(APIServer pid=214609)[0;0m INFO 09-25 05:31:48 [stats.py:878] [OmniTiming] req=speech-91bdf3bd5c49aca4-bda11185 total=1.82s preprocess=0.00s engine=1.82s stages=[0:1.75s,1:1.82s] transfers=[0->1=0.00ms]
[0;36m(APIServer pid=214609)[0;0m INFO 09-25 05:31:48 [stats.py:920] 
[0;36m(APIServer pid=214609)[0;0m INFO 09-25 05:31:48 [stats.py:920] [StageRequestStats [request_id=speech-91bdf3bd5c49aca4-bda11185]]
[0;36m(APIServer pid=214609)[0;0m INFO 09-25 05:31:48 [stats.py:920] +---------------------------------+---------------+---------------+
[0;36m(APIServer pid=214609)[0;0m INFO 09-25 05:31:48 [stats.py:920] | Field                           |             0 |             1 |
[0;36m(APIServer pid=214609)[0;0m INFO 09-25 05:31:48 [stats.py:920] +---------------------------------+---------------+---------------+
[0;36m(APIServer pid=214609)[0;0m INFO 09-25 05:31:48 [stats.py:920] | audio_duration_s                |         0.000 |         3.280 |
[0;36m(APIServer pid=214609)[0;0m INFO 09-25 05:31:48 [stats.py:920] | audio_generated_frames          |             0 |        78,720 |
[0;36m(APIServer pid=214609)[0;0m INFO 09-25 05:31:48 [stats.py:920] | audio_sample_rate               |             0 |        24,000 |
[0;36m(APIServer pid=214609)[0;0m INFO 09-25 05:31:48 [stats.py:920] | batch_id                        |         2,669 |         2,749 |
[0;36m(APIServer pid=214609)[0;0m INFO 09-25 05:31:48 [stats.py:920] | batch_size                      |             1 |             1 |
[0;36m(APIServer pid=214609)[0;0m INFO 09-25 05:31:48 [stats.py:920] | inter_output_latencies_ms       |               |               |
[0;36m(APIServer pid=214609)[0;0m INFO 09-25 05:31:48 [stats.py:920] | num_tokens_in                   |           360 |             0 |
[0;36m(APIServer pid=214609)[0;0m INFO 09-25 05:31:48 [stats.py:920] | num_tokens_out                  |            42 |             0 |
[0;36m(APIServer pid=214609)[0;0m INFO 09-25 05:31:48 [stats.py:920] | output_unit_count               |            42 |        78,720 |
[0;36m(APIServer pid=214609)[0;0m INFO 09-25 05:31:48 [stats.py:920] | output_unit_type                |        stream |         audio |
[0;36m(APIServer pid=214609)[0;0m INFO 09-25 05:31:48 [stats.py:920] | serving_time_to_first_output_ms |     1,753.635 |     1,819.436 |
[0;36m(APIServer pid=214609)[0;0m INFO 09-25 05:31:48 [stats.py:920] | stage_gen_time_ms               |     1,753.520 |     1,819.246 |
[0;36m(APIServer pid=214609)[0;0m INFO 09-25 05:31:48 [stats.py:920] | time_per_output_unit_ms         |         0.002 |         0.000 |
[0;36m(APIServer pid=214609)[0;0m INFO 09-25 05:31:48 [stats.py:920] | vllm_itl_ms                     |        39.412 |       713.177 |
[0;36m(APIServer pid=214609)[0;0m INFO 09-25 05:31:48 [stats.py:920] | vllm_itls_ms                    | 39.412 (n=41) | 713.177 (n=2) |
[0;36m(APIServer pid=214609)[0;0m INFO 09-25 05:31:48 [stats.py:920] | vllm_tpot_ms                    |        39.412 |         0.000 |
[0;36m(APIServer pid=214609)[0;0m INFO 09-25 05:31:48 [stats.py:920] | vllm_ttft_ms                    |       137.952 |       390.089 |
[0;36m(APIServer pid=214609)[0;0m INFO 09-25 05:31:48 [stats.py:920] +---------------------------------+---------------+---------------+
[0;36m(APIServer pid=214609)[0;0m INFO 09-25 05:31:48 [serving_speech.py:3646] [SpeechE2E] request_id=speech-91bdf3bd5c49aca4 stream=false status=ok total_ms=1826.66 response_bytes=157484
[0;36m(APIServer pid=214609)[0;0m INFO 09-25 05:31:48 [stats.py:811] 
[0;36m(APIServer pid=214609)[0;0m INFO 09-25 05:31:48 [stats.py:811] [Overall Summary]
[0;36m(APIServer pid=214609)[0;0m INFO 09-25 05:31:48 [stats.py:811] +-----------------------------+-----------+
[0;36m(APIServer pid=214609)[0;0m INFO 09-25 05:31:48 [stats.py:811] | Field                       |     Value |
[0;36m(APIServer pid=214609)[0;0m INFO 09-25 05:31:48 [stats.py:811] +-----------------------------+-----------+
[0;36m(APIServer pid=214609)[0;0m INFO 09-25 05:31:48 [stats.py:811] | e2e_requests                |         1 |
[0;36m(APIServer pid=214609)[0;0m INFO 09-25 05:31:48 [stats.py:811] | e2e_wall_time_ms            | 1,919.884 |
[0;36m(APIServer pid=214609)[0;0m INFO 09-25 05:31:48 [stats.py:811] | e2e_total_tokens            |       404 |
[0;36m(APIServer pid=214609)[0;0m INFO 09-25 05:31:48 [stats.py:811] | e2e_avg_time_per_request_ms | 1,919.884 |
[0;36m(APIServer pid=214609)[0;0m INFO 09-25 05:31:48 [stats.py:811] | e2e_avg_tokens_per_s        |   210.429 |
[0;36m(APIServer pid=214609)[0;0m INFO 09-25 05:31:48 [stats.py:811] | input_preprocess_time_ms    |     0.056 |
[0;36m(APIServer pid=214609)[0;0m INFO 09-25 05:31:48 [stats.py:811] | e2e_stage_0_wall_time_ms    | 1,851.607 |
[0;36m(APIServer pid=214609)[0;0m INFO 09-25 05:31:48 [stats.py:811] | e2e_stage_1_wall_time_ms    | 1,919.510 |
[0;36m(APIServer pid=214609)[0;0m INFO 09-25 05:31:48 [stats.py:811] +-----------------------------+-----------+
[0;36m(APIServer pid=214609)[0;0m INFO 09-25 05:31:48 [stats.py:837] 
[0;36m(APIServer pid=214609)[0;0m INFO 09-25 05:31:48 [stats.py:837] [RequestE2EStats [request_id=speech-a90004e88c6e4c2d-a19f962d]]
[0;36m(APIServer pid=214609)[0;0m INFO 09-25 05:31:48 [stats.py:837] +------------------+-----------+
[0;36m(APIServer pid=214609)[0;0m INFO 09-25 05:31:48 [stats.py:837] | Field            |     Value |
[0;36m(APIServer pid=214609)[0;0m INFO 09-25 05:31:48 [stats.py:837] +------------------+-----------+
[0;36m(APIServer pid=214609)[0;0m INFO 09-25 05:31:48 [stats.py:837] | e2e_total_ms     | 1,919.759 |
[0;36m(APIServer pid=214609)[0;0m INFO 09-25 05:31:48 [stats.py:837] | e2e_total_tokens |       404 |
[0;36m(APIServer pid=214609)[0;0m INFO 09-25 05:31:48 [stats.py:837] +------------------+-----------+
[0;36m(APIServer pid=214609)[0;0m INFO 09-25 05:31:48 [stats.py:878] [OmniTiming] req=speech-a90004e88c6e4c2d-a19f962d total=1.92s preprocess=0.00s engine=1.92s stages=[0:1.85s,1:1.92s] transfers=[0->1=0.00ms]
[0;36m(APIServer pid=214609)[0;0m INFO 09-25 05:31:48 [stats.py:920] 
[0;36m(APIServer pid=214609)[0;0m INFO 09-25 05:31:48 [stats.py:920] [StageRequestStats [request_id=speech-a90004e88c6e4c2d-a19f962d]]
[0;36m(APIServer pid=214609)[0;0m INFO 09-25 05:31:48 [stats.py:920] +---------------------------------+---------------+---------------+
[0;36m(APIServer pid=214609)[0;0m INFO 09-25 05:31:48 [stats.py:920] | Field                           |             0 |             1 |
[0;36m(APIServer pid=214609)[0;0m INFO 09-25 05:31:48 [stats.py:920] +---------------------------------+---------------+---------------+
[0;36m(APIServer pid=214609)[0;0m INFO 09-25 05:31:48 [stats.py:920] | audio_duration_s                |         0.000 |         3.440 |
[0;36m(APIServer pid=214609)[0;0m INFO 09-25 05:31:48 [stats.py:920] | audio_generated_frames          |             0 |        82,560 |
[0;36m(APIServer pid=214609)[0;0m INFO 09-25 05:31:48 [stats.py:920] | audio_sample_rate               |             0 |        24,000 |
[0;36m(APIServer pid=214609)[0;0m INFO 09-25 05:31:48 [stats.py:920] | batch_id                        |         2,668 |         2,750 |
[0;36m(APIServer pid=214609)[0;0m INFO 09-25 05:31:48 [stats.py:920] | batch_size                      |             1 |             1 |
[0;36m(APIServer pid=214609)[0;0m INFO 09-25 05:31:48 [stats.py:920] | inter_output_latencies_ms       |               |               |
[0;36m(APIServer pid=214609)[0;0m INFO 09-25 05:31:48 [stats.py:920] | num_tokens_in                   |           360 |             0 |
[0;36m(APIServer pid=214609)[0;0m INFO 09-25 05:31:48 [stats.py:920] | num_tokens_out                  |            44 |             0 |
[0;36m(APIServer pid=214609)[0;0m INFO 09-25 05:31:48 [stats.py:920] | output_unit_count               |            44 |        82,560 |
[0;36m(APIServer pid=214609)[0;0m INFO 09-25 05:31:48 [stats.py:920] | output_unit_type                |        stream |         audio |
[0;36m(APIServer pid=214609)[0;0m INFO 09-25 05:31:48 [stats.py:920] | serving_time_to_first_output_ms |     1,851.220 |     1,917.021 |
[0;36m(APIServer pid=214609)[0;0m INFO 09-25 05:31:48 [stats.py:920] | stage_gen_time_ms               |     1,851.081 |     1,916.829 |
[0;36m(APIServer pid=214609)[0;0m INFO 09-25 05:31:48 [stats.py:920] | time_per_output_unit_ms         |         0.001 |         0.000 |
[0;36m(APIServer pid=214609)[0;0m INFO 09-25 05:31:48 [stats.py:920] | vllm_itl_ms                     |        40.227 |       728.481 |
[0;36m(APIServer pid=214609)[0;0m INFO 09-25 05:31:48 [stats.py:920] | vllm_itls_ms                    | 40.227 (n=43) | 728.481 (n=2) |
[0;36m(APIServer pid=214609)[0;0m INFO 09-25 05:31:48 [stats.py:920] | vllm_tpot_ms                    |        40.227 |         0.000 |
[0;36m(APIServer pid=214609)[0;0m INFO 09-25 05:31:48 [stats.py:920] | vllm_ttft_ms                    |       119.580 |       457.131 |
[0;36m(APIServer pid=214609)[0;0m INFO 09-25 05:31:48 [stats.py:920] +---------------------------------+---------------+---------------+
[0;36m(APIServer pid=214609)[0;0m INFO 09-25 05:31:48 [serving_speech.py:3646] [SpeechE2E] request_id=speech-a90004e88c6e4c2d stream=false status=ok total_ms=1928.06 response_bytes=165164
[0;36m(APIServer pid=214609)[0;0m INFO:     127.0.0.1:34924 - "POST /v1/audio/speech HTTP/1.1" 200 OK
[0;36m(APIServer pid=214609)[0;0m INFO:     127.0.0.1:34892 - "POST /v1/audio/speech HTTP/1.1" 200 OK
[0;36m(APIServer pid=214609)[0;0m INFO 09-25 05:31:48 [stats.py:811] 
[0;36m(APIServer pid=214609)[0;0m INFO 09-25 05:31:48 [stats.py:811] [Overall Summary]
[0;36m(APIServer pid=214609)[0;0m INFO 09-25 05:31:48 [stats.py:811] +-----------------------------+-----------+
[0;36m(APIServer pid=214609)[0;0m INFO 09-25 05:31:48 [stats.py:811] | Field                       |     Value |
[0;36m(APIServer pid=214609)[0;0m INFO 09-25 05:31:48 [stats.py:811] +-----------------------------+-----------+
[0;36m(APIServer pid=214609)[0;0m INFO 09-25 05:31:48 [stats.py:811] | e2e_requests                |         1 |
[0;36m(APIServer pid=214609)[0;0m INFO 09-25 05:31:48 [stats.py:811] | e2e_wall_time_ms            | 2,615.499 |
[0;36m(APIServer pid=214609)[0;0m INFO 09-25 05:31:48 [stats.py:811] | e2e_total_tokens            |       417 |
[0;36m(APIServer pid=214609)[0;0m INFO 09-25 05:31:48 [stats.py:811] | e2e_avg_time_per_request_ms | 2,615.499 |
[0;36m(APIServer pid=214609)[0;0m INFO 09-25 05:31:48 [stats.py:811] | e2e_avg_tokens_per_s        |   159.434 |
[0;36m(APIServer pid=214609)[0;0m INFO 09-25 05:31:48 [stats.py:811] | input_preprocess_time_ms    |     0.054 |
[0;36m(APIServer pid=214609)[0;0m INFO 09-25 05:31:48 [stats.py:811] | e2e_stage_0_wall_time_ms    | 2,586.186 |
[0;36m(APIServer pid=214609)[0;0m INFO 09-25 05:31:48 [stats.py:811] | e2e_stage_1_wall_time_ms    | 2,615.208 |
[0;36m(APIServer pid=214609)[0;0m INFO 09-25 05:31:48 [stats.py:811] +-----------------------------+-----------+
[0;36m(APIServer pid=214609)[0;0m INFO 09-25 05:31:48 [stats.py:837] 
[0;36m(APIServer pid=214609)[0;0m INFO 09-25 05:31:48 [stats.py:837] [RequestE2EStats [request_id=speech-a80b334b1fa31b78-a2a57bb2]]
[0;36m(APIServer pid=214609)[0;0m INFO 09-25 05:31:48 [stats.py:837] +------------------+-----------+
[0;36m(APIServer pid=214609)[0;0m INFO 09-25 05:31:48 [stats.py:837] | Field            |     Value |
[0;36m(APIServer pid=214609)[0;0m INFO 09-25 05:31:48 [stats.py:837] +------------------+-----------+
[0;36m(APIServer pid=214609)[0;0m INFO 09-25 05:31:48 [stats.py:837] | e2e_total_ms     | 2,615.376 |
[0;36m(APIServer pid=214609)[0;0m INFO 09-25 05:31:48 [stats.py:837] | e2e_total_tokens |       417 |
[0;36m(APIServer pid=214609)[0;0m INFO 09-25 05:31:48 [stats.py:837] +------------------+-----------+
[0;36m(APIServer pid=214609)[0;0m INFO 09-25 05:31:48 [stats.py:878] [OmniTiming] req=speech-a80b334b1fa31b78-a2a57bb2 total=2.62s preprocess=0.00s engine=2.62s stages=[0:2.59s,1:2.62s] transfers=[0->1=0.00ms]
[0;36m(APIServer pid=214609)[0;0m INFO 09-25 05:31:48 [stats.py:920] 
[0;36m(APIServer pid=214609)[0;0m INFO 09-25 05:31:48 [stats.py:920] [StageRequestStats [request_id=speech-a80b334b1fa31b78-a2a57bb2]]
[0;36m(APIServer pid=214609)[0;0m INFO 09-25 05:31:48 [stats.py:920] +---------------------------------+---------------+---------------+
[0;36m(APIServer pid=214609)[0;0m INFO 09-25 05:31:48 [stats.py:920] | Field                           |             0 |             1 |
[0;36m(APIServer pid=214609)[0;0m INFO 09-25 05:31:48 [stats.py:920] +---------------------------------+---------------+---------------+
[0;36m(APIServer pid=214609)[0;0m INFO 09-25 05:31:48 [stats.py:920] | audio_duration_s                |         0.000 |         4.480 |
[0;36m(APIServer pid=214609)[0;0m INFO 09-25 05:31:48 [stats.py:920] | audio_generated_frames          |             0 |       107,520 |
[0;36m(APIServer pid=214609)[0;0m INFO 09-25 05:31:48 [stats.py:920] | audio_sample_rate               |             0 |        24,000 |
[0;36m(APIServer pid=214609)[0;0m INFO 09-25 05:31:48 [stats.py:920] | batch_id                        |         2,670 |         2,751 |
[0;36m(APIServer pid=214609)[0;0m INFO 09-25 05:31:48 [stats.py:920] | batch_size                      |             1 |             1 |
[0;36m(APIServer pid=214609)[0;0m INFO 09-25 05:31:48 [stats.py:920] | inter_output_latencies_ms       |               |               |
[0;36m(APIServer pid=214609)[0;0m INFO 09-25 05:31:48 [stats.py:920] | num_tokens_in                   |           360 |             0 |
[0;36m(APIServer pid=214609)[0;0m INFO 09-25 05:31:48 [stats.py:920] | num_tokens_out                  |            57 |             0 |
[0;36m(APIServer pid=214609)[0;0m INFO 09-25 05:31:48 [stats.py:920] | output_unit_count               |            57 |       107,520 |
[0;36m(APIServer pid=214609)[0;0m INFO 09-25 05:31:48 [stats.py:920] | output_unit_type                |        stream |         audio |
[0;36m(APIServer pid=214609)[0;0m INFO 09-25 05:31:48 [stats.py:920] | serving_time_to_first_output_ms |     2,586.089 |     2,615.260 |
[0;36m(APIServer pid=214609)[0;0m INFO 09-25 05:31:48 [stats.py:920] | stage_gen_time_ms               |     2,585.932 |     2,615.048 |
[0;36m(APIServer pid=214609)[0;0m INFO 09-25 05:31:48 [stats.py:920] | time_per_output_unit_ms         |         0.001 |         0.000 |
[0;36m(APIServer pid=214609)[0;0m INFO 09-25 05:31:48 [stats.py:920] | vllm_itl_ms                     |        43.906 |       788.882 |
[0;36m(APIServer pid=214609)[0;0m INFO 09-25 05:31:48 [stats.py:920] | vllm_itls_ms                    | 43.906 (n=56) | 788.882 (n=3) |
[0;36m(APIServer pid=214609)[0;0m INFO 09-25 05:31:48 [stats.py:920] | vllm_tpot_ms                    |        43.906 |         0.000 |
[0;36m(APIServer pid=214609)[0;0m INFO 09-25 05:31:48 [stats.py:920] | vllm_ttft_ms                    |       126.759 |       247.731 |
[0;36m(APIServer pid=214609)[0;0m INFO 09-25 05:31:48 [stats.py:920] +---------------------------------+---------------+---------------+
[0;36m(APIServer pid=214609)[0;0m INFO 09-25 05:31:48 [serving_speech.py:3646] [SpeechE2E] request_id=speech-a80b334b1fa31b78 stream=false status=ok total_ms=2621.54 response_bytes=215084
[0;36m(APIServer pid=214609)[0;0m INFO:     127.0.0.1:34876 - "POST /v1/audio/speech HTTP/1.1" 200 OK
[0;36m(APIServer pid=214609)[0;0m INFO 09-25 05:31:48 [stats.py:811] 
[0;36m(APIServer pid=214609)[0;0m INFO 09-25 05:31:48 [stats.py:811] [Overall Summary]
[0;36m(APIServer pid=214609)[0;0m INFO 09-25 05:31:48 [stats.py:811] +-----------------------------+-----------+
[0;36m(APIServer pid=214609)[0;0m INFO 09-25 05:31:48 [stats.py:811] | Field                       |     Value |
[0;36m(APIServer pid=214609)[0;0m INFO 09-25 05:31:48 [stats.py:811] +-----------------------------+-----------+
[0;36m(APIServer pid=214609)[0;0m INFO 09-25 05:31:48 [stats.py:811] | e2e_requests                |         1 |
[0;36m(APIServer pid=214609)[0;0m INFO 09-25 05:31:48 [stats.py:811] | e2e_wall_time_ms            | 4,259.558 |
[0;36m(APIServer pid=214609)[0;0m INFO 09-25 05:31:48 [stats.py:811] | e2e_total_tokens            |       453 |
[0;36m(APIServer pid=214609)[0;0m INFO 09-25 05:31:48 [stats.py:811] | e2e_avg_time_per_request_ms | 4,259.558 |
[0;36m(APIServer pid=214609)[0;0m INFO 09-25 05:31:48 [stats.py:811] | e2e_avg_tokens_per_s        |   106.349 |
[0;36m(APIServer pid=214609)[0;0m INFO 09-25 05:31:48 [stats.py:811] | input_preprocess_time_ms    |     0.056 |
[0;36m(APIServer pid=214609)[0;0m INFO 09-25 05:31:48 [stats.py:811] | e2e_stage_0_wall_time_ms    | 4,228.706 |
[0;36m(APIServer pid=214609)[0;0m INFO 09-25 05:31:48 [stats.py:811] | e2e_stage_1_wall_time_ms    | 4,259.167 |
[0;36m(APIServer pid=214609)[0;0m INFO 09-25 05:31:48 [stats.py:811] +-----------------------------+-----------+
[0;36m(APIServer pid=214609)[0;0m INFO 09-25 05:31:48 [stats.py:837] 
[0;36m(APIServer pid=214609)[0;0m INFO 09-25 05:31:48 [stats.py:837] [RequestE2EStats [request_id=speech-b7cf217aa27876cf-8b334df0]]
[0;36m(APIServer pid=214609)[0;0m INFO 09-25 05:31:48 [stats.py:837] +------------------+-----------+
[0;36m(APIServer pid=214609)[0;0m INFO 09-25 05:31:48 [stats.py:837] | Field            |     Value |
[0;36m(APIServer pid=214609)[0;0m INFO 09-25 05:31:48 [stats.py:837] +------------------+-----------+
[0;36m(APIServer pid=214609)[0;0m INFO 09-25 05:31:48 [stats.py:837] | e2e_total_ms     | 4,259.375 |
[0;36m(APIServer pid=214609)[0;0m INFO 09-25 05:31:48 [stats.py:837] | e2e_total_tokens |       453 |
[0;36m(APIServer pid=214609)[0;0m INFO 09-25 05:31:48 [stats.py:837] +------------------+-----------+
[0;36m(APIServer pid=214609)[0;0m INFO 09-25 05:31:48 [stats.py:878] [OmniTiming] req=speech-b7cf217aa27876cf-8b334df0 total=4.26s preprocess=0.00s engine=4.26s stages=[0:4.23s,1:4.26s] transfers=[0->1=0.00ms]
[0;36m(APIServer pid=214609)[0;0m INFO 09-25 05:31:48 [stats.py:920] 
[0;36m(APIServer pid=214609)[0;0m INFO 09-25 05:31:48 [stats.py:920] [StageRequestStats [request_id=speech-b7cf217aa27876cf-8b334df0]]
[0;36m(APIServer pid=214609)[0;0m INFO 09-25 05:31:48 [stats.py:920] +---------------------------------+---------------+-----------------+
[0;36m(APIServer pid=214609)[0;0m INFO 09-25 05:31:48 [stats.py:920] | Field                           |             0 |               1 |
[0;36m(APIServer pid=214609)[0;0m INFO 09-25 05:31:48 [stats.py:920] +---------------------------------+---------------+-----------------+
[0;36m(APIServer pid=214609)[0;0m INFO 09-25 05:31:48 [stats.py:920] | audio_duration_s                |         0.000 |           7.360 |
[0;36m(APIServer pid=214609)[0;0m INFO 09-25 05:31:48 [stats.py:920] | audio_generated_frames          |             0 |         176,640 |
[0;36m(APIServer pid=214609)[0;0m INFO 09-25 05:31:48 [stats.py:920] | audio_sample_rate               |             0 |          24,000 |
[0;36m(APIServer pid=214609)[0;0m INFO 09-25 05:31:48 [stats.py:920] | batch_id                        |         2,671 |           2,752 |
[0;36m(APIServer pid=214609)[0;0m INFO 09-25 05:31:48 [stats.py:920] | batch_size                      |             1 |               1 |
[0;36m(APIServer pid=214609)[0;0m INFO 09-25 05:31:48 [stats.py:920] | inter_output_latencies_ms       |               |                 |
[0;36m(APIServer pid=214609)[0;0m INFO 09-25 05:31:48 [stats.py:920] | num_tokens_in                   |           360 |               0 |
[0;36m(APIServer pid=214609)[0;0m INFO 09-25 05:31:48 [stats.py:920] | num_tokens_out                  |            93 |               0 |
[0;36m(APIServer pid=214609)[0;0m INFO 09-25 05:31:48 [stats.py:920] | output_unit_count               |            93 |         176,640 |
[0;36m(APIServer pid=214609)[0;0m INFO 09-25 05:31:48 [stats.py:920] | output_unit_type                |        stream |           audio |
[0;36m(APIServer pid=214609)[0;0m INFO 09-25 05:31:48 [stats.py:920] | serving_time_to_first_output_ms |     4,228.776 |       4,259.255 |
[0;36m(APIServer pid=214609)[0;0m INFO 09-25 05:31:48 [stats.py:920] | stage_gen_time_ms               |     4,228.517 |       4,258.975 |
[0;36m(APIServer pid=214609)[0;0m INFO 09-25 05:31:48 [stats.py:920] | time_per_output_unit_ms         |         0.000 |           0.000 |
[0;36m(APIServer pid=214609)[0;0m INFO 09-25 05:31:48 [stats.py:920] | vllm_itl_ms                     |        44.617 |       1,003.789 |
[0;36m(APIServer pid=214609)[0;0m INFO 09-25 05:31:48 [stats.py:920] | vllm_itls_ms                    | 44.617 (n=92) | 1,003.789 (n=4) |
[0;36m(APIServer pid=214609)[0;0m INFO 09-25 05:31:48 [stats.py:920] | vllm_tpot_ms                    |        44.617 |           0.000 |
[0;36m(APIServer pid=214609)[0;0m INFO 09-25 05:31:48 [stats.py:920] | vllm_ttft_ms                    |       122.052 |         242.095 |
[0;36m(APIServer pid=214609)[0;0m INFO 09-25 05:31:48 [stats.py:920] +---------------------------------+---------------+-----------------+
[0;36m(APIServer pid=214609)[0;0m INFO 09-25 05:31:48 [serving_speech.py:3646] [SpeechE2E] request_id=speech-b7cf217aa27876cf stream=false status=ok total_ms=4266.53 response_bytes=353324
[0;36m(APIServer pid=214609)[0;0m INFO:     127.0.0.1:42928 - "POST /v1/audio/speech HTTP/1.1" 200 OK
[0;36m(APIServer pid=214609)[0;0m INFO 09-25 05:31:48 [stats.py:811] 
[0;36m(APIServer pid=214609)[0;0m INFO 09-25 05:31:48 [stats.py:811] [Overall Summary]
[0;36m(APIServer pid=214609)[0;0m INFO 09-25 05:31:48 [stats.py:811] +-----------------------------+-----------+
[0;36m(APIServer pid=214609)[0;0m INFO 09-25 05:31:48 [stats.py:811] | Field                       |     Value |
[0;36m(APIServer pid=214609)[0;0m INFO 09-25 05:31:48 [stats.py:811] +-----------------------------+-----------+
[0;36m(APIServer pid=214609)[0;0m INFO 09-25 05:31:48 [stats.py:811] | e2e_requests                |         1 |
[0;36m(APIServer pid=214609)[0;0m INFO 09-25 05:31:48 [stats.py:811] | e2e_wall_time_ms            | 3,515.845 |
[0;36m(APIServer pid=214609)[0;0m INFO 09-25 05:31:48 [stats.py:811] | e2e_total_tokens            |       443 |
[0;36m(APIServer pid=214609)[0;0m INFO 09-25 05:31:48 [stats.py:811] | e2e_avg_time_per_request_ms | 3,515.845 |
[0;36m(APIServer pid=214609)[0;0m INFO 09-25 05:31:48 [stats.py:811] | e2e_avg_tokens_per_s        |   126.001 |
[0;36m(APIServer pid=214609)[0;0m INFO 09-25 05:31:48 [stats.py:811] | input_preprocess_time_ms    |     0.060 |
[0;36m(APIServer pid=214609)[0;0m INFO 09-25 05:31:48 [stats.py:811] | e2e_stage_0_wall_time_ms    | 3,490.077 |
[0;36m(APIServer pid=214609)[0;0m INFO 09-25 05:31:48 [stats.py:811] | e2e_stage_1_wall_time_ms    | 3,515.538 |
[0;36m(APIServer pid=214609)[0;0m INFO 09-25 05:31:48 [stats.py:811] +-----------------------------+-----------+
[0;36m(APIServer pid=214609)[0;0m INFO 09-25 05:31:48 [stats.py:837] 
[0;36m(APIServer pid=214609)[0;0m INFO 09-25 05:31:48 [stats.py:837] [RequestE2EStats [request_id=speech-a907eb1b74bf91b2-96adfacb]]
[0;36m(APIServer pid=214609)[0;0m INFO 09-25 05:31:48 [stats.py:837] +------------------+-----------+
[0;36m(APIServer pid=214609)[0;0m INFO 09-25 05:31:48 [stats.py:837] | Field            |     Value |
[0;36m(APIServer pid=214609)[0;0m INFO 09-25 05:31:48 [stats.py:837] +------------------+-----------+
[0;36m(APIServer pid=214609)[0;0m INFO 09-25 05:31:48 [stats.py:837] | e2e_total_ms     | 3,515.712 |
[0;36m(APIServer pid=214609)[0;0m INFO 09-25 05:31:48 [stats.py:837] | e2e_total_tokens |       443 |
[0;36m(APIServer pid=214609)[0;0m INFO 09-25 05:31:48 [stats.py:837] +------------------+-----------+
[0;36m(APIServer pid=214609)[0;0m INFO 09-25 05:31:48 [stats.py:878] [OmniTiming] req=speech-a907eb1b74bf91b2-96adfacb total=3.52s preprocess=0.00s engine=3.52s stages=[0:3.49s,1:3.52s] transfers=[0->1=0.00ms]
[0;36m(APIServer pid=214609)[0;0m INFO 09-25 05:31:48 [stats.py:920] 
[0;36m(APIServer pid=214609)[0;0m INFO 09-25 05:31:48 [stats.py:920] [StageRequestStats [request_id=speech-a907eb1b74bf91b2-96adfacb]]
[0;36m(APIServer pid=214609)[0;0m INFO 09-25 05:31:48 [stats.py:920] +---------------------------------+---------------+---------------+
[0;36m(APIServer pid=214609)[0;0m INFO 09-25 05:31:48 [stats.py:920] | Field                           |             0 |             1 |
[0;36m(APIServer pid=214609)[0;0m INFO 09-25 05:31:48 [stats.py:920] +---------------------------------+---------------+---------------+
[0;36m(APIServer pid=214609)[0;0m INFO 09-25 05:31:48 [stats.py:920] | audio_duration_s                |         0.000 |         6.560 |
[0;36m(APIServer pid=214609)[0;0m INFO 09-25 05:31:48 [stats.py:920] | audio_generated_frames          |             0 |       157,440 |
[0;36m(APIServer pid=214609)[0;0m INFO 09-25 05:31:48 [stats.py:920] | audio_sample_rate               |             0 |        24,000 |
[0;36m(APIServer pid=214609)[0;0m INFO 09-25 05:31:48 [stats.py:920] | batch_id                        |         2,672 |         2,753 |
[0;36m(APIServer pid=214609)[0;0m INFO 09-25 05:31:48 [stats.py:920] | batch_size                      |             1 |             1 |
[0;36m(APIServer pid=214609)[0;0m INFO 09-25 05:31:48 [stats.py:920] | inter_output_latencies_ms       |               |               |
[0;36m(APIServer pid=214609)[0;0m INFO 09-25 05:31:48 [stats.py:920] | num_tokens_in                   |           360 |             0 |
[0;36m(APIServer pid=214609)[0;0m INFO 09-25 05:31:48 [stats.py:920] | num_tokens_out                  |            83 |             0 |
[0;36m(APIServer pid=214609)[0;0m INFO 09-25 05:31:48 [stats.py:920] | output_unit_count               |            83 |       157,440 |
[0;36m(APIServer pid=214609)[0;0m INFO 09-25 05:31:48 [stats.py:920] | output_unit_type                |        stream |         audio |
[0;36m(APIServer pid=214609)[0;0m INFO 09-25 05:31:48 [stats.py:920] | serving_time_to_first_output_ms |     3,489.449 |     3,515.516 |
[0;36m(APIServer pid=214609)[0;0m INFO 09-25 05:31:48 [stats.py:920] | stage_gen_time_ms               |     3,489.280 |     3,515.282 |
[0;36m(APIServer pid=214609)[0;0m INFO 09-25 05:31:48 [stats.py:920] | time_per_output_unit_ms         |         0.001 |         0.000 |
[0;36m(APIServer pid=214609)[0;0m INFO 09-25 05:31:48 [stats.py:920] | vllm_itl_ms                     |        40.858 |       799.627 |
[0;36m(APIServer pid=214609)[0;0m INFO 09-25 05:31:48 [stats.py:920] | vllm_itls_ms                    | 40.858 (n=82) | 799.627 (n=4) |
[0;36m(APIServer pid=214609)[0;0m INFO 09-25 05:31:48 [stats.py:920] | vllm_tpot_ms                    |        40.858 |         0.000 |
[0;36m(APIServer pid=214609)[0;0m INFO 09-25 05:31:48 [stats.py:920] | vllm_ttft_ms                    |       138.120 |       316.605 |
[0;36m(APIServer pid=214609)[0;0m INFO 09-25 05:31:48 [stats.py:920] +---------------------------------+---------------+---------------+
[0;36m(APIServer pid=214609)[0;0m INFO 09-25 05:31:48 [serving_speech.py:3646] [SpeechE2E] request_id=speech-a907eb1b74bf91b2 stream=false status=ok total_ms=3522.76 response_bytes=314924
[0;36m(APIServer pid=214609)[0;0m INFO:     127.0.0.1:34838 - "POST /v1/audio/speech HTTP/1.1" 200 OK
